review_id,course,professor,year,rating,review_text,project_heavy,exam_heavy,homework_heavy,time_consuming,self_learning_required,harsh_grading,disorganized_course,fair_but_strict,evidence_snippet,label_rationale
CMSC411_036,CMSC411,Michelle Hugue,2021,1,"Life was made difficult and inconvenient by the 20-page examinations issued over the course of the semester. Resources were lacking and the professor would post videos that were sometimes not even in English. You think the class is synchronous as it is listed like that, well think again its asynchronous, does not have actual lectures just bootlegged youtube videos. You won't learn, you'll probably pass though.",0,0,0,0,1,0,0,0,"You think the class is synchronous as it is listed like that, well think again its asynchronous, does not",Clear evidence supports self learning required.
CMSC414_069,CMSC414,Zaoxing Liu,2024,5,"I got an A and I learned a lot from the class. Pros: Dr. Liu is a nice guy. He was engaging, knowledgeable, and can explain things well. His lectures were good. He was a generous grader I can tell and he gave extensions. email and piazza response were fast. Cons: Some topics cover like ML security was not fitting the scope of the course well. One thing was that all sections of the course had some late turnaround on projects and midterms, which really annoyed people. His TAs were medicore - made a lot of mistakes. I gave 5 star just for the prof but the TAs.",0,0,0,0,0,0,0,0,No clear workload signal.,No clear workload signal.
CMSC417_040,CMSC417,Samrat Bhattacharjee,2024,4,"I've never seen a professor where the reviews capture the experience so accurately, but this one really does. Every review is really good at explaining what taking CMSC417 with Bobby is like. I'll add my two cents, but the review from 12/05/2024 is ridiculously spot on! The most important thing to know about this class, imo, is that it is HARD. The hardest CS class I've ever taken by far, and I took 351 with Kruskal; Kruskal's 351 is a cake walk compared to this class. However the difference is that you learn SO MUCH and just about EVERYTHING is useful and applicable to the real world. I went into this class knowing next to nothing about networks, but now I can tell you just about everything that happens to get information from one device to another. All the big fun networks words and acronyms like IP, TCP, UDP, HTTP, Wi-Fi, Ethernet, DNS, etc... you learn it all and you learn it WELL. Want to know how an email is actually sent or how the Dark Web works? Take this class. You will learn more in this class than like, three semesters full of other classes. It's ridiculous and awesome. His policy is ""there is no magic"", and his goal is to teach you to understand all of the ""magic"" that happens to make the Internet exist. And I feel like he accomplished that. Bobby really is an abrasive professor and can be quite rude to students, but I genuinely think he means no harm, he's just trying to make people laugh. And man, he really is funny. One of the funnier professors I've had. In the same vein, the dude is super charismatic and class is just generally enjoyable with him once you realize that his ""rudeness"" is really mostly good natured. He also responds to Piazza posts in mere minutes, and genuinely seems like he wants you to succeed. But also, the projects were really, really hard. I especially didn't like that we were just expected to learn socket programming from scratch and just do it for the first couple projects, before learning what sockets even were. We eventually did learn the protocols and such that make sockets work about a third of the way into the class, but the projects expected that well before then. And they only got harder, and I got some grades on the projects in the 10-30% range even after a whole lot of work. You do have to sacrifice a LOT of time to these projects, and it is really hard to do so. This is why the class is so hard. Some of them are extremely cool though once they work. And yeah, the exams were hard, but fair, but long. Time crunch for sure. I would seriously recommend taking this class but taking ZERO other hard classes alongside it, because you need an egregious amount of time to do well in this class. I don't even know if I'm going to pass but it was seriously worth it anyway because of how much cool, useful, and important stuff I learned about how things in the real world work.",1,1,0,1,0,0,0,0,"But also, the projects were really, really hard.","Clear evidence supports project heavy, exam heavy, time consuming."
CMSC420_183,CMSC420,Justin Wyss-Gallifent,2025,1,"I can’t take it anymore… this class and Justin’s new course structure have driven my mental health to an all-time low. I don’t care how good of a lecturer Justin is, this class is so ridiculously stressful and draining with the constant exams. I’d avoid Justin at all costs.",0,1,0,0,0,0,0,0,"I don’t care how good of a lecturer Justin is, this class is so ridiculously stressful and draining with",Clear evidence supports exam heavy.
CMSC421_068,CMSC421,William Regli,2024,3,"Nice person overall. Projects are very doable and relevant. You get a cheat sheet on exams which honestly don't help too much most of the time. Homework are fine but not exactly easy. Slides are bloated and too much content is crammed into the slides. Honestly, there were interesting topics but the class structures makes it boring. Overall, class is boring but not too hard. Projects (especially this first one) will take some time but otherwise it is generally a low time commitment course. Regli is a good person and is passionate and knowledgeable.",1,0,0,0,0,0,0,0,"Overall, class is boring but not too hard. Projects (especially this first one) will take some time but otherwise",Clear evidence supports project heavy.
CMSC422_038,CMSC422,David Jacobs,2025,5,"Great professor, great assignments. Lectures can be a bit boring, but he cares about students and wants people to do well. Would recommend.",0,0,0,0,0,0,0,0,No clear workload signal.,No clear workload signal.
CMSC424_082,CMSC424,Daniel Abadi,2024,4,"While I would say the class was a pretty positive experience for me, I definitely understand the sentiment of other reviewers from Fall 2024. Abadi's class definitely was one of the hardest classes I took at UMD, which caught me completely off guard -- I had taken 424 mainly because i was juggling a few other technical courses this sem and heard 424 was one of the easier 400's. 424 w/ Abadi ended up being the hardest class out of my entire schedule. He is one of the smartest people I've ever seen, and you can tell he has a rich knowledge and passion for databases. He really wants you to understand the material, and goes to great lengths to ensure that there are little to no gaps in your understanding. That being said, I think his standards for students are very, VERY high. While he's a smart guy and clearly knows what he's talking about, he talks extremely fast during lectures. Like it was almost impossible for myself or any of my friends to pick up on what he was saying. This made a large portion of the class reliant on self-studying, which was also difficult. We had to read the textbook before each class and do reading quizzes which were at time very, very difficult but in hindsight really made the class more rewarding. They helped me stay ontrack, and alongside the projects, made the class very useful. The TA's for Abadi were amazing, like the best TAs I've seen for any class. Shoutout Pooja and Peter, they really did a good job in answering questions on Piazza, and definitely were really helpful for debugging projects in office hours. I'm ngl, even though this was one of the harder courses at UMD, I think its very useful, and if you want to really learn the concepts well, take it with Abadi. Hands-down a more demanding prof, but I guarantee you will learn far more than taking this with another prof.",1,1,0,1,0,0,0,0,"We had to read the textbook before each class and do reading quizzes which were at time very, very","Clear evidence supports project heavy, exam heavy, time consuming."
CMSC426_044,CMSC426,Mohammad Nayeem Teli,2024,2,"I don't know about his other classes, but he's not a great instructor for computer vision. His presentation style in lectures is at times impossible to follow. He spends half the class diving into deep mathematical derivations, but barely takes any time to build the bridge between the math and the broader concepts. If you value your grade, definitely don't take him. He makes mistakes on the solutions to his own assignments all the time (happened multiple times this semester) but expects you to be impeccable somehow. He doesn't seem interested in rising to the standards he has for the people he's teaching. And communication is very much not a priority for him. His guidelines and expectations change throughout the semester, making it hard to pin down how you're doing in the class. Multiple people have to make multiple posts on Piazza before he even considers responding, and even then his responses have an undertone of condescension. The only reason I'll give him two stars is because you can tell that he knows his stuff. Just isn't great at teaching it to others, in my opinion.",0,0,0,0,0,0,0,0,No clear workload signal.,No clear workload signal.
CMSC430_037,CMSC430,David Van Horn,2024,3,"Super knowledgeable professor, super boring lectures. Huge disconnect between him and his TAs--assignments would regularly be posted and graded late, and even now our grades aren't inputted correctly on ELMS despite multiple complaints on piazza. The class goes by fast and everything builds upon previous material, so if you lag behind, you will definitely feel the consequences. Material was interesting and the notes were well-written. Early projects were actually pretty fun; later projects were much more assembly-heavy than I thought they would be, so if you enjoy working with it and manipulating the stack, you should do fine.",0,0,0,0,0,0,0,0,No clear workload signal.,No clear workload signal.
CMSC433_014,CMSC433,Anwar Mamat,2021,2,"Not great lecturing style IMO. Lots of ""you know?"" ""this stuff"" ""this thing"" ""this stuff is tricky"" ""just read the JavaDoc"". Little motivational content to introduce concepts, which I've always found very useful in CMSC. Absolutely flies through examples without prefacing them well. Much prefer Dr. Hicks or even Prof. Herman hyper-explicit lecturing style and projects. Projects are open-ended and almost guaranteed to be 75% or more secret tests. TAs are exceptional but projects will still take 15-30 hours for average student, which was hell for someone balancing career responsibilities and other CMSC4xx classes as well. Midterms were fair and lecture slides were good. Main complaints are lecturing style and project difficulty/disconnect from lecture material/lack of direction given in description. Do not let this review discourage you from taking 433 with Anwar if you enjoy his style or are simply... well... smarter than me. Anwar is cool but the class just did not resonate with me. I've heard he's pretty good for 330 though.",0,0,0,0,0,0,0,0,No clear workload signal.,No clear workload signal.
CMSC434_028,CMSC434,Evan Golub,2024,5,"One of the best CS professors I ever had! He is very enthusiastic about the class and is engaged with our work, inside and outside of class. He provides quick feedback and tries to give as many examples as he can in class. Exams reflect the review guides he provides, so they are very easy!",0,0,0,0,0,0,0,0,No clear workload signal.,No clear workload signal.
CMSC436_022,CMSC436,Adam Porter,2023,3,"This class is mid. Android programming as a field is interesting and highly relevant to jobs. However, the class itself is boring, outdated, and focuses on things you don't need to actually make Android apps. The professor just reads from slides every lecture, and the material focuses on hyper-specific details of how Android works when most of us have never programmed on Android before. The HW assignments were easy, completion-based assignments. The exams were ridiculous- both the midterm and the final exam were 35 questions of pure memorization. However, we got a cheat sheet, which made things easier if you were able to fit all the slides' content onto one piece of paper. The exam was basically a word hunt for each question on the cheat sheet. The final project was making a full android app. It was tough since we learned few practical implementation tips. However, the professor graded extremely leniently-- the lowest grade was an 85/100. It was comparatively easier to get an A in this class compared to other 400 levels, but that isn't saying much. Take this class if you need an area 3 class for CS, want to learn a little bit about Android programming, or want an easier than average 400 level CS class; otherwise, skip.",1,1,1,0,0,0,0,0,The exam was basically a word hunt for each question on the cheat sheet. The final project was making,"Clear evidence supports project heavy, exam heavy, homework heavy."
CMSC451_064,CMSC451,Andrew Childs,2024,3,"Warning to anyone taking this class, if you didn't like or do well in 351 you probably shouldn't take this class. In my opinion this is the hardest class I've taken at UMD, every assignment is long and graded for accuracy. Honestly I thought the grading was harsh for the assignments as if you didn't use the preferred method to solve a problem I'd always get at least 25% of the credit off for the question. Luckily you can afford to mess up one assignment as he drops your lowest one. You also will be spending a lot of time on these assignments and writing notes for the exams. The good things about him are that he curves very generously and his exams are open note and open book. He's also clearly really smart but his handwriting on the notes he posts is quite awful lol. Overall most of the problems I had with the course were the course itself and not the professor.",0,1,1,1,0,0,0,0,You also will be spending a lot of time on these assignments and writing notes for the exams. The,"Clear evidence supports exam heavy, homework heavy, time consuming."
CMSC456_042,CMSC456,Allan Yashinski,2024,5,"Lectures were recorded, and homeworks were fairly easy (graded really leniently). Exams seemed fair but lengthy, and nothing was really a surprise. Yashinski is the goat too :D",0,0,1,1,0,0,0,0,"Lectures were recorded, and homeworks were fairly easy (graded really leniently). Exams seemed fair but lengthy, and nothing was","Clear evidence supports homework heavy, time consuming."
INST326_058,INST326,Matthew Patrick,2025,2,"TLDR: Prof Patrick is better than the other options (cough Bills) IMO (asynch, easy assignments, doesn't require talking to the prof) but if you are not very good with Python, you'll struggle since it is hard to get help when needed. My reason for giving 2/5 is very heavy on the fact that the communication is godawful, TAs do not grade the same and can be pretty harsh (-2 points off for saying ""heart"" instead of ""hearts"" for example), & that if you need help, you are not getting it & have to figure it all out on your own. I typically do not write reviews, but I gotta be real with y'all gang so you know what's up. If you took INST 126, this class is basically the same thing. However, some of the exercises have parts of them that do not work & it is hard to reach out to anyone on the instructional team for help when you need it. The TAs grade things and the grading is very uneven, with some of the TAs being very rude as well. I emailed over a month ago about getting points taken off a few assignments wrongfully & still have not received a reply. I enjoy the asynchronous style and the fact that I do not need to contact anyone if I do not have to, you can easily breeze through the entire course (minus the final project that you need approval on) in like 2 weeks if you are good at Python. The assignments themselves (homework's and exercises) are so vague and the supplementary material does not help as much as it should, so it's not that the coding itself is hard but knowing what to do is as the modules/lecture content don't relate. It's clear that this class and it's website was made years ago and is recycled every year, but it is not updated, which is the main issue that I'm facing when it comes to the instructions for assignments. You don't need to go to the lectures or discussions, as the discussions were mock office hours & I think this whole semester he only hosted a virtual session 3 times? Lol. The one time he did have a live session, I waited about 30 minutes and he never showed up, so I don't recommend trying to go to them and just going to office hours instead for help (assuming half the class isn't also there). I do recommend taking this course w/ either 314 or 327, I personally took it alongside 314 and it was fine. But don't take all 3 at once. Thank yourself later. Here's a list of everything for my non-paragraph readers like me: Pros: - Asynchronous, do not need to go to the lecture or discussions unless you wanna - Easy assignments, usually 1-2 a week, can do most in a few hours or less - Forces you to be better at python if 126 didn't help you (like me) - Do not need teacher-student interactions, goes at your own pace (pro for me as I did not need to ask for help, I only needed to discuss grades, but that did not end up happening as I am still waiting for a reply) - Self-paced, I once did 3 weeks of content in 1 week because he opens everything at the start of the semester Cons: - Very hard to contact instructional team for it being an asynchronous class, you would hope that this would be a main priority - A lot of the assignments have not been updated since 2021 and have just plain wrong instructions that no longer work with the current version of python OR outside links have not been updated and new ones are not provided. In these cases, you just need to find it and figure it out yourself. - Even though I got better at python, I still felt I learnt nothing from this class since the slides and readings do not correlate much with the assignments - If you are a visual learner (i.e. like seeing code examples to base your own off of) this is not the class for you. Try Bills instead (if you can put up with exams and overhype that is) - The TAs make or break the class unfortunately since the Professor doesn't do much for the class. You just have to pray that a strict TA isn't grading the heavier assignments - Hard to talk to other students about the class since there is no lecture, so you're basically on your own (this can be a pro too depending on what you like/need)",1,1,1,0,0,0,0,0,I emailed over a month ago about getting points taken off a few assignments wrongfully & still have not,"Clear evidence supports project heavy, exam heavy, homework heavy."
INST327_019,INST327,Pamela Duffy,2023,4,"The course was co-taught between Duffy and Diker. Duffy did the recorded lectures for our section and Diker did the in-person lectures. Personally I found this course to be quite hard and apparently this is an unpopular opinion but I thought 326 was better than 327. The lecture vids were really hard for me to watch, I would often get bored and couldn't follow along with what was happening. The lecture vids and understanding the material are the hardest part of the course but the in-person labs and discussion board posts are basically easy grade boosters to help balance out the difficulty.",0,0,1,1,0,0,0,0,"The lecture vids were really hard for me to watch, I would often get bored and couldn't follow along","Clear evidence supports homework heavy, time consuming."
MATH140_507,MATH140,Anna Szczekutowicz,2025,5,"She is an excellent professor, and I honestly really liked her. Her class was very engaging, and the assessments were very fair the quizzes closely mirrored the homework with only different numbers, and the exams followed the same pattern. She is also extremely generous with grading: she lowers the cutoffs and allows multiple drops, including two worksheets, one quiz, and reducing the weight of one exam by 50%. Overall, she is a very good teacher who clearly wants her students to succeed. Even though the homework is not graded, doing it helps immensely and prepares you extremely well for quizzes and exams. I would absolutely recommend taking her class.",0,0,0,0,0,0,0,0,No clear workload signal.,No clear workload signal.
MATH141_542,MATH141,Foivos Chnaras,2025,5,"I had Foivos as my professor and he was amazing. Lectures were very fast paced and it was hard to understand at times, but he was amazing with helping you understand outside of class. He held office hours twice a week at the beginning of the course and would often go overtime just to help. Closer to finals season he added more and at one point there was four a week. He truly cares about his students and he gives you all the materials you need to succeed!",0,0,0,0,0,0,0,0,No clear workload signal.,No clear workload signal.
MATH240_363,MATH240,Keith Mills,2025,5,"super nice guy and is extremely knowledgeable. you'd be lucky to take a class with him, as he genuinely cares about your understanding of the topic and is very approachable if you have questions. he was really fair with exams & grading and (at least for math240) as long as you put in some work with practice problems and reading the textbook you should be totally fine",0,0,0,0,0,0,0,0,No clear workload signal.,No clear workload signal.
MATH241_522,MATH241,Junyan Zhao,2026,4,"I've seen some variating advice for this course so I wanted to clear the record. A lot of the complaints stem from the fact that people didn't ever ask him to adjust the class to better suit its audience. It is true that he teaches fast and often likes to make certain recurring equations or topics a shape such as ""star"" to help fit everything on the board but if you ask him to slow down or rewrite something he absolutely will. I found that over the course of the semester his lecturing got better as he received feedback so help him help you early on. The tests are hard but not impossible and are more of a pacing thing than anything else so if taking tests efficiently isn't your strong-suit this class will probably be rough regardless of your professor. Having a great TA(shoutout Noah) definitely helps a lot and probably effected my outcome in this course. Personal bias: I am not great at taking tests which I believe was my biggest obstacle from getting an A, not the teaching, study resources, or course content",0,1,0,0,0,0,0,0,The tests are hard but not impossible and are more of a pacing thing than anything else so if,Clear evidence supports exam heavy.
MATH246_357,MATH246,Margaret Doucette,2025,3,"She is a very nice person and very understanding, however, after the first exam, I realized it was not beneficial to go to lectures. She is not a very clear speaker and sometimes struggles to clarify ideas when students ask questions. She does give you a lot of resources to succeed, and her exams are fair, bordering on easy, but if your best learning comes from lectures, you should look to other professors.",0,0,0,0,0,0,0,0,No clear workload signal.,No clear workload signal.
MATH310_065,MATH310,Kathryn Truman,2025,5,"She is a very understanding person and if you ever have emergencies or times where you might have to miss or extend assignments, she will do it for you, but don't take advantage of it because I don't think she will do it more than a couple times. Most days are lecture but usually once a week we have a day where we just do a group work the whole class and work with people around you which is refreshing from normal lecture and just taking notes. The groupworks are basically graded on completion and she checks them while you are doing them so you don't get anything wrong. Make sure to start the homeworks IMMEDIATELY because they are so time consuming but are really good practice. Also actually try on the quizzes because they can help your grade and can be kind of challenging. She drops one homework and one quiz so.",0,1,1,1,0,0,0,0,Also actually try on the quizzes because they can help your grade and can be kind of challenging.,"Clear evidence supports exam heavy, homework heavy, time consuming."
MATH401_099,MATH401,Panagiotis Dimakis,2025,5,"Great Prof - finished syllabus halfway through the semester and then took class recommendations on what to teach. Take home midterms, pretty easy homework and final paper which made a lot of sense for this class. Truly goated",0,0,1,0,0,0,0,0,"Take home midterms, pretty easy homework and final paper which made a lot of sense for this class.",Clear evidence supports homework heavy.
MATH403_035,MATH403,Christian Zickert,2023,2,"Zickert is definitely passionate about math, as everyone else has already stated. With that said, I genuinely feel like this professor's lectures are a bit hard to understand. It feels very difficult to get a good grade without putting an unreasonable amount of effort. Would recommend taking another professor if your GPA is a concern, he grades pretty darn harsh and his midterms are quite difficult (although, in all fairness, the class itself is pretty tough so it might be my skill issue speaking).",0,1,0,0,0,0,0,0,"Would recommend taking another professor if your GPA is a concern, he grades pretty darn harsh and his midterms",Clear evidence supports exam heavy.
MATH405_029,MATH405,Shiferaw Berhanu,2024,5,"Dr. Berhanu is one of the best professors I have had. He has a very clean and concise teaching style and runs his class very well. If you are serious about math and want a rigorous understanding of the concepts in MATH405, Dr. Berhanu should be one of your top choices. He is a very reasonable grader and makes his tests very straightforward--if you go to class and understand the homeworks, his tests should be very doable. Additionally, he allocates a lot of time for test review. Overall, if you are someone who genuinely wants to learn the material for MATH405 and are willing to attend class and pay attention, definitely consider him.",0,0,1,1,0,0,0,0,Berhanu should be one of your top choices. He is a very reasonable grader and makes his tests very,"Clear evidence supports homework heavy, time consuming."
MATH406_044,MATH406,Harry Tamvakis,2023,4,"Professor Tamvakis is a great professor! He is a great lecturer and is always willing to meet with his students to help them out. He assigns weekly homeworks, 2 of which he allows to be turned late for full credit. With that being said, the homeworks can be challenging and long. The exams were pretty straight forward, no big surprises. He is also a quick grader so you'll recieve your exams back within a week. He gives review worksheets prior to each exam covering the content that the exam will be on them. As far as grading goes, he is a fair grader. He also curves the class at the end of the semester which is always nice. On the other hand, be aware that he does not use canvas at all, except to make announcements and distribute reviewsheets. So going to lectures is a MUST. He does not post any notes or slides on canvas or his website. Also, you won't know your grade until the end of the semester, unless you manually calculate it yourself. Overall, I would recommend Professor Tamvakis, you'll definitely learn a lot with him.",0,1,1,1,0,0,0,0,"With that being said, the homeworks can be challenging and long. The exams were pretty straight forward, no big","Clear evidence supports exam heavy, homework heavy, time consuming."
MATH410_108,MATH410,Clarke Safsten,2025,5,"Great professor that comes well prepared to teach the material, especially for as rigorous a course as MATH410. He provides good intuition for concepts, answers any questions you may have, and lectures are pretty engaging with the occasional quip being thrown. He doesn't just provide a proof of something, but rather actively wants his students to help to intuit them. He's pretty fair with the homeworks, quizzes, and exams. He drops your 2 lowest homeworks and quizzes.",0,0,0,0,0,0,0,0,No clear workload signal.,No clear workload signal.
MATH411_041,MATH411,Richard Wentworth,2024,3,"Boring professor, but very smart. Homeworks were ok, some are long and some are short. Exams are terribly hard for no reason which reflects from the scores which were around 65%, final avg was around 60% which the avg grade is about 69.5%. Curve was huge, it added almost 30% to my final grade. It doesn't seem like he wants people to fail but makes hard exams.",0,1,1,1,0,0,0,0,"Exams are terribly hard for no reason which reflects from the scores which were around 65%, final avg was","Clear evidence supports exam heavy, homework heavy, time consuming."
PHYS121_058,PHYS121,Aria Heidarian,2024,4,"Dr. Heidarian is a very lenient person and has pushed back assignments when needed and gives plenty of practice problems to work off of, especially for each midterm. I will say that I honestly struggled with the content but as long as you understand the practice problems she provides to you prior to each midterm your bound to do well because those are almost identical to what you see on the exams.",0,0,1,1,0,0,0,0,Dr. Heidarian is a very lenient person and has pushed back assignments when needed and gives plenty of practice,"Clear evidence supports homework heavy, time consuming."
PHYS122_002,PHYS122,Bei Lok Hu,2009,2,"Dr. Hu was a very difficult professor to follow and I do not recommend him at all. He used notes and examples from a different textbook, and would jump into topics without explaining basic concepts such as what is a wave, or what is electricity. Even though our course was a non-calculus based course, he relied heavily on mathematical explanations instead of actually explaining concepts conceptually. He rarely worked through examples from the course textbook FULLY, from start to finish. His demonstrations were not effective as many students did not understand the scientific principles behind them. Very few students attended lecture as the course was not tailored to the abilities, background knowledge, and interests of non-physics major undergraduates. The only good thing is that the exams were fair (textbook problems - nothing like the weird examples from class) and I liked that we could use notecards for them. There were also weekly quizzes (no notecards) consisting of a textbook problem and weekly homework sets of ~8 hw problems.",0,1,0,0,0,0,0,0,"Very few students attended lecture as the course was not tailored to the abilities, background knowledge, and interests of",Clear evidence supports exam heavy.
PHYS131_049,PHYS131,David Buehrle,2025,4,"I think Buehrle is a very nice guy, most people have complaints about him because it’s hard to learn physics in the class, though its very easy to pass the class. Obviously this doesn’t help in the long term, but he’s also one of the only professors teaching 131 so you don’t have much choice. He’s very nice in office hours if you’re nice to him and show that you actually care about the content. The class is structured with 3 midterm exams, 1 final, labs, top hat participation and accuracy points, and the XTA homework. The homework was worth more than the exams, so try not to procrastinate on those since it’ll keep your grades up. The exams can get super difficult, and its hard to prepare for them because its so unlike what he teaches, so if you prioritize the class over other classes (which I couldn’t always) you can actually learn from the content. However, he curves massively, 20-30% each exam and the final, and the lowest midterm exam is dropped so it’s basically made for students to pass the class. The labs are annoying, specifically with grading because if you have a strict TA your lab grades will drop, but he normalizes the grades in the end so don’t stress too hard about it. To study, I’d recommend doing his practice exams and the Nexus Physics problems if you have time, because those are the types of questions he’ll assign on the exams. For the final, focus on homework problems and past exams. Some of the students in my class wrote the homework problems verbatim on their cheat sheet (he allows you to write anything-formulas, words of encouragement, etc.) but that won’t really help you unless you understand why the answer is the right answer because obviously he won’t copy and paste homework problems on the exam. It’s very easy to get an A in his class because of the massive curves, so you can get away with not studying as much for the class, but it’ll definitely help to understand the content and at-least get around the average for the exams.",0,1,1,0,0,0,0,0,"The class is structured with 3 midterm exams, 1 final, labs, top hat participation and accuracy points, and the","Clear evidence supports exam heavy, homework heavy."
PHYS132_014,PHYS132,Wolfgang Losert,2023,5,He’s a great professor who's always willing to answer questions and provide help. If you put in effort you'll get an A.,0,0,0,0,0,0,0,1,If you put in effort you'll get an A.,Clear evidence supports fair but strict.
PHYS260_180,PHYS260,Michelle Girvan,2025,4,"Pros: Genuinely cares about students doing well, good example problems, assigns a lot of homework (which makes you actually engage with the material) Cons: You need stimulants to keep up with her in lecture, you have to memorize equations for quizzes (but not for exams?) and her mic is way louder than it needs to be. Honestly don't get why her rating is lower than Hailu's, she was a decent professor for a hard class (while Hailu's lectures can lull you to sleep and his exams were apparently cruel). If you have to choose between her, Hill and Hailu, take her.",0,1,1,1,0,0,0,0,"Pros: Genuinely cares about students doing well, good example problems, assigns a lot of homework (which makes you actually","Clear evidence supports exam heavy, homework heavy, time consuming."
PHYS270_069,PHYS270,Drew Baden,2025,4,"Baden is a very interesting professor. His lectures are not bad as he is more concerned about you understanding the material than grades, but because of that he doesn't really help when it comes to preparing for midterms. Likes others have mentioned, the midterms are multiple choice and come straight from ExpertTA, BUT the exams can be annoying at times due to not having adequate time. It is also annoying how it is common for the exams to have typos and sometimes we had to skip some questions that were added by accident (luckily this was not the case for the final). But besides that, he drops the score of the midterm you did the worst on in relation to others which is great. I also enjoyed some of the lectures where he did demonstrations and overall Baden is a nice and funny guy.",0,1,0,0,0,0,0,0,Baden is a very interesting professor. His lectures are not bad as he is more concerned about you understanding,Clear evidence supports exam heavy.
PHYS371_006,PHYS371,Alberto Belloni,2022,5,"I took PHYS371 in Fall 2021 w/ Alberto and I would say this was a great idea! His lectures are comprehensive and dives into the course material with an appropriate level of detail. This is especially important for the non-intuitive concepts introduced in Modern Physics like Special Relativity and Quantum Mechanics. If you still have lingering questions after lectures, he's also eager to meet up with you in office hours to answer those questions! Usually after lectures his slides would be available on his ELMS page. With that in mind, PHYS371 certainly isn't a simple class. The topics discussed in modern physics can be hard to grasp and may not align with what you would expect given the knowledge from classical physics. For people taking this class, I suggest you take a good amount of time to study and truly understand the concepts you're learning.",0,0,0,0,0,0,0,0,No clear workload signal.,No clear workload signal.
STAT100_215,STAT100,Matthew Griffin,2025,5,"Don't let the bad reviews sway your decision!! Griffin is definitely strict about attendance to a level that seems unreasonable for a big lecture, but it totally paid off. This was the easiest and most digestible math class I have ever taken - there was an opportunity for extra credit nearly every class, and lots of manageable in-class assignments to pad your grade. The exams were super easy and Griffin and the TAs and AMPs gave so many study materials which were directly relevant to the test. There were no surprises, so as long as you attended lecture and put in effort for 50 minutes a few times a week, you're pretty much guaranteed an A. He's a very nice and caring guy one-on-one, just gets frustrated when people don't show up and expect policy exceptions to be made for them. Discussions were also super easy - the DAs (data assignments) were done in RStudio but my TA was very helpful and there are tutorials posted on Canvas as well. The coding was elementary and another way to earn easy points. The only complaint I have is that we used MyLab on Pearson to complete assignments, but they wouldn't show up in Canvas which caused myself and many other students to miss the due dates or forget they were there. However Griffin extended the due dates for these a lot since they grade automatically and it turned out not to be a problem. 1000% recommend taking stats with Griffin especially if you're not very into STEM - couldn't have imagined a more perfect class structure!",0,0,1,0,0,0,0,1,This was the easiest and most digestible math class I have ever taken - there was an opportunity for,"Clear evidence supports homework heavy, fair but strict."
STAT400_457,STAT400,Shixin Zheng,2025,1,"he looks super cool walks into the lecture hall with a fireeee fit and then opens his mouth and everything goes downhill. cannot teach, doesn't give anything to help prepare for exams until like 1-2 days before, and the class is a mess. nobody should be stressing over stat400 like this lol do not take him!!!! he is kind though so at least there's that. but yea i have no clue what im about to get in this class bc he hasn't told us if/how he's curving the class 😹😹😹 just don't take him",0,0,0,0,0,0,0,0,No clear workload signal.,No clear workload signal.
STAT401_067,STAT401,Anurag Dey,2025,5,"good teacher, while he cancels a lot of class, i think its because he genuinely isn't feeling well, the class isn't very hard and i think most people are doing fine, i honestly didnt go to class at all, and was able to self study right before the test, also for those who care, i think the material he teaches is interesting, i see it showing up in a lot of stats research outside of class so its p applicable, id def recommend him, nice guy and easy class, also the one star review person is insane, anurag is lowk best teacher ive had here",0,1,0,0,0,0,0,0,"good teacher, while he cancels a lot of class, i think its because he genuinely isn't feeling well, the",Clear evidence supports exam heavy.
STAT410_100,STAT410,Kyeongwon Lee,2025,1,"If I could go into the negative stars, I would. He is a generous and funny guy but boy is he a horrible teacher. He will talk and messily write on his iPad quickly the whole lecture with the addition of ranting about stuff outside the scope of the class and writing on the chalkboard, then writing OVER what he already wrote on the chalkboard. He never answers questions directly, and I literally would be more confused after asking a question and getting an “answer”than before I asked it. 7 homework’s weighed 49% together, 1 midterm weighed 25%, and the final was 26%. The homeworks were medium difficulty the whole semester with some really hard problems included in the later homeworks. The midterm was basically the relevant homeworks but problems people never looked at (for each homework, 8 problems total, 4 required, and you can choose 2 from the remaining 4). THE FINAL. it was literally the worst college exam i have ever taken as a STEM major. For context, I studied for 3 weeks and I was speechless looking at every single one of the 8 problems. ONE PROBLEM HAD 8 PARTS! The average was a 23.81% with a low of 6% and a high of 65%. talk about a distribution. do not take this man. the curve was generous but the journey to get to the end was not it.",0,1,1,0,0,0,1,0,"He never answers questions directly, and I literally would be more confused after asking a question and getting an","Clear evidence supports exam heavy, homework heavy, disorganized course."
STAT420_016,STAT420,Jian Lun Xu,2024,5,"class was very difficult, even more so than MATH410. consider taking multiple proof-based courses before taking STAT420 with this professor. that being said, if you have the required mathematical background he expects you will learn a lot. homework and exams are difficult, and it is recommended that this class be the only difficult class you take in a semester. i got a lot out of this class, and it greatly improved my problem-solving ability. professor is responsive through email, and does a good job of explaining things clearly when approached 1-on-1.",0,1,1,0,0,0,0,0,"homework and exams are difficult, and it is recommended that this class be the only difficult class you take","Clear evidence supports exam heavy, homework heavy."
STAT430_031,STAT430,Christine Nickel,2024,4,"This class isn't hard, but she makes it so the grade mainly relies on exams. There are two midterm exams that are worth 30% each. This makes it so if you mess up one exam, you are pretty much playing catch up all semester. I would prefer if there is slightly more weightage towards homework and final project. There is no final exam, just a project.",0,1,0,0,0,0,0,0,"This class isn't hard, but she makes it so the grade mainly relies on exams.",Clear evidence supports exam heavy.
BSCI160_574,BSCI160,Jessica Mutz,2025,3,Lectures are so hard to stay awake for. Her voice is monotone. The exams are pretty easy. Just cram before the exam and you'll be fine.,0,0,0,0,0,0,0,0,No clear workload signal.,No clear workload signal.
BSCI161_012,BSCI161,Hans Lemke,2023,4,"The lab was an easy 1-credit course, but many of the projects were lengthy. Never met Hans, so the TA does all the teaching which is what can make or break the class. All of the labs are straightforward with detailed instructions. There are many assignments in this course: pre lab exercises, pre lab quizzes, post lab exercises, group assignments, and individual assignments almost every week. There is a lab practical at the end of the semester, but it is straightforward and the questions are posted beforehand.",1,1,1,1,0,0,0,0,"The lab was an easy 1-credit course, but many of the projects were lengthy.","Clear evidence supports project heavy, exam heavy, homework heavy, time consuming."
BSCI170_297,BSCI170,Cordelia Weiss,2025,5,"This was my second time taking this course and Dr Weiss was phenomenal. Her lectures were interesting, she explained concepts well, she checked up on me to make sure I was doing well with the material (mind you very big class) material can be challenging, but she wants to see her students succeed. Take her if you can!",0,0,0,0,0,0,0,0,No clear workload signal.,No clear workload signal.
BSCI171_065,BSCI171,Swarna Mohan,2025,3,Never met the lady but if you get a good TA you're good. Honestly I am the worst science person in the world but am ending this class with almost an A+ and 100% on the practical. It is not hard as long as you show up and pick a good lab group. The people you work with make or break the class but the content isn't too hard and they are there to help you. It is a bigger time commitment than a 1 credit class but it is still fine especially if you have to take it as a course requirement.,0,0,1,1,0,0,0,0,It is not hard as long as you show up and pick a good lab group.,"Clear evidence supports homework heavy, time consuming."
BSCI201_102,BSCI201,Justicia Opoku-Edusei,2025,1,"passing the class is based on the exam, a boring lecturer. For someone who's taught fro a while, teaching skills are clearly lacking.",0,0,0,0,0,0,0,0,No clear workload signal.,No clear workload signal.
BSCI202_016,BSCI202,Tammatha O'Brien,2023,2,"she's kinda weird. Her exams are extremely specific and its loads of memorization (but I mean it's anatomy so what can you expect). her lecture exam averages were mid 70's which I'd say is pretty ok for this level of class. she does give group assignments and extra credit which helps your grade a ton. You need to show her you are actively listening and participating for this extra credit. She drops a few assignments here and there which also boosts your grade. Her lecture exam dates would always fall the day before or after the lab practicals though which was super inconvenient. She is rude at times but you don't interact with her too much. Her voice is extremely annoying. Worst part of this class is the final. Her midterms were typically a 6/10 for difficulty, but the final is completely a 10/10, it delves into topics you have not learned and does not cover at all what is taught in class. I took this class at the same time as orgo and it was super difficult to balance both.",0,1,0,0,0,0,0,0,Her voice is extremely annoying. Worst part of this class is the final. Her midterms were typically a 6/10,Clear evidence supports exam heavy.
BSCI207_199,BSCI207,Karen Carleton,2025,4,Great professor. She is a bit fast going through slides but she is a wonderful person and great professor. Her final is pretty hard compared to the midterms so keep that in mind.,0,1,0,0,0,0,0,0,Her final is pretty hard compared to the midterms so keep that in mind.,Clear evidence supports exam heavy.
BSCI222_248,BSCI222,Thomas Kocher,2025,2,"To put it simply I would not recommend taking this class with this professor for many reasons. For starters, this semester he added an additional unit that was not given to any other genetics class, solely for the purpose of ""dismantling what we already know"" when it comes to genetics. This made learning the rest of the information in the curriculum exponentially harder because it had to be squished into two units. Not only was learning the material made difficult from this, but it's also very hard to pay attention in lecture from how painfully boring his teaching is. He mainly reads off the slides (which don't provide much information for studying) all while being monotone. Definitely a personal problem, but that made it difficult for me to even retain any information let alone keep my eyes open. But the worst part of it all is the exams. About 8-10 questions per exam and all free response that are worth 20-40 points each. The amount of memorization for these exams was insane given that he doesn't outline what information to study or give any kind of study guide for the test except a singular past exam and textbook questions that are barely helpful. Thankfully the TAs graciously make review slides, but they're only posted a week before the exam with no answers. So you basically have to memorize the entire unit to get a good grade on the exam. Grading is also pretty harsh and it's hard to get full credit on free response question unless you give very detailed explanations. If you're taking this class, just go ahead and say goodbye to your social life and all of your loved ones if you want a chance at getting an A, cuz this will consume many hours of your day.",0,1,0,1,0,0,0,0,"Definitely a personal problem, but that made it difficult for me to even retain any information let alone keep","Clear evidence supports exam heavy, time consuming."
BSCI223_077,BSCI223,John Buchner,2025,1,I would give this man 0 stars if I could. Average is 66% for the final exam and he is not curving. The exams are absolutely atrocious and so hard to read cause they feel like a word vomit. Do not take this class if it is not required for you to graduate. It is not worth the mental toll it takes on you. I regret it so much.,0,1,0,0,0,0,0,0,I would give this man 0 stars if I could. Average is 66% for the final exam and he,Clear evidence supports exam heavy.
BSCI330_154,BSCI330,Vasisht Ishwar,2025,5,"Super good TA, clearly knows the content very well, and is great at explaining. Goes above and beyond to support us in the lab and is super approachable. Very kind and really wants everyone to succeed!!!",0,0,0,0,0,0,0,0,No clear workload signal.,No clear workload signal.
BSCI353_030,BSCI353,Daniel Butts,2023,3,"This class was pretty difficult and required A LOT of memorization. Dr. Butts does provide practice/sample questions before exams which were very helpful since some questions did appear on the exams. He recorded lectures, but there were clickers so you shouldn’t skip class. There were also worksheets almost every week which were done in groups. There also usually isn’t a curve, but there was a ~2% curve this semester because the final exam average was poor. So, there really isn’t “competition” and anyone could get an A.",0,1,1,0,0,0,0,0,"There were also worksheets almost every week which were done in groups. There also usually isn’t a curve, but","Clear evidence supports exam heavy, homework heavy."
BSCI410_106,BSCI410,Louisa Wu,2025,1,"Just like what most of the people are saying, Dr. Wu is a nice person and easy to go to for help. However, there's a reason why her exams are open-note.... they're extremely difficult and her lecture slides, homework assignments or recordings don't even help at all. A lot of the materials given are mostly images or figures and barely any descriptions. She rants a lot and its difficult to know whether that'll even be important to jot down. It honestly feels like she just reads off the slides and doesn't teach in a way where students can succeed in the class. To be completely honest, I'm pretty sure most people got high averages on exams only because they had access to past exams (which I think she caught on to this semester). Here's another issue I had (i think most people won't have but I'm personally frustrated with). I had an A in the class but she screwed me over with my last assignment accusing me of using AI?? I never use AI for any of my assignments and I was ready to prove to her that I didn't but she wasn't willing to listen or look at my evidence. From the way she accused me, I think she ran an AI detector on my assignment which has been proven with multiple articles to not be accurate as they literally stem from human written texts. Just wanted to warn u guys on this too because this class does have writing homework.",0,1,1,0,0,0,0,0,"Wu is a nice person and easy to go to for help. However, there's a reason why her exams","Clear evidence supports exam heavy, homework heavy."
CHEM131_522,CHEM131,Lenea Stocker,2025,5,"- Very nice, answers all questions (only in person though, no email) - Grades quickly - Teaches the material very well - She posts tons of practice test and practice problems (many of which also have answer keys) which are really good predictors of her tests - There is mandatory homework and you do have to pay for the website to do that homework, but I found the homework extremely helpful - Discussions don't take attendance and you could go to any of them. These were also helpful - Go to GSS if you need extra help!",0,0,0,0,0,0,0,0,No clear workload signal.,No clear workload signal.
CHEM132_073,CHEM132,Christiana Guest,2025,1,"The ELMS page is SO disorganized - it is genuinely the most frustrating thing ever. Half of the pre-lab questions do not make sense due to them having either A) Wrong/nonexistent answer choices or B) Completely mistyped answers/Answers that will not be found in lab manual. If you don't have a good TA, good luck. This class is a joke. The lab director (Dr.Guest) needs to get her shit together and fix this fucking course. This is one of the LARGEST lab classes at UMD, and its this disorganized? Like come on. There are plenty of more chem doctorates who can do what she does but a million times better. I cannot believe that she hasn't been fired yet.",0,0,0,0,0,0,1,0,The ELMS page is SO disorganized - it is genuinely the most frustrating thing ever.,Clear evidence supports disorganized course.
CHEM135_431,CHEM135,Samuel Lascio,2026,5,"This course is very fast paced and challenging, but I don't think Professor Lascio could have done a better job. While he was a little misleading about how challenging the final exam was going to be, he was very communicative throughout the whole semester, and was very accommodating when he was asked. He's very good at responding to individual emails. Additionally, he ended up giving a pretty big curve, so that helped out a lot, even though he was kind of set on not giving too heavy of a curve during the semester. Overall, very difficult course, but he is the best professor to teach it in my opinion.",0,1,0,0,0,0,0,0,"While he was a little misleading about how challenging the final exam was going to be, he was very",Clear evidence supports exam heavy.
CHEM231_421,CHEM231,Lenea Stocker,2025,5,"This professor is honestly the Orgo GOAT. She is extremely kind and explains concepts very clearly. Her lectures are well organized, and her in-class notes are clean, structured, and easy to follow. I personally just copied her notes directly onto the empty slides she provides, which worked really well for me. She also provides a lot of practice material, including homework assignments and practice exams. The exams themselves are very fair, and if you complete all of the homework and practice exams, you should be in great shape. I typically started reviewing about three days before each exam. On days 1 and 2, I condensed my in-class notes into a review packet and worked through the homework and practice problems for that material. On day 3, I completed all of the practice exams, reviewed my mistakes, and memorized the key concepts. On the day of the exam, I just went over my review packet and the errors I had made on the practice exams. The only minor downside is that Dr. Stocker only posts answer keys for two of the past exams; I think it would have been more helpful if answer keys were available for all of them. The final exam is also very fair and includes some material introduced after the third exam. I rarely went to office hours or discussion sections because Dr. Stocker did such a good job explaining and answering questions during lecture. I finished the class with a 90%, and the A cutoff was an 85%. Overall, I think this course set me up extremely well to earn an A in Orgo II.",0,0,1,0,0,0,0,0,"She also provides a lot of practice material, including homework assignments and practice exams.",Clear evidence supports homework heavy.
CHEM232_062,CHEM232,Monique Koppel,2025,1,"You’re going to make the labs go full length most of the time? Fair. You’re gonna make us do the procedure ourselves? Fair. You’re going to thoroughly quiz us on material within the lab book? Fine. You’re going to give us post-lab questions on things we never learned, and there’s no way to know, other than maybe one cruddy, unrelated example from the lab book, which provides maybe a fifth of the information needed to answer the question? I don’t think so. Not a one-credit class. This lab is harder than lecture! I did marginally better on exams from lectures than the plqs/taqs here, while spending less time. It is preposterous and vicious to put people through this!",0,0,0,0,0,0,0,0,No clear workload signal.,No clear workload signal.
CHEM241_254,CHEM241,Jeffery Davis,2025,5,This goat gave me a free A. Womp womp to the people who cannot take him next semester.,0,0,0,0,0,0,0,0,No clear workload signal.,No clear workload signal.
CHEM242_009,CHEM242,Lee Friedman,2022,4,Didn't really interact with Friedman but the mid-term and final are balls hard but that's a constant no matter who the prof is. TA Victoria Hayes was goated. Practical was pretty easy. PLQ's are borderline impossible but idk if that even changes with the professor. Go to TA office hours for sure.,0,1,0,0,0,0,0,0,Didn't really interact with Friedman but the mid-term and final are balls hard but that's a constant no matter,Clear evidence supports exam heavy.
CHEM271_225,CHEM271,Bonnie Dixon,2025,1,I wanna cry so badly right now. 2 months of material on one test. Trust me I have been keeping up with the material from the start but to be honest thats not helping me complete the homeworks. The homeworks are on steroids and I feel like I dont know anything anymore.,0,0,0,0,0,0,0,0,No clear workload signal.,No clear workload signal.
CHEM272_039,CHEM272,Amanda Schech,2024,1,Very inconsiderate. Tried to ignore excuse notes for sickness and takes off points for conceptually meaningless busy work.,0,0,0,1,0,0,0,0,Tried to ignore excuse notes for sickness and takes off points for conceptually meaningless busy work.,Clear evidence supports time consuming.
CMSC131_423,CMSC131,Pedram Sadeghian,2025,1,"1.5 stars. Pros: An okay lecturer and at least records lectures. Cons: 1. Exams and quizzes are often completely different from practice exams and practice quizzes, as well as lecture material. Sometimes, topics which are said to be covered in quizzes and exams are not actually in said quizzes and exams. 2. Does not review material in class in the days before exams. He does not provide any explanations for where points have been missed on quizzes or tests, or he just tells the TAs not to provide explanations. 3. Project descriptions are extremely vague, and expected input/output files for certain methods to be implemented are often written strangely and/or incorrectly; he does not provide expected inputs/outputs in project descriptions, and relies too heavily on student-written tests. 4. The 12% deduction for submitting a project after 11:31 PM of the due date is way too much. Outright refuses to give any points if submitted after 11:31 PM of the following day. 5. Literally 67% of project grades are dependent on code passing release tests, rather than on whether said code adheres to expected input/output or not. Even passing the public tests is a small percentage of a project's grade. 6. Never gives extended time accommodations for quizzes, tests or projects. 7. Relies too much on Piazza and doesn't like emailing. 8. Rarely available for office hours. 9. Has the attitude of a 6th grader and the maturity of a high school sophomore. Take either Elias or Nora, twin. Or at least use leetcode if you are taking ped.",0,0,0,0,0,0,0,0,No clear workload signal.,No clear workload signal.
CMSC132_473,CMSC132,Larry Herman,2025,5,"Larry is the type of instructor that you absolutely hate if you're failing the class, but if you're doing well then you really appreciate everything he does. I personally just pay attention in class and he goes over all the exam material very thoroughly, and as much as I hated the no tech thing initially, it is really helpful for preventing distractions and cultivating the good habit of not being dependent on your phone 247. Basically as long as you listen in class and do his practice questions then you can do well on the exams. As for taking off points for wrong answers, that's only for one section of the exam and it's generally pretty easy. The only reason he does that is because they're all multi-select and people could just circle every single answer if there was no penalty for selecting the incorrect ones. The only annoying thing about Herman is the projects. The grade is dependent on a lot of stuff like secret tests and style, which you can't know how you scored until you get the grade back. The grading TAs are always way behind so you essentially don't know if you're doing anything wrong the whole semester and you could keep getting stuff wrong due to lack of feedback. Like right now I have an A but if I somehow messed up all my projects that haven't been returned yet then I could end up with a B for sure",1,1,0,0,0,0,0,0,The only annoying thing about Herman is the projects.,"Clear evidence supports project heavy, exam heavy."
CMSC216_440,CMSC216,Larry Herman,2025,1,"One of the worst experiences of my life. It's been a week since the final exam and I AM STILL WAITING to know if I pass this class or not. Whatever you do, AVOID HERMAN at all costs. Don't listen to the 5 star reviews gassing im up as they don't know what they're talking about. Herman made my second semester at UMD a living hell. Please do yourself a favor and avoid this prof.",0,0,0,0,0,0,0,0,No clear workload signal.,No clear workload signal.
CMSC250_495,CMSC250,Fawzi Emad,2025,4,"Excellent lecturer, but not much else going for him. Abysmal grading system throughout the semester. If I took him again I would spend more time preparing for exams.",0,0,0,0,0,0,0,0,No clear workload signal.,No clear workload signal.
CMSC320_202,CMSC320,Maksym Morawski,2025,5,"A lot of previous points made are valid, but I believe they are exaggerated. I will say this is not an easy course, but putting in the work to understand topics will successfully prepare you for an entry level position or internship in data science. His exams are not liked because they require intuition and true understanding of topics discussed as opposed to the easier 'memorize and mind dump' of many other classes. Studying for his exams I will agree is difficult but I'd suggest giving AI the review he gives and other topics to generate open ended questions. These types of questions are the most prevalent and forces you to think outside of definitions and about real-world applications. He works to create fair exams and is willing to drop questions or apply a curve when necessary. This is why I believe attendance is mandatory. His slides are not conclusive and the ability to ask questions and answer them in person is one of the best ways to solidify understanding and earn extra credit. His lectures are entertaining and he speaks his mind. He is constantly looking to improve his lectures semester by semester due to how fast the subject is changing, so content and topic tend to change based on what is relevant today. I will not tolerate all the Max hate here. I genuinely looked forward to my 9:30am lectures.",0,1,0,0,0,0,0,0,"I will say this is not an easy course, but putting in the work to understand topics will successfully",Clear evidence supports exam heavy.
CMSC330_248,CMSC330,Cliff Bakalian,2025,2,"He mad the class way too hard because previous semesters people were cheating a lot, the exams were really hard, projects were fair, but challenging.",1,1,0,0,0,0,0,0,"He mad the class way too hard because previous semesters people were cheating a lot, the exams were really","Clear evidence supports project heavy, exam heavy."
CMSC335_021,CMSC335,Nelson Padua-Perez,2024,5,"You should either attend lectures or watch recordings if you want to learn. It is actually a pretty useful class. Youll learn a lot about web development. I was taking 20 credits so I barely focused on this class. I just took it for some filler cs in my schedule. If you try even a little bit, you can easily get an A. Exams are basically the same as sample exams, just make sure you review and actually understand everything on the sample exam. The projects are pretty easy as well. There is no final exam, just a final group project.",0,0,0,0,0,0,0,0,No clear workload signal.,No clear workload signal.
CMSC351_332,CMSC351,Ting Jiang,2025,5,"She co-taught with Justin so I ended up not attending lecture at all and just looking at Justin's lecture notes, and also Justin's lecture videos from Spring 2021. I really liked Ting's exams: There were no curveballs, a lot of partial credit, and if I put in the time to study it wasn't too difficult to get an A on them. I can't speak on her teaching ability as I did not go to any lectures but she seemed super kind and helpful on piazza, emails, and office hours. Her slides were also excellent (Not as good as Justin's notes but that's understandable honestly). Overall, I found this course to be pretty chill and the material in it to be engaging and interesting. I would definitely recommend taking her for 351.",0,1,0,0,0,0,0,0,"I really liked Ting's exams: There were no curveballs, a lot of partial credit, and if I put in",Clear evidence supports exam heavy.
CMSC411_035,CMSC411,Michelle Hugue,2021,1,"If you are trying to take any class with this prof, you are making the biggest mistake of your life. To simply put it, 1: you waste your time 2: you waste your money(tuition) 3: you learn nothing whatsoever 4: you will stress out trying to do a 20-page long exam(6 of them) without being thought anything. Computer architecture(CMSC411) is good for computer science students, however, if it comes to taking it with this professor, you are better of noting taking this course. THE WORST PROFESSOR EVER EXISTED.",0,0,0,0,0,0,0,0,No clear workload signal.,No clear workload signal.
CMSC414_068,CMSC414,Dave Levin,2024,1,I had an A in this class but he refused to acknowledge my regrade requests and ignored all my emails so I received a 17 percent on project 4 and my grade dropped 3 letter grades gg,0,0,0,0,0,0,0,0,No clear workload signal.,No clear workload signal.
CMSC417_039,CMSC417,Samrat Bhattacharjee,2024,3,"Every single review I've read of this professor I believe are a fully accurate experience someone has had with him. This will be a large review with a lot of good and a lot of bad so TLDR at the bottom: Starting off with the lectures: Bobby is an incredibly knowledgeable, engaging professor. He cares about student understanding and will not move on as long as there are still questions being asked about what he is covering. There were no lecture recordings, no notes, and generally no materials from the course itself to go back and review over. That being said I was able to get my hands on a review google doc that is incredibly maintained which I believe you can find on reddit??? (not sure where exactly it was sent to me by a friend. Regardless DEFINITELY put effort into finding it, because it is a lifesaver come exam time). Bobby is a pretty funny guy, but he is equally rude. He cuts students off while they are asking questions, because he believes he knows what the full question will be. He is only ever right in guessing what your question is 75% of the time, which leads to people repeating their question, and sometimes he cuts that off and the cycle repeats. He is also a fan of berating students, so if you ever return his rude energy or question why he treated you a certain way, beware because he will just respond in kind with being more intensely rude to you. To be completely honest I do not think he consciously understands that what he does makes people sometimes not want to participate in class, and I'm sure his intention is not to be rude; I believe his intention is to be funny and he does have some pretty solid comedic moments. If you can push past it and not take it personally, he is pretty nice under the surface and will likely grow to like you if you choose to keep participating, but it is understandable if you don't want to deal with it. Projects: This is where most of people's bad experience with the class comes from. The projects will suck up all of your time. If you want an A on any of the projects, especially past the first two, you will need to start early, and work an unreasonable amount of time. If you value a social life or hobbies, you will most likely have to decide to cut back on them to handle the insane amount of work that some of these projects require. Project A4 quite literally required 40+ hours of work, while we were given only 2 weeks (after an extension) to complete it with one of those weeks being an exam week for this class. That is an entire part time job's worth of work for a single project if you started early, and that does not even take into account the insane studying you need to do for the exam. It is fully unreasonable to expect a student who likely has a full time class schedule to do for just a single class. Exams: The exams are hard, but fair. You need to make sure you know your stuff. He lets you have a couple cheat sheet pages, but even with that the exam will still take a lot out of you, and you need to move quick to avoid running out of time. For this semester he repeated a question people did poorly on Exam I in Exam II to incentivize solidifying learning, which I appreciated. He also provides you with every single exam he has ever given for the class, which is a LOT, but there are no answer keys, so you have to go to office hours or piazza if you are unsure about the solution to a problem. DEFINITELY practice the coding implementation question, as that is worth the most points and also the most difficult and harshly graded. Overall: Pressure makes diamonds. I have learned more from this class than any other class I have taken so far in my 7 semesters as a college student. I am actually pretty proud of some of the projects I have made for this class, and would be shocked if a future employer wasn't impressed by A4 or the final project. I honed the art of locking in to a single project to try to finish before the deadline, and the topics were really interesting. A lot of the internet can seem like magic, but the first motto of the class is ""there is no magic"", and I believe I have a very solid grasp on computer networking as a whole from a very low level perspective. I don't agree with a lot of the intensity choices when it comes to how difficult the projects were, I think unless you're a genius you WILL have to sacrifice part of your social life or hobbies (provided you have any in the first place), and if you have a job, while also being a full time student. Best of luck. TLDR notes: - Bobby is knowledgeable, engaging, funny, but rude and belittling - No class resources: show up to class and take good notes or get cooked - Projects require an insane amount of time and effort, see above on me repeatedly saying you will have to sacrifice social life or hobbies. - For the love of everything heed the warnings and START THE PROJECTS EARLY - Exams are tough but fair, tons of practice exams, but no answer keys. You do get multiple cheat sheets. - Pressure makes diamonds: You will learn a LOT if you move with the strong current that is CMSC417, and I believe you'll enjoy it. (Kind of a stockholm thing going on here) lost two stars because I don't believe any 3-credit class should require 20+ hours of work on any given week, and Bobby being rude to people sometimes steps over boundaries.",1,1,0,1,0,0,0,1,Projects: This is where most of people's bad experience with the class comes from. The projects will suck up,"Clear evidence supports project heavy, exam heavy, time consuming, fair but strict."
CMSC420_182,CMSC420,Justin Wyss-Gallifent,2025,1,"I took Justin’s class after glowing reports about his 351 class, boy was that a mistake. I have done nothing this semester but have anxiety over this class because there’s an exam pretty much every other week. I can’t breathe. He yaps about cheating constantly and has gone a little crazy to prevent it to the point where the class structure hurts all students. I have other classes to focus on but it’s like I can’t because it’s not even like the exams are easier they’re still difficult but now instead of once a month they’re every 10ish days",0,1,0,0,0,0,0,0,I have other classes to focus on but it’s like I can’t because it’s not even like the exams,Clear evidence supports exam heavy.
CMSC421_066,CMSC421,William Regli,2024,3,"Guy below me is spot on, Regli is a super cool guy and genuinely knows what he's talking about. He's been in this space for decades and is very clearly knowledgeable. This class (atleast this semester) suffered alot from projects. Hw2 (project2) was really long, but I don't think it was awful. Some of the other ones were created with very little detail and lots of revising as the due date came closer. You literally would not be able to progress on most projects without searching through Piazza for clarifications, etc.",1,0,0,1,0,0,0,0,He's been in this space for decades and is very clearly knowledgeable. This class (atleast this semester) suffered alot,"Clear evidence supports project heavy, time consuming."
CMSC422_036,CMSC422,Mohammad Nayeem Teli,2025,4,"While the topics taught in class were a bit difficult to digest, the recordings were very helpful for me to go back and review. Exams were fair, as we were allowed a formula sheet. Office hours were also great.",0,1,0,0,0,0,0,0,"While the topics taught in class were a bit difficult to digest, the recordings were very helpful for me",Clear evidence supports exam heavy.
CMSC424_081,CMSC424,Daniel Abadi,2024,4,"I think some of the reviews are being a bit unfair to him, and I'd say he strikes a good balance between making the course useful and challenging without the experience becoming completely demoralizing. The reading quizzes were often pretty difficult, and require a strong understanding of the fairly dry textbook readings. But they were a small percentage of our overall grade, so as long as you consistently tried on them, it wasn't going to impact your grade that much. I still think the quizzes were useful to tease the concepts that would be taught in class. They were also helpful in keeping me on track with the course material throughout the semester (which I presume was the point of creating them). His lectures are not the most engaging by any means, but they were still helpful in clearing up things I didn't understand from the reading quizzes. In addition, almost every lecture had graded clicker questions, which were annoying at times, but I have to admit that they helped me stay focused in lecture. The projects were not easy, but still pretty manageable and I didn't think any of them were excessively long or difficult. For the last two projects I do think some instructions were a bit barebones, and I would have saved some time if they were more clear. The exams were relatively hard and raw scores were low (averages in 50-60s), but they were both curved enough that class averages were reasonable (~85% on the midterm and ~75% on the final). He was also nice in rounding up students' grades that were near cutoffs at the end of the semester. The course content was pretty interesting and you will learn a decent amount about databases from it. The structure and material of this class forced me to take ownership of my learning. But it's clear he didn't design this course to fail a bunch of students nor did he make the class so difficult to understand that it prevented us getting anything out of it. If you're at least mildly interested in databases I'd recommend taking the course with him.",1,1,0,1,0,0,0,0,"The projects were not easy, but still pretty manageable and I didn't think any of them were excessively long","Clear evidence supports project heavy, exam heavy, time consuming."
CMSC426_043,CMSC426,Jia-bin Huang,2024,1,"This guy sucks, its been a week and a half since class is ended and we still have no grades in elms, how is this even allowed",0,0,0,0,0,0,0,0,No clear workload signal.,No clear workload signal.
CMSC430_035,CMSC430,Jose Calderon,2024,5,"Did you think the exams or other major assignments were fair? Yes, projects and exams were fair, based on what’s covered in lecture and course notes. --- Did you think the professor had reasonable expectations of the students in the course overall? Expectations were reasonable. Come to class or don’t, but make sure to read and keep up with the course notes. Jose did want us to engage deeply with the concepts… thinking of our examples and test cases. --- Were you a fan of the professor's teaching style? Loved Jose’s teaching style. You can tell he really cares. He did a mix of chalk board and live coding. I liked how he showed his coding process (test-driven development) and using documentation. --- Was the workload appropriate for the number of credits? Yup, 4 main coding projects + 1 final project. 2 smaller assignments. Semester projects took 6-8 hours. Final project took longer, 10-12 hours. Two midterms, take home, 24 hours, 4-8 hours, median for both midterms was 95. --- Was this course a waste of time or was it beneficial in some way? I think this course was beneficial. Even though I may not write another compiler in my career, I did learn to be more pedantic. I had to be really careful in planning my pseudocode before writing my code. I learned how to trace through and debug low level code (Assembly). I think the course is reminiscent of drawing memory diagrams with the stack and heap in CMSC131/132… except now we’re producing assembly code to do so for Racket code. I personally enjoyed working with stack and heap, but maybe it's not the most industry practical course. --- How much support were you given throughout the semester (office hours, extra resources, etc.)? Piazza responses were god tier… Pierce! Jose offered plenty of office hours by appointment; he was always willing to discuss ideas and even do code reviews. There was also a good amount of TA office hours; however, there were frequent cancellations without replacement. --- TLDR: If you liked the memory diagrams in 131/132, the lexer/parser project in 330, and especially the assembly project in 216, then you’ll thoroughly enjoy this course. It’s a manageable workload and gives more exposure to lower-level programming. You’ll learn the difference between compile vs run time ;)",0,0,1,1,0,0,0,0,"Yup, 4 main coding projects + 1 final project. 2 smaller assignments. Semester projects took 6-8 hours.","Clear evidence supports homework heavy, time consuming."
CMSC433_013,CMSC433,Anwar Mamat,2021,4,"Pretty good 400 class overall. I don't think Anwar is a good lecturer, but he's pretty accommodating by making clicker questions fairly easy and worth 5% of the final grade to redistribute from exams. Some projects were tough (akka), especially due a high amount of the grade being secret tests, but others were fine. Make sure you put time into them, since they're worth a lot, and if you do you should be able to get a good grade. I thought the midterm and the final were fine, since I found them to be somewhat modeled after old exams. Also, TAs were great; they were really responsive on Piazza (much more than other 400s) and helpful for office hours. Great slides, and the material itself is also quite useful. Thus, if Anwar is teaching this class, I'd recommend taking it with him.",1,1,0,0,0,0,0,0,"Some projects were tough (akka), especially due a high amount of the grade being secret tests, but others were","Clear evidence supports project heavy, exam heavy."
CMSC434_027,CMSC434,Evan Golub,2023,2,"for someone whose class is about making things easy for users to deal with, his class materials and resources are extremely convoluted and counterintuitive. projects are super long and important details are hidden in walls of text. his slides are super antiquated, long, and messy. however, if you try on the projects the exams come easy and you should get a good grade.",1,0,0,1,0,0,0,0,projects are super long and important details are hidden in walls of text.,"Clear evidence supports project heavy, time consuming."
CMSC436_021,CMSC436,Herve Franceschi,2023,3,"Very average CS professor. Doesn't teach that well (lectures are just run-throughs of code snippets), but the class is super easy and the projects are simple. Everything about this class and the professor felt very fair - take 436 with Herve if you want an easy A.",0,0,0,0,0,0,0,0,No clear workload signal.,No clear workload signal.
CMSC451_063,CMSC451,Laxman Dhulipala,2024,5,"I took 451 with Laxman Fall 2023. By far my favorite CS professor, hands down. He was very knowledgeable, very nice, and very relatable. He frequently expressed his confidence in all of us to succeed in the class and in our future careers. No CS professor I've had so far has actually encouraged me to have a growth mindset. I'd take him again if I could! 451 challenges your brain in all the right ways. Laxman and his TAs handpicked assignment questions to be as interesting as possible, and it really showed. They were difficult and took a lot of time to do, but were engaging. Lowest assignment grade was dropped, and your overall grade was calculated in a way that maximized your strongest scores and minimized your weakest ones. This format ensured that you were set up for success, and as long as you put in the effort, you would get a good grade. I don't know what else to say other than to take him if you can as you will not be let down!",0,0,1,1,0,0,0,1,451 challenges your brain in all the right ways. Laxman and his TAs handpicked assignment questions to be as,"Clear evidence supports homework heavy, time consuming, fair but strict."
CMSC456_041,CMSC456,Daniel Gottesman,2023,4,"Nice professor but lectures were proof-heavy and went into detail about every topic. He also did not do a good job of connecting the topics. Exams were open notes which helped. Problem sets were very hard, but doable, and don't have to get all of them right to get 100% (could work on them with other people). There were 2 python problem sets. He curved a lot at the end. C- was a 55",0,1,1,0,0,0,0,0,He also did not do a good job of connecting the topics. Exams were open notes which helped. Problem,"Clear evidence supports exam heavy, homework heavy."
INST326_057,INST326,Gabriel Cruz,2025,1,"The autograders are always broken so you do not even know if you got part of the assignment correct. Along with this, if you email him about it he most likely will not respond. I've had multiple occasions where both he and his TAs do not respond to emails. The lectures are worthless along with the slides so expect to learn everything on your own. Take another teacher for your own sanity.",0,0,0,0,1,0,0,0,The lectures are worthless along with the slides so expect to learn everything on your own.,Clear evidence supports self learning required.
INST327_016,INST327,Devanshi Shah,2023,1,"Absolutely HORRIBLE Professor. This professor seems to be a grad student that doesn't have much experience in teaching. Which would be fine if she actually put in the effort to make the class enjoyable. She just reads off of Pamela Duffy's script, uses her slides + video quizzes etc. The class is not about learning as none of the TAs care about your grade and neither does the professor. They do everything incorrectly from assigning due dates, quiz questions and labs. They offer no assistance in assignment questions and most of the time don't even know themselves what the assignment is about. Just take the class with Pamela Duffy you'll be 100% better off.",0,0,0,0,0,0,0,1,Which would be fine if she actually put in the effort to make the class enjoyable.,Clear evidence supports fair but strict.
MATH140_506,MATH140,Mirna Pinsky,2025,2,"She's a very nice lady and tries to be helpful, but it's really hard to learn from her style of teaching. I've taken calc bc in high school and this class was still really difficult. If this is your first time learning calc do not take this class. A good TA is really helpful, I had GP and he put me on, but all the TA's were really good. Show up to discussion and you'll do okay, but lecture is basically useless. I showed up to every single lecture for most of the semester and it makes zero sense if you're genuinely trying to learn. Go to lecture and see the overall concepts she's trying to teach and learn that topic on your own. The only benefit of going to lecture is to make friends, meet people also suffering, and finding out the general topics which you're going to have to self-study. Majority of this class had already taken calc ab in high school and the averages for the exams were insanely low. Save yourself the trouble and sign-up for another professor, but if you're in the same boat as many other people who wrote reviews and your forced to take this class it won't be the end of the world if you show up to discussion and learn all of the concepts on your own. There was a nice curve at the end of semester (which we didn't know about), but that was just to bring the average of the class to passing. Expect to self-study, learn everything, and spend a lot of time if you're looking to do well, but pray you have a good TA as they'll get you through the semester.",0,0,0,1,0,0,0,0,"Expect to self-study, learn everything, and spend a lot of time if you're looking to do well, but pray",Clear evidence supports time consuming.
MATH141_540,MATH141,Jonathan Fernandes,2025,3,"Honestly speaking I can tell the Jonathan cares about how well his students do in his class. He is not one of those professors who go out their way to make the class hell. He wants you to do well. However, his teaching style can be bad to most. He doesn't go over that many example problems and even most of the problems in his notes are left unfinished. You will have to rely a lot on outside studying. You can't get through the class with just going to the lectures. I found out his lectures weren't doing much for me so I actually stopped going and only went to discussions. He also records his lectures so you don't have to be worried about missing lectures. Who you have as your TA also helps a lot. My TA went over HW problems/solutions and for our quizzes she would go over very identical problems right before. Which made it easier to do good on the quizzes. I completely bombed the 3 midterms we had. The first 2 I went in very unprepared so thats understandable but the third one I actually studied and I did terrible. Keep in mind that last unit is very challenging so try your best on the first midterms. Honestly, I was scared I wouldn't pass the class but I locked in for the final and got a decent score. Jonathan also had very generous curves. He curved all our midterms so they were out of either 90 or 95 out of the total 105 total points available. He also curved the HW/quizzes. And he also replaced our lowest midterm grade with our final grade if we did better on the final. That helped me a lot. Overall, I would suggest taking him. The curves may not be that helpful to people that are in the higher percentile but I think thats how all curves are designed.",0,1,1,0,0,0,0,0,Which made it easier to do good on the quizzes. I completely bombed the 3 midterms we had. The,"Clear evidence supports exam heavy, homework heavy."
MATH240_362,MATH240,Shin Song,2025,3,"Really kind and understanding professor. However, lectures can be unclear at times and hard to follow, especially when working through problems. Discussion sections are much more helpful since the TAs tend to explain concepts and problem-solving steps more clearly. If you miss a lecture, the posted notes aren’t very helpful on their own because they often skip steps. Quizzes and exams are very fair, TAs review everything before the quiz and practice exams are closely related to the exams.",0,0,1,0,0,0,1,0,"However, lectures can be unclear at times and hard to follow, especially when working through problems. Discussion sections are","Clear evidence supports homework heavy, disorganized course."
MATH241_521,MATH241,Jiwoong Jang,2026,5,"JJ is very nice, gives good, easy to understand walk-throughs of problems during lecture, although the questions were straight from the book, it was still very helpful. All of what he taught was pertinent and applicable to his quizzes and tests, there were no major curve-balls. His quizzes and tests were generally easier than other professors'. At first some of his notation and vocabulary was confusing, but as the semester went on it became more familiar. Make sure to at least vaguely understand or practice the material before lecture and everything will fall into place. Overall, a very personable and funny guy, very friendly, a fairly good lecturer, and was kind on the tests.",0,0,0,0,0,0,1,0,"At first some of his notation and vocabulary was confusing, but as the semester went on it became more",Clear evidence supports disorganized course.
MATH246_356,MATH246,Margaret Doucette,2025,3,"She is a really nice professor and wants to help students as much as possible, but her lectures are just too confusing and difficult to follow. I learned much much more from the 50 min discussion sections with the TA each week. MATH246 is an unpleasant class at UMD and there is an unreasonable amount of material to cover in a 3 credit class, which she acknowledged herself and isn't her fault. Despite this, she would always tell us that we should be responsible for knowing every single thing in the class, but I felt like this led to a deemphasis on which topics were the most important to focus on. Another thing I disliked was that she made it seem like the class was going to be curved in the end (for example telling us not to take the makeup final since it wasn't going to be curved thus implying the general exam would be curved), and then not curving it in the end! To be fair she said at the beginning of the semester that the class may or may not be curved, but given the way a curve was talked about and implied several times, it was disappointing. Overall, it was just a confusing class and you have to be prepared to spend a lot of time studying yourself regardless of which prof you choose.",0,0,1,1,0,0,1,0,I learned much much more from the 50 min discussion sections with the TA each week.,"Clear evidence supports homework heavy, time consuming, disorganized course."
MATH310_064,MATH310,Kathryn Truman,2025,5,"This class, and especially this class has a brutal reputation with Kate. This is earned for a very good reason: if you do not have proofs experience, you will have a hard time. The best way to describe it is that Kate is extremely generous, but she runs the class like it's the Navy. The professor is far more interested in you learning the material than meeting arbitrary standards; which is why I tend to giving her a five over a four. (A 4.5 is most appropriate.) In that regard, she is one of the fairest and most reasonable professors I have taken a class with. But the material is brutal, especially Exam 3 & Final. If you aren't able to keep up with the pace, I wouldn't recommend taking this class with Kate. But she is extremely thorough, which is important for an aspiring math major heading into 410 and other rough classes.",0,1,0,1,0,0,0,0,"But the material is brutal, especially Exam 3 & Final.","Clear evidence supports exam heavy, time consuming."
MATH401_098,MATH401,Vadim Kaloshin,2024,5,"Very lenient grader. Allowed the use of calculators on all exams, and allowed the use of notes as well on the final. Before the final, he walked us through exactly what it would look like. Maybe not the best professor if you're looking to actually learn 401 material, but a very easy A for a 400-level math course.",0,0,0,0,0,0,0,0,No clear workload signal.,No clear workload signal.
MATH403_034,MATH403,Justin Wyss-Gallifent,2022,4,"very good curve but so many homework sets you have to learn 20 chapters of material, so sometimes you will have 2 homework sets due a week he drops homeworks though so it's fine i guess",0,0,0,0,0,0,0,0,No clear workload signal.,No clear workload signal.
MATH405_028,MATH405,Shiferaw Berhanu,2024,5,Although the content for this course is challenging Professor Berhanu tries to make it easier for you. His content and proofs during the class can be a bit fast but he makes his exams easier. The weekly homework can take some time (if you are like me...) but also is a good review of the content and the exam - he takes some exam questions straight from the homework or the exam review problems he provides. You should probably go to the lectures: he will notice your absence... and the textbook makes no sense sometimes... Overall the course is proof-based and starts off proving things from 240 but goes into other advanced theorems later on. There were some ups and downs but this course taught me a lot and I do recommend 405 with Berhanu!,0,1,0,0,0,0,0,0,Although the content for this course is challenging Professor Berhanu tries to make it easier for you. His content,Clear evidence supports exam heavy.
MATH406_043,MATH406,William Goldman,2023,5,"I had Prof. Goldman for Intro to Number Theory. He is very patient, takes time to explain things in detail, and is super responsive to questions. He will approach the same problem or concept in different ways, so you end up with a super thorough understanding of the material covered in lecture. His exams are fair and are based entirely on what's been taught in lecture and practiced in homework assignments, so you're not thrown any unfair curve-ball questions. I really enjoyed his class this semester.",0,1,0,0,0,0,0,0,"His exams are fair and are based entirely on what's been taught in lecture and practiced in homework assignments,",Clear evidence supports exam heavy.
MATH410_107,MATH410,Jenna Zomback,2025,4,"Pros: - Very very friendly. First professor I've ever had who learned every student's name. Wow - Very open to questions - HW is worth 40%; 9 out of every 10 problems are graded for completion - HW's are fair; 10 textbook problems each - Did a retake for first midterm because average grade was so low (69%) - Very friendly; honestly the first professor I've had where I'm not scared to go to OH Cons: - Mildly strict grader; she tells you at the beginning of the semester that she's picky about proofs - Lectures were a bit slow and boring and were mostly just a rehash of the textbook (this is just my opinion though, hopefully other people disagree, also part of this is just because I found the content to be quite uninteresting) Overall very good professor, highly recommend!",0,1,0,0,0,0,0,0,Wow - Very open to questions - HW is worth 40%; 9 out of every 10 problems are graded,Clear evidence supports exam heavy.
MATH411_040,MATH411,Richard Wentworth,2024,4,"Great professor, insanely tough class. The tests had around 60% average, but the cutoffs seemed low. My senioritis got the best of me, but overall the grading was fair. My only complaint was that we had a midterm on may 2nd and a final the week after.",0,1,0,0,0,0,0,1,"Great professor, insanely tough class. The tests had around 60% average, but the cutoffs seemed low. My senioritis got","Clear evidence supports exam heavy, fair but strict."
PHYS121_057,PHYS121,Aria Heidarian,2024,5,"Dr. Heidarian has set this course up for your success. Additionally, she has decent office hours, and is willing to help you if you need it. The lectures don't really follow the slides on Canvas, but then again, I never paid any attention during lecture, so I couldn't really say. You lose out on working through examples by only reading the posted slides, but it will get the content covered so you can do well on the exams. The grading structure is a little harsh, with needing a 95% to get an A, but then again, with how generously the course is graded, that should be quite achievable. The homework is on ExpertTA, which sucks ass but does mean you can get incredible partial credit on it, so that boosts your grade a lot if you overcome the urge to smash your laptop when it tells you for the fourth time that the answer is wrong with no specific feedback (still an 88% on that question if you get it right the fifth time). Anyways. The lab for this class is brutally stupid, and especially doing the reports was sometimes a shot in the dark because of a lack of real instructions and feedback (I didn't get grades + feedback on many of my labs until six weeks after doing them, in which time six other reports were due, so no chance to improve), but they aren't actually hard from a math or conceptual standpoint. We got a 10% curve on our second midterm when the averages were low, so that was nice. Overall this class is easy, so I think the expectations the Professor has are reasonable and quite generous.",0,1,1,0,0,0,0,0,"The lab for this class is brutally stupid, and especially doing the reports was sometimes a shot in the","Clear evidence supports exam heavy, homework heavy."
PHYS122_001,PHYS122,Bei Lok Hu,2009,2,"I don't recommend taking physics with Dr. Hu. For one thing, it's pretty difficult to understand what he says half the time because of his accent. Also, he never really explained concepts fully. He would derive equations, which sometimes had different symbols from those given in our textbook; PHYS122 is an introductory physics course- we are expected to know concepts and not derivation of equations, especially since this course is not calculus-based. He would go over problems using the derived equations but they were difficult to follow because he never really would explain WHAT the concepts were. Furthermore, his lectures were Powerpoint presentations often containing images and excerpts from our textbook. In a class such as physics where going over problems step by step helps in explaining concepts, powerpoint presentations were completely ineffective and useless. Using the blackboard would have been a much better approach to teaching this course. Dr. Hu also sometimes never completed problems that he started; thus, often my notes were incomplete. I feel that a majority of the class got by because most of the problems on the exams and quizzes were similar to (or the exact same) suggested review problems that he gave from the textbook as well as our homework problems (which were from the textbook as well). I suppose the predictability of the problems on the exams etc was one good side to Dr. Hu's teaching. This allowed me to get an A+ in the course, despite Dr. Hu's poor teaching skills. I believe Dr. Hu is very knowledgeable and also friendly and easy to approach; however, he does not seem to be the best professor.",0,0,0,0,0,0,0,0,No clear workload signal.,No clear workload signal.
PHYS131_048,PHYS131,David Buehrle,2025,3,"As someone who did not take AP Physics in high school, I found this course to be extremely difficult, but like other reviews say, not difficult to pass. The prelecture reading, lecture content, and homeworks have limited overlap. Lectures were confusing, explaining simple concepts and then applying a basic formula to a grand topic on midterms. He does drop the lowest midterm out of 3. Homework is a big part of the grade, and doing well on them is important for doing well in the course. My lab section was pretty chill because of my TA, but the lab as a whole was unorganized, with TAs receiving limited information from Buehrle on how to handle issues that arise in a lab. The recitation part of the lab wasn't very helpful, but at least it didn't count for a grade. One good thing about this class is that he allows us to make a cheat sheet for all of the exams. If you're not a life sciences major or pre-health, do yourself a favor and don't take this class.",0,0,1,0,0,0,1,0,"As someone who did not take AP Physics in high school, I found this course to be extremely difficult,","Clear evidence supports homework heavy, disorganized course."
PHYS132_013,PHYS132,Wolfgang Losert,2023,5,"I highly recommend Dr. Losert. This was his first time teaching this class in years and he had no trouble diving back in. He is a very passionate lecturer and always takes time to answer everyone’s questions during class. He is very receptive to feedback and always ready to help when you email him. Homework and Tophat questions were fair, on exams he allows you to make a front and back equation sheet. Both the exams and your overall grade are curved at least 10%, so it’s difficult to get a low score in the class. Exams are only 35% of the grade, so there is a much greater emphasis on your textbook questions, lab participation, and homework.",0,1,1,0,0,0,0,0,He is very receptive to feedback and always ready to help when you email him. Homework and Tophat questions,"Clear evidence supports exam heavy, homework heavy."
PHYS260_179,PHYS260,Michelle Girvan,2025,5,"I am not going to lie to you—this course is extremely challenging, but Michelle is a really good teacher. She genuinely cares about whether students understand the material and takes the time to explain difficult concepts clearly. Her lectures are well organized, and she is always willing to slow down, answer questions, or revisit topics if the class is struggling. Her exam questions are taken directly from her notes, so if you keep up with the material and study what she emphasizes in class, the exams feel fair and manageable. While the workload can be heavy and the pace demanding, you can tell that she wants students to succeed and truly learn the content rather than just memorize it. Overall, this is a tough course, but it is taught by someone who is supportive, approachable, and invested in her students’ success.",0,0,0,1,0,0,0,0,"Her exam questions are taken directly from her notes, so if you keep up with the material and study",Clear evidence supports time consuming.
PHYS270_068,PHYS270,Drew Baden,2025,4,"Lectures are moderately boring - more interesting than most physics professors, but there's only so much that can be done Class is pretty easy, ALL EXAMS ARE MULTIPLE CHOICE - FINAL INCLUDED. All exams are printouts of the ExpertTA hw, and half the time he doesn't even bother to change the numbers. The final was an exact compilation of the midterms, problems literally copy-pasted right over. All class notes are posted, but his handwriting is pretty messy Mostly taught myself how to solve the hw, copied all the equations I used and did fine on all the exams Nice guy in general",0,0,0,0,0,0,0,0,No clear workload signal.,No clear workload signal.
PHYS371_005,PHYS371,Steven Anlage,2021,5,"Anlage was a really great professor. The class is hard but definitely fair. His exams really test whether you understand the material or not. He did a really good job of teaching online! I was always engaged with his class and he is clearly passionate about the topics he teaches. The quizzes were hard but fair, the only downside was that most of the time it was 1 multiple choice question, so you either got a 0/10 or a 10/10, no in-between. The homework is fine if you work through it with a study group.",0,1,1,0,0,0,0,1,The class is hard but definitely fair. His exams really test whether you understand the material or not. He,"Clear evidence supports exam heavy, homework heavy, fair but strict."
STAT100_214,STAT100,Matthew Griffin,2025,4,"I'm sorry, but you actually have to be deeply stupid or just deliberately not trying to fail this class. I think the reason why the GPA is so low on Planet Terp is because most people taking this class are Freshmen, and are still adjusting to college. I have been delaying taking this class for a couple years because of schedule conflict, and when I saw the GPA for this class last semester I got nervous. It is honestly, by far, the easiest math class I have taken here. Attendance is mandatory, discussion and lecture, and he does get mad at you for being on your phone or wearing hoodies like it's High School and WILL call you out if you do it, but this class is so EASY. There are so many extra credit opportunities (answering questions in class, getting 10/10 on class assignments and showing an AMP, writing your answer on the whiteboards, etc.). The practice exams are exactly like the exams (although this is true for the other stat100 professor too). I read through the chapters in the required book only once at the beginning, and after that realized that the class's material is so simple that I didn't even need to prepare myself before each lecture. I went to a few GSS sessions to brush up on slightly more complicated material, but it was honestly nothing compared to other math classes I have taken here like calc. Data assignments, which are R-Studio coding assignments, were annoying and we did one every week (besides on weeks we had exams), but there are tutorials you can find in ELMs that give you the exact code word for word, but you just need to change the variables according to the ones the data assignment uses. I think Professor Griffin truly wants his students to succeed which is why he's so strict, but even so, sometimes when he would give out to students it would take up valuable class time, and decrease the amount of time we had to finish in class assignments. This, on top of the strict attendance was mildly annoying, but it was honestly balanced out by the easiness of the material and the amount of resources given to prepare you for the exams.",1,1,1,0,0,0,0,0,"Data assignments, which are R-Studio coding assignments, were annoying and we did one every week (besides on weeks we","Clear evidence supports project heavy, exam heavy, homework heavy."
STAT400_456,STAT400,Shixin Zheng,2025,1,Crazy hard homework and exams that have no similarity to anything done in class or quizzes. Really poor lectures and exam weighting that will drop your A+ to a C- in no time.,0,1,1,0,0,0,0,0,Crazy hard homework and exams that have no similarity to anything done in class or quizzes.,"Clear evidence supports exam heavy, homework heavy."
STAT401_066,STAT401,Anurag Dey,2025,2,"The other review is pretty much on point. The only thing I'd add is that he has the best handwriting I have ever seen from a stat professor at umd, which really helps when he is lecturing (which is a rare occurrence later in the semester). He also moved our final up by 2 weeks, and then moved it back again a few days before the final was supposed to happen.",0,0,0,0,0,0,0,0,No clear workload signal.,No clear workload signal.
STAT410_099,STAT410,Jonathan Fernandes,2025,5,"Good guy, he genuinely wants you to learn stuff in class that's why his course content is a bit harder than the other STAT 410 professors but the class is well structured with lecture notes, zoom recording, and workbook that you can count on even if you don't go to the lectures. He is genuinely passionate about teaching unlike many other professors and who just lecture in and leave. It is going to be an A if you're willing to put in the effort and if not you can surely pass through his class even if you don't go the lectures because of all the content he uploads.",0,0,0,0,0,0,0,1,It is going to be an A if you're willing to put in the effort and if not you,Clear evidence supports fair but strict.
STAT420_015,STAT420,Jonathan Fernandes,2024,5,"Super funny and nice guy, who cares about students learning the material well. Understand how to do the homeworks and examples from class and you will be fine for exams. One thing is he is not very responsive on Piazza or by email, but other than that he is great.",0,0,0,0,0,0,0,0,No clear workload signal.,No clear workload signal.
STAT430_030,STAT430,Christine Nickel,2023,5,"She is very good at teaching and her slides do a pretty good job of covering the materials. I felt the homework was a bit tedious, but more so because it's tedious to show your work from graphs, etc. from SAS. If I recall correctly, the two lowest homework and the two lowest classwork got dropped. There were extra credit opportunities for attending class and submitting work early. The expectations were clear. If I were to nit-pick at anything, I felt that the exams were weighted a lot more than they should have (2 exams, 30% for each). This meant if you messed up on one of them, it could be difficult to recover. That being said, she had review sessions that more or less hinted at what was going to be on the exam. Also, if you pay attention in class, you'll do fine. Moreover, the other aspects of the class (Classwork, Homework, Final Project) are pretty much free points if you do the work.",0,1,0,0,0,0,0,0,"The expectations were clear. If I were to nit-pick at anything, I felt that the exams were weighted a",Clear evidence supports exam heavy.
BSCI160_573,BSCI160,Mary Ann Rankin,2025,1,"Dr. Rankin is like a wolf with sheep's clothing, You walk into her class on the first day and she very sweet. You are relieved to know you have an easy semester ahead of you. You pay attention, not like it matters anyways. The first exam comes up, you study but are not worried. You open the exam on canvas, everything on it has been nothing you have ever learned. The question are at the 400 class level, no amount of studying would have prepared you. At the beginning she said no curve, you thought this class might be easy, now you're hoping she lying. I have personally not gotten above a 50 on one of the exams. A 48 was my peak. That might just be me, but everyone in our group me either there with me or had a worse grade then me. She also cannot get technology working for her ever. She made us buy a 30 dollar program just for us to barely use it and her not knowing how it works. Please just don't this class especially with Dr. Rankin. I won't lie she is very sweet but has no heart when it comes to give good tests, actually teaching us the subject, and when more than have the class is failing. If you take this class, I wish the best to you but you messed up.",0,0,0,0,0,1,0,0,"At the beginning she said no curve, you thought this class might be easy, now you're hoping she lying.",Clear evidence supports harsh grading.
BSCI161_011,BSCI161,Hans Lemke,2023,2,"TBH The lab coordinator for this class is so whack, he expects way too much from a 1 credit class, there is a project every single week. Pray you have a decent group cuz mine was ass. And pray you dont have hans as a TA. The only reason there is 2 stars is because the work itself was overall easy, the people in the class made it a drag.",0,0,0,1,0,0,0,0,"TBH The lab coordinator for this class is so whack, he expects way too much from a 1 credit",Clear evidence supports time consuming.
BSCI170_296,BSCI170,Eric Haag,2025,1,Alright as someone who finished with an A it's not worth the pain. I'm a pre-med student who has taken a lot of these core science classes and I had to FIGHT for an A in this one. He is really a nice guy but he talks like he's speaking to other biologists. My self as well as Chat GPT taught me the whole course because his explanations were so poor. His tests feel like puzzles and there is no study guide for anything so you are really on your own. He constantly makes announcements DURING the exams to clarify the questions which I think speaks for itself. Still baffled that he made us memorize the 20 amino acids for the first exam because it's legit a 100 level class. I'm a bit confused about the people who are saying they love his class because that is definitely not the consensus from anyone. I compared his exams to other professors and it's insane how much harder he makes his tests. Spent hours and I mean HOURS going through his slides to try to understand his poor explanations. Not. Worth. It.,0,1,0,0,0,0,1,0,I compared his exams to other professors and it's insane how much harder he makes his tests.,"Clear evidence supports exam heavy, disorganized course."
BSCI171_064,BSCI171,Swarna Mohan,2025,3,"I've never interacted with Dr. Mohan since I took the lab, but I can say that it isn't all that bad. Sometimes, the wording on instructions for assignments were very intimidating and confusing. It is a lot of work for a 1 credit course and a 3 hour lab, but it's fairly easy to do well. The practical was easy, and if you have a patient TA like Carter, you'll be fine!",0,0,1,1,0,0,1,0,"I've never interacted with Dr. Mohan since I took the lab, but I can say that it isn't all","Clear evidence supports homework heavy, time consuming, disorganized course."
BSCI201_100,BSCI201,Caitlin Fox,2025,1,Garbage lab. We were expected to know too much information and 70% of the stuff we needed to know wasn’t even tested.,0,0,0,0,0,0,0,0,No clear workload signal.,No clear workload signal.
BSCI202_015,BSCI202,Sara Lombardi,2023,4,"I like professor Lombardi and I think she's a really good lecturer. However, BE WARNED, her exams are not as easy as some people say they are. She does try to trick you and she will if you are not paying enough attention to the entire scope of the question. ESPECIALLY THE TRUE AND FALSE. for people taking her next semester, read over the true and false a few times and underline the key words, I promise you there are tricks in there that if you're glancing at the questions quickly, you will miss them. Those are honestly the hardest parts of the tests, but other than that the class is definitely doable.",0,0,0,0,0,0,0,0,No clear workload signal.,No clear workload signal.
BSCI207_198,BSCI207,Nicholas Fletcher,2025,5,Dr Fletcher is an amazing professor! BSCI207 has a lot of content but he always tries to explain it in a way that makes sense. His test are very fair and you get a sheet of notes for each test. He also always had an extra point on his exams (even the final) and it was something really easy. If you have the opportunity to take Dr Fletcher I definitely would!,0,0,0,0,0,0,0,0,No clear workload signal.,No clear workload signal.
BSCI222_247,BSCI222,Jessica Mutz,2025,5,"I'm gonna be real, I really don't understand the criticism. Based on reading these reviews I went in to this class expecting it to be extremely hard, and expecting Dr. Mutz to not know the material or explain things really confusingly. However, that hasn't been my experience at all. -I think the lectures are really clear, with enough detail to get the whole picture but certainly not a crazy amount of detail (I took BSCI330 and that class had a bit of overlap in topics, but went into so much more detail than BSCI222). Instead of feeling like I was being hit over the head with fact after fact it felt like a whole story was being told and everything fit together well. I don't like memorizing a bunch of random facts, I much prefer understanding concepts and mechanisms and solving problems (and then memorizing a few relevant things because this is still a bio class) so this class material was exactly what I'm looking for in a science class. -Dr. Mutz was really good at answering my questions the 2-3 times I went to her with one. -There are assignments called ""222torials"" which go over difficult topics really well and in depth, and were really well done in my opinion, and there are always exam question on this material so you're super prepared for those questions. -The exams are naturally going to be more challenging than non-stem class exams would be, but compared to BSCI330, Orgo, Physics, Neuro classes, etc, they're really not that bad. There's virtually no material on them that we didn't talk a decent amount about in class (which is not always the case in other classes I've taken) and we get SO much practice: in-class warm-ups (so helpful if you do them), a full-length practice exam from a previous semester for each of our exams, 222torials, weekly quizzes, etc. Plus, the textbook is one of the best I've had for a science class at this university (most are impossible to slog through but this one is actually well-written and helpful). She also records lectures! So it's easy to rewatch, skip class if you want, clear up a topic you didn't understand the first time, etc. Basically, if you study, you can do well. If you don't study... you won't do well. -Lab is a computer lab, sometimes interesting, sometimes a little tedious, never too difficult. Overall if you like genetics, this will be a really interesting class that you genuinely learn a lot from.",0,1,1,0,0,0,0,0,"-There are assignments called ""222torials"" which go over difficult topics really well and in depth, and were really well","Clear evidence supports exam heavy, homework heavy."
BSCI223_076,BSCI223,John Buchner,2025,3,"Whether or not I remember anything about the complement system or taxonomy, the collective crashout of BSCI223 in Spring 2025 will not be forgotten. Reading the reviews below, you'd think this class was a battlefield—Professor Buchner committing some kind of academic treason and students having to sacrifice their souls to pass. But honestly? It's not 𝘵𝘩𝘢𝘵 bad. I promise. Yes, the flipped lecture style sucks. It's hard to stay motivated to watch the videos or show up to class just to answer clicker questions that are usually very unhelpful in actually understanding the material. Like many others, I signed up for an in-person class—not two mandatory discussions a week + learning the actual content on my own by myself. And exams were tough, but not necessarily because of the material. The issue was the lack of guidance provided to help us prepare. There were no practice exams, no review guides, and barely any clarity on what to focus on (and again, the lectures in class often did not correlate to the videos AT ALL) until the TA's stepped in with some reviews. Professor Buchner's exam format leans heavily on drawing and description questions, which personally caught me off guard. Paired with disorganized and dull lectures, this wasn't exactly a fun class. All that said, getting an A is definitely doable if you put in a modicum of effort. If you've taken genetics, exam 2 should be a breeze, and if you go in having actually studied the material, exam 1 and the final should go well enough that you're in good territory (note: I didn't put enough effort studying for exam 1 and studied the wrong things, which again, was both my fault as well as the course's for NOT TELLING US WHAT TO STUDY but if you go in expecting it to be hard, I guarantee you that you'll do better). Additionally, the lab portion of the class offers a MASSIVE grade buffer. There's a lot of busy work (designing the cow transformation experiment was fun, but making us do like 3 discussion posts/essays/lit reviews each was too much), and bad groupmates will make you curse your life, but the TA's grade really generously, the labs are short and often end early, and they're easy to understand and even a little fun to do. Point is: this class isn't the free ride you think it will be, but it's not that bad. Maybe 3-6 hours of studying per exam plus keeping on track with assignments, and you'll be okay.",0,1,1,1,0,0,1,1,"And exams were tough, but not necessarily because of the material.","Clear evidence supports exam heavy, homework heavy, time consuming, disorganized course, fair but strict."
BSCI330_153,BSCI330,Alex Poirot,2025,5,Alex is the best. So helpful during lab and always has a smile on his face even during the 8:30AM section. Very kind and understanding person and definitely feels like I am supported in his lab. 5/5 goated TA.,0,0,0,0,0,0,0,0,No clear workload signal.,No clear workload signal.
BSCI353_029,BSCI353,Chan Lin,2023,5,"Dr. Lin is a really good teacher, he doesn't bombard you with slides and the pace of the class is really good. he also records all of his lectures which is super useful - every Monday there was a worksheet session which we had to go into class for, but besides that, you didn't have to go. His exams were also very fair and some of the questions were pulled directly from worksheets and the weekly quizzes we had.",0,1,0,0,0,0,0,0,His exams were also very fair and some of the questions were pulled directly from worksheets and the weekly,Clear evidence supports exam heavy.
BSCI410_105,BSCI410,Louisa Wu,2025,5,"Dr. Wu is without a doubt one of the kindest and most approachable professors I have had during my time at UMD. From the very beginning, she made it clear that she genuinely cares about her students’ success, not only academically, but also as individuals. She’s always open to conversations outside of class, whether it’s during office hours or via email, and she’s incredibly down to earth and easy to talk to. Even when there are a lot of people in line to ask Dr. Wu questions, she never brushes off your concerns or questions. She is extremely attentive and always works with you to help make sure you can succeed. I was initially nervous going into this course because genetics isn’t exactly my strongest subject, but Dr. Wu made the material accessible and even enjoyable. Her lectures consist of really clear diagrams and slides that are easy to follow, which really helped me while I studied for her exams. All lectures are recorded and come with subtitles, which made it incredibly easy to go back and review key concepts or catch anything I may have missed the first time. The exams in this course can definitely be challenging, and I recommend dedicating consistent time to studying. However, all exams are open note, and you can bring as many handwritten or printed notes as you’d like. Personally, I treated the exams as if they were closed notes and only used my notes as a backup, which I believe helped me prepare more thoroughly and ultimately succeed. Dr. Wu also puts a lot of thought into her lecture slides, which include helpful diagrams that reinforce the material and make studying more visual and engaging. One of my favorite tips is that her PowerPoint slides all have speaker notes if you download them, and they were superful in helping me grasp all the models shown in the slides. There are multiple opportunities for extra credit throughout the course, including optional assignments and bonus points built into exams. Dr. Wu is clearly passionate about molecular genetics, and it shows in the way she teaches. She wants every student to succeed and gives all of us plenty of resources to do so. Overall, I not only learned a great deal in this course, but I also felt supported every step of the way. I’m extremely grateful to have taken this class with Dr. Wu, and I would wholeheartedly recommend her.",0,1,0,0,0,0,0,0,"The exams in this course can definitely be challenging, and I recommend dedicating consistent time to studying.",Clear evidence supports exam heavy.
CHEM131_521,CHEM131,Amanda Schech,2025,1,"Dr. Schech is an amazing lecturer, but is incredibly inflexible and unaccommodating.",0,0,0,0,0,0,0,0,No clear workload signal.,No clear workload signal.
CHEM132_072,CHEM132,Jennifer Amesimeku,2025,5,"This TA is truly outstanding. She's not only well-versed in all the experiments but also incredibly supportive of her students. Her instructions are always clear and easy to follow, and she makes sure everyone grasps the experiment's concepts. I was particularly impressed by her understanding attitude towards corrections and her willingness to offer second chances, which greatly helped reinforce learning. She's an invaluable asset to the course.",0,0,0,0,0,0,0,0,No clear workload signal.,No clear workload signal.
CHEM135_429,CHEM135,Samuel Lascio,2026,5,"YES this is a difficult class, it's known as the engineering weed-out class for a reason. However, if you give a good honest effort you will be able to succeed. This is a very fast paced class, but as someone with no prior chemistry experience Lascio breaks it down the best he can in his allotted time and gives plenty of practice examples with increasing difficulty. The average for each exam is pretty low, around 65-70%, but there is a large curve at the end of the semester (For our class I finished with an 86 which was an A, I believe the cutoff for an A- versus an A was around 81-82). This is difficult material but if you are willing to put in effort you will do well. He has office hours twice a week and I usually went once every two weeks or so to ask questions, and sometimes he will drop hints about exam questions. The most important thing to do well in this course is to do the weekly discussion worksheets BEFORE your discussion section. Even though the TAs go through the worksheets, putting in this extra effort beforehand is the best way to catch mistakes and what topics you are struggling on. This also makes for a great review resource for the cumulative final, because you have written documentation of all the practice problems completed and what mistakes you have made in the past. The weekly ALEKS homework isn't too difficult but can be confusing and time consuming, but the actual discussion sheets are much more indicative of exam materials because he does not make the ALEKS himself, so focus your time on the review sheets.",0,1,1,1,0,0,1,1,"This is a very fast paced class, but as someone with no prior chemistry experience Lascio breaks it down","Clear evidence supports exam heavy, homework heavy, time consuming, disorganized course, fair but strict."
CHEM231_420,CHEM231,Sonia Hirschauer,2025,3,Like all orgo teachers she is mid. I actively wished to get hit by a bus on the way to lecture this class is so difficult and annoying to take. You gotta actually teach yourself or else your going to fail.,0,0,0,0,1,0,0,0,You gotta actually teach yourself or else your going to fail.,Clear evidence supports self learning required.
CHEM232_061,CHEM232,Monique Koppel,2025,1,"(Fall 2024) Insane workload for a 1-credit lab course. I found I was spending hours on work outside of lab. In my opinion, the lab itself is structured badly and not very well aligned with the 231 course. Lab experience is very dependent on TA. Didier was great at making a 6:30-9:30 lab feel not miserable and having good vibes, even if he wasn't always the most knowledgeable. I never interacted with Koppel herself, but there was an incident where at office hours, multiple TAs didn't understand the post-lab question/what she was looking for, and one went up to ask. She sent him back down with nothing, and told him that he was giving us too much help. Really soured my taste on her. Average weekly workload for the lab looks like: - Pre-Lab Writeup (Objective, Procedure, Reagent Table with structures) - Pre-Lab Worksheet (Mostly fine if you read the theory/procedure, but sometimes confusing) - Watch the lab video (Not always necessary) - Pre-Lab Quiz (A grade boost as long as you read the procedure. A total no-brainer.) - Post-Lab Worksheet (Answering a few questions based on things in lab. Functionally a lab report. Not terrible.) - Post-Lab Questions (Evil. Oftentimes not related to anything done in lab, vaguely about theory. It's hard to understand what she actually wants in an answer. Office hours are a saving grace, but even the TAs don't always know what she wants or how to answer the question. Also, for two different weeks, required reading grad-school level papers.) On the bright side, if you have to take orgo 2 lab, doing this one first will make it feel like a walk in the park!",0,0,1,1,0,0,1,0,"Average weekly workload for the lab looks like: - Pre-Lab Writeup (Objective, Procedure, Reagent Table with structures) - Pre-Lab","Clear evidence supports homework heavy, time consuming, disorganized course."
CHEM241_253,CHEM241,Lai-Xi Wang,2025,3,"Dr. Wang was a perfectly average professor. He mostly lectures from slides, but occasionally would write out a synthesis or mechanism. He wasn't great at explaining topics, but was good enough you could generally understand what's happening. Pros: - Exams were exactly like the practice exams he provided (sometimes even using the same questions). - He gave us a synthesis during lecture, told us it would be on the exam, and it was exactly the same. He did a similar thing for the final. Cons: - Started an exam review saying we could ask any questions we had, and then immediately refused to answer someone's question because he already answered it in the PREVIOUS lecture. - Not approachable if you have questions/go to his office hours. - Homeworks are long and can be helpful, but generally that style of question isn't what's on his exams. Overall far from the worst professor you can get. Orgo 2 is a difficult class no matter who teaches it, so make sure you spend time doing the homeworks (even if they aren't graded) and go to discussion.",0,0,1,1,0,0,0,0,"- Homeworks are long and can be helpful, but generally that style of question isn't what's on his exams.","Clear evidence supports homework heavy, time consuming."
CHEM242_008,CHEM242,Lee Friedman,2021,3,"go to office hours to help you complete the PLQs, carefully read the prelab to take the prelab quizzes. Also, there are a lot of components to the lab, observations, procedure, PLQs, and calulations. SO MAKE SURE YOU HAND EVERYTHING IN BEFORE THE LAB, you don't want to miss out on any points. The midterms are impossible, redo the practice ones, but they're so hard. The practical is not terrible, bt understand how to set up important procedures. Good luck! it will be fine!",0,1,1,0,0,0,0,0,"The midterms are impossible, redo the practice ones, but they're so hard.","Clear evidence supports exam heavy, homework heavy."
CHEM271_224,CHEM271,Bonnie Dixon,2025,1,"Anyone who gives her teaching a 5-star rating is a suck up. Trust me, I've seen them in her office hours... They glaze her sooo much that even SHE gets a little uncomfortable. I get it, you need that letter of rec... but like time and place bro That being said, I think as a person, she can be helpful, is hardworking, etc. But as a professor, she wants you to live and breathe chemistry. Everyone says that she provides a lot of resources, but those resources are REQUIRED if you want to pass. I shouldn't have to watch hours of additional videos to know what's going on, especially if I show up to the lecture. The CAN is like an additional lecture where she teaches things she missed in class. Also, she picks the HARDEST way to teach things and doesn't give ANY time to write down notes. I literally have to record her lecture with my phone and watch it later to know what's going on. I knew this was gonna be rough, so I left a lot of time in my schedule for this class. But I know people who don't have time for this, and it seems horrible. Her jokes are not funny. The only people laughing are the suck ups in the front row trying to get their letter of rec.",0,0,0,1,0,0,0,0,"I knew this was gonna be rough, so I left a lot of time in my schedule for this",Clear evidence supports time consuming.
CHEM272_038,CHEM272,Amanda Schech,2023,5,"This is one of the hardest labs you will have to take, but it is mainly hard in terms of how time-consuming labs can be. She basically gives you pretty much all the resources you need to work through lab in her very efficient 50 minute lecture, and outside of that if you are having questions (pretty much anything!) or your data did not turn out as expected to complete the lab, go to office hours. The midterm and finals are designed to test your knowledge on the subject. So, if you understand why and how certain labs were done, you should be able to figure everything out. Extremely organized everything-lectures, Canvas modules... this is a class where you can genuinely earn the grade you aim for with effort, and Dr Schech is a great, kind and extremely reasonable professor.",0,0,1,1,0,0,0,0,"This is one of the hardest labs you will have to take, but it is mainly hard in terms","Clear evidence supports homework heavy, time consuming."
CMSC131_422,CMSC131,Angelyn Pham,2025,5,"didnt go to my discussion in 131 and she wasnt even my TA but I always watched her videos, clear and helpful.",0,0,0,0,0,0,0,0,No clear workload signal.,No clear workload signal.
CMSC132_472,CMSC132,Larry Herman,2025,3,"I think that Herman's class isn't as bad as people say it is. He has a weird thing about people calling him professor, he doesn't let you use any sort of technology in class, he's kind of an odd guy and a pretty boring lecturer (but he can be funny sometimes). He does have really long project descriptions, but they're pretty helpful in that there's no confusion about what you have to do for the projects and what coding is required. It's honestly more of a blessing than a curse. His tests are fair, and he gives you lengthy practice exams before every test that are formatted the same as the actual exams. Some questions on the exams end up being pretty similar to what was given on practice exams, but that isn't always the case. Attendance is technically not mandatory, but he gives random graded worksheets during lectures and discussions that are in total worth ~10% of your grade (the worksheets themselves are graded on completion so you really only have to do 3/4 of it to get a 100, plus the worksheet questions are similar to exam coding questions) so you kinda have to go. He doesn't record lectures because bro doesn't know how to use a computer, but he does post lecture slides. He also posts homework questions that you don't have to do, but they can help with exam practice. Overall he's a pretty mid professor that makes his project descriptions and handouts wayyyy too long and yaps too much, but the class itself is easy enough.",1,0,1,1,0,0,0,0,"He does have really long project descriptions, but they're pretty helpful in that there's no confusion about what you","Clear evidence supports project heavy, homework heavy, time consuming."
CMSC216_439,CMSC216,Christopher Kauffman,2025,5,"Kauffman is so goated and beloved by all his students. He made content that I otherwise would've found relatively uninteresting (operating systems, unix processes, assembly) engaging. He is incredibly passionate about teaching and always takes time to answer questions during lecture, and also post lecture recordings as well as lab overviews. I learned so much from him this semester and you can tell he actually cares about making sure his students understand content. The projects can be difficult, and I'd recommend starting them early, as well as using Piazza as much as you can because office hours are pretty limited. Exams are also tough but his homeworks and labs give you good practice for them. Most people probably don't actually do the homework but if you want extra practice then you should do it. He also gives opportunities for extra credit as mentioned in other reviews. I think there is no better professor you can take for CMSC216 and with Kauffman you'll be in good hands.",1,1,1,1,0,0,0,0,"The projects can be difficult, and I'd recommend starting them early, as well as using Piazza as much as","Clear evidence supports project heavy, exam heavy, homework heavy, time consuming."
CMSC250_493,CMSC250,Fawzi Emad,2025,5,"I'm a weirdo who watches all my YouTube videos at 2x speed. Because of that, I found the pace Fawzi went at to be perfect for me. Doesn't record lectures. Otherwise, I found him to be a great professor who's passionate about the subject, but I recognize he might not be the best fit for everyone.",0,0,0,0,1,0,0,0,I'm a weirdo who watches all my YouTube videos at 2x speed.,Clear evidence supports self learning required.
CMSC320_201,CMSC320,Maksym Morawski,2025,1,"there was like no context or descriptions for the projects/assignments. I would get points off for reasons that i didn't even realize were requirements. he also takes like 10 billion years to answer a piazza question and he doesn't even answer all of them. the content of the course was very disorganized, especially towards the end (he would add in random notes to himself in the middle of lecture), and for a lot of the content at the end there was no slides to refer back to so you had to pay attention and jot everything down in class or self teach. he goes through the slides he makes super fast too so you would have to go back after lecture and go through the slides yourself to take good notes. it also highkey felt like he did not care too much for our well-being; he said that he would make the second exam easier than the first exam but I remember walking out of the second exam feeling worse than the first one. I also think there was way too much emphasis on the really pretentious-sounding readings on exams. do not take max if you have a choice. people are gassing up how much he gives out extra credit but it is literally worth nothing in the grand scheme of your grade. all of the exam questions are SO VAGUE and the review questions he gives might be even more so. he will give us specific examples and applications of concepts on the exams that were not included in the review. and then at the end of the semester he has the audacity to ask us why we aren't understanding things....",0,0,0,0,1,0,1,0,"the content of the course was very disorganized, especially towards the end (he would add in random notes to","Clear evidence supports self learning required, disorganized course."
CMSC330_247,CMSC330,Katherine Saltzman,2025,5,"Kat is hands down one of the best CMSC330 TAs. She is super kind and helpful and always has a smile on her face. Her positivity always puts me in a good mood. In office hours, she is very patient and explains concepts clearly. She is also a fun person to talk to about non-CS stuff. Overall rating: 5/5",0,0,0,0,0,0,0,0,No clear workload signal.,No clear workload signal.
CMSC335_018,CMSC335,Nelson Padua-Perez,2024,4,"The class is easy and Nelson is a great lecturer, he makes it very fun. However, you can't talk in class or he will call you out so if you want to do that then just watch his lecture videos.",0,0,0,0,0,0,0,0,No clear workload signal.,No clear workload signal.
CMSC351_331,CMSC351,Justin Wyss-Gallifent,2025,5,"I did not even have Justin for 351 this semester I had ting but I still felt compelled to review this absolute goat of a man. Despite having Ting I attended many Justin lectures this semester and he is without a doubt the best lecturer not only in the CS department but quite possibly across all departments at UMD. Justins lectures do not feel like a lecture, it feels like someone just casually having a conversation with you about the topic being covered but in the best way possible. He can make anyone understand any topic and it's truly a gift that not many people have. His notes are incredible. He posts notes for every lecture that are color coded and have diagrams of different algorithms and you could 100% get away with never showing up to class and just reading those notes, that's how good they are.(not saying to do this) If Justin is an option, take him! I hope to have the privilege of taking another CS class with him during my time at UMD Justin, you are the GOAT",0,0,0,0,0,0,0,0,No clear workload signal.,No clear workload signal.
CMSC411_034,CMSC411,Ilchul Yoon,2021,3,"I should preface this review by saying that not only did I take CMSC411 with Yoon, but I also took CMSC216 and CMSC131 with him. I was left with a sour taste in my mouth after 131 and 216. The common theme with all three of these experiences is that he is a subpar lecturer and his exams are hard. He very much adopts the philosophy of making exams harder than they need to be in hopes of students having a more thorough understanding of course material as a result. In 216, I completely disregarded his lectures and managed to pass the class solely through self-study of the recommended textbook. I anticipated that I would adopt a similar strategy for CMSC411, but it actually turned out to be the opposite. In 411, I learned practically all of the course material through lecture slides and their accompanying lectures. Reading the textbook isn't really necessary, but it is a useful second resource. I watched every recorded lecture and I was able to understand most of it, and it was not entirely because of the lecture slides. Yoon's lecturing was useful in understanding a lot of the complexities of computer architecture that I likely would have been lost on if I relied solely on the textbook (the textbook is far from an easy read), but the lectures were not easy to get through. The material for this course can be extremely boring at times. The project for this course is not to be taken lightly; absolutely start it as soon as possible. Class final grade average was ~62 and the cutoff to pass the course was basically a 50. Overall, I do feel like I learned a lot but it's not likely to be needed on a day-to-day basis so I will probably forget 90% of it. Yoon is quick to respond to piazza posts, punctual and courteous, but not the best lecturer.",0,1,0,0,0,0,0,0,The common theme with all three of these experiences is that he is a subpar lecturer and his exams,Clear evidence supports exam heavy.
CMSC414_067,CMSC414,Yizheng Chen,2024,1,"Seems like she cares more about research than teaching the class. Project were WAY to long and very unclear. By the beginning of may only midterm 1 and project 1 had been graded. Averages on exams were C-/D+. Lectures were fairly boring and she doesn’t really answer questions in a clear way. She has no practice material of her own, so studying for exams was difficult. And ZERO communication on piazza. All in all avoid!!",1,1,0,1,0,0,1,0,Project were WAY to long and very unclear.,"Clear evidence supports project heavy, exam heavy, time consuming, disorganized course."
CMSC417_038,CMSC417,Nirupam Roy,2024,2,"Roy is a nice guy. His lectures are alright and the exams are fair. Course materials are ok and the lecture slides are all posted beforehand. 417 is a class with a very important curriculum, immediately applicable in the workplace. HOWEVER. at least for this semester of 417, it seems that TAs had a lot more to say about course policies and scheduling, because this was one of the most poorly scheduled classes i've ever taken. there is a total of 6 projects in this class. the first two are basic introductions, and everything else is a massive undertaking. the last 2 projects were SO POORLY SCHEDULED that THE SECOND MIDTERM and the FINAL EXAM both COINCIDED WITH THE DUE DATES FOR THE PROJECTS. now mind you, we had about 2 weeks for every project, but effectively only ONE WEEK for the BIGGEST PROJECTS IN THE CLASS because of the EXAM! oh, and get this: you just spent the previous week doing the project, and now you study for the exam. is anything about the project on the exam? NO!!!! FUCK YOU! well, a few of the projects got extended deadlines, but the extensions were done with cliff-penalties, which means instead of 20% penalty per day, if its been extended one day and youre late by a day, your penalty is actually 40%. the project specs for the last few projects were also extremely vague and frankly depended on your ability to learn and do things that were not covered in class. its just straight up unfair man. so, 1 star to Roy for being nice, and 1 star for lecturing nice. every other aspect of this course was poorly thought out and cynically planned with little to no sympathy.",0,0,0,0,0,0,0,0,No clear workload signal.,No clear workload signal.
CMSC420_181,CMSC420,Justin Wyss-Gallifent,2025,1,Justin has kept me on my toes all semester. You can't even focus on other classes for like 10 days without having to worry about another exam for this class. I dislike his course structure this semester.,0,0,0,0,0,0,0,0,No clear workload signal.,No clear workload signal.
CMSC421_065,CMSC421,William Regli,2024,2,"This class has a lot of potential to be really cool and really well done, but it was such a wash with Regli. He speaks pretty well and has a lot of charisma, and is also just a super cool dude. Loves old movies about AI and has an AI ""movie of the week"" recommendation, followed by an optional outside-of-class meeting with him and other students to talk about the movies. He's also just genuinely super interested in AI and that's clear to everyone. He was an AI advisor at the WHITE HOUSE??? Super neat guy. But taking a class under his administration was kind of atrocious. He was horrible at answering questions in class, and often would just ask a different question in response to get you to ""think"", when just giving the actual answer would be much more helpful. The projects were not described well and often were heavily revised after being released and information was not centralized at all. The first project was a humongous assignment where you solve the traveling salesman problem with seven different AI-based approaches, and it took an egregious amount of time while having open-ended instructions, which Regli said were for the purpose of ""exploring"". I like this idea, but when it's a big project that is graded, it's not the place for it. Another project had a bunch of starter code which was discovered to be fatally buggy AFTER the project was released, so it was impossible to do the project as written, or really at all. Rather than scrapping the project or fixing the starter code, which would be acceptable responses, Regli decided to KEEP IT and just have students ""try it"" and then try to debug it and come up with theories on why it didn't work. This was well outside the scope of the project and the entire reason the starter code was given in the first place. He has this complex where he can't admit that he's wrong and it really messes with the structure of the class. The exams were all multiple choice, which sounds nice, but he would ask these ridiculously open ended questions on the exams when the answers were multiple choice. Even after being confronted about this, he said it was intentional, again to ""make you really think"", and even straight out said that there wasn't just one right answer, but rather one ""best"" answer. For multiple choice questions that are all or nothing, not even any partial credit, this was not acceptable. TL;DR: Regli is a really awesome person, but should not be administering classes. With his inability to admit his own faults, combined with his incessant need to confuse students under the guise of ""making you really think about the material"" (even on exams and projects), the class really sucks with him. With that being said, I still think he's better than Zhou, and it was not that hard of a class. Just really frustrating.",1,1,0,0,0,0,0,0,"TL;DR: Regli is a really awesome person, but should not be administering classes. With his inability to admit his","Clear evidence supports project heavy, exam heavy."
CMSC422_035,CMSC422,Mohammad Nayeem Teli,2025,3,"First off, I want to say that Professor Teli is a pretty good lecturer. The supplemental textbook and the slides were helpful. Project code distributions were not the best with some files containing deprecated functions. Once you were past that, the projects were pretty fun and helpful in understanding the material. The midterm was quite fair, and you pretty much knew what was going to be asked. The final, however, was quite bad. First off, when asked what would be on the final, he said “everything” and that we should “practice applying algorithms to data.” Fair enough. However, these directions turned out to be quite misleading. The exam itself consisted of only a couple of primarily theoretical questions that covered maybe 30% of the overall material. One question was really tough and mostly off-topic. So, if you didn’t study that particular type of question on that particular topic, you were out of luck. Preparation-wise, there were no practice problems (only a single final sample). This lack of direction made preparation for the final quite frustrating, as you were always in doubt if you did enough practice. To top it all off, he effectively hid the answer key from everybody and said we need “to make an appointment to see it after the break.” I mean, how can you learn from mistakes and submit a regrade request if you never saw the answer to the problem? Overall, it was a decent and useful class, but the logistics of the final made it frustrating toward the end.",0,1,0,0,0,0,0,0,"However, these directions turned out to be quite misleading. The exam itself consisted of only a couple of primarily",Clear evidence supports exam heavy.
CMSC424_080,CMSC424,Daniel Abadi,2024,1,"Taking 424 with Professor Abadi has been an experience. Not very pleasant at all and I do not recommend it. As a person, he is very approachable and kind but the way he teaches this class is an absolute nightmare. - Quizzes on textbook chapters graded for accuracy that are very hard and confusing before going over any of the content in class. - Lecture quizzes that are also graded for accuracy and hard - Projects straight from hell with how confusing it is - Brutal exams even after the curve. Partial credit is offered but many of the questions are short answer and partial isn't given there. Curve does not really help. - Poor communication as the ELMS page is dead and Piazza doesn't have any reminders. Rather everything is done through an email list. - Not enough study material for the exams and doesn't post the answer key for the exam that you took In summary Professor Abadi's 424 is not an experience that I recommend to anyone who values their GPA and mental health.",1,1,0,0,0,0,1,0,- Lecture quizzes that are also graded for accuracy and hard - Projects straight from hell with how confusing,"Clear evidence supports project heavy, exam heavy, disorganized course."
CMSC426_042,CMSC426,Jia-bin Huang,2024,2,"All his lectures were watered down versions of other lectures from the internet. His ability to present new information is mid at best. He often felt disheveled and unprepared. His TAs also rarely provide adequate support. If you already like computer vision, the class will be fine. If it's a new topic that you are hoping to be guided into, this class might not be for you.",0,0,0,0,0,0,0,0,No clear workload signal.,No clear workload signal.
CMSC430_034,CMSC430,Jose Calderon,2023,5,"Jose is the best lecturer I've ever had. It's sad that he's no longer teaching at UMD. Hopefully, he will come back in the future. The lectures were interesting, and the projects were straightforward. They were designed to help us actually understand the concepts. I didn't really understand heap/stack in 216, but 430 helped me truly get it.",0,0,0,0,0,0,0,0,No clear workload signal.,No clear workload signal.
CMSC433_012,CMSC433,Anwar Mamat,2021,3,"Anwar is fine. He explains the material decent enough in lecture, but he moves so fast! It's really hard to keep up with him during lectures. Also, the exams for CMSC433 are kind of really hard. I aced every single project but I couldn't for the life of me manage better than a 71 on the midterm. I don't expect to do much better on the final. All in all, Anwar is just okay. Not the worst CMSC professor I've ever had but certainly far from the best.",1,1,0,1,0,0,0,0,"Also, the exams for CMSC433 are kind of really hard. I aced every single project but I couldn't for","Clear evidence supports project heavy, exam heavy, time consuming."
CMSC434_026,CMSC434,Evan Golub,2023,1,"One of the worst professors I've ever taken. To start off, his project descriptions are just one full page of text that's impossible to get any important information out of. Furthermore, the project guidelines are the most ambiguous and abstract guidelines I've ever seen. There are no examples to follow so it feels like you're always in fear of losing a ton of points. It's more than likely that you will do the assignment correctly but because of the confusing nature of the project descriptions, you will miss a few things that you needed to do. The purpose of organizing the project descriptions this way isn't to make it easy to do the assignment but instead, so Golub can have a valid excuse he takes enormous points off your assignment when you inevitably miss something. (I am talking about 25%+ for minor mistakes). The second grip with this the professor, is his complete hatred of rubrics. If he had a rubric for his projects there it would be significantly more clear what he is looking for but since there is no rubric, no criteria to follow, and no examples of what he wants, you're basically going in blind and trying to follow the project descriptions as closely as possible. This would be fine if his grading wasn't so specific. There are things that he is specifically looking for but they won't be mentioned anywhere except for a passing sentence in the slides and are mentioned so quickly in the giant text of the project description. You'll have no idea what he wants until you get back your grades. Thirdly, this might seem subjective but I am being completely honest when I say he is inconsistent with his grading. It's clear he picking and choosing points to take off and to keep on without reason. Two individuals could submit the same work and would get two entirely different results. Golub will take off different amounts of points for two individuals for entirely different reasons. It could be the same reason he will take off different amounts of points too. It's not even clear if he's doing this out of favoritism. And don't even bother trying to argue with him, since there's no rubric, there's nothing you can fight him on to get the points back. He'll come up with every excuse imaginable and sometimes even contradict himself in the process. Fourthly, his classes are boring and irrelevant to the projects. He will spend hours on side tangents that have nothing to do with Human-Computer Interaction and won't even relate it back to the main topic. It's like he just wants to talk about it to show he is knowledgeable in that area. There are also attendance points discussed as participation points. They are given out at random so you basically have to come every day. His classes regularly go over the end of class and you always have to sit 5-7 minutes after when you're supposed to leave so he can wrap up class. You won't learn anything attending his classes and if you spend the entire class time on your phone, you wouldn't miss anything. Next, he is using way too many platforms. His slides and assignment on elms, we have to check our grades on the CS grade sever, he has his own website and to discuss our assignment with him on a separate Slack sever with 20 different channels. It's way too confusing and convoluted and he needs to condense the platforms he's using. Finally, towards the end of the course when other professors were wrapping up their courses to prepare for the final, Golub was still teaching new information. We had 3 midterms and 1 final exam and he was still teaching crucial new material that was going to be on the exam, one day before the final exam. He has no time management skills and even worst explanation skills. Overall, the class wasn't that hard, but the professor and his project descriptions were definitely the worst parts.",1,0,1,0,0,0,1,0,It's more than likely that you will do the assignment correctly but because of the confusing nature of the,"Clear evidence supports project heavy, homework heavy, disorganized course."
CMSC436_020,CMSC436,Adam Porter,2023,4,"Overall the class was fairly easy and the TAs were quite responsive and helpful. If you're looking for an easier 400 level this is the one to take. Labs usually don't take much longer than an hour to complete and are assigned once a week. Final project is posted from the beginning of the semester so there is plenty of time to work on it and get it done as long as you don't procrastinate. Only major problem with the class is similar to those mentioned below regarding exams. The problem mentioned below with the way the exam was described to be structured vs what it actually was is still present. Additionally, there are still questions on the exam that are unnecessarily specific about in class examples. However, if you keep in mind that exams are essentially open book thanks to a double sided notes sheet, then the exams are not too bad. Minus the few exam issues it was a good class.",1,0,1,1,0,0,0,0,Final project is posted from the beginning of the semester so there is plenty of time to work on,"Clear evidence supports project heavy, homework heavy, time consuming."
CMSC451_062,CMSC451,Clyde Kruskal,2024,1,"There was no syllabus. Midterm topics were decided the day before the exam. The location was also announced the day before the exam. Homework was taken from Laxman's class (Laxman's lecture recordings were a lifesaver). Final exam was copied from Laxman's final, with parts removed because lectures couldn't keep up with his section. I got the impression that there is a feedback loop of lack of engagement between students and teacher.",0,0,0,1,0,0,0,0,"Final exam was copied from Laxman's final, with parts removed because lectures couldn't keep up with his section.",Clear evidence supports time consuming.
CMSC456_039,CMSC456,Daniel Gottesman,2023,4,"Even though I complained a lot about the class at first, It turned out to not be so bad. His lectures are pretty dry and I ended up skipping most of them, but the lecture slides/textbook were enough to get me through the problem sets and midterm. Each problem set is out of 120 points, for a total of 1200 points in the category, but only 1000 of those points are counted. You could get 20 points off of every problem set and still get 100% overall, which helps a lot because the problem sets are fairly difficult. The exams work the same way, and are open note and open book. We've only had one programming assignment (in Python) so far which is disappointing. If you have strong math skills (especially with proofs) and are willing to put in the time then this class won't be too difficult. If 250 and 351 were a struggle for you, I would not take this class.",1,1,1,0,0,0,0,0,"The exams work the same way, and are open note and open book. We've only had one programming assignment","Clear evidence supports project heavy, exam heavy, homework heavy."
INST326_056,INST326,Gabriel Cruz,2025,2,"Gabriel is a graduate of this program, so expect of him what you expect of your fellow students.",0,0,0,0,0,0,0,0,No clear workload signal.,No clear workload signal.
INST327_015,INST327,Iskander Lou,2023,1,PLEASE DO NOT TAKE THIS PROFESSOR. HE DOES NOT TEACH. HE BARELY KNOWS WHAT IS GOING ON. PLEASE SAVE YOURSELF THE PAIN.,0,0,0,0,0,0,0,0,No clear workload signal.,No clear workload signal.
MATH140_505,MATH140,Todd Rowland,2025,1,"I skipped a majority of the lectures and learned the material by myself and with the help of my TA through office hours. Rowland is a horrible professor and is very unorganized making it hard to follow content. Do practice exams, homeworks, and past finals several times and you will pass :)",0,1,1,0,0,0,0,0,"Rowland is a horrible professor and is very unorganized making it hard to follow content. Do practice exams, homeworks,","Clear evidence supports exam heavy, homework heavy."
MATH141_539,MATH141,Roohollah Ebrahimian,2025,5,"An Amazing Lecturer, provides great resources, has his own Youtube channel with content for each of his classes and then some. Also, he answers questions very well and expects the students to follow content with him. He will ask the class to help him solve something. Super Awesome. If you go to lecture, pay attention, and study a little, you will do fine with Ebrahimian. He drops the lowest couple of assignments, and will use your final to replace a midterm exam grade (if it is higher). So there is some semblance of a curve. My advice, study extensively, and do very well on the midterms. Then you won't have to try so hard on the final. One of the few professors I looked forward to seeing. Felt like I was learning. GOAT",0,1,0,0,1,0,0,0,"So there is some semblance of a curve. My advice, study extensively, and do very well on the midterms.","Clear evidence supports exam heavy, self learning required."
MATH240_361,MATH240,Wiseley Wong,2025,4,Gives you super extensive notes during class but he does not record or post anything so if you miss class you aren’t getting the notes unless you can get them from a friend. Weekly quizzes which are fairly easy and he tells you what will be on them. Also the TAs do practice almost identical to what will be on the quiz the discussion prior. Exams are also a good level but they ask a lot of true/false questions so you need to really know the concepts and theorems not just how to do the work. He posts practice questions for the exam which are definitely equivalent to what you will see on the exam. Only homework is 4 MatLabs which are definitely annoying to do but aren’t that hard,0,1,1,0,0,0,0,0,Weekly quizzes which are fairly easy and he tells you what will be on them.,"Clear evidence supports exam heavy, homework heavy."
MATH241_520,MATH241,Junyan Zhao,2026,4,"Tough to read what is written, and he likes to go through lectures fast. Discussion is very helpful for this class, and practice as much as you can outside the class. Wants you to do well, but isn't ensuring that the content is actually grasped by students. The final was not really related to what was recommended to study or previous practice finals, but was a bit lenient with grading in the end. Study hard and pay attention in class; he really knows what he's talking about.",0,1,0,0,0,0,0,0,"Wants you to do well, but isn't ensuring that the content is actually grasped by students. The final was",Clear evidence supports exam heavy.
MATH246_355,MATH246,Margaret Doucette,2025,3,"Meg is not a terrible professor. She's a caring person and very new to this. She seems open to feedback to help her improve, even giving us an extra credit course feedback assignment. With that being said, this class was a mess. Lectures were disorganized and not very helpful. On top of that, there was content that she basically expected us to self-study that she said was 'fair game' even when she hadn't uttered a single word about it in lecture. She does not do very many practice problems in class, and in fact, she didn't even really listen to the course evaluations, as that was by far the most popular complaint by most of the class. She did not curve our final grades or round (I finished with an 86.5% and got a B). Her grading on exams is extremely generous. If you at least know what you're doing and make an honest attempt on every question, you will be fine. The weekly discussion quizzes are practically free, as two are dropped, and the TAs spend the entire section giving you identical problems with different numbers. There are three Matlab assignments, and aside from the first one being a bit tedious, they're nothing to worry about, just do them on time. Personally, I did not expect to do very well in this class, but with her grading scale, you should not really have to worry about failing if you put a few hours a week into this class. If you're someone comfortable with self studying and don't enjoy coming to every lecture, she is the option for that. But as someone who went to every lecture and found myself lost pretty often, it was a drag, and I feel like a lot of time was wasted on tangents that were not helpful to my understanding of the content. I would just take Stefan.",0,0,0,1,0,0,1,0,"But as someone who went to every lecture and found myself lost pretty often, it was a drag, and","Clear evidence supports time consuming, disorganized course."
MATH310_063,MATH310,Kendall Williams,2024,2,"I would avoid this professor unless you feel really confident in your ability to do well (if you have previous proofs experience, for example). He's a fine enough lecturer, and overall a nice guy. He relies a lot on the textbook, but that mostly just means you can catch up if you miss lecture every once in a while. His homework is long, but is graded pretty generously. He has frequent office hours and is helpful during them. The only issue I have with him is his tests. This issue is so massive, though, that it overshadows pretty much all the positives of his class. The tests are graded absurdly harshly (look at the grade data, it's accurate), and averages usually hovered around the 40-50% range. 1/3 of the class ended up dropping, and very few people got As. I think he would be a fantastic professor if he implemented a curve, or just graded lighter.",0,0,1,1,0,0,0,0,"His homework is long, but is graded pretty generously.","Clear evidence supports homework heavy, time consuming."
MATH401_097,MATH401,Raluca Rosca,2024,2,"Disorganized and not very engaging. Half of our assignments were ungraded until the final, which added unneeded stress. Mostly used paper turn ins instead of Canvas which was annoying. The lectures weren’t a big deal because we followed the notes written by Justin which are super clear and easy to teach yourself.",0,1,1,0,1,0,1,0,"Disorganized and not very engaging. Half of our assignments were ungraded until the final, which added unneeded stress. Mostly","Clear evidence supports exam heavy, homework heavy, self learning required, disorganized course."
MATH403_033,MATH403,Amin Gholampour,2022,3,"Took 403 in Spring 2022 with Amin. The class poses an interesting dichotomy - he's a *really* good teacher, and his explanations of the concepts are clear and very helpful. However, the homeworks and exams are extraordinarily difficult. It took hours and hours to do each homework assignment, to the point that I was spending more time doing 403 homework each week than time I spent working on every other class combined. I would highly recommend taking Amin as a professor, just maybe not for 403 as it's already hard enough of a class on its own.",0,1,1,1,0,0,0,0,"However, the homeworks and exams are extraordinarily difficult.","Clear evidence supports exam heavy, homework heavy, time consuming."
MATH405_027,MATH405,Shiferaw Berhanu,2024,5,"Good and passionate instructor. He is very much into research level math. He taught this course directly out of the textbook, which was helpful. Exams and homework were easy and graded fairly.",0,0,0,0,0,0,0,0,No clear workload signal.,No clear workload signal.
MATH406_042,MATH406,William Goldman,2023,5,"really really nice person, understanding of your concerns and values your enjoyment and learning. his lectures can be kind of boring and repetitive at times, but homework and exams are fair",0,0,0,0,0,0,0,0,No clear workload signal.,No clear workload signal.
MATH410_106,MATH410,Clarke Safsten,2025,5,"Safsten is a very caring professor, he wants all of his students to succeed. He's extremely patient when it comes to people asking questions in class and during office hours he will sit with you to help you figure out any confusions you have with proving a certain question or understanding a concept from lecture. With that being said, DON'T SLEEP ON THOSE QUIZZES. The first half of the quizzes I pretty much bombed but then realized that all of the quizzes combined was equivalent to an exam. Also don't expect a curve in this class, the averages in his class are honestly pretty high for some reason. Overall, I feel like I learned a lot more than I would have in another class. Goat professor!",0,0,0,0,0,0,0,0,No clear workload signal.,No clear workload signal.
MATH411_039,MATH411,Lei Chen,2024,5,"She's quite unorganized when it comes to lectures. She often writes down theorems and her proof is not completely fleshed out. However, she does provide more concise proofs compared to the book which especially are useful if it could show up on an exam. The homework is textbook problems which aren't very hard, and she is very helpful in reviewing them and your proofs during her Zoom office hours. She also didn't know how to use ELMS at the beginning and wanted us to hand in our homework in class but after some pushback, she allowed online submissions. Her exams are very similar to her exam reviews, so make sure to meticulously go over every single problem. Also, go over problems from the textbook as those can show up as well. She also held extra office hours for each exam as well. However, unlike previous reviews, she didn't seem to curve.",0,1,1,1,0,0,0,0,"She often writes down theorems and her proof is not completely fleshed out. However, she does provide more concise","Clear evidence supports exam heavy, homework heavy, time consuming."
PHYS121_056,PHYS121,Preston Ohanuka,2024,5,The best TA. Can explain any problem you have in your lab in a heartbeat. Pretty generous grader.,0,0,0,0,0,0,0,0,No clear workload signal.,No clear workload signal.
PHYS131_047,PHYS131,David Buehrle,2025,1,"Hated this class. When I talked to Dr. Buehrle, he was rude and condescending. Most TAs were also super unhelpful, sometimes telling me to “Google it”. I recommend going to all office hours until you find the TA that explains the content the best. Go to them to do your HW and you should be able to get 28’s and higher on HW assignments (out of 30). And if you have any issues (submitting assignments, ExpertTA not working, etc), go straight to Dr. Buehrle rather than TAs. Good news is that the class requires barely any work to do well. I usually watched a youtube video explaining the different concepts before the exams and got a 95% (with curve) on all of them. The exams are curved individually with one midterm dropped which is why everyone does well in the class. I didn’t study at all before the final (had my orgo exam the day before and I was burnt out), but everyone else was in the same boat that the curve pushed us all up. Overall, this class sucks but it’s (hopefully) an easy A where you won’t learn anything.",0,0,0,0,1,0,0,0,I usually watched a youtube video explaining the different concepts before the exams and got a 95% (with curve),Clear evidence supports self learning required.
PHYS132_012,PHYS132,David Buehrle,2023,1,"Actually the worst professor of the worst class ever. Everything in this class is a mess. None of the material is relevant to the tests, and the tests are not meant to be answered by students of this class. Most people will get an A, if that's what you're worried about. But if you want to actually learn physics DO NOT take this class. The absolute WOAT",0,0,0,0,0,0,0,0,No clear workload signal.,No clear workload signal.
PHYS260_178,PHYS260,Michelle Girvan,2025,4,"In short take her for PHYS260, yes! Honestly, Dr. Girvan is rated a bit harshly. There are a lot of assignments in this class, and you will need to put in the work, however, it's all to prepare you for the midterm and the final exam. Trust me. Her lectures and slides are amazing! Her slides are top tier. Lectures are great but sometimes could go too theoretical in my opinion, but she is a physicist so that makes sense. If you want to actually learn, definitely take her. If not, there's nothing wrong with that, but she might not be the professor for you.",0,0,1,0,0,0,0,0,"There are a lot of assignments in this class, and you will need to put in the work, however,",Clear evidence supports homework heavy.
PHYS270_067,PHYS270,Drew Baden,2025,4,Boring lecture don't know your actual grade in the class at all since its curved multiple choice exams that are the same as the HW drops lowest midterm grade final was the midterms and hw together in one fat packet exams are a time crunch and you dont get partial credit since its multiple choice and you also dont get credit for the correct answer if you didnt show any work what Baden lacks in lecturing skills he makes up for with off-handed comments and jokes in class and easy exams,0,0,0,0,0,0,0,0,No clear workload signal.,No clear workload signal.
PHYS371_004,PHYS371,Steven Anlage,2020,5,"Anlage was great! Very approachable and kind guy, shared stories about his travels and his family to us but it never got in the way of course material. Had a lot of fun with the class, the only downside is that his quizzes were a bit weird and in my opinion unfair at times, but that's just how online classes are.",0,1,0,0,0,0,0,0,"Had a lot of fun with the class, the only downside is that his quizzes were a bit weird",Clear evidence supports exam heavy.
STAT100_213,STAT100,Archana Khurana,2025,5,Absolutely goated teacher. She is super nice and forgiving. She posted the previous semester's exams so you can practice in advance.,0,0,0,0,0,0,0,0,No clear workload signal.,No clear workload signal.
STAT400_455,STAT400,Sana Jahedi,2025,1,"Horrible teacher, extremely boring and would often skip over questions and what she would go over in class would not be actually posted. She would just erase her messy notes and then post like a super bare bones version. Completely changed up her policy for her last schedule, it's actually ridiculous.",0,0,0,0,0,0,0,0,No clear workload signal.,No clear workload signal.
STAT401_065,STAT401,Anurag Dey,2025,1,"Imma keep it real. Dey is one of the easiest professors you will ever have just because he doesn't teach any material and his exams are literally copy pasted from the homework. Not only is the exam the exact same as the homework, he lets you bring in a notes sheet (size of a normal piece paper) with anything you want on it. I had him Spring2025 so I don't know if he will change at all after this semester, but out of all of our classes, he has probably shown up on time to 5% of them. He's consistently 5-30 minutes late for a 50-minute lecture, and most of the time he doesn't even tell the class. Up to this point he has probably not showed up to class 5 times, just making us all sit there waiting. On top of not showing up, he cancels class pretty easily such as 'Oh I have a bad headache so class is canceled'. We were supposed to have two midterms. However, before midterm 2 was supposed to happen, he canceled the entire curriculum and divided the class into groups, saying, 'Since you guys are doing so well in my class, I'm just going to stop lecturing, and you guys can make a project and learn some things yourselves.' LIKE BRUH. And after he makes this change he's MIA for up to three days so we can't even ask him questions about what is happening and what he wants us to do. I was gonna save this review for after the semester was over, but today he scheduled an appointment during his class time and didn't tell his students so we all just sat there AGAIN for 30-40 minutes, and then had the audacity to say he was in his office in an email he sent during his scheduled class period. How is this man even real T^T. On the bright side, his class is really easy and his A grade cut-off is an 85% so you'll be chilling. But if you actually want to learn some statistics and not have your tuition wasted on a professor who doesn't show up, you should choose someone else. He does respond to emails pretty fast tho, even if it is after work hours. This was also probably his second semester teaching so he might make some drastic changes in his teaching style. idk. If you have him good luck o7.",0,0,0,0,0,0,0,0,No clear workload signal.,No clear workload signal.
STAT410_097,STAT410,Jonathan Fernandes,2025,2,"Note that the grade distribution is rather high. The class is an extremely theoretical version of STAT 400 and expects you to have a good knowledge of Calc 3 and Linear Algebra as they are pre reqs. His workbook he thought through made him zip through material making it hard to keep pace and the homework problems are rather hard but work with friends and go to Office Hours. His organization of the class is horrible, posting homework very late and only releasing the practice exam one day before. They are roughly 60-70% to the actual exam. He decided to use a different textbook than the one that is used for the course. Races through concepts which makes it hard to keep up in lecture, but he posts his notes and records. Handwriting can be hard to decipher at times. Taking this class with the heavy CS Workload make it hard but is definitely manageable had I put more time towards the class to get an A after the curve. Class needs tons of work. Would not take with him and suggest Anna or Mestiyage as I have heard there classes focus in a more practical approach.",0,1,1,1,0,0,0,0,His workbook he thought through made him zip through material making it hard to keep pace and the homework,"Clear evidence supports exam heavy, homework heavy, time consuming."
STAT420_014,STAT420,Jian Lun Xu,2023,3,"This course is rough. You are expected to know the ins and outs of stat410 very well but Dr Xu reviews stat410 material for the first 3-4 weeks. After that, stat420 actually begins. I felt that his teaching was low-key the bare minimum. He would go over the basics of a certain concept (primarily focused on definitions) but then on homeworks and exams would expect you to apply those concepts in very peculiar ways. He also does not host office hours due to being a part time professor but is very responsive to emails and willing to help before or after class. Homeworks were a combination of very lengthy and/or very difficult. For Fall 2023, we only had 1 midterm and he didn't provide a practice test but for the final exam the math test bank was a great resource to use. He also sometimes says during class what types of problems will be on the exams (ex: there will be a problem on maximum likelihood estimators or something like that). Exam questions might also be pulled from the homework (word for word). I'd say the most stressful part of this class (at least for when I took it) was that 76% of the grade was determined by the midterm (33%) and final (43%). This, combined with the difficult homeworks, dr xus teaching style, and unintuitive nature of stat420 material, makes this class pretty difficult. That being said, dr xu has been teaching this course for a loooong time, so if you go out of your way to ask him for help he will definitely make things clearer for you. tldr: this course is hard asf and you should only take it if you can REALLY put in the work.",0,1,1,1,0,0,0,0,"Homeworks were a combination of very lengthy and/or very difficult. For Fall 2023, we only had 1 midterm and","Clear evidence supports exam heavy, homework heavy, time consuming."
STAT430_028,STAT430,Hatice Sahinoglu,2023,3,"I don't think she's terrible, but there are definitely some improvements that she can make. I'll start off with the positives. she's a very nice person and wants the students in her class to get an A. She will do homework problems in class and her grading is not so harsh. In terms of negatives, I think she can be disorganized and does not always post solutions to homework or the written notes. Her explanations for concepts are nothing crazy, but they get the job done i guess. However, I do think her homeworks are great review for tests, since the tests are just like the hw. Overall, if u put some effort into the class, you will be fine.",0,1,0,0,0,0,1,0,"Her explanations for concepts are nothing crazy, but they get the job done i guess. However, I do think","Clear evidence supports exam heavy, disorganized course."
BSCI160_572,BSCI160,Mary Ann Rankin,2025,1,"This professor is absolutely THE WORST PROFESSOR I have ever had the DISPLEASURE to work with. This professor has never once in her life reflected on her passive aggressive attitude and blatant disrespect towards students. Goes off on tangents that are irrelevant to the class and tests are made to confuse and purposely fail you no matter how hard you study. She also does not care about disabilities and scheduled an exam retake with 2 days notice (not enough time for people with disabilities to book with the testing center, need at least 7 days notice) DO NOT TAKE THIS CLASS!! I withdrew after the first test and it was as though the gods themselves lifted the weight of the world off of my shoulders. I had to report her to the ADS center and only then did she even allow me to attempt the retake at another time. To me it felt as though she lacked empathy and awareness for her students. Do WHATEVER POSSIBLE to not take this class and if you must - pick a religion and pray. That is all. Good day everyone.",0,1,0,0,0,0,0,0,Goes off on tangents that are irrelevant to the class and tests are made to confuse and purposely fail,Clear evidence supports exam heavy.
BSCI161_010,BSCI161,Hans Lemke,2023,3,"Lemke is a lab coordinator, so of course you would never see him unless he happens to pop in to your class. Any lab you take, you'll rarely see the lab coordinator unless something occurs that the TA cannot handle themselves. Talking directly about the lab itself, horrible. Not in that it was hard (very easy and does align itself with how a 1 credit, 100 level lab course should be), just extremely boring, tedious, and long. I do not know if this was just my TAs style of teaching, but a lot of stuff you do with the class. For example, the class will be working through the lab manual together at the same time and you cannot move on until everyone has finished a particular question. Not a lot of actual experiments done as well; mainly learning concepts which I feel is something you do in lecture, not lab. All that being said, it is an easy A lab as long as you do the assignments and have a good group.",0,0,1,1,0,0,0,0,"Any lab you take, you'll rarely see the lab coordinator unless something occurs that the TA cannot handle themselves.","Clear evidence supports homework heavy, time consuming."
BSCI170_295,BSCI170,Michael Keller,2025,5,"Loves his job, explains things well and records lectures so you can go back if you don't understand the first time. Exams are extremely straightforward and reflective of the study guides.",0,0,0,0,0,0,0,0,No clear workload signal.,No clear workload signal.
BSCI171_063,BSCI171,Swarna Mohan,2025,3,"After taking Gen Chem and Orgo lab, this one felt more like a “fake lab.” The work wasn’t hard, but my TA made it frustrating by taking off points for things not on the rubric — and even admitted he’d give them back when asked, which made no sense. It was also stressful that the full 3-hour lab was used for both the experiment and random assignments due by the end, leaving no time to just focus on the lab itself. The class had weekly pre-lab quizzes (2 attempts), easy in-lab questions, and post-lab assignments that really depended on how harsh your TA graded. The “background research” tasks were annoying since you had to dig through long articles during lab. There was one research report and two presentations — not too bad overall. The final practical was easy if you went to office hours. It’s not super time-consuming outside of lab, but definitely nitpicky and unnecessarily stressful depending on your TA.",0,1,1,1,0,0,0,0,It was also stressful that the full 3-hour lab was used for both the experiment and random assignments due,"Clear evidence supports exam heavy, homework heavy, time consuming."
BSCI201_099,BSCI201,Maira Goytia,2025,5,Amazing professor who can actually teach. I took this class in a 6 week summer session and I was able to do it and get the grade I wanted. I won’t lie this was a very fast paced course but if you put in the effort outside of class and take the time to study you can also get the grade you want too. Best professor I took at UMD by far. The lecture exams in this class are not as bad as some people are saying and are very doable. The only issue was the lab exams. Those lab exams had an unreasonable amount of content to learn in a short amount of time. The lab affected my grade the most. I give a 1 star for the lab but a 5+ star for lecture. Like I actually hated the lab with a passion…,0,0,0,0,0,0,0,1,I won’t lie this was a very fast paced course but if you put in the effort outside of,Clear evidence supports fair but strict.
BSCI202_014,BSCI202,Tammatha O'Brien,2023,4,"Not sure why reviews are so negative! She's a really strange lady, and her voice is definitely too loud and obnoxious for when I had it at 8am. But she's really really smart, gives you opportunities to rack up extra credit points during lectures just by answering questions, and there's a lot of filler assignments that make it easier to get a decent grade. The lecture assignments are kind of annoying, but it's NBD. Exams are hard but you really just need to memorize the slides. She gives out the slides, along with video recordings of her lecturing. pretty good",0,1,1,0,0,0,0,0,Exams are hard but you really just need to memorize the slides.,"Clear evidence supports exam heavy, homework heavy."
BSCI207_197,BSCI207,Karen Carleton,2025,2,"I would not recommend, her lectures are pretty boring with 60+ slides per lecture, and she has a monotone voice that makes them very hard to follow. The exam questions can be any small thing from the lectures, which each have countless seemingly irrelevant facts, and the homework assignments are always confusing and vague. Thankfully we got cheat sheets for each exam, so going through each lecture and writing notes onto my sheet before each exam gave me an A, but the class overall just frustrated me and I would take a different teacher if possible.",0,1,1,0,0,0,1,0,"I would not recommend, her lectures are pretty boring with 60+ slides per lecture, and she has a monotone","Clear evidence supports exam heavy, homework heavy, disorganized course."
BSCI222_246,BSCI222,Jessica Mutz,2025,1,"If I could give her 0 stars I would. How do you make your exams so hard that exam averages are lower than organic chemistry averages. The concept of this is insane. I studied for every exam and continuously got points off on questions that were ""supposed to trick you"". Take a different professor or change your schedule. Don't take this class.",0,1,0,0,0,0,0,0,How do you make your exams so hard that exam averages are lower than organic chemistry averages.,Clear evidence supports exam heavy.
BSCI223_075,BSCI223,John Buchner,2025,2,"I feel like all the reviews talking about his mental state are both very mean and very wrong. Dr. Buchner might be one of the smartest professors I've ever had teach a course. When he was passionate about something (measles, HIV, disease prevention, etc), you could tell, and I think his best lectures were genuinely those that he was passionate about. Unfortunately, this class wasn't about any of those topics. It was about microbiology. And he failed, miserably, to teach anyone anything meaningful about microbiology. Some of this can be chalked up to that terrible flipped classroom model (people generally come to lecture to learn things, not to go through clicker questions as ""review"") but some of that is just due to poor classroom management on his part. The first exam had unreasonably low averages (in the 60s) and that was less because the exam was difficult and more because no practice exams or supplemental material was provided, and the emphasis on lab material was not communicated well. Lab was managed well, and I think the TAs and UTAs did their best to provide us with self-made practice exams, review sessions, and other supplemental material that the professor should have provided. Would I recommend this professor? Honestly, probably not. You are probably better off taking that microbio elective or core class with Tran or someone else. But he seems like a genuinely nice person, and if you're good at self-studying, you'll probably be fine.",0,1,1,0,0,0,0,0,The first exam had unreasonably low averages (in the 60s) and that was less because the exam was difficult,"Clear evidence supports exam heavy, homework heavy."
BSCI330_152,BSCI330,Sergei Sukharev,2025,5,"Lectures are jam-packed, but you don't need to memorize everything. You can study the day before the exam and still get an A. Make sure to listen to the recordings while working through his study guides—that was enough for me to feel prepared. There is also at least one or two biophysical problems on each exam that require a calculator, which should be free points. Personality-wise, Dr. Sukharev was very kind and understanding. He provided make-up exams for those who were unable to take them at the scheduled time. The lab portion is free points; no need to worry about that. Good luck.",0,0,0,0,0,0,0,0,No clear workload signal.,No clear workload signal.
BSCI353_028,BSCI353,Chan Lin,2023,2,"I did not vibe with Prof Lin. It felt like we dwelled so much on these few topics while skipping over others entirely. There were these weekly worksheets done in class as part of a group, and they were quite frankly the worst. I would much rather have done it as an individual assignment at home than have attendance taken to make sure I'm doing an assignment. I very often found myself falling asleep during class, or just straight up walking out because I did not find the lecture engaging at all.",0,0,0,0,0,0,0,0,No clear workload signal.,No clear workload signal.
BSCI410_104,BSCI410,Louisa Wu,2025,5,"To be honest, I was a bit worried when I started this course, as I didn't score very high on the first two exams and considered withdrawing. However, I set up a meeting with Dr. wu and she reassured me that students do have trouble adjusting to the style of the class, but in the end typically are very happy with their grade and understanding. Exams are pretty thorough and require a depth of knowledge about every term and concept in the course, even if it is just mentioned in the slides, but doing so gives you a complete understanding of molecular genetics. I had a lot of trouble with BSCI222 but with the correct preparation and bringing VERY thorough notes to the third exam, I actually got a very complete understanding of the content and scored very well on the third exam to end the course with an A. If that is the work you are willing to put in, I'd certainly recommend the course. In addition, the homeworks and assignments are helpful in additional understanding but they can be graded pretty harshly by the TAs which was a bit of a shock in the beginning but something you get used to. If you're in the middle of the course and have a grade your less than happy with, I wouldn't worry all that much, as the extra credit and exam drop policy is quite generous. Dr. Wu is also an amazing person and was always willing to talk with students after class and at office hours, about anything which is reassuring to know she truly cares about student's well being.",0,0,0,0,0,0,0,0,No clear workload signal.,No clear workload signal.
CHEM131_520,CHEM131,Amanda Schech,2025,5,"Please take Schech for Gen Chem 1 if you have the opportunity. Her class is so well organized, she gives you apt study materials, and she is just enjoyable to listen to. She makes it easy to skip lecture because she is so good about posting her notes and lectures, but you should go because she is a joy to be around. Her exams are very fair and the final too, as long as you do your practice.",0,0,0,0,0,0,0,0,No clear workload signal.,No clear workload signal.
CHEM132_070,CHEM132,Christiana Guest,2025,3,"First, professor Guest will NOT be the person inside instructing the lab, essentially it'll be whatever TA you get assigned to, and I think that plays a HUGE role in the outcome of this lab. I had Jennifer and she was pretty helpful and seemed to care about us and our outcome in the lab. As other reviews have mentioned, this class is pretty disorganized. ELMS is an absolute mess and the lab manual gets really confusing and isn't clear on a lot of steps, which is where having a helpful TA comes in. Still, it is graded how you and your lab partner perform independently as a team for the labs. Also, grading isn't done by professor Guest, but instead another TA assigned to grade them, and it takes FOREVERRR to get a lab report grade back. Before each lab there are pre-lab questions to answer and they'll either take you 30 min or and hour or two, no in-between. At first they were just to make sure you understood the expectations and steps for the weeks lab, but then progressed to more complex problems and confusing problems. There's also weekly 15 min quizzes based on the lab from the previous week and they suckk, i got on average 0% or at least 50% on most of them because of how confusing they were (unless you really know your chemistry stuff (which i did not lol)). After each lab there's also post-lab questions to top it all off which can also be time consuming. The amount of time put in just for just a 1 credit class is insane, but I think that goes for any other lab so not just this one. So if you find yourself having to take this lab, it'll get frustrating and annoying, but you got this. I really don't like chem and find it very confusing, but managed to pass on through. If you get lucky with a good TA, it'll take the initial bite of this class off, just make sure you manage your time wisely and don't be afraid to ask for help. ALSO it really helps to talk to and make friends in the lab like with other people at your table, better to be confused together than alone haha. Best of luck!",0,0,1,1,0,0,1,0,ELMS is an absolute mess and the lab manual gets really confusing and isn't clear on a lot of,"Clear evidence supports homework heavy, time consuming, disorganized course."
CHEM135_428,CHEM135,Samuel Lascio,2026,5,"Prof. Lascio is a nice guy and he genuinely does a good job of breaking down hard concepts to make them more intuitive while also trying to be engaging with us. That being said he often yaps and can go on side tangents when it would probably be better if he just moved on to the next topic (hence why we were behind for like the entire second half of the course). Personally I never bothered looking at the textbook or the discussion worksheets, I just went over the homework problems on ALEKS and used the retake/review features to get the content down. Imo the exams are harder than the worksheets but easier than the ALEKS so you should be set with enough review of the ALEKS problems. He did take what felt like forever to announce the final curve and put in final grades but the cutoffs seemed fair enough ig. Overall an alright prof but a million times better than the other options for 135.",0,0,0,0,0,0,0,0,No clear workload signal.,No clear workload signal.
CHEM231_419,CHEM231,Donald Hong,2025,4,"I'm giving this review from the perspective of someone retaking CHEM231 after getting a B- the first time. (I had Stocker) I originally signed up for Stocker, but Hong ended up replacing her on Testudo last minute. I was skeptical from the get-go, but I ended up staying because he makes it so that the average in the class is curved up to a B-. As someone retaking the class, this was music to my ears. I was taking CHEM241 at the same time as this class, so I honestly rarely went to lecture. The few times I did, I could only follow along because of the background knowledge I already had. He is pretty quiet and goes over things very fast. I'm also not a fan of how he teaches the content by drawing on his iPad. He does post annotated notes from lecture, but they are hard to decipher unless you know what you're looking at. I would recommend pre-reading before coming to class. Also sitting near the front lol. Dr. Hong needs to work on his projection a little. I will say that I really appreciated the homework. They were graded on completion and they were free points as long as you tried enough. To study for exams, I would just redo the weekly homework worksheets and I was SET. The tests mimicked these worksheets to a T. They were also really good review of the concepts went over in class. I would primarily study by going over the mistakes I made in the homework, ensuring that I didn't make them again. They are pretty lengthy, so don't do them the night of. They are due 11 pm on Fridays. Sometimes, he'll go over the last bit of content you need for the HW on Friday's lecture, which is kinda annoying because you won't have the notes to follow along with until the day it's due. His exams were always very fair I feel like. Doesn't mean you didn't have to study like hell for them. Make sure you exhaust all the practice, but this goes for any organic chemistry class, to be fair. The averages seemed pretty typical for an Organic Chemistry I class. I was comparing them from when I took the class for the first time with Stocker, and they were pretty comparable. The final was SO SO reasonable (at least in my opinion). A lot of the pages were straight up copied from old exams. I demolished that final (oh yeah). Dr. Hong is not the best professor I've had, but I think he deserves some grace since this is his first semester as a lecturer. He's also one of the better ones for sure. He genuinely cares about his students and is really flexible and lenient if you communicate things in advance. I think it's only looking up for him from this semester onwards (assuming he takes all advice and student concerns seriously). He's also just a chill guy. I had to take the final early because Orgo I final conflicted with the Orgo II final, and he greeted me by name (even though we haven't interacted before ever) and was cracking jokes with me lol. Something to note that I thought was kinda funny is that I ended up getting a higher grade (percentage-wise) in Orgo II than I did in Orgo I this semester after retaking it with Hong. Take that as you will.",0,1,1,1,0,0,0,0,"Sometimes, he'll go over the last bit of content you need for the HW on Friday's lecture, which is","Clear evidence supports exam heavy, homework heavy, time consuming."
CHEM232_060,CHEM232,Monique Koppel,2025,2,"I did not enjoy this class whatsoever and it is not worth the amount of effort you put in for a 1 credit class. The labs don't always match up with what you're learning in lecture and there isn't much guidance on how to approach questions, definitely go to office hours for extra help. There were also quizzes she'd give you that were horrible, I think one of them had an average of like 8/20 but wasn't curved. The class is curved at the end though and was very generous, as I got an A- from an 84%.",0,0,0,0,0,0,0,0,No clear workload signal.,No clear workload signal.
CHEM241_252,CHEM241,Lai-Xi Wang,2025,4,"Dr. Wang is one of the sweetest professors I've had at UMD. He genuinely cares about his students, and always spends time encouraging the class. I would consider the material on the exam to be fair. As previous reviews have said, he doesn't really throw hard curveballs but you do need to really understand the reactions. Grade includes 2 midterms worth 150 points each and the final worth 250 (no more clickers). Exams are structured with a nomenclature page, reactions, and at least 2 synthesis problems. He assigns ungraded homework problems but honestly I didn't really do them. My biggest suggestion would be to go to class (because he'll hint at what kind of material is on the exam, such as the synthesis questions!), and study ahead of time. Orgo 2 is hard but definitely doable.",0,1,0,0,0,0,0,0,"He genuinely cares about his students, and always spends time encouraging the class. I would consider the material on",Clear evidence supports exam heavy.
CHEM242_007,CHEM242,Lee Friedman,2021,2,"There are some good things that Friedman does in 242 that prevent me from giving him one star, so I'll start with that. The lab manual is very clear and easy to follow. He posts videos of him doing each of the labs, which are very useful and often have small tips to help you do better that aren't in the lab manual. There are online prelab quizzes each week with 3 easy questions about the protocol or the basic premise of the lab. Grading on the lab reports was lenient, just don't forget to attach your calculations. Unfortunately, though, there are a lot of bad things about 242. First, the post lab questions are very difficult to figure out, and often make you come up with some complicated mechanism that seems to have no relation to the experiment itself. Secondly, the first assignment consists of four monstrously challenging spectroscopy problems, with highly complex structures and abnormal splitting and chemical shift patterns. Friedman knows that all his spectroscopy problems are hard, he intentionally makes them that way for no apparent reason. My orgo 1 professor spent almost no time on spectroscopy, so a lot of students are already at a severe disadvantage right when the course starts. Next, the midterm. Oh, how woefully unprepared we all were. Yes, he gives us a couple practice exams, but are they really that helpful? No. The midterm is taken in the lab, before the experiment with nylon/bakelite, and has 15 questions, 5 points apiece, with virtually no room for partial credit. Most are multiple choice, but a couple will have you draw a molecule or do a calculation. Now when I say multiple choice, don't assume that there will be only 4 or 5 options. Some questions will have up to 10 different choices, with some answers being combinations of previous choices, meaning no process of elimination. There will always be some questions on spectroscopy (IR, NMR, and mass), some on mechanisms, some on stoichiometry (generally the only easy ones), some on lab protocol, and some on general chemistry theory. You also have to memorize several pKa values, which was particularly frustrating. The questions on theory are almost comically difficult, requiring a level of intuition that no second-year student could possibly possess. The sheer variety in the questions he could ask render any amount of practice exams useless, because there is no way Friedman would ask the same or even a similar question from a practice exam. The average on the midterm was a 40.5%. The lab practical is very different; it tests your general lab skills, like setting up glassware or taking measurements, which isn't too bad. But of course, Friedman has to put a spectroscopy problem on it that yes, is very difficult. Not everyone gets the same problem, though, with some being notably harder than others. The average here was slightly higher, at 70.8%. Lastly, the final exam. The format and types of questions asked are identical to that of the midterm, but are about the latter half of the labs. The final is not taken in the lab, but rather in a filled lecture hall. Again, there are practice exams but Friedman will put some very weird theoretical questions that you simply cannot prepare for without being clairvoyant. The final was marginally easier than the midterm, but that was likely just due to random chance. The average on the final was a 47.3%. Friedman is basically the only professor for orgo 2 lab, so good luck.",0,1,1,0,0,0,0,0,"The questions on theory are almost comically difficult, requiring a level of intuition that no second-year student could possibly","Clear evidence supports exam heavy, homework heavy."
CHEM271_223,CHEM271,Bonnie Dixon,2025,1,her teaching style for this class is exclusively teaching you how to solve problems to do well on the tests. she turns cool concepts into a brutal grind. maybe 1% of each lecture is devoted to conceptual learning/understanding. seems like a nice person but it’s clear she doesn’t like this class and so neither will you. haven’t taken such a joyless class in years.,0,1,0,0,0,0,0,0,her teaching style for this class is exclusively teaching you how to solve problems to do well on the,Clear evidence supports exam heavy.
CHEM272_037,CHEM272,Amanda Schech,2023,1,"This might have been one of the more frustrating labs I have been in, nearly impossible to get 30/30 on lab reports when when take off petty .25 for missing work or sigfigs. If I did not need this class for my major so I would not recommend it if you don't need it. The teacher seems very sweet but that does not reflect your grade what so ever. This lab is the only lab in the chem department that still have a midterm and final. Makes u think why Orgo 1 and 2 got rid of them, maybe because they are irrelevant.",0,0,0,0,0,0,0,0,No clear workload signal.,No clear workload signal.
CMSC131_419,CMSC131,Aaron Kyei-asare,2025,4,"Pretty chill guy, if you have a cs background the class is really easy. However, the practice exams he provides are testing on entirely different topics than the actual exams. Additionally, he hasn't provided much study material for the final, making studying a bit harder. If you aren't coming into the class with a cs background, expect to study a bit harder and to get creative with study materials. Otherwise the class is pretty free.",0,0,0,0,0,0,0,0,No clear workload signal.,No clear workload signal.
CMSC132_470,CMSC132,Larry Herman,2025,3,"Overall, I feel that Larry is a pretty deccent professor. He certainly has some unconventional rules, but they are to benefit you as a student. I felt the course was very structured, but in the end not structured incredibly well. We spent a lot of time on certain topics that weren't that important, and ended up having to rush the end of the semester. He also spends about 10 minutes at the beginning of every lecture going the same stuff about rules and reminders. But in terms of learning, he does a pretty decent job. He explains topics well, and provides very good material to prepare for exams. I wouldn't see he is a fan favorite, but he is still a good professor.",0,0,0,1,0,0,0,0,"We spent a lot of time on certain topics that weren't that important, and ended up having to rush",Clear evidence supports time consuming.
CMSC216_435,CMSC216,Christopher Kauffman,2025,5,"If I could rate the guy higher than 5 I would. Prof K has probably the most amount of passion for teaching students I’ve witnessed. Expect a lot of work with weekly labs and homework’s in addition to 5 projects, but all of which help a ton with learning the content. Prof K rarely was unable to fully answer a question during lecture and he absolutely knows his stuff. Definitely recommend if you can take him.",0,0,1,1,0,0,0,0,"Expect a lot of work with weekly labs and homework’s in addition to 5 projects, but all of which","Clear evidence supports homework heavy, time consuming."
CMSC250_492,CMSC250,Fawzi Emad,2025,5,"Fawzi is overall a very good professor. He makes his lectures fairly engaging and mostly I am able to follow. Don't be deterred by the ""pop quizzes"" in discussion. If you do the homework's and review his in class examples through out the semester (as opposed to cramming for exams), you will get 20/20 on most if not all of the quizzes. His exams are extremely fair. Sometimes on the homework there are quite difficult problems but these don't appear on quizzes/exams. Overall definitely take him if you can.",0,1,1,0,0,0,0,0,If you do the homework's and review his in class examples through out the semester (as opposed to cramming,"Clear evidence supports exam heavy, homework heavy."
CMSC320_200,CMSC320,Maksym Morawski,2025,3,"Eh. He's not terrible, but definitely not the most organized and reliable professor for logistics. He makes lectures entertaining (I heard the 9:30 class is pretty dead, but I'm in the 2:00pm), homeworks are graded leniently/weighted more than exams, and the workload is chill, honestly I was expecting a lot more. The only annoying part is studying for the exams with barely any provided study material.",0,1,1,0,0,0,0,0,"He's not terrible, but definitely not the most organized and reliable professor for logistics. He makes lectures entertaining (I","Clear evidence supports exam heavy, homework heavy."
CMSC330_246,CMSC330,Anwar Mamat,2025,5,"Dr. Mamat is a great instructor who genuinely cares about his students. He’s very organized and always willing to help, whether it’s during office hours or after class. He posts lecture recordings, which is super helpful, but I definitely recommend attending both lecture and discussion in person. While you can coast by without going, being there in person really makes a big difference in understanding the material and staying on track. He also makes an effort to get to know his students, which creates a more welcoming and engaging classroom environment. Overall, this class is well-structured and fair, and Professor Anwar does a great job supporting his students throughout. Highly recommend!",0,0,0,0,0,0,0,0,No clear workload signal.,No clear workload signal.
CMSC335_016,CMSC335,Nelson Padua-Perez,2024,5,"Nelson is a friendly professor for sure. He recorded lectures and posted slides so in-person lectures were optional. Midterms are fairly easy, and you can easy earn a A/B by practicing the old exams. The projects are easy as well. I'd definitely recommend it for students who want to learn web development.",0,0,0,0,0,0,0,0,No clear workload signal.,No clear workload signal.
CMSC351_328,CMSC351,Justin Wyss-Gallifent,2025,5,"Yeah he's a good lecturer and well organized and you'll learn a lot in this class. And I'm not gonna dismiss what other reviews have said about him. But... He can be very cold when it comes to grading. 76% of the class grade relies on exams, for which 3 of them are 50 minute exams. Justin I want you to understand something. Someone can understand a topic very well and could even iterate the ins and outs of it back to you within demand. However, working within a time constraint can usually add a level of stress to students which can cause (especially in a computation heavy course) minor mathematical errors to happen. I have made these mistakes countless times and you still somehow believe that I'm just fighting for points just because. People's livelihoods depend on a single letter you enter at the end of the semester. So not being considerate or telling people ""its graded according to the rubric"" is just very invalidating of some people's honest hard work. But you do you for sure! But yeah to people looking to take him he's the best option for this course regardless. He will make sure to teach what you need to know, and the rest is up to you.",0,0,0,0,0,0,0,0,No clear workload signal.,No clear workload signal.
CMSC411_033,CMSC411,Ilchul Yoon,2021,3,"Nice guy, but a terrible teacher. The class is terribly structured, and the TAs are not helpful. I feel like I barely learned anything from this class.",0,0,0,0,0,0,0,0,No clear workload signal.,No clear workload signal.
CMSC414_066,CMSC414,Yizheng Chen,2024,3,"She is super kind and tries to be understanding but she is not great at teaching. There are four projects that are time-consuming and confusing because the project descriptions are very contradicting and do not give enough information. The content of the projects are not covered in class very well, so you are expected to do a lot of learning on your own. Practice exams are very old and do not reflect how the actual exam will look. Her exams were written so poorly that everyone was confused about different assumptions and means were consistently Cs/Ds. Overall, the class is interesting but very difficult. It was heavily curved.",1,1,0,1,0,0,1,0,There are four projects that are time-consuming and confusing because the project descriptions are very contradicting and do not,"Clear evidence supports project heavy, exam heavy, time consuming, disorganized course."
CMSC417_037,CMSC417,Nirupam Roy,2024,3,Review for Spring 2024 semester. Very kind professor but not the best lecturer. Exams are not too difficult but there was no extra credit that the previous review suggested. Projects (especially a2 onwards) can take a very long time (10-30 hours). I found the course to be a bit disorganized at times and a4's schedule was very rushed (many groups did poorly). Do not take this class with other difficult classes.,1,1,0,1,0,0,1,0,Projects (especially a2 onwards) can take a very long time (10-30 hours).,"Clear evidence supports project heavy, exam heavy, time consuming, disorganized course."
CMSC420_180,CMSC420,Justin Wyss-Gallifent,2025,1,"Justin is a great professor and his notes are great. However, after looking at the syllabus I regret taking his class. He does not seem to understand that we also have other very difficult (and now even harder) cmsc courses alongside this. He has now made it where you have 7 midterm exams and a final, alongside 5 projects. Just because he has 8 exams now does not mean the difficulty of the exams are easier either. The questions are still the same level of difficulty, it is simply just covering less topics. I think the class would be fair and balanced if there were 4 exams and a final, 5 projects and also grade HW for at least even 10% of the grade. He also goes on about how students are cheating and trying to work and earn undeserved money after they graduate from cheating. What about the TAs? The projects are autograded, HWs are not graded, and they are usually lazy, cancel office hrs often, or just embarrass a student when they ask too much and tell them to read the class materials. Do you think it is fair for them to earn money while not even doing 10% of their responsibilities? Don't you think they use AI or look at the solutions sheet because most of them actually don't know or remember how to do it at all when a student asks for help?",1,1,0,1,0,0,0,0,He does not seem to understand that we also have other very difficult (and now even harder) cmsc courses,"Clear evidence supports project heavy, exam heavy, time consuming."
CMSC421_064,CMSC421,William Regli,2024,3,"He’s a cool guy and pretty knowledgeable but he’s quite Incompetent when it comes to assignments. There are only 6 assignments, 2 or 3 of which are multiple choice gradescope assignments. And yet for every single programming assignment there’s always some big change in instructions and/or requirements halfway through that makes us redo things causing an extension to be granted. For every single programming assignment thus far there’s been an extension. The TA’s also generally seem to have no idea what’s going on with the projects so you’re just all on your own. How the projects are this poorly made is beyond me considering the entirety of the course material is pirated from UC Berkeley and a few projects are based on theirs too. Again Regli is a really nice guy and pretty reasonable when it comes to deadlines extensions for things and if you’re really interested in the subject there’s genuinely few better people here than him to teach you about it due to his background. But the projects, despite how few of them there are, make this class very annoying",1,0,0,0,0,0,0,0,"But the projects, despite how few of them there are, make this class very annoying",Clear evidence supports project heavy.
CMSC422_034,CMSC422,Mohammad Nayeem Teli,2024,4,"Very difficult class, but class grading breakdown makes it relatively easy to get an A. First midterm is manageable if you took and remember some stuff from CMSC320 and watch lectures, but the concepts on the final are very very challenging and you probably need to read the textbook to understand everything. With that being said the final was overall ok (75 average) and there was only 1 question (30 points) that was crazy hard. Both midterm and final are 20%, projects (3) are 40%, and canvas homeworks with multiple attempts are 20%. So if you do pretty well on the first midterm, get high grades on the easy group projects, and get 100s on the homeworks you are pretty much playing with house money on the final. As a professor, he is solid. Records lectures but sometimes does not explain concepts well as he moves very fast through some very confusing and difficult topics. Wish he showed a little more personality in lectures, but everyone is different (he is no Nelson!)",1,1,1,0,0,0,1,1,With that being said the final was overall ok (75 average) and there was only 1 question (30 points),"Clear evidence supports project heavy, exam heavy, homework heavy, disorganized course, fair but strict."
CMSC424_079,CMSC424,Daniel Abadi,2024,4,I'd say others are too critical of him... homeworks were fine and exams were challengingly fun.,0,0,0,0,0,0,0,0,No clear workload signal.,No clear workload signal.
CMSC426_041,CMSC426,Jia-bin Huang,2024,3,"All of the reviews so far (both positive and negative) are fairly accurate. Dr. Huang is extremely knowledgeable and proficient in Computer Vision, and seemed quite approachable and friendly. He would regularly connect the material with real-world, modern applications which made the class seem more practical. However, this class is EXTREMELY math-heavy. If you are a person who enjoys math and is interested in Computer Vision, I'm positive you will do well in the course. The highest math class I took at UMD was MATH240...2 years ago. I suffered heavily from my lack of practice and couldn't keep up during lectures. Since the material is so practical and hands-on, however, all of the projects were doable (with a lot of googling). We were allowed a cheat sheet on the midterm and plenty of extra credit opportunities were given. We also got seven days' worth of late passes. TAs were responsive on piazza and would do their best to help you. TLDR: interesting class, super math-heavy, nice professor, below average lecturing, thoroughly assess your own abilities before taking!",0,0,0,0,0,0,0,0,No clear workload signal.,No clear workload signal.
CMSC430_032,CMSC430,Jose Calderon,2023,5,incredible for 430. very passionate about the course and wants his students to do well. Exams aren't bad and the projects are doable if you start them early. Cool course.,1,0,0,0,0,0,0,1,Exams aren't bad and the projects are doable if you start them early.,"Clear evidence supports project heavy, fair but strict."
CMSC433_011,CMSC433,Anwar Mamat,2021,4,Good professor that knows the material well. Mostly reads off slides but gives alot of examples which helped alot. TAs are very good and office hours provided alot of help on projects. Projects are standard and should be started when they are assigned.,0,0,0,0,0,0,0,0,No clear workload signal.,No clear workload signal.
CMSC434_025,CMSC434,Evan Golub,2023,1,"I have never taken a class so disorganized during my time at UMD. There were so many problems with his class that it’s amazing he’s still teaching. My biggest complaint is his project/assignment descriptions. It’s literally a giant blob of text with instructions scattered throughout the page. This almost guarantees that you will miss something and he will take off an unreasonable amount of points off. Then because there’s is no rubric, there’s no way to fight for any points back because there’s nothing you can say. It’s either you did it how he wanted or you didn’t. And best believe he’s not consistent with his grading. Another thing is he is doing too much. He uses slack, his own website and the UMD grade sever to distribute the assignments, grade them and give feedback. But he does this ALL ON DIFFERENT PLATFORMS. He could easily solve this by using just canvas, which he has set up but refuses to use all of it’s features. The result is you will have to juggle between 4 different websites just to do one assignment. Overall, if it was possible I would give him 0 stars.",0,0,0,0,0,0,1,0,I have never taken a class so disorganized during my time at UMD.,Clear evidence supports disorganized course.
CMSC436_019,CMSC436,Michael Marsh,2023,5,"Marsh is a very good professor. You can tell he really wants his students to succeed and puts a lot of time and effort into making sure that happens. I don't know when Marsh's office hours are, but I know he spent way more than those on students a week. Several of my friends needed ""skills tests"" appointments (basically a live coding, open book quiz you take 1 on 1 with a prof or TA). He accomodated so many that I'm honestly surprised how he found all the time. Marsh also responds to piazza fairly quickly, for the majority of the semester. Marsh also provides hints in project descriptions about what concept to use to implement that part of the project. His projects are very fair. Not too easy, but not insanely difficult. This class was one of the few classes I walked out of thinking I had developed a real world skill. He's seriously a very good professor. My only flaw with Marsh was the format of his recorded lecture. In it, he talks about what code does, which is just a screenshot in a slide. I wish he would execute it and show a demonstration. However, Marsh does have live lectures in addition where he does demonstrate so that makes up for it. My only flaws with this course was the nature of skills test, and the TAs. The skills tests, especially the later ones, are so specific, you couldn't actually expect someone to be able to implement what they are asking. The earlier skills tests are okay though. The next issue was the TAs. Some just weren't that helpful and some didn't seem to understand the projects that well. But Marsh himself was so good this semester that it made up for it. This semester he made this class so theres no hard due date on assignments. But if you take this class, do your best to follow the hard due dates. And watch a lecture video everyday, don't fall behind. Trust me, you can't finish everything in the last 2 weeks. Getting help will become more and more difficult as everyone whos been procrastinating is now also asking for help. Just do yourself a favor and don't fall behind. Anyways, I really recommend this class to anyone. You are given every resource to succeed and most of these concepts can be explained really well with youtube and Chat.",1,0,1,1,1,0,0,0,Marsh also provides hints in project descriptions about what concept to use to implement that part of the project.,"Clear evidence supports project heavy, homework heavy, time consuming, self learning required."
CMSC451_061,CMSC451,Laxman Dhulipala,2024,5,"I agree with most of what has already been said about Laxman for CMSC451 over the fall 2023 semester, but I wanted to add another 5-star review because he deserves it.",0,0,0,0,0,0,0,0,No clear workload signal.,No clear workload signal.
CMSC456_038,CMSC456,Lawrence Washington,2023,5,"The actual GOAT and one of my favorite professors at this university. He's a fantastic lecturer (in-depth and engaging), takes care to answer questions (in-person/Piazza) and make material very easy to understand, and so on. I think he's retiring, but if he ever teaches again, I highly recommend taking the course with him.",0,0,0,0,0,0,0,0,No clear workload signal.,No clear workload signal.
INST326_055,INST326,Gabriel Cruz,2025,1,"The worst professor you can take for 326, he takes forever to respond back to emails, and is very incompetent. This class is intense and just an absolute joke. Plus, his autograders half of the time is incorrect which gets very annoying and his lectures are very useless and pointless, anyways the point of this is if you aren't good at coding in python and actually want to learn it don't take this wack professor. I regret taking him and wished I had dropped this class from him and switched to a better professor when I had the chance.",0,0,0,0,0,0,0,0,No clear workload signal.,No clear workload signal.
INST327_014,INST327,Pamela Duffy,2023,5,Professor Duffy is so sweet and she makes her class as simple as possible. She provides tons of resources and you can tell she wants her students to do well. She is also very understanding if you are having any issues. I took this class online over the summer and it was very manageable.,0,0,0,0,0,0,0,0,No clear workload signal.,No clear workload signal.
MATH140_504,MATH140,Mirna Pinsky,2025,1,This teacher will mess you over. She’s awful and shouldn’t be teaching. Praying for the next people who’s GPA will suffer from her next semester.,0,0,0,0,0,0,0,0,No clear workload signal.,No clear workload signal.
MATH141_537,MATH141,Roohollah Ebrahimian,2025,5,"Professor Ebrahimian is a great professor. His examples in class relate to the worksheet although it can be challenging which is expected for math141. He makes jokes here and there. His explanations are good as well. He does post youtube videos of his lectures. I would one thousand percent recommend going to discussion and hopefully if your TA is good you’ll feel better about this class. He also gives a fair amount of time to review for exams. A downside of him is that his lectures are really fast and some of the assigned homework problems are unnecessary. Overall, I think he is a great professor for math141 and would recommend taking his class.",0,0,1,0,1,0,0,0,His examples in class relate to the worksheet although it can be challenging which is expected for math141.,"Clear evidence supports homework heavy, self learning required."
MATH240_360,MATH240,Qi'an Chen,2025,5,"He was a great TA! I was struggling in the beginning of the class and got a C on the first exam. I started to pay attention more in discussion and was able to get a 99 and a 95 on the other midterms. Qi'An was the main reason I was able to get my grade up and understand the concepts. He really cares about his students and puts 100% effort into his lessons. He is extremely knowledgeable about the content and was able to break things down in a way I could understand and retain. The professor was good, but I learned more from Qi'An than I did in lectures. I appreciate him and am grateful he was my TA!",0,0,0,0,0,0,0,0,No clear workload signal.,No clear workload signal.
MATH241_519,MATH241,Manoussos Grillakis,2026,2,"He is definitely very smart, but he's not very straightforward in the way that he teaches, and I think he's probably lost the ability to see from the perspective of students who have never seen this content before. He gives fair exams and midterms in my opinion, but the final took my a little by surprise. He is very into the physics/theoretical side of things, and rarely does genuine practice problems in class, so I think going to discussions is pretty vital. He provides exam reviews before midterms, which is helpful, but his whole teaching style is pretty convoluted and unengaging. I've taken the class before in high school, which I fear is the only reason I'm expecting an A, so having background knowledge for this professor is kind of a gamechanger.",0,0,0,0,0,0,0,0,No clear workload signal.,No clear workload signal.
MATH246_354,MATH246,Margaret Doucette,2025,1,"I went into the final exam with a 95.54, I had not attended any lectures to achieve this grade and so I wasn't too worried about the final itself. fastfowarding about 2 weeks I got my grade back for the final, a 77. which put my grade down to just .02% away from an A-. Maybe she isn't allowed to curve the grade, but nonetheless it is crazy to not get a grade increase from 0.02% when I know some professors round up .5%. Maybe its nothing on her, but I cannot believe my grade is being held from a 0.02% change",0,0,0,0,0,0,0,0,No clear workload signal.,No clear workload signal.
MATH310_062,MATH310,Kendall Williams,2024,2,"Here's probably the most objective review I can give of Dr. Williams's class: I want to preface this: I cannot speak more on how great of a lecturer and person Dr. Williams is. He's always accommodating, has four different OH times throughout the week, and is willing to go over test questions and proofs with you for clarification. He teaches a bit slowly, but I think slowly enough to understand the content since it's such a hard class. As for the cons, there are quite a few. First of all, the TESTS. Look at Dr. Williams's grade data. It is VERY accurate. Many people drop this class and take a W, but that doesn't even count the part of the class that dropped before that. The tests are extremely hard, and you don't have much time. He will typically give you problems similar to homework or in-class examples on tests, which is nice. However, he is extremely nitpicky when grading proofs and typically takes off quite a few points in partial credit. One of our midterms (or tests, as he refers to them as) had an average and median of 46%. The homework assignments are also extremely long. On multiple occasions, the problems he assigned have ended being 13 or more (front and back) pages, taking several hours to do. Additionally, we don't receive feedback on this homework until after the test, which makes using it to study impossible. The tests will be very hard, and you will probably need to study quite a bit for this class. He's also very textbook-heavy and makes you constantly refer to the textbook for theorems/definitions, so if you are taking this class I would recommend getting a hard copy of the textbook as opposed to a digital copy. TL; DR: From a lecture perspective, fantastic, and really improves your knowledge of the material. Test and homework-wise, atrocious. If you really want to learn and don't care about the hit to your GPA, then I'd recommend Dr. Williams. Otherwise, you'll likely do better in another professor's section.",0,1,1,0,0,0,0,0,"Williams is. He's always accommodating, has four different OH times throughout the week, and is willing to go over","Clear evidence supports exam heavy, homework heavy."
MATH401_096,MATH401,Wiseley Wong,2024,5,"This course was really interesting and really not stressful so it was awesome. We had 7 homeworks and the median was like 39/40 on all of them. The exams were directly taken from homeworks and class examples and based on the reviews in class he would have before each exam, it was possible to tell what would be on each of them. There was one challenging part in the middle of the course related to proving things using linear algebra, but he kept this to only one homework and was very clear to the extent that you needed to know this stuff on the exam (and it was really not much to know about it at all). Overall great professor and interesting class I would recommend taking 401 with him.",0,1,1,0,0,0,0,0,We had 7 homeworks and the median was like 39/40 on all of them. The exams were directly taken,"Clear evidence supports exam heavy, homework heavy."
MATH403_032,MATH403,Christian Zickert,2022,3,"You can tell Zickert is extremely passionate about math and he will elegantly field any question asked during a lecture or office hours. That being said, his handwriting is pretty bad and his lectures are usually (not always) just a worse presentation of the corresponding sections in the book. Zickert is one of those professors that think difficult concepts are trivial and doesn't often try to engage students with the material. In my experience, he's a pretty harsh grader and will take a lot of points off for tiny mistakes. I wouldn't say Zickert is a bad professor, but he's not a great one. Would definitely recommend trying another professor, but you'll be okay if Zickert is the only choice you have. My recommendation would be to read ahead in the books and take notes beforehand, using his lecture only as a supplement.",0,0,0,0,0,0,0,0,No clear workload signal.,No clear workload signal.
MATH405_026,MATH405,Steven Chadwick,2024,1,"Worst professor I ever had in the school. The course is way slower and easier than other 405 professors. However, he grades the exam by the criterion ""It looks right."" Multiple students I heard has the same experience of writing the correct proof and got taken off points because rigorous on proofs",0,0,0,0,0,0,0,0,No clear workload signal.,No clear workload signal.
MATH406_041,MATH406,William Goldman,2023,2,"I didn't believe people when they said their professor's voice would put them to sleep until I took this class. He seems like a nice enough guy, and I don't think the class is super hard, but I straight up could not learn anything from the lectures. I taught myself the content for the first midterm and did well, and I'll have to do the same for the final. I've definitely had worse professors but I wouldn't recommend him.",0,1,0,0,0,0,0,0,"He seems like a nice enough guy, and I don't think the class is super hard, but I straight",Clear evidence supports exam heavy.
MATH410_105,MATH410,Jenna Zomback,2025,5,"Loved this class, but I’ll try to give a more objective breakdown: This class with Jenna has a pretty simple grading scale. 20% each for two midterms, as well as the final. 40% for homework. The only gripe I really have with the class is the homework. It’s mostly graded for completion, with 1-2 problems actually graded for accuracy every week, but I felt like even though that benefited my grade in the class, it somewhat negatively impacted my learning and performance on the exams. Speaking of the exams, I would say they were mostly fair. With a proofs class, you’re naturally going to get new proofs on the exams, and I felt we got good practice in class for each of the exams. I also appreciate that she gave us a retest, as well as a bonus exam to improve a midterm grade. She was definitely focused on teaching content more so than maintaining a curve, and so I believe a lot of people passed. Her lectures were very informative and broke down a lot of what we were expected to do, and I really appreciated her clarity in making a class with content as difficult as MATH410 somewhat manageable. I would 100% take any math class with her in the future. Great professor.",0,1,1,0,0,0,0,0,"It’s mostly graded for completion, with 1-2 problems actually graded for accuracy every week, but I felt like even","Clear evidence supports exam heavy, homework heavy."
MATH411_037,MATH411,Lei Chen,2024,5,"Chen is a really good professor. Her lectures are hard to follow because some of her proofs are not formally written or completely elaborated, but she knows what she is saying and will provide digestible proofs for important problems that you will need to learn how to emulate on the exam. The exams are very similar to the practice exams, but she will also take problems from the textbook. She has 10 extra credit points per exam, but the averages were in the low 70s for the semester. It's also really important to do the reviews the exams contain a lot of those questions. For an exam when she asks for you to ""compute"" it means to ""prove"", so keep that in mind. She's helpful during office hours, provides feedback on your proofs, and answers all your questions. She also held extra office hours before each exam to clarify questions. Take Lei Chen for any class she teaches, as you'll likely get a good grade.",0,1,0,0,0,0,0,0,"Her lectures are hard to follow because some of her proofs are not formally written or completely elaborated, but",Clear evidence supports exam heavy.
PHYS121_055,PHYS121,Peter Shawhan,2024,4,"Nice guy, good at making sure you understand, but a *very* tough grader. The homework will kill you, but because you get used to that it kind of makes the exams easier.",0,1,1,0,0,0,0,0,"Nice guy, good at making sure you understand, but a *very* tough grader. The homework will kill you, but","Clear evidence supports exam heavy, homework heavy."
PHYS131_046,PHYS131,David Buehrle,2025,2,"Absolutely awful course. This course is basically built for pre-meds to pad their GPA while learning as little physics as possible. I remember reading a review saying ""You can pass this class without knowing any physics"" and that is absolutely true. He goes around in circles during lecture, explaining extremely simple concepts that don't expose you actual practice problems. The only good thing is how easy it is to get an A while doing the bare minimum. The lowest midterm is dropped and he curves every exam like crazy. I think my second midterm was curved more than 30%. There are homework assignments that vaguely link back to whatever he's talking about during his class. Besides exams and lab grades, that HW grade is the most important thing that will decide your grade. Also, check back on those homework answer keys. Those will probably teach you more physics than Buehrle ever will. Also, he'll recycle problems from the HW into midterms and exams. The guy himeself is pretty chill. He'll make some self-deprecating jokes and lectures with a jolly attitude. He'll explain that you need to estimate the coeffiecient of a friction of a problem by just poofing a number into existence with a smile on his face. The lab is also awful. The first part of lab is an hour of doing practice worksheets with your lab group. You're barely given any direction in the worksheets and since these aren't graded, no one does them. Instead, you just get a free hour of doing whatever you want. After the first hour, my TA would just go through the answers quickly and move onto the actual lab. The actual lab is also a mess since no one knows what to do. You're given a lab pdf, sometimes a microscope, and a computer program and told to figure it out. The most valuable thing I learned from this lab was to use Excel. The rubric you're given is vague and sometimes makes completely no sense. Your best hope is to just keep on asking your TA questions until your lab report looks somewhat decent.",0,1,0,0,0,0,0,0,The lowest midterm is dropped and he curves every exam like crazy.,Clear evidence supports exam heavy.
PHYS132_011,PHYS132,David Buehrle,2023,2,"Phys132 was very disorganized. The lectures, labs, homeworks, exams, and textbook were all out of sync with each other. The material in the 2nd half of the semester was poorly taught, not enough examples to prepare for assignments. Easy A but did not learn a lot.",0,0,1,0,0,0,1,0,"The lectures, labs, homeworks, exams, and textbook were all out of sync with each other. The material in the","Clear evidence supports homework heavy, disorganized course."
PHYS260_177,PHYS260,Michelle Girvan,2025,5,"Professor Girvan was a phenomenal physics 2 teacher, she’s posts two sets of every lecture slides, constantly asks for feedback in class that is immediately implemented, offers redos of your worst exam grade and explains things clearly. The class is fast paced and there is a lot of work ( weekly quizzes and online and written homework) but it prepares you super well for the tests. I would highly recommend taking her",0,1,1,1,0,0,0,0,"Professor Girvan was a phenomenal physics 2 teacher, she’s posts two sets of every lecture slides, constantly asks for","Clear evidence supports exam heavy, homework heavy, time consuming."
PHYS270_066,PHYS270,Drew Baden,2025,3,"There are 2 factors I would consider when taking Baden 1) He is a very boring lecturer and his lectures are incoherent and he just talks to himself while writing on the board. He doesn't explain what the equations he writes are called or even what they are used for in general. I honestly stopped going to lecture and really just learned the material and equations from the HW. 2) His exams are LITERALLY MADE BY EXPERTTA (the hw software). The exams are multiple choice, copy paste HW problems which you technically can't put the your double sided equation sheet, but they don't check and also its all just equations so there are ways around that. The exams are curved, the final is curved, hw is curved (only downside to this is that going into finals you literally don't know what you grade in the class is other than how you did in relation to the average on exams). I never knew how to study for his exams other than by redoing the hw and it worked pretty well. The final was 80% copy paste from the 3 midterms we took this semester! TLDR: Baden is a really boring and just bad lecturer, but it's easy to do well (or at least average) in the class by just doing the HW since his multiple choice exams are literally just the HW. Class is very curved.",0,0,0,0,0,0,0,0,No clear workload signal.,No clear workload signal.
PHYS371_002,PHYS371,Manuel Franco Sevilla,2020,5,"Occasionally lectures have some clarity problems, but overall a very well-structured and well-done course. HWs are challenging but thoughtful and designed to improve students' understanding of the content. Franco Sevilla puts a lot of effort into his class and is easily accessible and receptive to questions/concerns/etc. Truly cares about physics and about his students.",0,0,0,1,0,0,0,0,Franco Sevilla puts a lot of effort into his class and is easily accessible and receptive to questions/concerns/etc.,Clear evidence supports time consuming.
STAT100_212,STAT100,Matthew Griffin,2025,2,"Griffin treats us like children and is very strict. He walks around the lecture hall to make sure our screens are on the right thing, we don't have airpods in or anything covering our ears, and we don't have hoods. You lose points for being more than 5 minutes late. Also, he spends the first 10 minutes of every class reminding us of his rules and policies, which is a complete waste of time. The class itself is easy to get an A in. There are extra credit opportunities almost every day. The exams are essentially identical to the practice tests he posts.",0,0,0,0,0,0,0,0,No clear workload signal.,No clear workload signal.
STAT400_454,STAT400,Shixin Zheng,2025,1,"During lecture he doesn't go over anything useful. You will leave lecture knowing nothing. On top of that, the homework contains the most difficult quetstions related to the given topic. So if you are only relying on the homeworks you will never come away with even a hint of a foundational understanding of the homework topics. Everything I just went over are all of the resources you will be provided with in this course. If this is the only professor available, just don't do it for your own sake. He has some serious drip though, I can't lie.",0,0,1,0,0,0,0,0,"On top of that, the homework contains the most difficult quetstions related to the given topic.",Clear evidence supports homework heavy.
STAT401_064,STAT401,Jonathan Fernandes,2024,4,He is a solid professor overall. He records all of his lectures and explains concepts pretty well. Honestly the recordings are more useful than the lecture itself since he lectures pretty slow and it doesn't fit my style. There were quizzes every week but they were easy and doable. The homeworks were also good and some of them were time consuming but the others were fine and pretty easy. He gives study guides before the test and if you practice the questions in them that is 80% of the test and you should be fine with the exams. Even without them the exams are straightforward and if you know the material you should be fine. Sometimes he is unreachable or does not update the material or communicate on time but overall he is pretty good.,0,1,1,1,0,0,0,0,There were quizzes every week but they were easy and doable.,"Clear evidence supports exam heavy, homework heavy, time consuming."
STAT410_096,STAT410,Kendall Williams,2025,3,"I am here revising my review posted on 05/02/2025. While most of the body of the review stays the same, the fact that he does not respond to email has become increasingly problematic. We skimmed over a few significant portions of the curriculum (properties of expectation and the central limit theorem among other things) and while that is not necessarily an issue, there are small details that make our practice problems much more difficult BECAUSE we can't consistently ask him questions over email. Additionally I emailed him about an urgent matter regarding a homework set (I had accidentally used the wrong book, realized as such, and realized I needed to go back and redo 8/16 of the assigned problems) and he did not respond until half a week after the homework set was due. While I can understand that it is his first time teaching the class, not answering emails exacerbates all of the issues mentioned before, alongside the issue that sometimes he leaves details out of problems which would simplify/provide context.",0,0,1,1,0,0,0,0,We skimmed over a few significant portions of the curriculum (properties of expectation and the central limit theorem among,"Clear evidence supports homework heavy, time consuming."
STAT420_013,STAT420,Joan Ren,2023,5,"Professor Ren was great, the class was very challenging but I learned so much math and I came out the other side feeling very confident in my statistics ability. She is harsh with homework and test grading, but the curve is very generous, plus she's just a great professor!",0,1,1,0,0,0,0,0,"Professor Ren was great, the class was very challenging but I learned so much math and I came out","Clear evidence supports exam heavy, homework heavy."
STAT430_027,STAT430,Susan Mazzullo,2023,5,"Take this class if you want an A that is easier then breathing. All you have to do is come to class and the work that she gives out is so repetitive the process of everything will stick to your head like muscle memory. Every assignment is so easy, so if you put in the work, it literally translates to the quizzes and tests. There is only 1 midterm and a final and they are so easy. I straight up got a question wrong on my midterm and she said did you understand what you got wrong and gave me 6/10 points back. This professor clearly cares about teaching students rather then grading. One of the top stat professors in UMD for sure.",0,0,0,0,0,0,0,0,No clear workload signal.,No clear workload signal.
BSCI160_571,BSCI160,Mary Ann Rankin,2025,1,Please don't take this class. I don't even want to talk too much because it just makes me mad thinking about it. Dr Rankin is nice but she has no business teaching undergraduate students.,0,0,0,0,0,0,0,0,No clear workload signal.,No clear workload signal.
BSCI161_009,BSCI161,Hans Lemke,2022,5,This class was the easiest class of my semester. You spend the entire semester with your TA (have never meet Lemke once). Extremely lucky and grateful for my TA (shoutout Amanda) and my groupmates. There was only about 1-2 hours worth of work each week (pre lab and post lab). There was no final or midterm..only a practical which they give you the questions before hand.,0,0,1,1,0,0,0,0,There was only about 1-2 hours worth of work each week (pre lab and post lab).,"Clear evidence supports homework heavy, time consuming."
BSCI170_294,BSCI170,Swarna Mohan,2025,3,"This class if it's a requirement, please take it with someone else Mohan her class is very well structured but if you have a hard time learning concepts fast, you will struggle. her exams are very similar to the problem sets you are going to be doing every Friday but the final was horrible. She wasn't too bad of a professor because I do think she knows how to explain concepts but trust me you're going to memorize a lot of it in this class. Please know all the cycles and what happens in the cycles. Her exams they are not multiple-choice. They are free word response I'm not gonna lie when you study for the exams you have better made notes for them and if not rewatch the lectures make notes study and memorize. I say study a week and a half in advance. For lab It really depends on your TA. I had a super chill TA and I got an A in lab but in lecture Yeah that's a whole different story..",0,1,1,0,0,0,0,0,"This class if it's a requirement, please take it with someone else Mohan her class is very well structured","Clear evidence supports exam heavy, homework heavy."
BSCI171_062,BSCI171,Joshua Ha,2025,5,Josh is such a fantastic TA. He was an incredible leader and put so much work into helping us in this lab. He went beyond just getting us through the procedure- he actually explained and helped us learn the concepts that we would need later for the lab practical. He is incredibly organized and easy to work with. PLEASE take Josh if you can- he is genuinely the best TA I have ever had.,0,0,0,0,0,0,0,0,No clear workload signal.,No clear workload signal.
BSCI201_098,BSCI201,Justicia Opoku-Edusei,2025,5,"Dr. Opoku is to the UMD biology department what Tiger Woods is to the PGA Tour. She is massively over-qualified for her job, and is incredibly well-versed not only in her knowledge of anatomy but also when it comes to writing exams. Very few professors actually base exam questions on what is on their slides, but Dr. Opoku is definitely one of them. I can confidently say that as long as you pay attention in class and take notes on her slides you will do great in her class. If you are studious and willing to put in the work, take her for as many classes as you can. I have had an amazing experience with her not only with BSCI201 but also BSCI447. I cannot recommend her enough but only to those that either have a passion for the subject or are absolute academic weapons. If you are taking this class to fulfill a requirement and don't care much about learning all the content and developing a deep understanding, I'm sure there are easier options out there, so you might have to avoid her. In all other cases, you cannot go wrong with Dr. Opoku",0,0,0,0,0,0,0,0,No clear workload signal.,No clear workload signal.
BSCI202_013,BSCI202,Tammatha O'Brien,2023,2,Her exams are unnecessarily specific and you literally need to memorize everything she says in lecture to be able to pass them. When asking her a question she makes you feel dumb for even asking and will cut you off when speaking. She gives extra credit coupons in class for answering questions but you have to know the answer and raise your hand within 0.5 seconds or she won't call on you. The only reason I did well in the class was due to my own out of class dedication.,0,0,0,0,0,0,0,0,No clear workload signal.,No clear workload signal.
BSCI207_196,BSCI207,Nicholas Fletcher,2025,5,"He is an amazing teacher! He is a very nice guy and very approachable. All of his exams are very fair and he also provides a lot of homework and extra opportunities to do well in the class. I would suggest doing all of the concept checks and reviewing the GAE's before the exams as a lot of the questions are the same. The only thing negative I have to say about him is that in class he can go through his slides very fast sometimes making it somewhat hard to keep up in class. However, he does record all of his lectures and posts all of his slides so this is really a non issue. Great guy and its very obvious he has a lot of passion. Shoutout Dr. Fletcher!!!",0,1,1,0,0,0,0,0,All of his exams are very fair and he also provides a lot of homework and extra opportunities to,"Clear evidence supports exam heavy, homework heavy."
BSCI222_245,BSCI222,Jessica Mutz,2025,1,"This was one of the worst professors I have had at UMD. Yes, the content is hard and there is a lot of it, but Dr. Mutz made it even more confusing. She only taught off the slides and often got confused on what she had up there. There were numerous times where she would state out loud that she was confused (which is a complete waste of time for the students who go to lecture). How are we supposed to understand it when she doesn't herself? Her exams were beyond difficult and she made it clear many times that she knew this. She even stated that she should have given more practice in lecture but since the averages were ""good"" (a 65%) the exam was fair and it doesn't matter. Her multiple choice questions are ""worded to trick you"" and some are parts A THROUGH F, which defies your odds of even guessing the correct answer. Her grade cutoffs are unclear even with the averages on the exams being low. When people ask questions in lecture, her responses are often condescending saying things like ""I'm pretty sure I already said this but"" and ""I think the learning outcomes are pretty clear on what you are supposed to know"". Getting responses like this is kind of just a slap in the face when we have genuine questions about her unclear content.",0,1,0,0,0,0,1,0,Her exams were beyond difficult and she made it clear many times that she knew this.,"Clear evidence supports exam heavy, disorganized course."
BSCI223_074,BSCI223,John Buchner,2025,1,"He's awful. His exams are genuinely incomprehensible, and he goes off on tangents during lecture. His flipped-style lectures are insane, and he doesn't provide any help. The only good thing about this course is that the TAs are great people. He is incredibly bad at teaching.",0,1,0,0,0,0,0,0,"He's awful. His exams are genuinely incomprehensible, and he goes off on tangents during lecture. His flipped-style lectures are",Clear evidence supports exam heavy.
BSCI330_151,BSCI330,Sergei Sukharev,2025,1,Not an organized lecturer at all. The only material he taught that I understood was the material that I had been exposed to in previous courses. The study guides weren't posted in a timely manor and I usually ran out of time to study. The exams were completely free response so there was no guessing for the most part. If you don't know the answer you are screwed. Hardest class I have ever taken. I enjoyed the lab and it was a good grade boost. Might have failed if it wasn't for the lab.,0,0,0,0,0,0,0,0,No clear workload signal.,No clear workload signal.
BSCI353_027,BSCI353,Chan Lin,2023,3,"Dr. Lin is a very sweet person, and is very open to questions - he won't ever make you feel stupid and takes the time to thoroughly answer questions. His lecture style is honestly amazing, haven't heard anyone who didn't like it. He makes mundane topics pretty interesting and makes it seem like you're listening to a story in class. Unfortunately, however, his exams are a different story. You'll think you understand the content in lecture, you'll think you know what the main ideas are, you'll know the concepts of the main experiments, and then he'll throw questions at you on the exam which test minute concepts from one slide of one lecture out of a 50 slide lecture, with the question being worth 15% of the points of that exam. On top of that, there was no curve this semester. Beware that the class is getting harder. tl;dr amazing guy, wonderful lecturer, very sweet, but exams are difficult and the class is getting harder.",0,1,0,0,0,1,0,0,"He makes mundane topics pretty interesting and makes it seem like you're listening to a story in class. Unfortunately,","Clear evidence supports exam heavy, harsh grading."
BSCI410_103,BSCI410,Louisa Wu,2025,1,"I will preface by saying that she is a very nice woman. However her teaching falls short. To start molecular genetics is not necessarily a hard course assuming you took 222. But with her teaching the course is a struggle. She has weekly-biweekly home works which are not necessarily hard but I struggle to find correlation between homework and lecture content. Her lecture is the biggest issue with the course though. To start she covers a lot of material with the slides being 95% pictures and 5% words and descriptions which is not an issue. The issue is that she struggles to explain these pictures in depth and actually tell us why it is being shown to us. She also does not seem very confident with the pictures that she shows as she is constantly muttering phrases like ""I think"", ""Um"", ""I actually do not know"", and more. This makes it hard to actually learn from a professor who is not confident on what she is teaching. Another issue is that she rushes her lectures which is more of a focus to her rather than teaching the material. She likes to start a new topic at the start of each lecture and hates having carry over which I understand. However if you are going to do this cut out the material that you do not get into instead of rushing through the material and poorly explaining it while still testing on it. She also does not seem to really care about this as she does it nearly every lecture, she will lecture about 100 slides but have to rush through about half of it to finish. She struggles to connect topics in class and help us understand them. GSS can be helpful as the leaders and undergrad TA's have previously taken this course and seem to be very knowledgeable on the material themselves. I will add she has this add bioinformatics section that randomly occurs in the middle of the semester which is not hard but makes so sense as to why she has us do it (she does not teach it either). I would say that your best bet is to attend office hours and bombard her with questions she leaves you from lectures. Attend GSS sessions and ask questions not just about material but also about how to study and do well in the course. She is fair with grading but her exams really do not match the lectures and require very in depth understanding. She gives you extra points to try and provide a buffer in terms of grading but it only goes so far if you struggle with the exams and struggle to learn. For reference if you have taken immunology (422), this class is fairly harder even though immunology is renowned to be a very challenging course here, the difference is that the professors for 422 are passionate and knowledgable about what they teach unlike Professor Wu.",0,1,1,0,0,0,0,0,She is fair with grading but her exams really do not match the lectures and require very in depth,"Clear evidence supports exam heavy, homework heavy."
CHEM131_519,CHEM131,Samuel Lascio,2025,2,"Horrible at lecturing. most of the important stuff is skimmed over. Don't expect an easy time, most professors teaching chem will be better.",0,0,0,0,0,0,0,0,No clear workload signal.,No clear workload signal.
CHEM132_069,CHEM132,Christiana Guest,2025,1,"This class is just so disorganized that it drove me crazy. Random ELMS assignments appearing and disappearing (with random confusing titles in all caps), sudden 0/35 scores appearing for lab reports that were submitted on time, a completely disorganized syllabus, and horrible communication all around. The in-person labs are not actually that bad (I only remember staying the full 3 hours once or twice) but the post-labs and pre-labs are the rough part about this course. Overall I think this course just needs to be redesigned",0,0,1,0,0,0,1,0,"Random ELMS assignments appearing and disappearing (with random confusing titles in all caps), sudden 0/35 scores appearing for lab","Clear evidence supports homework heavy, disorganized course."
CHEM135_427,CHEM135,Samuel Lascio,2026,4,"I am a person who hates chemistry as a subject, so when I was told I had to take it, I was terrified, especially since CHEM135 is 2 semesters worth of material put into 1 semester. Due to this, I will say it moves extremely fast and it is rough to learn. Considering all this, Dr. Lascio does a pretty good job. Honestly with what he was given, he taught the subject pretty well, and the curve at the end definitely helped. He tries to make it interesting throughout as well which helped me at some times when I was struggling to lock in at lecture. He also ALWAYS posted the lecture notes which made me very happy as he went quite fast in lecture and I struggled to keep up with writing all the notes, so referencing what he did in class later made my life easier. Overall, CHEM135 as a class sucks but Dr. Lascio did pretty good with what he was given to teach.",0,0,0,1,0,0,0,0,He also ALWAYS posted the lecture notes which made me very happy as he went quite fast in lecture,Clear evidence supports time consuming.
CHEM231_418,CHEM231,Donald Hong,2025,2,"i have never been more lost in my life. if u wanna have a life outside of studying and orgo do urself a favor and get a tutor or something to stay on top of material. exams 2 and 3 are BRUTAL, averages around 50-60. he doesnt seem to understand that this is new material to us and he moves VERY fast throughout lecture, often not taking any questions seriously. a ta said to try to stop taking notes to understand the material, but that doesn't exactly help come exam time. theres weekly homework upwards of 11 pages that i had absolutely no clue on. theyre completion, which is nice, but it doesn't really help me learn. i felt EXTREMELY stressed before exams, especially hearing the averages from other professors. i know he's still relatively new as a professor, but he's gotta slow down or take a different approach. i had a 73 and it was curved to a b+, but i know other professors did not need to curve that much at all. his extra credit questions are SOMETIMES related to content we learned... but not often. other prof are automatic easy points but his are abt nobel prize winners and random stuff. no review before exam either, often multiple weeks into NEXT exam's content right before taking exam. im pretty good at following lecturing using an ipad, but i just could not keep up with him during class. good luck.",0,1,0,1,0,0,0,0,"exams 2 and 3 are BRUTAL, averages around 50-60.","Clear evidence supports exam heavy, time consuming."
CHEM232_059,CHEM232,Monique Koppel,2025,3,"Enjoyable lab, aligned with the CHEM231 course pretty well. Pre-lab questions were a grade booster and notebook pages could take a while honestly but were also grade boosters. Actual post-lab questions genuinely are not as difficult as people make them out to be. Many people think you basically need to go to the TAs to understand what is being asked, but I did well on every post lab question set and did not have to go to TAs. Note if you have Dixon: she goes out of order from the lab and you will have to self-teach some concepts that will show up on the post lab questions. What I did not like were the TAQs. They were instituted this semester and were very unreasonable for 10 minutes. Scores averaged very low, and they were often written in an unclear way. However, I think she might fix this by next semester. Overall, not a bad course, and just 1 credit. Much better than CHEM132 in my opinion and better organized. Can be very stressful during lab, so make sure you have your TA's support and ask questions.",0,0,1,0,1,0,1,0,"Enjoyable lab, aligned with the CHEM231 course pretty well. Pre-lab questions were a grade booster and notebook pages could","Clear evidence supports homework heavy, self learning required, disorganized course."
CHEM241_251,CHEM241,Lai-Xi Wang,2025,4,"Wonderful professor. I'd be delighted to take another course with this guy. Dr. Wang cares for his students, and makes effort to get to know those who interact with him. Organic chemistry is a difficult subject, this class takes a lot of work. He provides resources that make it doable. He provides one practice exam for each ones, and our class got him to make a practice final which was a shortened version of the final. Pretty similar! Exams are usually composed of both multiple choice (usually concerning the aspects of the compound) and then free response for synthesis and mechanisms. Unfortunately your grade is determined solely by two exams and the final. I believe it was 150, 150, and 250 respectively. An 80% is a guaranteed A- , the rest is determined by class averages. To prepare, I'd recommend doing the homework each week. Orgo 2 is jam packed with reactions so I'd really recommend reading the chapter associated with each lecture beforehand and using lecture to really hammer down the material and understand any additional info that's not in the textbook. The time I did do that, lecture and learning became more manageable. If you have the time, definitely keep up with the homework that's assigned. I didn't do all of them because it was optional so there wasn't much incentive, but when I used it to practice it was helpful. This class is a lot of studying and practice no matter the lecturer you take. I'd definitely recommend Dr. Wang though. Best of luck!!",0,0,1,1,0,0,0,0,"To prepare, I'd recommend doing the homework each week.","Clear evidence supports homework heavy, time consuming."
CHEM242_006,CHEM242,Lee Friedman,2021,5,"His labs and post labs are very doable if you go to his office hours or just keep in touch with your TA. This course lines up well with the lecture which allowed me to further apply what we learned. He also responds VERY quickly to emails and has a very witty and sarcastic humor which not everyone might enjoy, but keeps things interesting. If you put in the time and are interested in chemistry, you can learn a lot from him.",0,0,0,0,0,0,0,1,His labs and post labs are very doable if you go to his office hours or just keep in,Clear evidence supports fair but strict.
CHEM271_222,CHEM271,Amanda Schech,2025,5,"Took Dr. Schech in the summer for 271 and she might be one of the best professors I’ve had since transferring to UMD. She’s very thorough in her content and you can actually expect what she teaches and puts on her slides to show up on the exams. She teaches in a way that’s easy to understand, giving helpful tips and tricks to lock in the info in your brain. Sometimes during lecture, she’ll share cute snippets of things she’s learned or stuff about her life but always keeps it brief and immediately goes back to teaching. She is a kind, passionate teacher and very approachable with questions you have. Def recommend!",0,0,0,0,0,0,0,0,No clear workload signal.,No clear workload signal.
CHEM272_036,CHEM272,Amanda Schech,2023,5,"Dr. Schech is THE gem of the chemistry department. She cares so so much about her students and tries to relate to us as much as possible. She is incredibly understanding, and while she does have to follow some strict guidelines because of our lovely chemistry department (i.e. maximum 3 lab absences), this course would be unbearable without her. The labs are very easy especially if you've survived Organic Chemistry labs. It's relieving. Lab reports take some time. Start early, go to office hours and ask questions on Piazza, you'll be fine. Midterm was very similar to the one she posted on ELMS. No curveballs. Shoutout to my awesome lab TA, Noor. She was very helpful through it all, too :D.",0,0,0,1,0,0,0,0,"Start early, go to office hours and ask questions on Piazza, you'll be fine.",Clear evidence supports time consuming.
CMSC131_415,CMSC131,Pedram Sadeghian,2025,4,"Probably closer to 3.5 stars. Lectures are kind of boring and hard to pay attention to because he’s kind of monotone, but he’s super organized. Always posts lecture videos and TAs post discussion videos. He tells you what kinds of questions and what methods you’re allowed to use on exam. Provides a lot of practice exams.",0,0,0,0,0,0,0,0,No clear workload signal.,No clear workload signal.
CMSC132_467,CMSC132,Fawzi Emad,2025,5,"Fawzi made CMSC132 a very fair and easy class. Exams, projects, and quizzes were all fair in my opinion. He never really asked trick questions, or if he did, he made a point to emphasize their answers during lectures. He did an overall good job of explaining concepts in class. I would recommend taking him for CMSC132.",0,0,0,0,0,0,0,0,No clear workload signal.,No clear workload signal.
CMSC216_432,CMSC216,Larry Herman,2025,5,"Seeing a lot of people downvote Larry just because he's one of the first CS professors that they have at UMD. Larry will literally baby and hold your hand throughout this whole course- he does this by giving discussion worksheets where problems are literally pulled for the exam, LONG practice material documents with questions the exam same format as the exam, and LONG LONG LONG project descriptions that highlight practically every single edge case that you ever need to consider. The worksheets are literally just free padding to your grade (just show up!), so I'm not sure why people complain about that. They're literally not even graded for correctness, it's just like do 3/4 of the worksheet and boom instant 10/10. Larry tells you every single thing that you need to know and even how to know it (like just reading chapter X in the specified textbook), and the people complaining here are just the ones too lazy to do it.",1,0,1,1,0,0,0,0,Larry will literally baby and hold your hand throughout this whole course- he does this by giving discussion worksheets,"Clear evidence supports project heavy, homework heavy, time consuming."
CMSC250_491,CMSC250,Fawzi Emad,2025,5,"Great professor! I thought I would hate this class, but it was actually my fav last semester. His quizzes and exams are all pretty easy as long as you study what he covered in the lectures. He gave out pretty high grades on everything except Exam 3. All the other exams were graded very easily. Fawzi is pretty entertaining to listen to and I actually looked forward to this class. Can't say the same for 216. :-(",0,0,0,0,0,0,0,0,No clear workload signal.,No clear workload signal.
CMSC320_199,CMSC320,Fardina Alam,2025,4,"This class is a very easy A, but her lectures are so boring. They don't really help with the homework, and they are so bad at answering questions on Piazza. The exams are also a little ridiculous, but she is super nice.",0,1,1,0,0,0,0,0,"The exams are also a little ridiculous, but she is super nice.","Clear evidence supports exam heavy, homework heavy."
CMSC330_244,CMSC330,Cliff Bakalian,2025,3,"Pretty okay! Cliff and Anwar co-teach so you have both their lectures and their notes. Cliff's notes are really nice! But Anwar slides are goated. He has a slight accent but not really; you'll be fine. - 2 midterms. - 1 final. - 7 projects (all weighted differently). - 4 quizzes (during discussion). - 11? 12? lecture quizzes (you do them at home, not during lecture). PLEASE START PROJECT 5 EARLY PLEASSSEEEEEEE E E EE",0,0,0,0,0,0,0,0,No clear workload signal.,No clear workload signal.
CMSC335_013,CMSC335,Nelson Padua-Perez,2023,5,"I took CMSC335: Introduction to Javascript with Nelson over Fall 2023 as a CS elective. You MUST take this course. It is actually useful and sometimes even fun. Nelson is of course, classic Nelson. Please also take this course alongside TWO other CS classes because the workload for this course is negligible. It is easily balanced on top of taking CMSC330 and CMSC351, for example. Records lectures, nobody shows up to class, I personally never watched the lectures but I did fine. Nelson was terrible for CMSC131 (kind of expected because he does not like the subject so much and finds it boring, something to ""just pay the bills"") but he was great for CMSC216 and CMSC335 (both of which he likes), I cannot recommend him enough.",0,0,0,0,0,0,0,0,No clear workload signal.,No clear workload signal.
CMSC351_327,CMSC351,Justin Wyss-Gallifent,2025,5,My role model. Explains difficult concepts super well and an overall amazing person. Lectures were organized and notes were posted within minutes after. Could not recommend Justin more if you have the opportunity to take him.,0,0,0,0,0,0,0,0,No clear workload signal.,No clear workload signal.
CMSC411_031,CMSC411,Ilchul Yoon,2021,1,"I have put my blood, sweat, and tears into this class. Every week, I open my legal textbook PDF and read a good 30 pages of it in addition to watching Ilchuls absolutely disorganized, unintelligible, garbled lectures. We have a lovely 5 quizzes, 5 homework assignments, 2 midterms, and a programming assignment that seem to be on things that Ilchul has never spoken of during lectures. Luckily, he sometimes gives practice material that sometimes helps you prepare for midterms/quizzes. When I think about this class, I feel like 50lbs of burning coal have amassed onto my chest. That being said, Ilchul is extremely clever; he will always give us quizzes/midterms that are impossible to finish, but then give a brief apology and swear a soon-to-be reneged promise to make the next quiz/midterm more fair and doable.",0,1,1,0,0,0,1,0,"Every week, I open my legal textbook PDF and read a good 30 pages of it in addition to","Clear evidence supports exam heavy, homework heavy, disorganized course."
CMSC414_065,CMSC414,Dave Levin,2024,4,"Dave's an engaging lecturer and explains topics relatively well. His exams are fair, but he likes to throw some curveballs. The projects were not too difficult, but the TAs were awful. The only issue is that he's really bad with course organization. Projects and midterms have an extremely late turnaround which can get quite annoying. However, he makes it up by lowering cutoffs and giving extra credit (up to 5%). He covered some topics this semester such as ML security which didn't fit in the scope of the class, and he also didn't do the traditional build-it/break-it which was disappointing.",1,1,0,0,0,0,0,0,"The projects were not too difficult, but the TAs were awful.","Clear evidence supports project heavy, exam heavy."
CMSC417_035,CMSC417,Nirupam Roy,2024,5,"Incredible professor - very kind and I really enjoyed his class. Exams have plenty of extra credit, and the professor himself is very understanding.",0,0,0,0,0,0,0,0,No clear workload signal.,No clear workload signal.
CMSC420_179,CMSC420,Justin Wyss-Gallifent,2025,4,"Justin’s great! He’s very personable, understanding, and a great lecturer. What has become increasingly clear this semester, however, is his descent into madness as he strives to engineer a class so airtight that cheating itself becomes a scientific impossibility. I get that cheating is a problem, and Justin is 100% justified in trying to fight against it, but 7 MIDTERM EXAMS is the wrong approach. In his attempts to play God, Justin has made this class extremely stressful for me with his constant onslaught of exams. I want to stress that Justin is still a very good professor, hence my high rating, but he seems to be struggling recently with the recent wave of academic dishonesty, and is fully prepared to experiment with some crazy solutions to the problem. Beware; who knows what he’ll do next.",0,1,0,0,0,0,0,0,"What has become increasingly clear this semester, however, is his descent into madness as he strives to engineer a",Clear evidence supports exam heavy.
CMSC421_063,CMSC421,William Regli,2024,2,"Cool professor. The lectures and the notes are good and teach the concepts very well, and the exams are open note. Most of the pressure is on the projects. I'm giving this guy a horrible rating because the projects were just that bad, and the TAs were annoying. The programming assignments are not only worthless, a waste of time, and take way longer than they should, but they are also open-ended in all the wrong ways. I don't think he's disrespectful, but just a little bit autistic. I feel compelled to write this because there was just a fiasco where they changed an easy planning assignment multiple times due to a bug in the given library code, resulting in part of the project being changed from 'propositional planning' to 'software development bug-hunting', which was of course stupid and a waste of time. There was also a step in that assignment which was to modify the library for yourself in order to inject the desired behavior into the library, with no additional instructions beyond that. Why am I being tasked with software development in an AI class? AM's words from 'I Have No Mouth and I Must Scream' sums up how I feel about these programming assignments in general. They're not hard, but have far too high a proportion of time invested in busywork and unrelated tasks such as making 3000 graphs in Matplotlib than actually learning the concepts.",1,0,1,1,0,0,0,0,"The lectures and the notes are good and teach the concepts very well, and the exams are open note.","Clear evidence supports project heavy, homework heavy, time consuming."
CMSC422_033,CMSC422,Mohammad Nayeem Teli,2024,1,"This man somehow makes every topic he talks about the most boring thing in the world. I took this class because I thought I liked machine learning, but now, I'm not even sure if I like myself. I dreaded every Tuesday and Thursday knowing I would have to attend Teli's class. Every class, I could feel the life drain out of me. All I wanted was for him to stop talking, and when he did, the life came back. I swear the material is not that bad, it's just that his lectures are so egregiously slow and mind-numbing. He spends so long on one topic or answering one question, that you forget what the topic or question even was. I ended up dropping this class with a W not because it was hard, but because of how boring it was. He is honestly very easy, and it is very easy to get an A on everything, it's just that this class sucks. Perhaps I will take 422 in the future, just with a different professor.",0,0,0,0,0,0,0,0,No clear workload signal.,No clear workload signal.
CMSC424_078,CMSC424,Daniel Abadi,2024,1,"The review below me speaks volumes. This class was actually one of the worst ones I have ever taken at UMD, and I signed up under the pretense that it would be a fun, interesting class where I could focus on the actual content instead of spending hours on studying trivial details. Just to preface, I'm also a double major and my STAT420 course was literally so much easier than this class, and I would take that exam five times over instead of needing to study for this one. Here is a list of why this course is poorly structured. 1. The material at the beginning is super easy and ridiculously difficult at the end, so the split of the content is hard to keep up with. 2. The reading quizzes for each section in the textbook are graded for accuracy, and so are the in lecture participation quizzes. I get why the reading quizzes are on accuracy, but truly the in lecture ones are for participation so why is it possible to miss participation while I'm sitting in lecture? 3. The reading quizzes themselves are also super hard, with things that are tested that are not covered in the edge cases in the textbook. Why Abadi made it worse 1. He designs exams and projects that are egregiously difficult. The projects are based off on UC Berkeley's previous projects, and the codebase is so deep and complex and it feels like nobody knows what the project is fully doing. The first project was literally based on SQL with us learning the basics, but the project was asking us to write complex queries on things that we a. had not learned! and b. things that weren't in the dense textbook! 2. Every question on the exams was designed to be a gotcha question and he would take genuine joy in front of the class going over his carefully curated questions to trip you up. 3. The exams are literally designed for you to fail, and he also lets you know this very proudly on his announcements. What's the point of making an exam so insanely difficult and then curving it afterwards? I feel that this does not let you properly show your knowledge as it's almost all or nothing on these insanely hard questions, not a fully comprehensive exam where you can test the knowledge that you have been taught. For every question, you have to take what you learned and then manipulate it in some way that requires a deep knowledge of the underworkings of the algorithm (apologies Abadi for not making this class the center of my life, god forbid I'm taking other courses right now as well). 4. This guy is so, so smart and one of the leading minds in databases but he forgets that not everyone has a history of getting a PhD from MIT, made a commercialized database, and taught at Yale University for a decade.",1,1,0,1,0,0,1,0,He designs exams and projects that are egregiously difficult.,"Clear evidence supports project heavy, exam heavy, time consuming, disorganized course."
CMSC426_040,CMSC426,Jia-bin Huang,2024,1,"DONT TAKE THIS CLASS!!! you may be thinking ""but you expect to get an A"", yes but I can wholeheartedly tell you I dont know anything more about computer vision then i did when i entered. We learn ZERO code in class and this is NOT an exaggeration, the topic is simply too dense and to be learned in 1 semester. You sit in lecture to him talking to you as if you already know everything about the subject as he reads off slides that contains nothing but words and pictures of how images change from the algorithm used, while he ""explains"" the steps of the algorithm thats all he does. You spend at least 4 hrs just googling what functions must be used for the various steps, another 4 hrs trying to understanding how to use and connect the return values and then the last 58(a bit of an exaggeration)hrs trying to connect everything and debug. There were frequent and endless questions on piazza as people struggled with these projects to the point the professor stopped responding to posts and put it all on his TAs. The TAs were the only redeeming part of this class, they were awesome. Ive heard that SOME positive feedback from other professors, but if you care about your mental sanity do not take this guy.",0,0,0,0,0,0,0,0,No clear workload signal.,No clear workload signal.
CMSC430_031,CMSC430,Jose Calderon,2023,5,"This is a great class. I had 330 with Roger Eastman and thought it was super boring. This class is about 100 times better. José is very clear and knows a lot about compilers. I recommend skimming the notes for the week on Sunday before attending class. The projects are pretty easy in my opinion. The exams this year were take home and similar to a project. The pace can be kind of slow. Unfortunately, I don't think he will teach this class again, but if he ever comes back, I recommend choosing José.",0,0,0,0,0,0,0,0,No clear workload signal.,No clear workload signal.
CMSC433_007,CMSC433,Anwar Mamat,2018,4,I like anwar and he keeps class fun but the material is just kinda boring so it is hard to pay attention sometimes. The class feels like just memorizing a bunch of java libraries used for multi threading. Easy Class though and projects are not too bad.,0,0,0,0,0,0,0,0,No clear workload signal.,No clear workload signal.
CMSC434_024,CMSC434,Evan Golub,2023,1,"His assignments are the worst thing you will see at UMD. It's just one long piece of text where the things you need to do are scattered completely everywhere throughout the page. There's also no rubric, no examples, or any criteria you're supposed to follow. It's completely arbitrary the number of points he takes off or what he considers important. You could literally have the assignment page next to you and complete all the steps one by one and he would still find something wrong. The man has no time management skills. HE WAS STILL TEACHING NEW MATERIAL TWO DAYS BEFORE THE FINAL, and that material was going to be on the final. Also, class regularly went over by 5-7 minutes minimum. No structure, no time management, and arbitrary grading. GL",0,0,1,1,0,0,0,0,His assignments are the worst thing you will see at UMD. It's just one long piece of text where,"Clear evidence supports homework heavy, time consuming."
CMSC436_018,CMSC436,Michael Marsh,2023,5,"absolute goat. marsh made the class self paced - each proj had a soft deadline and was allowed resubmissions for a higher score(hard deadline is the end of the semester). lectures are posted on elms while class time is more q/a based where he goes over concepts. as long as you stay on top of the assignments, the class will be enjoyable and easy",0,0,1,1,0,0,0,0,"as long as you stay on top of the assignments, the class will be enjoyable and easy","Clear evidence supports homework heavy, time consuming."
CMSC451_060,CMSC451,Laxman Dhulipala,2024,5,"This professor is fantastic, and I would take any class taught by him. The homework (both written and programming) is challenging and time-consuming, but the course overall is manageable. Exams are medium-hard difficulty but fair. Both Laxman and the teaching assistants are super helpful and quick to respond. The lectures get complex sometimes, but that's expected with this class. You'll need to dedicate time outside of class to review lectures and read the textbook for a clearer understanding. Laxman genuinely cares about your learning, telling us to focus on learning while he takes care of our grades, and he really means it. His extensive industry experience really helps with understanding the applicability of the coursework. In my opinion, he's the best professor in the Computer Science department!",0,1,1,1,0,0,0,0,Exams are medium-hard difficulty but fair.,"Clear evidence supports exam heavy, homework heavy, time consuming."
CMSC456_037,CMSC456,Lawrence Washington,2023,4,"Great lecturer, very nice guy! Teaches very well but he is a little disorganized at times. Whether it was missing solutions on the keys for homework/exams or not posting lecture notes for weeks at a time, he made the course a little difficult to follow at times. I also was not a big fan of how exam heavy this class was being I believe 85-90% exams and 10% homework. Regardless though he is a very sweet and caring professor who lectures well. He is very reasonable with what he expects from you and is very clear in the topics he chooses to teach. I've heard this was his last time teaching undergrads but if you ever get a chance to take a course with him I would take it in a heartbeat.",0,1,1,0,0,0,1,0,Whether it was missing solutions on the keys for homework/exams or not posting lecture notes for weeks at a,"Clear evidence supports exam heavy, homework heavy, disorganized course."
INST326_054,INST326,Aric Bills,2025,1,Honestly I don't get why so many people praises this guy. His teaching style isnt for everybody. His deadlines are so odd like who puts deadline for 11pm and 9am? also 4 exams on paper thats written and its 35% of your grade. I wish i hadn't taken it with him. if you're good at python you should take his class,0,0,0,0,0,0,0,0,No clear workload signal.,No clear workload signal.
INST327_013,INST327,Iskander Lou,2023,3,"This class was one of the most painful classes that I have taken. Iskandor's lectures are more focused on trying to be your friend since he's a grad student than actually teaching. Most of the lecture is disorganized which makes the assignments more difficult to navigate. Most of the learning I did was with the AMPs and the TAs than his lectures. I would say to skip lectures but next semester, they will require attendance which is very frustrating since it's normally a waste of time. Also, there are so many group projects and they are incredibly painful since peer reviews have never deducted significantly to change behaviors, only if they do NO work, not significantly less. Overall, a painful requirement, but again I got an A so it's not that bad.",1,0,1,0,0,0,1,0,"Also, there are so many group projects and they are incredibly painful since peer reviews have never deducted significantly","Clear evidence supports project heavy, homework heavy, disorganized course."
MATH140_503,MATH140,Dong Quan Nguyen,2025,5,"I think I went to maybe 1 lecture every week, if that. Dong Quan is literally the goat. The practice exam he sends out is verbatim what the actual exam will be, he’ll usually literally just change the constant or smth. I personally didn’t really go to lectures because he does sometimes over complicate things but I would go for the exam review. You don’t need the textbook imo, I didn’t open it a single time. Your grade is so cushioned bc there’s a bunch of discussion worksheets in there (which r basically free 100s) and the exams r also basically guaranteed 100s, so it’s rlly just the final, which was also literally free bc there’s a UMD math test bank (all of the questions on the final were very similar to those of past exams). Overall everyone hyped this class up to be so hard but it’s genuinely not. TAs are also so so helpful.",0,1,1,0,0,0,0,0,"You don’t need the textbook imo, I didn’t open it a single time. Your grade is so cushioned bc","Clear evidence supports exam heavy, homework heavy."
MATH141_536,MATH141,Roohollah Ebrahimian,2025,5,"The goat. Posts videos online, has practice exams released to use to study that are actually super similar to the actual exams. Drops the 2 lowest quizzes, 2 lowest worksheets, and replaces your lowest exam grade with your final exam grade only IF you do better on the final exam. All his TA's are nice. Overall funny guy, good professor, and actually tries his best to help you end with a good grade.",0,0,0,0,0,0,0,0,No clear workload signal.,No clear workload signal.
MATH240_359,MATH240,Keith Mills,2025,3,"While Professor Mills was super nice and could answer any question with a fleshed out answer, his teaching style wasn't very effective. Often times attending the lectures would leave you more confused on the topic because of how fast he went through the material. If you already have a basic understanding of the class material or are good at math, you will do fine in his class. Otherwise, I wouldn't advise taking his class.",0,0,0,0,0,0,1,0,Often times attending the lectures would leave you more confused on the topic because of how fast he went,Clear evidence supports disorganized course.
MATH241_518,MATH241,Manoussos Grillakis,2026,1,"If you showed up after not sleeping for a week, faced the wall, and filled your ears with wax, you won't hurt your chances on learning a thing from his lectures. You would have better luck trying to reinvent this stuff yourself than learning from him. I literally couldn't learn anything from his abysmal nightmare of a teaching attempt, but I learned most things just fine from other teachers whose lectures I attended. Don't take him unless you already know everything very well, or are ready to teach yourself. Textbook's awful at teaching past chapter 13. Rarely tries to explain anything, mostly just says the symbols he is writing. Ahead of all other teachers, he keeps switching where he's writing, skips many steps, uses terrible notation, (worse of all, using the same notation for his points and his vectors). Half the time his mic isn't even working. I got ahead of his lectures sometimes, before I stopped showing up, and I often didn't realize until the end he was teaching me something I taught myself. There are only 2 midterms, typo heavy, both of which had 4 questions. 1st was a breeze, 2nd was rough. No other assignments besides the MATLABs, which were worth very little, and had almost no directions on how MATLAB even worked. Final (not written by him) is half your grade. No posted notes or review beyond the suggested problems in the textbook, and those problem sets have many typos. Didn't even post the date of the final, nor where we could find final exam info. (Exam slots can be found on TESTUDO)",0,0,0,0,1,0,0,0,"Don't take him unless you already know everything very well, or are ready to teach yourself.",Clear evidence supports self learning required.
MATH246_353,MATH246,Margaret Doucette,2025,4,"Differential Equations is not the most interesting math class and the pace of that class is insane but Margaret Doucette makes the class extremely fair and fully prepares you for anything you need to know. We cover an insane amount of materials every class but that is just how the course it but she made it very easy to understand and provided you with resources you need to catch up. The weekly quizzes were always not about quizzing us but about helping us learn the materials as the TAs just helped us solve the questions if we got stuck. She posted great lecture notes and practice midterms and final exams that fully prepared us for all the exams. Although I found the lectures tiresome and boring, I knew I had to attend since I would miss so much material otherwise. The exams themselves were super fair as I never needed to do work besides exam practice problems and listen to the lecture to succeed in the class. She also greatly improved at teaching throughout the semester, especially with the microphone and the paper notes (instead of the chalk) and I know that she will get much better over time. Overall, good teacher to get you through the class even though sometimes you will hate going to class. She truly cares about the success of her students and the flaws that she does have she can definitely improve on.",0,1,0,0,0,0,0,0,The weekly quizzes were always not about quizzing us but about helping us learn the materials as the TAs,Clear evidence supports exam heavy.
MATH310_061,MATH310,Sean Gruber,2024,5,my favorite professor ever (: cares about you understanding the material and is superrrr flexible with quizzes and exams. lectures are recorded most times and notes always updated. wish he could teach all my future math courses too,0,0,0,0,0,0,0,0,No clear workload signal.,No clear workload signal.
MATH401_094,MATH401,Wiseley Wong,2024,1,"3 midterms total. The first two are 25% of your grade each. The last is 10% of your grade and is a week before the final. The final was 20%. Which is bizarre how a single midterm is worth more than the final. Also 2 hours before he posted the final exam grade he said ""I forgot to mention that the final exam totaled to 130 points, so don't get too excited if you see a 100 on ELMS."" Which I think was just disrespectful. He had exam ""reviews"" but only few questions were relevant to the exam. There were questions on the exams that were not covered in lectures or homeworks.",0,0,0,0,0,0,0,0,No clear workload signal.,No clear workload signal.
MATH403_031,MATH403,Niranjan Ramachandran,2022,5,"Dr. Ramachandran is a wonderful professor. He's caring, nice, and it was a very interesting class. He was also quite accommodating if you were out sick. However, crazy exams-- 1st average C (reasonable, this exam was fine), 2nd average F, final average D. The last two exams seemed significantly harder than his older exams he showed us. I really felt like I understood things in office hours just to end up failing questions about the topic on the exams. The exams just were not like the homework or sometimes even his quiz questions. And I studied a lot for these exams-- at least 20 hours if not more for the final, which I actually got a D on. But, homework is heavily weighted in his class, so if you have a good study group and go to office hours often, you can make up for the exam grades. I made sure to spend a lot of time on the homework because of how much it counted. Overall I'd recommend him, but be prepared to have your confidence shaken. It is of note that he gave a lot of extra credit (I got at least 6% in EC) and also curved by at least 4%-- I got bumped from a final grade of a B to an A-.",0,1,1,1,0,0,0,0,"However, crazy exams-- 1st average C (reasonable, this exam was fine), 2nd average F, final average D.","Clear evidence supports exam heavy, homework heavy, time consuming."
MATH405_025,MATH405,Roohollah Ebrahimian,2024,5,"Dr. Ebrahimian is an excellent teacher. He's not particularly easy, but he's there for you if you ask for help. He cares a lot about teaching well and about students learning the material properly. This means his courses tend to be harder, but he also gives you plenty of resources to help them to be manageable. His lectures are quite good. He also makes his own notes, which may follow the text closely but with additional material and examples. He gives additional practice problems in addition to the (fairly sizeable) weekly homework. He pulls from {homework, practice problems} for his weekly quizzes. Attending lectures is important. He holds extensive office hours, holds review sessions before exams, and is available via email. He often gives the answers to the homework, quiz, and even exam questions (modulo some slight modification) between his lectures, review sessions, and rigid study guides. The course grades are typically not curved (or only lightly), so you have a good idea of where you stand throughout the course, but he does drop your lowest few quizzes and homeworks, and your final can supplant a midterm if you did poorly on one.",0,1,0,0,0,0,0,0,"He pulls from {homework, practice problems} for his weekly quizzes.",Clear evidence supports exam heavy.
MATH406_040,MATH406,Justin Wyss-Gallifent,2023,5,"I was taking MATH241/406 with Justin in Spring 2023. - MATH241: His lectures were straightforward to follow. Also, he made the quizzes/exams not too hard, so getting high scores would be easy. However, TAs wouldn't go over the discussion/quiz problems for the entire section; if you've ever felt lost, definitely ask for help (My TA was Luis, and he's super helpful). For grading, he dropped the 4 lowest quizzes at the end, and the final grade could replace the lowest midterm if it was higher. - MATH406: This is the most interesting class I've ever taken. The proofs were confusing sometimes, but he made it clear. Homework could be time-consuming but I did enjoy doing it. Exams are pretty similar to the practice.",0,1,1,1,0,0,1,0,"Also, he made the quizzes/exams not too hard, so getting high scores would be easy.","Clear evidence supports exam heavy, homework heavy, time consuming, disorganized course."
MATH410_104,MATH410,Jenna Zomback,2025,5,"Not bad for a first time! This class consisted of 3 exams and homework, weighted 60% and 40% respectively. Homework was graded mostly for completion (the grader usually graded only one question, and averages were around 95% for each). Exams were pretty difficult, though she adjusted for this as the class went on, as she didn't expect the first test to have a low average (62% iirc). She expects extremely well-written proofs, so especially if you came from a more lenient background, it can be quite jarring to lose points in places you don't expect. There is a small-ish curve at the end of the class (1.5% if I had to guess), and she also held two re-exams for the class, one to replace the first test grade, the second on a new topic to increase by the average of the lowest exam and retake (it was weird). Zomback is a pretty great lecturer, and she's always quite clear and willing to answer questions. Most of the concepts are technically rehashes of Calc 1 in a proof-based setting, so it's not usually that new, but she helps make things easier to parse through. She's also extremely helpful in office hours, and has always been able to answer the questions I had regarding Homework and Tests! The only two main gripes I would have with this class are the difficulty in really understanding how to write proofs perfectly and the re-exams in general. Because the homework is graded leniently, ironically enough, it makes the exams a bit harder (in my opinion), as you can't tell how to write proofs. Some people can probably write proofs well the first time, but it was quite difficult to freestyle, even if that's kind of part of the class. Also, I personally didn't like the re-exams (compared to a curve). This is mostly preference, but I could not do well on any re-exams for the life of me :/. They did increase the average, though, leading to medians of both exams being mid-80s. Overall, though, Professor Zomback is a great teacher!",0,1,1,0,0,0,0,0,"Exams were pretty difficult, though she adjusted for this as the class went on, as she didn't expect the","Clear evidence supports exam heavy, homework heavy."
MATH411_036,MATH411,Lei Chen,2024,2,"This class is VERY HARD. I spend roughly 20 hours a week on this class, but it was well paid-off. Unfortunately, while Dr. Chen is very sweet and nice, she is an extremely disorganized lecturer. Oftentimes it feels like she does no prep work before lecture and is figuring things out on the fly. She has weekly homework, which the average ends up being around 100% on. She does very hand-wavy proofs, but she's okay with you doing hand-wavy proofs too. I quit showing up to class and just learned from the Fitzpatrick book instead. The class is very fast paced, so be prepared to spend a lot of hours doing practice problems. The exams are fairly difficult, both ended up having an average of around 70%. She makes you prove theorems from the book on test, so you have to make sure you know how to prove the book's theorems as well, or at least have the general outline.",0,1,0,1,0,0,1,0,"The exams are fairly difficult, both ended up having an average of around 70%.","Clear evidence supports exam heavy, time consuming, disorganized course."
PHYS121_054,PHYS121,Zackaria Chacko,2024,4,"This class was odd. Chacko does not care in the slightest about this class, but with that he does not care enough to make you fail. His curve was the most insane curve I have ever seen in a class, which makes up for his lack of enthusiasm about teaching. Here is a basic breakdown of his grading policy/class Labs- Labs are pretty terrible, but he didn’t write the lab manual and I’m pretty sure that’s out of his control. They are worth 20% of your grade, but if you score over a 75% average on the reports that counts as a 100% Homework- These can be really easy or really suck. He’s uses the platform ExpertTA which is the worst, however about half of the test comes directly from the homework just with different numbers so I recommend doing it. Homework is with 20% of your grade, but if you get over a 66.7% that counts as a 100% Midterms- There were only two midterms, each worth 15% of your grade, and most of the problems come directly from the homework. The problems that don’t come from the homework you will not be able to solve :') Final- The final is literally just an extra midterm but worth 30% of your grade. Same format, noncumulative Quizzes- Discussion quizzes are all extra credit and can add on 5% to your grade. There are 12 of them, worth 2 points each, and if you get 20/24 points that counts as the full 5% So while this class is painfully confusing the curve makes up for it. By the time the final came around, if I just didn’t take it I would have had a B and I only had a 70% average on the tests. Other people had 50% averages on the exams and still would have passed if they didn’t take the final. Also the grades on canvas aren’t your actual grade which is kinda annoying, by my angel of a TA made us a grading calculator. If you have a bad TA this class may be terrible, I genuinely think my TA is who made my experience bearable. I love you Ina <3",0,1,0,0,0,0,1,0,"They are worth 20% of your grade, but if you score over a 75% average on the reports that","Clear evidence supports exam heavy, disorganized course."
PHYS131_045,PHYS131,David Buehrle,2024,2,"This class is a mess. Lecture/exams: The lectures do not adequately prepare you for exams, because he teaches only the most basic version of the material and then tests you on much harder questions on the exam, with no prep for that kind of question. The exams are also disastrous in other ways - most of the class got many points off the first exam for not justifying their answers (which it says to do only on the cover page among many other instructions) and there was an error on one of the exam answer keys that was used to grade the exams. The entire class does very poorly on all the exams but they are curved very generously so you basically can’t fail. I wish he’d actually teach so we can succeed instead of curving everyone that much but I am grateful for my grade at least. The workload is semi-high but I think reasonable. Lectures are recorded so you can watch later, but there are clicker questions for participation points. Lab: The lab is probably the worst part. You work in the same group of 4 for the entire semester (so choose carefully on the first day!) You start with an hour of recitation, which is just completing a worksheet that my TA never checked or went over. You then move on to the lab, all of which are not good. If you get to choose, do the coffee filter lab instead of the marble lab, because it takes half the time. It’s completely absurd to give half the class a much more lengthy lab than the other half the class, but you’ll get used to that absurdity when you take this class. The lab reports are unpleasant and you can’t count on your TA to be super competent. Good luck. Professor: One of my least favorite professors. He’s a decently good lecturer, and sounds passionate and friendly while lecturing, but when you actually talk to him he is rude and condescending. Can be a good lesson in standing up for yourself. Summary: you probably have to take this class for your major, and I’m sorry for that. It probably won’t be fun, but hey, you very likely will get at least an A-. Just look at the grade data and thank the curve.",0,0,1,1,0,0,0,0,"You then move on to the lab, all of which are not good. If you get to choose, do","Clear evidence supports homework heavy, time consuming."
PHYS132_010,PHYS132,David Buehrle,2022,5,"Dave Buehrle is a legend. He may seem intimidating at first through lecture or email, but I promise you he is a genuinely nice professor and person. His lecture is engaging and interesting, and I promise you will learn a lot of useful information. The grading is setup so that as long as you put in effort you will NOT fail. I'm not sure what these other reviews are about, but definitely chose this professor and come ready to class.",0,0,0,0,0,0,0,1,The grading is setup so that as long as you put in effort you will NOT fail.,Clear evidence supports fair but strict.
PHYS260_176,PHYS260,Wendell Hill,2025,1,"Very poor lecturer, teaches class over slides and writes on them but his handwriting is terrible and impossible to understand, he left multiple times over the semester for research, class was behind schedule the entire time. His tests are so weirdly difficult and unordinary, i looked at some of my friends tests who were taking other professors and they were actually understandable. the first year he comes back to teach 260 and writes a large part of the final it has a 48% average... would not recommend taking his class at all, or believing the few positive reviews lol.",0,1,0,0,0,0,1,0,"His tests are so weirdly difficult and unordinary, i looked at some of my friends tests who were taking","Clear evidence supports exam heavy, disorganized course."
PHYS270_064,PHYS270,Drew Baden,2025,5,Best professor ever classes is curved. Final exam is really easy lectures are engaging 10 / 10 would recommend.,0,0,0,0,0,0,0,0,No clear workload signal.,No clear workload signal.
PHYS371_001,PHYS371,Manuel Franco Sevilla,2020,1,Literally the worst physics professor. Taking his class is like getting a root canal.,0,0,0,0,0,0,0,0,No clear workload signal.,No clear workload signal.
STAT100_211,STAT100,Matthew Griffin,2025,5,"Makes the class so easy he gives you all the formulas during the tests, He goes over how to do things during classes multiple times, gives you practice exams to study which are almost exactly like the final exam, only thing is that attendance is mandatory for classwork",0,0,0,0,0,0,0,0,No clear workload signal.,No clear workload signal.
STAT400_453,STAT400,Shixin Zheng,2025,1,"Usually I do not leave reviews until the course is over, but so far this class is a total MESS. The homework is insanely hard competition math - style questions that are graded on accuracy with no preparation for them. We have weekly quizzes that are pretty easy but there is basically no way to prepare for them and they vary based on TA so this class has one TA that gives easy quizzes while another that gives harder quizzes. The professor has very messy handwriting and on top of that his lectures are all over the place with him sometimes going too slow and rambling on about theories and other times speeding through problems with minimal explanation. Finally, his exam preparation is literally non existent. There are no practice exams provided, the information about the exam is thrown out last minute, and when he did release some practice problems he couldn't even articulate the point of doing them as he said they weren't similar to the exam problems in style or difficulty. I have done a ton of STAT and MATH classes before and this class is an absolute joke and a total disaster so far.",0,1,1,0,0,0,1,0,We have weekly quizzes that are pretty easy but there is basically no way to prepare for them and,"Clear evidence supports exam heavy, homework heavy, disorganized course."
STAT401_063,STAT401,Archana Khurana,2024,5,"As others have said, Archana is a very very kind person (regardless of what you think about her teaching). She tries to get to know every student in class, especially those who go to lecture and remain active in office hours. She has lectures which are pretty well organized. She first explains some of the theoretical concepts, and then does some textbook problems on the board or on chalk. She has this raw and updated lecture note system which you'll learn more about if you take her course that is pretty helpful for some (for me, I never had the time to look at the notes before most lectures in the first place and didn't have an iPad so it wasn't particularly remarkable). If you don't use an IPad to take notes, definitely go to her office prior to class to get print-outs of the notes so you can have some of the notes already there that way you won't have to write problems or long theorems that she won't spend more than 2-3 minutes on by hand. Regarding her teaching, I will say there are times where it feels like she doesn't know the topic in depth (especially in stats). For example, she struggled to explain Bessel's correction for sample standard deviation the first time it was taught in class. This doesn't interfere to teach what she thinks is necessary for the course and exams, but it gives off a murky vibe if you're interested in going a bit more beyond surface depth of what's taught in the course and if that interest comes out in the form of asking more complicated questions in class, especially for some of the things in the hypothesis-test section of the course. There are typically quizzes and worksheets in the class that are done on ELMS/Canvas every lecture or so with some being graded and others being for practice. Archana tends to be lenient about this but it can be a pain in the ass to do sometimes, especially because (this is a me thing specifically), I would get lazy and just use GPT or some other thing to do them instead of doing them by hand. There are also projects in the course, but I also used GPT on those. While they give real world applications to what is being taught in the class, they're really just extra work that doesn't correlate with the exams and some of the material we need to know so a lot of people would do the least amount of work possible for them. Now, it is also worth mentioning, I do fundamentally dislike the curriculum for the course. It is pretty much ALL performing hypothesis tests, which are rarely performed anymore by hand (yay for computers). So, you end up getting an extremely in-depth introduction to how to use various hypothesis tests to understand and analyze different data trends, but a lot of this information is useless in modern day statistics simply because machines can do a lot of it for us. While she strived to give a big picture analysis of how to use the techniques (something that would last a lot longer than the individual mathematical techniques we learned to perform each of the tests in the class), I will say that the impression I got was that the class was simply focussed on performing many of these tests by hand and not taking a set of data and deciding what to do with it in order to determine the trends. I would have preferred if we maybe cut the time we spent on discussing how to compute various sources of error, and strict computations of the different hypothesis tests (during the course, you will study one-sample and two-sample z-tests for means and proportion, t-tests for means, confidence intervals, power and error in various tests, anova tests, chi-squared error of tests, error of linear regression with normal residuals, and using the central limit theorem to discuss normal random variables or random variables that converge to the normal distribution), and instead discussed how to decide which statistical tests to use for a given set of data, and how to run such experiments: for example, ""how would you go about setting a statistical procedure to get data for determining whether this new feature increases user engagement on a site?"". Learning a bit more about sampling (just an introduction), deciding how to filter data, and then picking the hypothesis test and describing the procedure, would have probably been more helpful for your average person who might go into a stats/data-science field in their life at this point of time with technology. This all being said, this is a very very common thing among all STAT401 courses and I suspect this is more of a departmental curriculum thing than it is Archana's fault. Thus, I will not take this out on her rating. BUT, if you're a student, be prepared that the class is heavily computation-focussed, and you will have to learn how to apply some of the techniques to broad data on your own, or in other CMSC/STAT classless such as STAT440, CMSC320, CMSC471, etc The last thing that is worth mentioning about Archana is that, especially in my semester, she sometimes did call people out in class. If you weren't paying attention, she would probably ask ""why weren't you paying attention"" or something in a kind way (not aggressive at all and you can definitely say ""I don't know""). During exams, she would sometimes say how specific individuals did -- let's suppose there is a student named ""Arnav"" in the class, she might say something like ""Arnav, you didn't get that topic on the exam, why did you not get it? Did you not prepare and do the practice problems? Were you not slow enough on the exam?""... things like that can sometimes be huge turn-offs for those who really respect their privacy on exams. She is NEVER doing this out of malice however, and you will notice that even if she does it, she's doing it in a respectful and encouraging way trying to uplift and encourage students to put more time and effort in the course. Just something worth noting for shy students. Overall, Archana is a very kind person, and you should definitely get to know her regardless of your interest, performance, and participation in the class by going to her office hours and simply showing up at every lecture and striving to sit in the front and remain somewhat engaged. Her accent is absolutely fine and easy to understand, and you're going to learn a lot in the course.",0,0,0,0,0,0,0,0,No clear workload signal.,No clear workload signal.
STAT410_095,STAT410,Yun Yang,2025,5,"Great lecturer. He goes through every detail and doesn't assume you know it just because you're in a high-level math class. 5-min break in class. This course, at least taught by Dr. Yang, is not a hard course. It's still mostly calculation with some proofs sprinkled in. Everything is fair and you even get a homework drop. Homeworks are from the textbook so answers can be checked online. He hopefully fixes this but the first three weeks were set theory. Then it's a bunch of CMSC250 (Combinatorics) review. I only got to real new content when we hit random variables, and even then it went at such a nice pace that this was my easiest class the entire semester. Very straightforward, answers all questions, explains things clearly, nice proofs. He actually makes slideshows! Instead of just stating theorems and definitions. You have 2 weeks each to do 7 homework assignments. Each one is 10 questions and I get them done in a few hours. I am a CS major and wouldn't say I'm a math genius. It's still mostly calculation and have basic logical thinking for the proofs. I didn't ever have to think hard about the theoretical homework questions because it tended to just be some algebra or something straight from my notes from class. Would highly recommend for a nice relaxing valuable course.",0,0,1,0,0,0,0,0,I didn't ever have to think hard about the theoretical homework questions because it tended to just be some,Clear evidence supports homework heavy.
STAT420_012,STAT420,Jian Lun Xu,2023,5,"Lecture are kind of hard to follow, but he clearly emphasizes what he wants you to know for exams. Exams are very similar to the ones from past years. Responds to emails very quickly and tries to help as much as possible.",0,1,0,0,0,0,0,0,"Lecture are kind of hard to follow, but he clearly emphasizes what he wants you to know for exams.",Clear evidence supports exam heavy.
STAT430_026,STAT430,Susan Mazzullo,2023,5,"Makes this class super easy, all the answers are on her class notes and homework. The classwork and homework that you do just builds muscle memory for you to instantly do well on a midterm or final. Free a",0,0,0,0,0,0,0,0,No clear workload signal.,No clear workload signal.
BSCI160_570,BSCI160,Jessica Mutz,2025,5,"idk why all the other reviews are hating on her, i thought she was a great professor. she seems to genuinely enjoy the content she's teaching about, is very approachable, and is not condescending when answering questions. her exams are similar to the practice ones she gives, and if you study you will do well. i don't thinks she really has questions that ""trick"" you; if you read carefully and understand the content the midterms aren't hard. also, she may have changed this but mcq js go from A-D now. there's no curve on midterms but she drops the lowest score out of the 3 you take. there are a lot of opportunities to get ""free"" points through hw readings, quizzes (that are online), and simbio tutorials.",0,1,1,0,0,1,0,0,"she seems to genuinely enjoy the content she's teaching about, is very approachable, and is not condescending when answering","Clear evidence supports exam heavy, homework heavy, harsh grading."
BSCI161_008,BSCI161,Hans Lemke,2022,4,"Didn't meet or hear from Lemke the entire (in-person) lab, but that isn't necessarily a bad thing - I had no issues with the class so I never had to contact him. The only person I knew was the TA, who was great - Krisztina Christmon. The labs were usually easy, especially if you already have experience with pipettes and spectrophotometry. You don't exactly need to know how to code in R before taking this lab, but they do expect you to use R for some of the labs and it will be helpful to learn a bit of R before enrolling. Every lab is a group project, which may or may not be good to you. There are some outside-of-class projects you have to do, but they are usually simple enough and don't require too much work.",0,0,0,0,0,0,0,0,No clear workload signal.,No clear workload signal.
BSCI170_293,BSCI170,Cordelia Weiss,2025,5,"She is amazing, plz take her if you can. She is young, funny, and very passionate about the subject. Her lectures slides have all the info and she puts key points at the beginning to know, so memorize them and know how to answer them and you will be more than fine. If you don't understand something, please go to her. She will explain it to you and even took me to her office to break it down even more one on one. She even offerred to meet on zoom if I was still confused. PLZ take her, she really makes an effort to know everyone especially if you just approach her.",0,0,0,0,0,0,1,0,She even offerred to meet on zoom if I was still confused.,Clear evidence supports disorganized course.
BSCI171_061,BSCI171,Joshua Ha,2025,5,"Josh is truly one of the best. He's always patient, explains things clearly, and will work with you if you don't understand. He truly cares about every student he TAs, and it shows in how he brings himself to the lab every week. In addition to all course material, he keeps everyone's attention, and most everyone in my section—like the other review says—was happy to participate in anything he asked us to do. I'm a STEM major, but even the non-STEM majors could follow easily and clearly grasp what we did, because of how he taught the material. If Josh is available, take him! You won't regret it.",0,0,1,0,0,0,0,0,"He truly cares about every student he TAs, and it shows in how he brings himself to the lab",Clear evidence supports homework heavy.
BSCI201_097,BSCI201,Justicia Opoku-Edusei,2025,5,"Dr. Opoku is not only a wonderful lecturer but incredibly organized and WANTS her students to succeed. What is on her slides, you will see on the exams. She also provides study guides for each exam, do these!! BSCI201 is not meant to be an easy course however, if you put in the time you will do great, especially with the help of Dr. Opoku.",0,0,0,0,0,0,0,0,No clear workload signal.,No clear workload signal.
BSCI202_012,BSCI202,Sara Lombardi,2023,1,If you want to rewatch lectures multiple times at 0.5x speed then this is the professor for you !,0,0,0,0,0,0,0,0,No clear workload signal.,No clear workload signal.
BSCI207_194,BSCI207,Karen Carleton,2025,3,"Honestly, Carleton is a nice professor. She seems like she cares about her students and is very approachable. But this class is literally just a bunch of random facts and information spit at you. Her lectures are pretty boring and she's very monotone but goes super fast so it's hard to keep up/stay focused. I stopped coming to lectures and started watching the lecture panopto videos, which was helpful. The exams are no where near as detailed as the info in her lectures which makes it hard to study because you can never really tell what will be on the exam. She does let you have cheat sheets but most of the time, unless I put literally every single thing on the cheatsheet, I barely use it. If you can take any other bio class, do that.",0,1,0,0,0,0,0,0,The exams are no where near as detailed as the info in her lectures which makes it hard to,Clear evidence supports exam heavy.
BSCI222_244,BSCI222,Jessica Mutz,2025,3,"OKAY guys She's not really that bad.... She is an awful teacher which makes the class very boring but her PowerPoints (which are always published) are good and the textbook is good too, so if you're someone who can teach yourself, you'll do just fine. Additionally, her quizzes are fair and good practice, along with a good grade buffer. There are a few assignments plus the lab mixed in to help offset an exam grade. And for the exams, they aren't as bad as they could be, but they aren't perfect either. The practice exams she gives are very similar and pretty much identical format to each exam which is good. The only think is some of her questions are hard to understand what exactly she's asking. I get frustrated because I'll be sitting there and I know the content but I do not understand what she is trying to write. If I went back in time to my course registration I WOULD take her again, but I am also a pretty good self-teacher, so just keep that in mind and good luck!",0,1,0,0,1,0,0,0,She is an awful teacher which makes the class very boring but her PowerPoints (which are always published) are,"Clear evidence supports exam heavy, self learning required."
BSCI223_073,BSCI223,John Buchner,2025,1,"All I have to say about Buchner is that he might actually be losing his mind (as proven during the Spring 2025 BSCI223 course). If you're taking microbio take it with Tran or at least any semester Buchner isn't teaching. No help reviewing for any of the exams (all 3 of which were wack) and flipped-style lectures that are comprised of 50-minute in-person rambles about measles, HIV, and other unrelated BS. He sucked this semester good luck doing well in this class if you take him",0,0,0,0,0,0,0,0,No clear workload signal.,No clear workload signal.
BSCI330_150,BSCI330,Kenneth Frauwirth,2025,4,"As a person, he's really sweet and most of the time just wants someone to talk to. He will also occasionally make references to his interests (Doctor Who, Star Trek, etc.). His teaching style is, unfortunately, a little disorganized. He tends to jump around a lot while he's talking and also goes into insane detail on some topics he finds interesting, but never tests you on them. However, his office hours are always open if you want to ask questions, and he's very nice if you approach him. Exam averages were in the mid/high B range, which is not bad for an upper-level bio class. The final was a bit harder though because he expects you to remember tiny details across everything he taught, so the average on the final was a C. He does use tophat to track attendance, but so many people don't show up that he can't track it anyway. He also tends to make jokes during class, and it's followed by painfully awkward silence, so if you take him in the future, please just give him a pity laugh or two T_T. How annoying the lab is depends entirely on your TA. My TA was incredibly petty and quite frankly, not that competent because I once asked him a question, and he used ChatGPT to answer it and gave me the wrong answer. Overall, the class isn't bad, and most people tend to do fine.",0,1,1,0,0,0,1,0,He tends to jump around a lot while he's talking and also goes into insane detail on some topics,"Clear evidence supports exam heavy, homework heavy, disorganized course."
BSCI353_026,BSCI353,Melissa Caras,2022,5,The bad reviews are trippin: It's neuroscience y'all it's hard but ask questions and understand mechanisms and you will do fine and learn!!! Caras is an extremely helpful professor,0,0,0,0,0,0,0,0,No clear workload signal.,No clear workload signal.
BSCI410_102,BSCI410,Louisa Wu,2025,1,"Dr. Wu is nice, but she is not a competent lecturer in the slightest. Her slides are abysmal and either have walls of text or diagrams with 0 explanations as to their purpose in the overall lecture. Her lecturing could make up for this if it weren't for her constant ""um""s, ""I don't know""s, ""I guess""s, and ""I think""s which make her very hard to listen to while she re-remembers what she meant to talk about, reading off the slide text and providing barely surface level explanations for core concepts you're expected to know, and rushing through several slides with enormous amounts of info in the span of seconds. She likes starting a new topic on each day, so she will click through slides in favor of finishing the lecture rather than teaching the content thoroughly. Her extra credit on exams is probably as generous as it is because she realizes her teaching is lacking. She also makes comments mid lecture addressing what people say about her class, ex. how fast she goes through lectures or her class structure (and responds out loud to us with things like ""haters gonna hate""), which makes me think she must be reading these reviews and refusing to take criticism and implement changes. Since she will not be changing anytime soon and if you are forced to take her, I would recommend taking notes on the *things she says out loud* (if you can manage to decipher it live, otherwise use the recording), and then rewrite these notes later in a more organized format for review (and combine these notes with the slide text). This way you can see things she will never elucidate in lecture and it gives you time to search up vocab on her slides that she will not define in a comprehensible way. I would also make a really good review sheet because the exams are open note.",0,0,0,0,0,0,0,0,No clear workload signal.,No clear workload signal.
CHEM131_518,CHEM131,Lee Friedman,2025,2,"Not an impossible class but definitely something you have to work for. Studying for tests less than two days before is not a good idea. It was hard to attend lectures because it was 8AM, I think if I attended more I could have done better. Be sure to utilize every resource he provides (ESPECIALLY the practice tests), because he doesn't provide many. The course and tests gets harder as the semester goes on, so make sure you don't lose any momentum.",0,1,0,0,0,0,0,0,Not an impossible class but definitely something you have to work for. Studying for tests less than two days,Clear evidence supports exam heavy.
CHEM132_068,CHEM132,Christiana Guest,2025,2,"Class is very disorganized, assignments are never graded on time.Honestly if you get a good TA you'll enjoy the class.",0,0,0,0,0,0,1,0,"Class is very disorganized, assignments are never graded on time.Honestly if you get a good TA you'll enjoy the",Clear evidence supports disorganized course.
CHEM135_426,CHEM135,Andrei Vedernikov,2026,3,"Cant hate the teacher, hate the class. He mumbles during lectures and you wont get anything out of the ancient slides. But every chem135 teacher kind of sucks. He is the best of the pack.",0,0,0,0,0,0,0,0,No clear workload signal.,No clear workload signal.
CHEM231_417,CHEM231,Monique Koppel,2025,4,"Organic Chemistry is a complicated course, and nothing is going to make it easier. This course is more about understanding than CHEM131. Dr. Koppel has definitely made CHEM231 better after my awful experience with CHEM131. Her homework can be a bit challenging, but it does help with understanding the materials. I recommend doing your homework two weeks before the due dates. Koppel also does some practice problems during the lecture, but don't just rely on those practice problems; definitely go through ELMS and try out other practice problems that she posted, and try her practice exams. Organic Chemistry as a Second Language textbook/PDF is going to help you a lot. She gives generous curves/cut-offs, so that is a plus. Her exams are fair. The averages for midterms are usually around 60% and the final is around 46-55%. Her curves/cut-offs depend on the performance of the whole class, so if you want to do well in this class, definitely study a lot, practice mechanisms (understand how the mechanisms work and why), and ask questions. Try to get a little above the class average, and you will pass the course.",0,0,1,0,0,0,0,0,"Her homework can be a bit challenging, but it does help with understanding the materials.",Clear evidence supports homework heavy.
CHEM232_058,CHEM232,Monique Koppel,2025,4,"This course tends to have outdated information. Lab manuals don’t provide as much detail as gen chem 1. Watch pre-lab videos as the expectation for the lab is you know what you are doing. Labs tend to run pretty long, especially with some experiments having a long wait time. Start your lab and ask your questions as soon as possible. Pre-labs were pretty easy and done in first 5 mins of class. Your lab manual questions are graded leniently -- complete them, show effort, and you are guaranteed 100%. PLQ’s were manageable, though I recommend speaking with your TA. TAQ’s were pretty brutal and you have about 10-15 mins. The practical quiz was not bad, know your apparatus/set-ups, techniques, and common errors in set-up -- you should be fine, unless there are changes to the practical. My ~79% rounded up to a B+. Do not get discouraged!",0,0,1,1,0,0,0,0,Lab manuals don’t provide as much detail as gen chem 1. Watch pre-lab videos as the expectation for the,"Clear evidence supports homework heavy, time consuming."
CHEM241_250,CHEM241,Lai-Xi Wang,2025,2,"I have seen the greatest minds of our time crumble before organic chemistry 2. Dr. Wang is like an okay teacher I feel like it's just that the course is really hard and I feel like he doesn't give nearly enough practice. He does provide optional ungraded homeworks, but they are not representative of the test. The practice exam was the only real practice, and I feel like the homework was a waste of time. Orgo2 is the hardest course I have ever taken in my entire life, but I still think Dr. Wang isn't that bad I just think the course is evil. From what I've heard, Isaacs and Davis were worse somehow? It's hard to fathom but I believe it. Should I even be passing? I don't know. I don't even think I learned anything all semester. Also, 2 exams and a final are the only grades! This is psychological TORTURE. Imagine your entire grade hinging on each test. Horrible.",0,1,1,0,0,0,0,0,Wang is like an okay teacher I feel like it's just that the course is really hard and I,"Clear evidence supports exam heavy, homework heavy."
CHEM242_005,CHEM242,Lee Friedman,2020,3,"I think Friedman is a dedicated professor who teaches a difficult class. CHEM242 online was highly organized, and assignments and grades were posted promptly. He was very helpful in office hours and responds promptly to emails. But his exams hardly test you on the experiments, instead they test whether you've been paying attention in CHEM241/231/131 lecture. Yes, he tests some material from prior classes. In other words they're not really reflective of what you're supposed to learn in CHEM242. Although he curves to compensate for his exams, they're just hard to study for. Good luck.",0,1,1,1,0,0,0,0,"Although he curves to compensate for his exams, they're just hard to study for.","Clear evidence supports exam heavy, homework heavy, time consuming."
CHEM271_221,CHEM271,Jason Kahn,2025,2,"He focuses on concepts way too much but never gives concrete concepts or examples in his slides. He does record, but the videos and his handwriting are indecipherable. Do not expect to get make-up work graded in a timely manner. He will show you his prized MatLab programs in class but will not explain the real content of the class. His exams are god awful and there is absolutely nothing you can do to get 100% because he explicitly states he makes it so you cannot get one. Pay special attention to his wording on questions to know what he is looking for and maybe subtle hints he gives. He also said one concept would not be on the final in his review session and put a 10 point question on it! I highly recommend watching YouTube videos to self teach for this class. The only reason I am giving 2 stars is because he will go over your final with you if you believe you deserve points back and is very generous in that sense.",0,1,0,0,1,0,0,0,His exams are god awful and there is absolutely nothing you can do to get 100% because he explicitly,"Clear evidence supports exam heavy, self learning required."
CHEM272_035,CHEM272,Amanda Schech,2023,5,"I think the best part about Dr. Schech is she actually sounds like she wants to teach and isn't monotone during her lectures. She does a pretty good job breaking down the information in the lectures and how to do all the calculations. I don't know if she does it for every semester, but she recorded lectures as well which is a huge benefit for people who can't process/understand everything during the initial lecture. Lab reports take a while and have a ton of calculations, but she grades fairly and the exams are also pretty fair if you just understand the study guides and optional pre-lab walk throughs for each lab report. She also showed her face a couple times during our actual lab portions to check up on if the labs are going well which is pretty rare from a lab coordinator TBH. Also, she understands that not every lab is gonna go perfect so she cares more about the process/calculations behind our answers and not always necessarily if our data is correct. Overall, the class is a lot of work but as long as you just go to or watch the lectures as well as do the optional pre-lab walkthroughs you should be able to understand everything as well as do good on the exams.",0,0,1,1,0,0,0,1,She also showed her face a couple times during our actual lab portions to check up on if the,"Clear evidence supports homework heavy, time consuming, fair but strict."
CMSC131_414,CMSC131,Pedram Sadeghian,2025,3,"Pedram's lectures are a bit boring, he just goes over the slides, but he does go through everything and the material is pretty simple. In the course we had 5 quizzes and 3 midterms. The quizzes are pretty easy, but the tests are a bit harder. Every week he gives a project assignment which is not to difficult and should be free points for your grade. TA discussions are very helpful and they review before tests and quizzes. I would give Pedram a 3.5 stars.",1,1,1,0,0,0,0,0,Every week he gives a project assignment which is not to difficult and should be free points for your,"Clear evidence supports project heavy, exam heavy, homework heavy."
CMSC132_466,CMSC132,Larry Herman,2025,5,"I think Mr. Larry gets too much hate for not letting students use your phone in class, and he will call you out if he sees you. However he is a very good lecturer and I found his class to be difficult but rewarding and I think he prepares you much better for later courses than other professors for 132.",0,0,0,0,0,0,0,1,However he is a very good lecturer and I found his class to be difficult but rewarding and I,Clear evidence supports fair but strict.
CMSC216_431,CMSC216,Larry Herman,2025,2,"Do not take his class. Extremely boring lecturer who goes incredibly in depth on the topics and then expects you to pull out the most random piece of knowledge for his exams. His exams are also incredibly difficult, and he will punish you for not knowing the material by taking off additional points if you get some questions wrong. He then has the audacity to be surprised at why the class average is so low. You also can't skip class because there is a slight possibility of a worksheet in class, which is ultimately useless if you haven't been keeping up in the first place. The most I ever learned from this class was by doing the projects (they did teach me a lot about programming in C). Still, he also makes them incredibly over the top, and his directions are unclear, including unnecessary sentences, detracting from the main requirements or criteria you need to follow. That being said, his projects were generally easy to complete or learn to complete.",0,1,1,0,0,0,1,0,Do not take his class. Extremely boring lecturer who goes incredibly in depth on the topics and then expects,"Clear evidence supports exam heavy, homework heavy, disorganized course."
CMSC250_488,CMSC250,Maksym Morawski,2025,3,"Maksym seems to be a very chill, albeit lazy, professor. The workload in his class is quite small, and he has a GOATED grading system with 40% homework, 10% discussions, and 50% exams. Do well on the hmws so that even if you mess up on the exams, your grade isn't going to sink like the Titanic",0,0,0,0,0,0,0,0,No clear workload signal.,No clear workload signal.
CMSC320_198,CMSC320,Maksym Morawski,2025,4,"He is a very nice guy that has great insight on many interesting tech topics. The class is structured alright. He posts slides, however sometimes goes off from the slides so it is important to go to lecture. His exams are on the medium-hard side. They are are about truly understanding the topics and not just memorizing the slides. Some of the questions tend to not be too specific causing more confusion. If you have a passion for data science or any of the topics taught then you will be fine. The homeworks are pretty open ended and the means are high. They are not too complicated. There is many opportunities to get extra credit. Answering hard questions, submitting photos studying with others, taking notes, and doing exceptionally well on homeworks and exams. Overall, he is a great guy who you can tell cares deeply about the topics he teaches. This class is so great for learning about the real world applications of topics. If you put time into coming to lecture, doing the homeworks, and studying well for the exams you will be able to get a B at the minimum.",0,1,1,0,0,0,0,0,His exams are on the medium-hard side.,"Clear evidence supports exam heavy, homework heavy."
CMSC330_241,CMSC330,Anwar Mamat,2025,4,"Guy with the review below is straight up lying lol, Anwar recorded and posted every single lecture video, found under Panopto Recordings in ELMS, I am really not sure why he is saying he didn't use lecture recordings.",0,0,0,0,0,0,0,0,No clear workload signal.,No clear workload signal.
CMSC335_011,CMSC335,Nelson Padua-Perez,2023,5,Great class! Good if you want an introduction to Web Development. Also good if you need an extra CS class that's not too difficult or time-consuming. Lectures are optional and if you skip them you'll be fine because the material is all online. The exams were easy and the projects were easy also and not too time-consuming.,1,0,0,1,0,0,0,0,The exams were easy and the projects were easy also and not too time-consuming.,"Clear evidence supports project heavy, time consuming."
CMSC351_324,CMSC351,Clyde Kruskal,2025,1,"before i start this review, all the people that say this class isnt that hard or ""just get above the avg and you can get an A"" as if thats easy is just all BS... maybe its just my sem but literally this was the hardest and most uncoordinated course i have ever taken, even after finals i dont even have assignments graded that was due back in February so I dont even know my grade right now. The exams were very hard but just try your best to stay in the standard dev or avg. An annoying thing was how many people were cheating during the exam which was increasing the average like someone was on chatgpt during the whole exam and the TAs did not even care. DONT GET ME STARTED ON THAT FINAL EXAM... not even joking or exaggerating one bit but that final exam was the hardest exam i have ever taken in my entire life, also kruskal didnt put out final study material until 5 DAYS BEFORE THE FINAL which is insane to me, and even after studying i felt like nothing on the final was remotely close to what we practiced in class. AND HE DOES NOT EVEN GIVE PARTIAL CREDIT so dont expect him to be generous in the grading, unless hes ur absolute LAST OPTION, DO NOT TAKE KRUSKALLLL",0,1,1,0,0,0,0,0,"before i start this review, all the people that say this class isnt that hard or ""just get above","Clear evidence supports exam heavy, homework heavy."
CMSC411_029,CMSC411,Michelle Hugue,2021,1,"Horrible. Absolutely horrible. No idea how the department still has her on staff, given the abysmal experiences in her classes.",0,0,0,0,0,0,0,0,No clear workload signal.,No clear workload signal.
CMSC414_064,CMSC414,Dave Levin,2024,4,"The content of this class is incredibly useful, even to those who are going for a career in software engineering, which is something the title might not initially suggest. Dave does a really good job of covering the essentials for all the topics in the class, without diving into details that aren't relevant. He reminded us regularly that this is not a course in networking or crypto, and thus when we get to the security of those topics we treat concepts as ""black-boxes"", as in he goes over applicable functionality without diving into details. This is something I really appreciated, because it kept the class relevant and focused on security. Assignments in this class are each weighted heavily because there aren't that many of them. Projects are generally somewhat difficult, but you have plenty of time to work on them and they reinforce the topics well. The exams are fair, the questions are hard but he gives tons of partial credit and practice exams. The grading in this course wasn't great. It took about 6 weeks to get our midterm 1 grade back, and some of the project grades didn't come back until weeks after the deadlines. Going into the last week of the semester a lot of students weren't sure where they stood in the class since we were missing a lot of our grades. He frequently missed the deadlines he set for himself to get grades back to us. This was my only real complaint with the class.",1,1,1,0,0,0,0,0,"Projects are generally somewhat difficult, but you have plenty of time to work on them and they reinforce the","Clear evidence supports project heavy, exam heavy, homework heavy."
CMSC417_034,CMSC417,Samrat Bhattacharjee,2024,5,"The review from 09/25/2023 sums it up perfectly. It's a difficult class, but with that difficulty comes growth. This is THE class I think I learned the most from ever. I agree with the other student's advice, start early! The projects have very clear requirements and I was never surprised with my grade. I felt that both the project aspect of the course and the theoretical aspect of the course were beneficial, and I am now a stronger programmer, with a much stronger understanding of how pretty much everything works.",1,0,0,1,0,0,0,0,"I agree with the other student's advice, start early! The projects have very clear requirements and I was never","Clear evidence supports project heavy, time consuming."
CMSC420_178,CMSC420,Justin Wyss-Gallifent,2025,5,"I love Justin's style of teaching (he has very good, human readable notes). I did not show up to a single lecture at all and only studied the notes and did the HWs. Piss easy class if you use your brain power to understand trees. CS = Math + Coding and this is exactly what this class is. The coding projects were not too bad if you understood the concepts very well. Not proof heavy class like 451 but still are some mini proofs and stuff. I would take any class Justin teaches because I know his exams are gonna be straightforward and notes are always on point. 2 ez",0,0,0,0,0,0,0,0,No clear workload signal.,No clear workload signal.
CMSC421_062,CMSC421,Tianyi Zhou,2024,2,Got an B finally. I cannot recommend him. The main problem was he did not communicate and cannot respond to the questions and assignment questions well. Overall the course was disorganized.,0,0,0,0,0,0,1,0,Overall the course was disorganized.,Clear evidence supports disorganized course.
CMSC422_032,CMSC422,Mohammad Nayeem Teli,2024,4,"Teli's teaching style worked for me. He goes through the math on paper in a step-by-step manner, making it very clear to understand even for someone like me who last took lin alg and calculus years ago. The exams can vary in difficulty a lot. The midterm's average was a B, but the final's average was a D. There was no curve for the class in the end. My advice is to try and write every formula down on the cheatsheet for the exam, and I do mean everything. it can save you time on the exam. The projects were not that difficult if you are proficient in Python, but they were time consuming. The only criticism I had for the class was that it sometimes took a while to get a response on Piazza, if you do get one at all (usually a day later).",1,1,0,1,0,1,0,0,"The projects were not that difficult if you are proficient in Python, but they were time consuming.","Clear evidence supports project heavy, exam heavy, time consuming, harsh grading."
CMSC424_077,CMSC424,Daniel Abadi,2024,5,Presumptuously delightful professor and course. Learned delectably and feel leagues better as a student after going through it. Ignore the really harsh review posted previously (I’m certain it was grumpy goober Smurf). Signing off xoxo - Nayraá LeTap,0,0,0,0,0,0,0,0,No clear workload signal.,No clear workload signal.
CMSC426_039,CMSC426,Jia-bin Huang,2024,1,yk how some smart people should just not be teachers? well this is one of those. smart guy but horrendous teacher. lectures are entirely useless for projects and homework and his class is very disorganized. don't take.,0,0,0,0,0,0,1,0,lectures are entirely useless for projects and homework and his class is very disorganized.,Clear evidence supports disorganized course.
CMSC430_030,CMSC430,William Wegand,2023,5,"William is the goat, every time I went to his office hours, I left smiling. Very helpful on all the projects and post exam material.",0,0,0,0,0,0,0,0,No clear workload signal.,No clear workload signal.
CMSC433_004,CMSC433,Adam Porter,2012,5,"Awesome professor. Knows the material extremely well and very effective at teaching concepts. He becomes disappointed when less than half the class shows up after the first midterm. Make sure you ask questions in class for him to remain engaged in explaining the examples. Projects are difficult and time consuming. The section with Yeh had OPEN note/book/internet/anything midterms, which were held on google docs. Their class average was an 89, which is understandable since everyone gets 100% on his two midterms (worth 30% total). Take it with Yeh if you want to loaf around and still be able to pass. Take it with Porter if you want to learn concurrency and mapreduce.",1,1,0,1,0,0,0,0,Projects are difficult and time consuming.,"Clear evidence supports project heavy, exam heavy, time consuming."
CMSC434_023,CMSC434,Evan Golub,2023,1,"His 434 assignments are impossible to do correctly. All of his assignments are just one long page full of text and the most important parts of the assignment are scattered throughout the page so you have to read through the whole page just to figure out what to do. He doesn't have a Canvas grading page so you're basically guessing how much each assignment is worth and you don't even know what your current grade is in the class until the end. The grading page he does have doesn't have the weights inputted so it's basically useless. His grading is completely subjective and arbitrary. There is no rubric, examples, or even criteria that you can follow. Two people could submit the exact same work and get completely different grades for completely different reasons. (This actually happened!) Also, since he has no rubric he can take off as many points as he needs to, to make sure his class average stays a C.",0,0,1,1,0,0,0,0,His 434 assignments are impossible to do correctly. All of his assignments are just one long page full of,"Clear evidence supports homework heavy, time consuming."
CMSC436_017,CMSC436,Michael Marsh,2023,5,"There are no tests in this class. Instead, we have a skill test (unlimited tries) that you schedule with TAs. He really is a professor that wants everyone to do well so he will scale grading requirements depending on how the class is doing. All lectures are posted and lessons plus projects are posted on the very same day which I wish more professors would do. There is no hard deadline (allowing multiple resubmissions too) and was very lenient towards the end, even extending the deadline way beyond what it was supposed to be. That being said, you still have to do work, and if you really apply yourself, you will take away a lot from the class. Great person and very practical class too; I learned a lot! Taking Marsh for virtually any class is a no-brainer!",1,0,0,0,0,0,0,0,He really is a professor that wants everyone to do well so he will scale grading requirements depending on,Clear evidence supports project heavy.
CMSC451_059,CMSC451,Laxman Dhulipala,2024,5,Probably the best professor I have had here at UMD. Very understanding and caring professor. Makes the homeworks hard intentionally but gives you more than enough time and resources to do well on them. Definitely recommend taking the class with him,0,0,1,0,0,0,0,0,Makes the homeworks hard intentionally but gives you more than enough time and resources to do well on them.,Clear evidence supports homework heavy.
CMSC456_036,CMSC456,Lawrence Washington,2023,5,"Very nice and caring professor, one of my favorites I have ever had. He always has funny stories related to the different topics in the course that come up to keep you hooked during the lecture. Lecture notes are posted after every class and the course follows his textbook so you could self study if you REALLY wanted to. He is also a good lecturer and conveys topics in a digestible manner. There are usually 1 or 2 tricky questions on the homeworks, but him and the TAs will always help if you go to class or OH and ask about it. Lectures were not recorded this semester because the room does not have a camera, but I think he normally does. My biggest issue with the class is its way too focused on exams for grading. The final and two midterms make up 85% of your grade. The exams are fair, but I believe applying more elements of applied cryptography through programming instead of just math would be good. I am a CS major so I am biased in that regard. Overall you SHOULD take a course with him, but it sounds like he is retiring soon! Sad to see a professor with passion who genuinely cares about teaching preparing to leave :(",0,0,0,0,0,0,0,0,No clear workload signal.,No clear workload signal.
INST326_053,INST326,Gabriel Cruz,2025,1,Just took his first quiz for 326. This professor does not care about this class at all. His quizzes were riddled with errors and TAs were explicitly told to not help us even regarding test errors. do not take this professor.,0,0,0,0,0,0,0,0,No clear workload signal.,No clear workload signal.
INST327_012,INST327,Pamela Duffy,2023,5,"She is a very knowledgeable and considerate professor. I agree with others responses that we have a lot of busy work. However, its there to compensate for the harder assignments/project work. As long as you have a capable group, you'll be fine with the semester long project. The TA's are available and reliable.",1,0,1,1,0,0,0,0,"I agree with others responses that we have a lot of busy work. However, its there to compensate for","Clear evidence supports project heavy, homework heavy, time consuming."
MATH140_502,MATH140,Dong Quan Nguyen,2025,5,"I quite liked him. I never talked to him, you could tell he wanted you to do well in the course. If you're like me and you have a very poor calculus foundation (I only went up to pre-calc in HS then did stats senior yr lol) and you just suck at math and just want to get the course over with, I'd suggest going with him. He really sets you up for success grade-wise with the assignments you have to do. Coursework Breakdown: Homework: Homework was *optional* and was never graded, which was nice to not worry about on a weekly basis. The homework problems can be found in the book ""CALCULUS W/CONCEPTS IN CALCULUS Sixth Edition"" which can be found online for free. I found the textbook to be quite helpful (when I looked at it lol) and it definitely benefits you to do the homework problems before coming into class each week. His syllabus has a breakdown of what chapters will be covered each week + what homework problems you should do-- again, completely optional. Worksheets: Worksheets are in-discussion assignments you do that are focused on the material in a given week. The worksheet is to be turned in at the end of class which will be graded by your TA. I found these pretty easy to being occasionally a bit difficult, but doing the homework before coming to discussion definitely helps-- your TA will likely recommend you to do this as well. These were graded out of 10. You'll likely do just fine on them--the median for a lot of the assignments were 9 or above. This is the time for you to ask your TA about stuff you're confused about. My TA basically just bounced around the room from table to table to check how everyone was doing. Hopefully you'll get lucky and end up sitting at a table with people who are smarter than you, which was the case with me haha. Worksheets account for ~8% of your grade, but they do make up the majority of class work number-wise since you have them pretty much every discussion, which is twice a week. Quizzes: Not that bad at all. Weighted ~7%. You have ~5 of these across the whole semester. This is one of the BIG reasons why I liked Prof. Nguyen. He gives you borderline EXACT versions/practice papers of what the quiz questions will be, with the actual quiz just having a few numbers swapped for different ones--the concepts are the exact same. He makes it very easy for you to prepare for these. Mid-terms: Also not bad at all. Like the quizzes, he gives you a practice version about 2 days in advance which has questions that are borderline the exact same concept-wise, just with a few numbers or terms swapped. If you study the concepts of the practice mid-terms, you will more than likely get a 90% or higher. Weighted ~56%. Final: Weighted ~28%. Prof. Nguyen REALLY wants you to do well/get a good grade. He makes it very easy to do well in his class, you just need to put in the work yourself. Like I said, I never really talked with him, but he's a nice guy and seems super approachable. He can also be a bit goofy during lecture haha. The only reason I got a B was because I totally bombed the final lol. I should mention that the final is not written by just him, but is comprised of questions which are contributed to by other professors in the Math Dept, like other majors, so you will have some slightly harder questions on there. If you just need to get Calc 1 out of the way and don't need to worry about using calculus later and you choose to take this professor, I'd suggest the approach of maximizing your scores on all of the other assignments (which I know seems obvious), because this allows you to do terrible on the final and still have a good grade in the class. Someone at my discussion table said they had a 95% and they could get a 50% on the final and still have an A. Overall would recommend!",0,1,1,0,0,0,1,0,The only reason I got a B was because I totally bombed the final lol. I should mention that,"Clear evidence supports exam heavy, homework heavy, disorganized course."
MATH141_535,MATH141,Kendall Williams,2025,2,"Did not enjoy this professor throughout the semester. His lectures are engaging sometimes. Most of the time he goes off tangents, like really hard problems that we would never see on exams. There are weekly quizzes in discussion, but they are basically useless because the TAs write them and not him. And the TAs have no idea what is going on. The best resource is the textbook problems, one time he literally pulled one of those and put it on the exam. But his exams are extremely difficult, as are many calc 2 exams. I don't recommend him. Anyone else!!",0,1,0,0,0,0,0,0,"Most of the time he goes off tangents, like really hard problems that we would never see on exams.",Clear evidence supports exam heavy.
MATH240_358,MATH240,Elijah Kin,2025,5,"He is actually the best TA I've ever encountered. He is always open to going over extra problems with his students before or after discussion and during his office hours. In discussion, he does the worksheet problems on the whiteboard and explains the problems very clearly, and often ties them back to the overall concept of Linear Algebra. I wouldn't have survived in this class without him.",0,0,0,0,0,0,0,0,No clear workload signal.,No clear workload signal.
MATH241_517,MATH241,Junyan Zhao,2026,3,"Dr. Zhao is a pretty okay professor. He really tries to explain the concepts quite simple so that we get the idea, but honestly to do good in this class, I mainly had to learn on my own and use what he said in lecture to make sure I was on the right track. I also had to practice these concepts a crazy amount to understand. There is no homework, but he will recommend problems from the book every once in a while, and I suggest you do every single one that he recommends as doing them helped me do good on the midterms. This class being (50% on 2 midterms, 10% quizzes, and 40% final) layout kinda killed my grade as I did great on one midterm, bombed the other, and even after studying a ridiculous amount for the final, I still did kinda bad on that one too. I will also say that he goes extremely fast, like faster than all the other professors. Like another professor will be at Chapter 13 and we just started Chapter 14. This speed meant that I had more material to learn on the midterms compared to others with other professors, but a pro was that we finished learning everything in the course before Thanksgiving break started. If you like going fast, I would recommend him. Overall, if you have to take this class with Dr. Zhao, practicing constantly is what I recommend as the exams can get quite tricky.",0,1,1,0,0,0,0,0,"I also had to practice these concepts a crazy amount to understand. There is no homework, but he will","Clear evidence supports exam heavy, homework heavy."
MATH246_352,MATH246,Margaret Doucette,2025,5,"Great teacher. She was all over the place during the lectures, but the notes she posted online and the study guides were very helpful. The exams were fair and not too difficult.",0,1,0,0,0,0,1,0,The exams were fair and not too difficult.,"Clear evidence supports exam heavy, disorganized course."
MATH310_060,MATH310,Kendall Williams,2024,1,"He just reads out of the textbook when teaching in class; it would be nice to see some of my tuition dollars at work as opposed to being redirected to a textbook that I downloaded for free. He teaches noticeably different material than other MATH310 teachers and assigns homework assignments that are very long and often due the day of the test. He's a very nice guy, and he answers all your questions. MATH310 is seemingly hard to teach and hard to learn for many, so keep that in mind. For a class this difficult, though, it seems necessary for the students to have a teacher that is a bit more dedicated to this course.",0,0,1,1,0,0,0,0,He teaches noticeably different material than other MATH310 teachers and assigns homework assignments that are very long and often,"Clear evidence supports homework heavy, time consuming."
MATH401_093,MATH401,Wiseley Wong,2024,2,"I wouldn't recommend him as a professor. He's not the worst but he's also not that great. His exams would have questions that he didn't completely explain how to do before hand. He had exam reviews before the exam but a lot of times most of the questions reviewed weren't on the exam. His final was out of 130 points with questions that weren't shown how to do in class nor on the homeworks. He also taught a lecture before the final about something that was never going to be tested on or have an assignment on. He said it could potentially be an extra credit question on the final but it wasn't. He had 2 exams worth 25% of your grade EACH. Then he had an exam a WEEK before the final worth 10% and the final was worth 20%. He doesn't follow one textbook specifically which can make finding additional examples for a specific ""section"" he taught a difficult to find as you would have to look through the different texts and locate which chapter would contain the specific topic. I would NOT recommend him for MATH401.",0,1,1,0,0,0,0,0,He also taught a lecture before the final about something that was never going to be tested on or,"Clear evidence supports exam heavy, homework heavy."
MATH403_030,MATH403,Amin Gholampour,2022,5,"Cannot recommend Amin enough, he's an amazing professor. He teaches the content very-well, giving examples of applications of every theorem and lemma as well as proving each one with techniques that often come in handy later for your own usage. All of this is also kept within his copy of the notes so you can refer back to anything you didn't fully get or want to review from class. He's very responsive to questions and even if you don't get it after asking, he'll explain again in whatever way necessary. You can tell he has a lot of enthusiasm for the subject and it really shows in the way he teaches it. Homework was weekly, difficult but prepared you very well and really helped you understand the content. Deadlines were super chill regarding late work. He also dropped the lowest exam grade and then curved at the end. Amin made one of the hardest if not the hardest class I've taken into one of the most enjoyable ones.",0,0,1,0,0,0,0,0,"Homework was weekly, difficult but prepared you very well and really helped you understand the content.",Clear evidence supports homework heavy.
MATH405_024,MATH405,Adam Kanigowski,2023,5,"Kanigowski made the course very manageable. Only 6 home work assignments with 2 drops, and some of those were just reusing 240 concepts, the midterm was~30% and the final was ~45% of the total grade. Agreed with other people that more assignments (or at least proofs in those assignments) would be a good way to prep for the final, but the curve was decent and ended my 90% as an A. Probably important to note that because he give way less work than other 405 sections, there's not as much material that is put in (most classes introduce adjoint matrices and hermitians, how to diagonalize, and some get to Jordan canonical form, none of which we do), which could be bad if you plan grad school or need a more intense linear algebra understanding. As a lecturer, the class is run decently well where he knows how to make the proofs intuitive, gives us time to do exercises in class, and also allows us to provide feedback to how he's teaching which all felt very welcoming. Definitely a chill guy and if you want a nice 405 then take the course with him.",0,0,0,0,0,0,0,0,No clear workload signal.,No clear workload signal.
MATH406_039,MATH406,Peter Dillery,2023,5,Great professor gives examples for everything which is super helpful. Exams are super fair (though I sadly bombed test 2) if you study and actually pay attention. I agree with everything the other reviewers say as well. Although slow at responding emails sometimes but very good professor.,0,0,0,0,0,0,0,0,No clear workload signal.,No clear workload signal.
MATH410_103,MATH410,Anna Szczekutowicz,2025,5,"A wonderful lecturer and professor. She knows what she is talking about and is able to communicate it in what I believe is the most helpful way possible. 410 is a rough course for many people, but even then I feel like I am doing much better with her than I would have otherwise. I wish there were more practice problems, as I think that would help digest the course content better, but her weekly quizzes help with it somewhat. The quizzes are 5 minutes long and usually one or two questions where you have to supply a definition and maybe do a true/false or multiple choice question about a definition. They help encourage studying, as well as help cement your understanding.",0,1,0,0,0,0,0,0,"I wish there were more practice problems, as I think that would help digest the course content better, but",Clear evidence supports exam heavy.
MATH411_035,MATH411,Matei Machedon,2024,4,"Prof. Machedon is reasonable and clearly cares a great deal for the material of MATH411, being an analyst himself and (I believe) the chair of the course given how often he teaches it. The pacing on lectures could be better, but they weren't bad. He is willing to go over material for review, which was great for the lectures before each exam (one midterm & a final). A few lectures were devoted to topics like integration on manifolds that were marked not to be tested. Homeworks were mostly very easy, almost mechanical, with one harder problem each week or so where you genuinely had to produce a proof. They weren't fully adequate for exam prep, but his many past exams and his reviews covered the gap. The curve ended up being 85/70/55 (A-/B-/C-/F).",0,0,1,0,0,0,0,0,"Homeworks were mostly very easy, almost mechanical, with one harder problem each week or so where you genuinely had",Clear evidence supports homework heavy.
PHYS121_053,PHYS121,Zackaria Chacko,2024,5,"Chacko is super great and his lectures are informative. He explains things very well. Lecture and discussions aren't mandatory, but are definitely helpful! I really don't like physics so I can't say I've been to many lectures or discussions, so you totally can get good grades without going as long as you put in some work outside of class. The homeworks lowkey suck and expert TA is annoying to use, but if you take the time to learn the material on the homework, you'll be fine on the exams since most of the questions come right from the weekly homeworks.",0,1,1,0,0,0,0,0,"The homeworks lowkey suck and expert TA is annoying to use, but if you take the time to learn","Clear evidence supports exam heavy, homework heavy."
PHYS131_044,PHYS131,David Buehrle,2024,4,"Dr. Buehrle is a pretty chill professor for the most part and tries to make physics less intimidating for his students. There are clickers which are easy points just like ask ppl near you what they're putting. Pls go to lecture and if you can't then you can always email him your clicker answers and he'll give you credit. The in-class problems he does during lecture usually show up on the exams so pay attention to problems that he works through in class. - He drops an exam which is pretty nice since I blanked on the first one but was able to get a 97/100 and 87/100 on the next two, which put my overall course grade at like a 94% because I did really well on the homeworks (my lowest was like a 28/30 i think). Try to do well on the HWs, work with people, and ask TAs because even if you do well on the exams, a low HW grade will be your hell and you'll be fighting for points at the end of the semester. I ended up kinda tanking the final so I ended the class with an A- :(((. Def could have studied more but tbh the final is not THAT bad haha I just didn't re-do enough problems. Tips for midterms: Re-do past exams, in-class questions, homeworks, tophat. Tips for the final exam: re-do ALL the HWs, especially the estimation problems because he ALWAYS pulls an estimation problem from the HWs. re-do the semester midterms and the samples he gives. go through all the tophat questions. TRUST ME just re-doing everything and taking note of the patterns will help. Like re-do these things multiple times so you memorize each step and how to approach the question. For my final this year, all the questions were exactly or some variation of the HWs and the midterms we had. I wish I had practiced/memorized those more.",0,0,0,0,0,0,0,0,No clear workload signal.,No clear workload signal.
PHYS132_009,PHYS132,David Buehrle,2022,5,"Dr. Buehrle is seriously one of the best people, and professors you can have as a student at this University. It is rare to find a professor who is not only genuinely passionate about the material they teach but also about the students they teach it to. Dr. B is very accommodating of students' needs and will do anything in his power to ensure they succeed. I highly recommend taking any class he teaches.",0,0,0,0,0,0,0,0,No clear workload signal.,No clear workload signal.
PHYS260_175,PHYS260,Michelle Girvan,2025,4,"Professor Girvan is a good professor for physics 2. She really cares and takes the time to explain each concept, walk through derivations, and work on example problems. The lectures are hard to get through, one due to the content being tough to grasp, and two because the slides are hard to follow and she goes fast. However, ample resources are provided on her ELMS page and through the textbook. She always posts practice for the exams, and use them, because the actual exams are challenging. She also does in person quizzes every week that are based off the homework. Regarding homework, there are usually two assignments a week. The hw includes an online portion through expert ta and a written portion that could either be textbook or expert ta problems. The homework goes in depth with the material which I found useful. Professor Girvan’s PHYS260 class is a lot of work and is challenging but I felt it really helped me grasp concepts and learn the material more than the students in the other phys 2 lectures. Professor Girvan is happy to answer any questions and work with you through any troubles in the course. Would recommend for this course",0,1,1,1,0,0,0,0,"She always posts practice for the exams, and use them, because the actual exams are challenging.","Clear evidence supports exam heavy, homework heavy, time consuming."
PHYS270_063,PHYS270,Drew Baden,2025,5,His lectures are okay and the few homework assignments he gives are really long. He drops a midterm and his final wasn’t incredibly easy so he gets 5 stars for that,0,0,1,1,0,0,0,0,His lectures are okay and the few homework assignments he gives are really long.,"Clear evidence supports homework heavy, time consuming."
STAT100_210,STAT100,Matthew Griffin,2025,4,"Easiest class ever, but he spends too much time on the same topic. Lots of resources and extra credit opportunities though, so failing this class should be impossible.",0,0,0,0,0,0,0,0,No clear workload signal.,No clear workload signal.
STAT400_452,STAT400,Shixin Zheng,2025,1,Does not teach great but has very nice outfits. Would recommend to teach fashion class instead of stat.,0,0,0,0,0,0,0,0,No clear workload signal.,No clear workload signal.
STAT401_061,STAT401,Francesco Gaffi,2024,5,I honestly loved this class. I cant recommend this professor enough. He cares about this students a lot and really wants them to succeed. Honestly my favorite stat class I took here.,0,0,0,0,0,0,0,0,No clear workload signal.,No clear workload signal.
STAT410_094,STAT410,Kendall Williams,2025,2,"come into this class already knowing everything from smth like stat400 and you'll be fine, but if you don't you'll basically be playing catchup from day one or end up relying on outside sources (other textbooks/youtube lecture videos) bc the textbook isn't a first course at ALL and the professor primarily relies on the textbook which has convoluted examples. brush up on calc 2, combinatorics, calc 3.",0,0,0,0,1,0,0,0,"come into this class already knowing everything from smth like stat400 and you'll be fine, but if you don't",Clear evidence supports self learning required.
STAT420_011,STAT420,Jonathan Fernandes,2023,4,"Jonathan is nice and helpful. I really appreciate that he record all lectures. But the way he taught the class could be better. The contents are unclear and the hand-written notes are hard to read. The course itself is very hard and I hope he can give students better notes to learn. He does give very helpful practice exams but since many people never understand his lectures, it turns out we have to memorize EVERY SINGLE QUESTION which is very suffering. Exam averages are around 80/100. You can easily get 95/100 if you know all his examples and HW questions, but again, it takes a long time.",0,1,1,1,0,0,1,0,The course itself is very hard and I hope he can give students better notes to learn. He does,"Clear evidence supports exam heavy, homework heavy, time consuming, disorganized course."
STAT430_025,STAT430,Tong Qi,2023,5,Great professor! She's very resourceful and makes the class easy while also learning stuff. Would take again.,0,0,0,0,0,0,0,0,No clear workload signal.,No clear workload signal.
BSCI160_569,BSCI160,Chloe Garfinkel,2025,5,"She makes the lectures engaging even though its not the most interesting class. Her exams are not that hard and she gives a lot of resources to help prepare and is overall very helpful. I really enjoyed her teaching style and the homework assignments were never too hard. She records lectures and posts slides, which is great. She doesn't move too fast and the content isn't really difficult.",0,1,1,0,0,0,0,0,Her exams are not that hard and she gives a lot of resources to help prepare and is overall,"Clear evidence supports exam heavy, homework heavy."
BSCI161_007,BSCI161,Hans Lemke,2022,2,He is really bad at listening to student feedback and very arrogant as well as rude. He could not resolve the issue with my group members being awful and your group member's have an affect on your grade that will tank it at the end of the class (which he doesn't mention). Don't take this lab if you don't to Hans is a garbage lab coordinator and the new curriculum for the course is also terrible.,0,0,0,0,0,0,0,0,No clear workload signal.,No clear workload signal.
BSCI170_292,BSCI170,Michael Keller,2025,1,Deadass worst teacher. He talks so much and goes off on tangents. He calls out students for being on their phones or even talking. He's just pleasant isn't he,0,0,0,0,0,0,0,0,No clear workload signal.,No clear workload signal.
BSCI171_060,BSCI171,Swarna Mohan,2025,3,"This lab is pretty easy and there is not too much work outside the lab like there is for some other courses. I have heard bad things about her, but most people never even see her because labs are led by TAs. I loved my TA, she was very kind and helpful and she left really good comments on our assignments. I know for me the lab didn't really correlate with what I want to do in the future but at least it was easy.",0,0,0,0,0,0,0,0,No clear workload signal.,No clear workload signal.
BSCI201_096,BSCI201,Maira Goytia,2025,5,"She is my favorite professor I have had so far for a science class. Exams are a bit tricky but you do get a cheat sheet, and there are extra credit points (amount depending on the class average). She truly cares about her students. Yeah, exams might be a little tricky sometimes, but she doesn't fail the entire class and gives us more extra credit points to earn back. She has office hours before and after class, so you can stay after and ask for clarification on tricky subjects. Do not underestimate this course though! Be prepared to study a LOT- especially for the lab. Prepare FAR ahead of time in advance of practicals and exams. As long as you do this, you will get an A. Yes, assessments are worth 80% of your grade which seems daunting, but I am 99% sure I am passing this class with an A+. I am not a good test taker either, but you just need to put the time in. (if you can't fit Goytia into your schedule and have to take Opoku, I think you will also be fine. I have heard good things about Opoku too. Labs are the exact same for both classes though.)",0,1,1,0,0,0,0,0,"Exams are a bit tricky but you do get a cheat sheet, and there are extra credit points (amount","Clear evidence supports exam heavy, homework heavy."
BSCI202_010,BSCI202,Caitlin Fox,2023,1,"I only ever met Dr. Fox once, but she coordinated the BSCI 201 and 202 labs, and this review is for both. Like most lab coordinators, she's not good at her job, and gets away with it because she almost never has to interact with students directly. The activities in lab are incredibly time consuming but aren't actually helpful, especially the design an experiment activities with the lab computer software that never works right. The textbook is expensive and unhelpful, usually providing more info that you need so you don't know what to study. The lab practicals are done in an incredibly stupid format, where you move around the room in timed stations and do a question at each station. Studying for those practicals is worse, because Dr. Fox doesn't give you a good sense of what you need to study other than ""everything"", which sometimes includes 200 bones or 400+ muscles/muscle attachment points. You wind up studying a bunch of memorization stuff, most of which you don't need, then end up with a bunch of questions on something you barely studied because you thought it wasn't important. Unfortunately, there's no avoiding her if you need to take anatomy, so you just have to deal with the terrible lab.",0,0,1,1,0,0,0,0,"Fox once, but she coordinated the BSCI 201 and 202 labs, and this review is for both. Like most","Clear evidence supports homework heavy, time consuming."
BSCI207_193,BSCI207,Karen Carleton,2025,4,"Sweetest professor ever. The class itself seems pretty boring/useless info but i mean that's not her fault. She does her best to make it interesting and enjoyable. She records lectures if you miss which is really nice, and posts the lectures too. First exam was rough and much more challenging than the other 2. Content itself isnt challenging conceptually, what got me was some of the super specific multiple choice that I sometimes felt was unfair because it wasn't a true reflection of understanding the content, just annoying memorization. Exam 2 is the most annoying just because it was SOOOO much useless info, but make a good cheat sheet and you will b fine. Didnt attend GSS because again, the concepts were bad it was just multiple choice that got me. I have a 92 right now, but Im expecting the final to potentially be rough just because of those useless multiple choice questions. Also the GAE's are a hit or miss, sometimes they help and sometimes its just useless but hey its free points.",0,1,0,0,0,0,0,0,First exam was rough and much more challenging than the other 2.,Clear evidence supports exam heavy.
BSCI222_243,BSCI222,Thomas Kocher,2025,1,"His lectures are very unenthusiastic and are hard to pay attention to. The slides are almost always way too long for him to cover in 1 class but the exams are pretty much straight from his slides, making the textbook pretty useless. The first unit was his own thing that he made up which pushed all of the content back into the last 2 midterms. Exams are all free response and the grading can be very harsh for a non-curved class. Avoid if you are a pre-med/pre-dent looking for an A, literally any other professor would be easier. You will need to put an unreasonable amount of effort to excel in this class.",0,1,0,0,0,0,0,0,His lectures are very unenthusiastic and are hard to pay attention to. The slides are almost always way too,Clear evidence supports exam heavy.
BSCI223_072,BSCI223,Walker Orr,2025,1,"Not a good TA. Very unapproachable, graded harshly and unfairly, and barely ever knew what was going on. I had him last semester and when we did our presentations in lab, he refused to even turn around and watch them, or put our slides up on the screen. Would not recommend, he made this class so much harder than it needed to be.",0,0,0,0,0,0,0,0,No clear workload signal.,No clear workload signal.
BSCI330_149,BSCI330,Sergei Sukharev,2025,1,Bad lectures; easy lab; no practice exams; difficult midterms; very difficult final; makes this class harder than orgo; avoid taking this class with Dr. Sukharev if you can,0,1,1,0,0,0,0,0,Bad lectures; easy lab; no practice exams; difficult midterms; very difficult final; makes this class harder than orgo; avoid,"Clear evidence supports exam heavy, homework heavy."
BSCI353_025,BSCI353,Daniel Butts,2022,5,"Glad I took Bsci353 with Dr. Butts! In order to do well in his class you really need to understand the lecture concepts, instead of memorization like some other biology classes. Understand what the graphs and diagrams in the lecture slides and that will help you immensely with his exams. Gave a mini exam worth only 5% before the first big midterm which was useful to understand how he will write exams. He was always nice and responsive to questions. Would take the class with him again!",0,0,0,0,0,0,0,0,No clear workload signal.,No clear workload signal.
BSCI410_101,BSCI410,Louisa Wu,2025,1,"Universities should not force professors to teach students when they are there for research. It is a crime to let students have to take Dr. Wu's class. What the actual heck is actually being taught? The slides are already pretty bare bones with just diagrams and yet when Dr. Wu lectures in class, I don't learn anything more. It is pretty clear that she isn't super familiar with what she is teaching. I sincerely believe that I would learn more from the AI-generated summary from Google for everything being discussed in class.",0,0,0,0,0,0,0,0,No clear workload signal.,No clear workload signal.
CHEM131_517,CHEM131,Amanda Schech,2025,5,"I genuinely love Dr. Schech so much as a professor; it is difficult to put into words. Before this past semester, I had not taken a chemistry class in the last three years. Almost everything, barring the first two lectures or so, was completely new material that I had never encountered in my life, so to say that I was terrified for this class is an understatement. That said, Dr. Schech teaches so well that chemistry ended up being my best subject by far. First of all, she doesn't just read off slides. Her lectures are super interactive, and she'll go through every one of her slides, taking notes with you, making sure to highlight important topics, explaining concepts in a multitude of ways so everyone understands, etc. She also uses a lot of visual examples when explaining topics that might get a little confusing if she were just verbally explaining (e.g., orbitals, hybridization, electron properties, etc.). In addition to her lectures being super helpful, she records and posts them after every class, so you can go back and rewatch them. The exams for this class, in my opinion, were more than fair and never contained material that didn't match what we had learned throughout the course. Plus, she posted full-length practice exams a week before every exam (including the final) the were very helpful to help you prepare. Also, the discussion worksheets help a lot with this, too. Overall, I really can't say enough about how great a professor Dr. Schech is. She is so sweet, easy to talk to, enthusiastic, and INCREDIBLY knowledgeable in not only the subject she teaches, but also HOW to teach it. 10/10 would absolutely recommend, especially anyone who might be concerned about gen chem like I was. Hope I can have her as a professor again.",0,0,1,0,0,0,1,0,"Also, the discussion worksheets help a lot with this, too.","Clear evidence supports homework heavy, disorganized course."
CHEM132_067,CHEM132,Christiana Guest,2025,3,"As most labs, you work with the TA only. I never saw Dr. Guest but her post-lab assessments were extremely hard for no reason and the fact they were 2 weeks after the lab too made it harder to get a good grade on them. My TA was amazing and couldn't recommend her enough (shoutout Saili), I emailed her on spring break and she responded to me in an hour. Grading wise the TAs are very harsh graders but I only got one C on a lab report the rest I got A's. Labs are quick but post labs are timely. Dr. Guest also releases grades very late and to her own discretion so you really don't know your grade until grades are finalized. The lab overall is kinda disorganized but manageable to get through.",0,0,1,0,0,0,1,0,Guest but her post-lab assessments were extremely hard for no reason and the fact they were 2 weeks after,"Clear evidence supports homework heavy, disorganized course."
CHEM135_425,CHEM135,Samuel Lascio,2025,4,"He's a really nice guy and actually cares about you as a student, responds to emails fast, and is helpful in office hours. However, course is lwk paced badly (slow for most of the semester then a TON of info crammed in the last midterm + final). Gives a lot of helpful materials (study guide, practice tests, discussion worksheets, ALEKs problems). However, did us SUPER dirty on the final (he said it would be surface level questions and the class average was a 116/200). The final dropped by grade 5%, but then he did a major last-minute curve that changed my raw C- to a B. Slow grader for sure, and this class was awful, but he's not a bad lecturer at all. Really glad I got him compared to the other Chem135 profs. Taking off one star for that final + his inability to set a grading scale till the very last minute.",0,1,1,0,0,0,0,0,"However, did us SUPER dirty on the final (he said it would be surface level questions and the class","Clear evidence supports exam heavy, homework heavy."
CHEM231_416,CHEM231,Donald Hong,2025,1,"This professor is horrible. I went to class the first month and learned NOTHING!!! He went so fast and only self-wrote eveything, making it hard to follow. While other classes had guided notes, making it easier to listen and learn. After I realized that I would be spending an hour and 15 minutes sitting in a class where I try and copy notes that make no sense (of which he posts his notes), I started not going. I didn't go to class ever unless it was an exam day. I self-taught all the content by using YouTube videos. Not to mention, he has weekly worksheets due at 11:00 pm on a Friday (graded on completion), and it is very hard to complete them because he doesn't give you the weekend to actually take in the information learned that week. He isn't a bad lecturer, but you should come to class prepared with prior information if you want to actually learn in class. The worst part, he would SPEED RUN all the content. He would already be three lectures into Exam 2 content before taking Exam 1, which was very frustrating. If you want to pass this class with him, I would do ALL THE WEEKLY WORKSHEETS and discussion worksheets to study. He posts the answer key to the weekly worksheets a few days after they are due. He usually takes questions from the worksheets and puts them on the exam. Besides that, I would just learn from YouTube videos because you most likely won't retain any information in lecture as he goes so fast.",0,0,1,0,1,0,0,0,"Not to mention, he has weekly worksheets due at 11:00 pm on a Friday (graded on completion), and it","Clear evidence supports homework heavy, self learning required."
CHEM232_057,CHEM232,Monique Koppel,2025,3,"The curve for the class was great, as my 88 percent earned an A. This class definitely takes a lot of your time, especially the post-lab assignments, which are sometimes hard and confusing, while other times they are simple and easy. Some TAs grade generously, while others deduct significant points for minor mistakes. The TAQs were horrible—there was no way to study for them properly. In my opinion, the first and last TAQs were the worst. Do well on the post-lab assignments (be very detailed, as the instructor looks for specific topics or keywords) so you don’t have to put too much effort into the TAQs. The practical quiz was easy, in my opinion, since you become familiar with the lab by doing it. Having a good TA is essential to genuinely enjoying your lab experience. I personally enjoyed attending my lab sessions, but completing the post-lab assignments was frustrating and time-consuming. Go to the TA’s office hours for help.",0,0,1,1,0,0,1,0,"This class definitely takes a lot of your time, especially the post-lab assignments, which are sometimes hard and confusing,","Clear evidence supports homework heavy, time consuming, disorganized course."
CHEM241_249,CHEM241,Jeffery Davis,2025,2,"People have given this man too much credit. This is his last semester teaching, because he is retiring next semester. I am sure he was an amazing lecturer, but this semester the lectures were just so hard to understand, and I felt like I didn't learn anything until I found online resources. His exams are confusing, but he leaves lots of breadcrumbs and hints to help you along. His cutoffs are good, and it is very easy to not fail, but very hard to do well. For a professor who is supposed to be the easy one, our averages were lower than Isaacs exam once. He also puts lots of true/false on the exam, which just doesn't belong on an orgo exam, because there is not a lot of partial credit. If he teaches again, make sure you are consistently practicing every night, because otherwise you will not understand anything when the exams come. He is also obsessed with taking breaks and explaining real life examples of biological molecules, which wouldn't be a bad thing, except we actually need to get through content and learn. Yeah, I am sure he used to be amazing, but this semester he was not.",0,1,0,0,0,0,1,0,"I am sure he was an amazing lecturer, but this semester the lectures were just so hard to understand,","Clear evidence supports exam heavy, disorganized course."
CHEM242_004,CHEM242,Lee Friedman,2020,1,"I took this class online, and let me just say he acts like a child. He is so unprofessional, and when students would email him with valid concerns, his responses would be snarky and demeaning. His exam was completely unrelated to the class material, and frankly, if he took it himself, I don't think he would have passed. It seems that he wants to see everybody fail, and in a time where our world is quite literally falling apart, he seems to think his class is the only thing that matters. Buckle down for a semester of immaturity and irrationality if you take this class.",0,0,0,0,0,0,0,0,No clear workload signal.,No clear workload signal.
CHEM271_220,CHEM271,Amanda Schech,2025,5,"Super straightforward lab. Professor Schech is so sweet and made the lecture so engaging. Her energy is contagious and honestly I have no clue where she get's it from I'm jealous PROS - Straightforward exams (I'd recommend understanding the lab reports, pre-lab quizzes, and the online (optional) pre-lab walkthrough) - super helpful office hours - She's available very frequently for questions - Has the online Piazza to ask questions if you're busy or too shy - I got busy and skipped lectures a lot, and did well by self-teaching or just reviewing the panoptos CONS - You have to pay for LabArchives (online lab notebook) - Big workload: lab reports take up most, if not all, of your time (make sure you go to office hours to just get them over and done in one go) - There's a lecture once a week, and because of this, there are 2 Exams you'll take",0,0,1,1,0,0,0,0,Her energy is contagious and honestly I have no clue where she get's it from I'm jealous PROS -,"Clear evidence supports homework heavy, time consuming."
CHEM272_034,CHEM272,Amanda Schech,2023,5,Amazing lab coordinator. Exams are extremely fair. She holds review sessions before exams and lots of information covered in those are directly applicable to the exams. Lab reports are long but doable. Very approachable and energetic. She's also a great lecturer and I have learned a lot after having Dr. Schech for both CHEM131 & CHEM272. Obviously passionate and cares about her students. Highly recommend.,0,0,1,1,0,0,0,0,Lab reports are long but doable.,"Clear evidence supports homework heavy, time consuming."
CMSC131_413,CMSC131,Pedram Sadeghian,2025,4,"Pedram is a great professor teaching a somewhat boring class that is CMSC131. I really love how this guy goes into crazy detail, and speaks about how stuff in 131 can relate to future classes. To be honest, if you already know how to code, you can get away with missing 80% of lecture, however you would be missing out on good bits of information about how java works, which I can guarantee not many know. I will say, the quizzes and exams are actually a bit challenging compared to what he teaches, DO NOT UNDERESTIMATE THIS CLASS. just cuz you got a 4 in CSA and knows the basics of OOP does not mean this is an easy A, this class still needs some attention (I learned this the hard way). Overall Pedram is the goat for teaching, but when it comes to exams and quizzes, they can be difficult, so keep this in mind when choosing him. I'm going to continue with him for CMSC132, so I do recommend bro.",0,1,0,0,0,0,0,0,"I will say, the quizzes and exams are actually a bit challenging compared to what he teaches, DO NOT",Clear evidence supports exam heavy.
CMSC132_465,CMSC132,Larry Herman,2025,3,"I fear I was too harsh on my last review. Honestly all of the ""bad"" policies are good for the students and for learning, just a bit of an annoying class but so is every other CS class.",0,0,0,0,0,0,0,0,No clear workload signal.,No clear workload signal.
CMSC216_430,CMSC216,Larry Herman,2025,1,"Herman is a great 132 teacher, but for the love of god, he CANNOT teach 216. 216 is already a hard course, but herman will make it harder. He will make it a living hell. Unannounced worksheets in every other lecture/discussion that if you miss enough can bring your grade down more than a project. Exams are nothing like practice material. Save yourself the trouble and avoid herman at all cost",0,1,0,0,0,0,0,0,Exams are nothing like practice material.,Clear evidence supports exam heavy.
CMSC250_486,CMSC250,Fawzi Emad,2025,5,"Fawzi is the best professor in the C.S. department, hands down! I actually enjoyed going to this class. There are a lot of quizzes, but they were pretty easy. The tests were fair and not too long. Take any class with him that you can!",0,0,0,0,0,0,0,0,No clear workload signal.,No clear workload signal.
CMSC320_197,CMSC320,Fardina Alam,2025,5,If you turn everything in on time and try at least somewhat on exams then you can do really well in the class. The homeworks/projects don't require you to write that much and usually everyone gets a good grade on them. The exams can be a little chaotic and not always that fair in my opinion but the grading is very lenient and you can earn a lot of half credit.The semester long group project is not that overwhelming and has been manageable.,1,0,1,1,0,0,1,0,If you turn everything in on time and try at least somewhat on exams then you can do really,"Clear evidence supports project heavy, homework heavy, time consuming, disorganized course."
CMSC330_239,CMSC330,Nitin Enjamuri,2025,5,"To the legend himself, Nitin Enjamuri — TA supreme of OCaml and all things CFG, lexer, parser, opsem, and interpreter wizardry. The way you break down abstract syntax trees? Literal poetry. Your ability to untangle eval semantics? Michelin-star level. Every whiteboard session feels like watching an artist at work — except the medium is functional programming and the vibes are immaculate. You don’t just teach — you radiate understanding. You’re like the monad that binds our confusion to clarity. The fixed point of our chaotic recursion. The reason our mental stacks don’t overflow. OpSem bows to Nitin. And let’s be honest: on top of the brilliant brain and heartwarming enthusiasm… you're criminally cute. Like, it’s actually OP. The parse prince - Nerf Nitin when?",0,0,0,0,0,0,1,0,The fixed point of our chaotic recursion.,Clear evidence supports disorganized course.
CMSC335_010,CMSC335,Nelson Padua-Perez,2023,5,"Nelson is a very chill and funny professor. Lectures are recorded and projects and exams are very straightforward. The course covers express, node, and MongoDB, so you do learn some valuable information as well. Definitely recommend taking this course.",0,0,0,0,0,0,0,0,No clear workload signal.,No clear workload signal.
CMSC351_323,CMSC351,Clyde Kruskal,2025,1,"I don't even know where to start... He doesn't seem to care about this course in the slightest, showing up 10 min late to every lecture and not having anything prepared. Don't expect to have anything graded either, i put my expected grade as a C- but only 20% of the assignments are graded so far so who knows. Exams were very difficult but not hard to stay within the standard dev. My BIGGEST complaint about this class was the amount of cheating that happened during the exams. People literally had their grok ai SPEAKING to them during the final and the TAs ignored it, they also don't find it suspicious when 10 people were in the bathroom at a time when there were 30 people talking an exam. Kruskal simply does not care. The final exam was the hardest thing i've done academically by far, no material could help you prepare for the final it was %90 intuition based. I had all the concepts down but Kruskal will introduce some random-property graph that you've never seen in your life and expect you to understand it. More than half of the final was stuff we never even practiced in hw or in class, I could do it during the exam because I do leetcode but I would never expect someone with no experience to intuitively solve these problems. And you might think because the questions are so hard the grading on them might be lenient... NO, I wrote down my answer for a question with %100 confidence and I got 0/15 when one of the criteria was +3 points for ""something of value"" when mind you not, my answer was off by a few coefficients and i had a full explanation. AVOID KRUSKAL at all costs, if I could go back i would swallow my ego and take 351 over the summer with Justin. This semester has been so stressful for a class that shouldn't be too hard.",0,1,1,0,0,0,0,0,Exams were very difficult but not hard to stay within the standard dev.,"Clear evidence supports exam heavy, homework heavy."
CMSC411_027,CMSC411,Michelle Hugue,2021,1,"Taking this class with Meesh was an incredibly disappointing experience. I knew going in that it wasn't supposed to be a hard class and that it could be a bit disorganized, and those things are both fair enough. This class had a LOT of work - six exams, of which only one was dropped, which gave an exam pretty much every other week. Each of them were about 20 pages, and finding the information was difficult. Grading took forever as well, so it was hard to know how you were doing in the course.",0,1,0,1,0,0,1,0,I knew going in that it wasn't supposed to be a hard class and that it could be a,"Clear evidence supports exam heavy, time consuming, disorganized course."
CMSC414_061,CMSC414,Dave Levin,2024,5,"One of the best lecturers UMD has, but his research is what really makes them interesting. Always has funny stories and is a real expert in his field. Couldn't recommend this class (with Dave) any more to any CS undergrad. The content is super relevant, eye-opening, and you'll learn a lot. First two projects were most challenging. Take the class seriously and you'll be rewarded, not something that can be said about every upper level cs class.",1,0,0,0,0,0,0,0,First two projects were most challenging.,Clear evidence supports project heavy.
CMSC417_033,CMSC417,Samrat Bhattacharjee,2024,5,"He will literally not move on to the next topic until all questions are answered. Friendly, funny, and knowledgeable professor. Quite merciful with grading. I got a C- even though I flunked most projects and all exams. He's also quite fascinating to converse with on Piazza. Unfortunately, he unknowingly assumes you know certain concepts about networking. He also goes too fast in class. If you take the time read the notes posted on Reddit, you'll be fine. They reflect his content better than his own notes. Another complain I have is that I could not connect the concepts he was talking about. I only learned a bunch of seperate protocols. But overall, great professor. Definitely take him.",0,0,0,0,0,0,0,0,No clear workload signal.,No clear workload signal.
CMSC420_176,CMSC420,Justin Wyss-Gallifent,2025,1,Completely overrated professor. You'd think a CS class would be relevant to CS but its just a math class.,0,0,0,0,0,0,0,0,No clear workload signal.,No clear workload signal.
CMSC421_061,CMSC421,Archit Kambhamettu,2024,5,"Archit single handedly saved me in 421. I had zero clue what I was doing but went to his office hours, and he helped finish the project. He also held extended office hours the day the project was due. He's a great guy who's for the student and also a very chill grader who grades on understanding the concepts instead of just checking for the right answer.",0,0,0,0,0,0,0,0,No clear workload signal.,No clear workload signal.
CMSC422_031,CMSC422,Mohammad Nayeem Teli,2024,4,"pretty good professor, but its a very hard class. i took it in the summer and the lectures were prerecorded so you can do it on your own pace. projects and homeworks/quizzes were all pretty easy. however, the exams were very very hard. the midterm was not like the practice midterm, and the final exam was not like the practice final. the final exam average was a 60%. i don't know how I ended with an A. you really need to watch all the lectures and learn everything to do good on the exams, the practice exams are not enough. also, you can bring a cheet sheet to exams, so fit whatever you can on it.",1,1,1,0,0,0,0,0,i took it in the summer and the lectures were prerecorded so you can do it on your own,"Clear evidence supports project heavy, exam heavy, homework heavy."
CMSC424_076,CMSC424,Daniel Abadi,2024,2,"same as below… god forbid i don’t eat breathe sleep databases,…. biggest sigh. diabolical course, put me through it this semester",0,0,0,0,0,0,0,0,No clear workload signal.,No clear workload signal.
CMSC426_038,CMSC426,Jia-bin Huang,2024,3,"TLDR: DO YOUR RESEARCH ABOUT COMPUTER VISION BEFORE TAKING THIS, LOOK AT PPTX FROM OTHER UNIVERSITIES THAT HAVE THIS COURSE. TAs AND GOOGLE WILL BE YOUR BEST FRIENDS I'm working on the last project right now (not the final project) and looking back at it, this class is very manageable. I barely got a 50 on the midterm, but I was able to complete all of the previous projects successfully. If you START EARLY and GO TO OFFICE HOURS, you will also be able to complete the projects on time (I started most of them a few days before the due date and submitted them late but I cranked each of them for around 2-4 days straight with help of TAs and finished them). I would only suggest taking this class if you are genuinely interested in the computer vision world. Look up textbooks and documents from previous years and from other schools. Jia-Bin goes into detail about concepts and lectures are mandatory, so if you don't want to fall asleep, do NOT take this course.",1,0,0,1,0,0,0,1,TAs AND GOOGLE WILL BE YOUR BEST FRIENDS I'm working on the last project right now (not the final,"Clear evidence supports project heavy, time consuming, fair but strict."
CMSC430_029,CMSC430,David Van Horn,2023,2,"Most checked out professor ever, course was terribly organized. Apparently he did not interact with the TAs all semester and it showed. Projects were almost always posted late. Sometimes posted to course website, sometimes to piazza, never told where. We were told there would be a lecture quiz posted after each class, there have been 4 total. I'm about to take the final and exam 1 regrades aren't out yet, exam 2 initial scores (autograder) aren't out yet almost a week after taking it. TAs don't show up for office hours. Lectures were monotonous and hard to pay attention to. If you are able to pay attention he explains stuff alright, he does a good job answering questions in person. He is a nice enough guy.",0,0,0,0,0,0,0,0,No clear workload signal.,No clear workload signal.
CMSC433_002,CMSC433,Michael Hicks,2011,5,"Great professor, excellent teaching style and attitude. Very helpful with in class examples and study guides for exams.",0,0,0,0,0,0,0,0,No clear workload signal.,No clear workload signal.
CMSC434_022,CMSC434,Evan Golub,2023,1,"Professor Golub thinks his project descriptions are like poetry or something, but he's not a poet and he just ends up making such a sloppy mess out of them that it feels like reading them is an assignment all on its own. The environment of the class completely revolved around his dislikeable centric personality. My group felt particularly terrorized in the sense that he seemed to be creating a climate of fear and instability all for the sake of flexing his perceived authority of the course topics. To expand on that, it's scary that he feels obliged to give some teams an F, and when he gives us the most abstract, ambiguous project guidelines I've ever seen in my entire life, with no examples of how we're supposed to follow them, it makes the grading feel completely unstable and up to chance. He seems oblivious to the possibility that there may be students in his class who have no experience in web development, or students with ADHD who can't sift through all his totally unstructured rules and instructions randomly spread across ELMS, lecture notes, and his personal website. Does he just think they're born to never succeed in his class and there's nothing anyone can do about it? Plus, his lectures are littered with irrelevant trivia about himself and his interests, which leaves behind an unsatisfying taste. He did express that he genuinely wants the best for his students, and I think there is some truth in that, but he clearly is too disconnected from the needs and desires of an average student to follow through on that. In a nutshell, professor Golub does way too much for an intro to UI class and he clearly can't comfortably handle everything he puts on his plate, which creates a vicious cycle where he lashes out by adapting an aggressive, unrealistic grading method to make himself feel comfortable again, and then his restored ego makes him inclined to put in even more effort. The feel of the class is sloppy and disconnected and is without a doubt the most unpleasant experience I've had in any class at UMD. I feel like all the problems with the course are reflections of outstanding issues in professor Golub's character. We have already observed how fundamentally attached he is to his problematic methods, so I don't see any direct ways to improve the course besides either re-educating his teaching strategy or terminating him. Would give 0 stars if possible.",0,0,0,0,0,0,0,0,No clear workload signal.,No clear workload signal.
CMSC436_016,CMSC436,Michael Marsh,2023,5,Start projects early. Never went to class and but his videos and slides were super helpful. Because of the flipped class and all of the lectures are recorded it's sometimes hard to ask questions but if you go to his or any of the TAs office hours they are super helpful. Marsh is the goat fr. One of the top 3 CS class I've taken behind taking 420 with him.,0,0,0,0,0,0,0,0,No clear workload signal.,No clear workload signal.
CMSC451_058,CMSC451,Laxman Dhulipala,2023,4,"Long homeworks, but very willing to help and super nice to talk to. Lectures are usually pretty good, but the content isn't always the most interesting.",0,0,1,1,0,0,0,0,"Long homeworks, but very willing to help and super nice to talk to.","Clear evidence supports homework heavy, time consuming."
CMSC456_035,CMSC456,Daniel Gottesman,2022,5,"To be completely honest everyone on here is being too harsh and is failing to understand that this is a 400 level math class. Of course it’s going to be hard. Sure it’s going to even harder with a professor who has never taught the class before, but when the class is curved an entire letter grade at the end how can you complain. Professor Gottesman increased the quality of his slides significantly as the semester progressed and took class feedback seriously- something most professors don’t do.",0,0,0,0,0,0,0,0,No clear workload signal.,No clear workload signal.
INST326_052,INST326,Aric Bills,2025,1,"I really like this professor as a person—super nice and understanding—but as a teacher? I wouldn’t recommend this course. The class structure is a mess (at least in my opinion). There are three lectures a week, but instead of actual teaching, they’re just Q&A sessions based on 1-2 hours of assigned videos you have to watch beforehand. If you thrive in an ""ask-and-answer"" learning environment, this might work for you. But if you don’t want three mandatory discussions every week, it’s a nightmare. Essentially, the class is entirely self-taught. And don’t even get me started on the pop quizzes—if you’re even two minutes late, you’re out of luck. So, not only do these so-called “lectures” require you to come fully prepared, but you’re also forced to attend because of these surprise quizzes. There are four exams spaced every 2-3 weeks, plus assignments that seem to be due at the most inconvenient times (not even 11:59 PM deadlines). It felt like there was always something hanging over my head. As someone who’s not the best at coding, I had to cram like crazy for the exams—and somehow survived. If you’re looking for a structured, engaging learning experience, this isn’t it.",0,1,0,0,0,0,0,0,"As someone who’s not the best at coding, I had to cram like crazy for the exams—and somehow survived.",Clear evidence supports exam heavy.
INST327_009,INST327,Vedat Diker,2023,5,Dr. Diker was a great professor. He was more than willing to help his students and was always available when needed. He is also a fair grader.,0,0,0,0,0,0,0,0,No clear workload signal.,No clear workload signal.
MATH140_501,MATH140,Anthony Spinelli,2025,5,"Simply an excellent TA. His ability to explain complex calculus topics as if we were toddlers is nothing short of amazing. This TA will make every effort to learn names, get to know his students, and hold additional office hours and problem solving sessions.",0,0,0,0,0,0,0,0,No clear workload signal.,No clear workload signal.
MATH141_533,MATH141,Shin Song,2025,5,"She is a very considerate professor and wants you to succeed. Her worksheets and quizzes were very reasonable and not difficult at all. Prior to quizzes she even tells you what type of problems will be on the quiz during lecture. Song responds to emails very quickly and Jen was also a wonderful TA. Some worksheets are also dropped at the end of the semester along with your lowest quiz score. Math is not my strong suit which is why I barely passed, but if you complete every quiz and worksheet, that should create a nice cushion in case you don't do well on the exams. Speaking of exams, she also gives very helpful study guides.",0,1,1,0,0,0,0,0,Her worksheets and quizzes were very reasonable and not difficult at all.,"Clear evidence supports exam heavy, homework heavy."
MATH240_357,MATH240,Shin Song,2025,4,"Good professor, generous grading, very nice person. 240 can get very jargony but she tries to tie it back to concrete examples which is nice. She gives out practice exams a week before exams, and they're pretty similar. I would say office hours are the most helpful, she's very good at showing you the exact procedure for problems. She posts all her lecture notes. Quizzes during discussion are free points. Exams are not too bad. Matlabs are also not bad. Take her she'll give you a very fair class",0,0,0,0,0,0,0,0,No clear workload signal.,No clear workload signal.
MATH241_516,MATH241,Manoussos Grillakis,2026,1,"Not too great of a teacher, bad lecturer. Exams arent hard but limited partial credit so one mistake leads to a 80 or so. Just find someone else if possible.",0,1,0,0,0,0,0,0,Exams arent hard but limited partial credit so one mistake leads to a 80 or so.,Clear evidence supports exam heavy.
MATH246_351,MATH246,Margaret Doucette,2025,4,"Her exams are very fair and she's very transparent about what you need to study. She described every quiz before discussion and gave you a review of topics that are fair game on exams so you knew what to study. She wants you to succeed and asks for student input on how she could be better since she's very new to teaching this course. Diff eq is known to be a hard math course so she did well for what it is. She sometimes overcomplicates topics and explains it super poorly so you just leave lecture confused but I believe she'll get better with time. Overall, it wasn't an easy A per se but it certainly wasn't the worst class ever.",0,0,0,0,0,0,1,0,She sometimes overcomplicates topics and explains it super poorly so you just leave lecture confused but I believe she'll,Clear evidence supports disorganized course.
MATH310_058,MATH310,Sean Gruber,2024,5,"One of the best professors ever! All his exams were weighted the same which took a lot of pressure off performing super well on the final like for most math classes. He was super flexible with homework and quizzes (ie extending hw due dates and going over the concepts more with us if he felt like we didn't spend enough time on them, and letting the entire class redo a quiz because everyone did bad on it) (also out of the weekly(ish) quizzes, about half were group quizzes—so we got to collaborate on them). He really worked to help us make sure we understood the more complex topics and was always willing to explain it!",0,0,1,0,0,0,0,0,All his exams were weighted the same which took a lot of pressure off performing super well on the,Clear evidence supports homework heavy.
MATH401_092,MATH401,Wiseley Wong,2024,5,"There's a very good reason that, before he swapped out to teach a section of MATH405, Wiseley's section for MATH401 filled up with a sizeable waitlist in the first few days of class registration for the spring. The only reason I got him this semester is because Allan also taught the class, and I'm so glad I got Wiseley. His lecture style just worked for me, I don't know what else to say. Also, he's just generally approachable, and he knows how to deduce what people are asking in lecture and answer questions to clear up any confusion. In terms of topics, since MATH401 is fairly loose about them, Wiseley primarily covered Leontief input-output model, basic affine geometry and computer graphics, Markov chains, some combinatorics, and a lot of spectral graph theory. I really enjoyed the graph theory part of the course, but it's also the most dense section. A few things to note about the class: - With Wiseley, the class is more theory than applications. While this is not a proofs-based class (the proofs we do have to do are essentially slight modifications of the ones covered in class), the focus is definitely more on the mathematics in each of the topics. There are some applications in the homeworks, such as an SVD compression of a grayscale image, but a different professor may be better if you want to dive into the applications more in the context of the class. - Wiseley's lectures, especially in the beginning, are very quick. He structures how he writes on the board so that there's enough time to write everything before he erases it, but they can take time to get used to. He does slow down a bit when covering combinatorics and graph theory due to the relative difficulty in content, but he still goes fast. - A fairly significant portion of exams can be more about just memorizing the correct facts about what we're doing, in addition to the problems where you need to carry out the correct computation from start to finish. For whatever reason, I really struggled with flipping the meanings of rows and columns in a matrix, and I generally just struggle with simple mistakes in a way most of my classmates seemingly didn't. - The exam averages will likely be high, as due to the nature of class registration, it's likely upper level math and CS students who know what they're doing who can actually get into Wiseley's section. For my section, the median was as high as 95.5% for exam 2, and the final had a median of about 88.5%. Overall, I highly recommend Wiseley for MATH401.",0,0,0,0,0,0,0,0,No clear workload signal.,No clear workload signal.
MATH403_029,MATH403,Amin Gholampour,2022,5,"Amin is a competent lecturer with a good amount of responsiveness/attention and his assignments/exams were mostly fair. For our class, we had only weekly homeworks (lowest 2 dropped) and 2 midterms (lowest one dropped). No quizzes nor extra assignments, which was very respectful for our time. Some work could be really tedious (single HW problems taking hours was usual, expect to take multiple hours weekly to review content to make sure you understand it). That's to be expected given that this is one of the hardest classes in this department, but he did allow work to come in late and to ask him for help, he responds quickly via email and is usually available for office hours or just after class if you can ask him then. It was also convenient of him to have all of his notes online, which he would clarify in class or go over in more detail if anyone asked him. Once some people started getting lower grades on exams, he included extra credit parts in the exams which gave even more leniency for getting a higher grade. He also grades very quickly in this class so we could quickly discuss what we thought was and wasn't fair. Overall, he was a professor who knew how to instruct and had good control over how much work he assigned and gave many opportunities to do well in what is one of the most infamous math classes. TL;DR he is a solid professor, and it's a good idea to take a course with him.",0,0,0,0,0,0,0,0,No clear workload signal.,No clear workload signal.
MATH405_023,MATH405,Adam Kanigowski,2023,5,"Was very nice and helpful. If you ask questions hell do his best to answer, cares about students. Wish there was more homework to help with understanding. We use the textbook Linear Algebra by Serge Lang, all the homework is from the textbook, you can also find solutions online which is helpful in understanding the content. Exam questions are pretty fair as well. Think there was a pretty good curve on the final as well. This class was hard for me since I had bad preparation (first proofs class, only took CMSC250, no MATH410 either), but taking it with Kanigowski helped a lot.",0,1,0,0,0,0,0,0,Exam questions are pretty fair as well. Think there was a pretty good curve on the final as well.,Clear evidence supports exam heavy.
MATH406_038,MATH406,William Goldman,2023,4,"Great professor, clearly very passionate about the topics taught. The professor often engaged in discussions with students about math topics. The workload in the class was light(1 homework assignment every 2 weeks), but still allowed a chance to gain an understanding of the content. Dr. Goldman was willing to go over homework problems the class struggled with in class. The final exam was also curved. The only negative was that the professor is not the best lecturer and often seemed to have difficulty conveying topics.",0,0,0,0,0,0,0,0,No clear workload signal.,No clear workload signal.
MATH410_102,MATH410,Stefan Doboszczak,2025,5,"410 is definitely a hard class, but taking it with Stefan makes your life so much easier. Exams are similar to past exams and homework, and he even does group work days where so we can practice before the tests. His teaching is amazing and you can tell that he is really passionate about math and the subject. Homework can be a little tricky, but definitely not impossible. I highly recommend taking this class with Stefan if he teaches it in the future!",0,1,1,0,0,0,0,0,"410 is definitely a hard class, but taking it with Stefan makes your life so much easier. Exams are","Clear evidence supports exam heavy, homework heavy."
MATH411_034,MATH411,Matei Machedon,2023,5,"Great professor. knowledgable and very solid lectures. Dr Machedon is one of the best. His class is absolutely intended for students to actually learn things. Assignments are generally helpful and he is very willing to help in his office hours. Very patient and would like to explain things. last but not least, he curved the grade marks so that despite this is a hard class, can certainly expect a decent final grade if did sufficiently fine in assgnment and exams.",0,1,0,0,0,0,0,0,"last but not least, he curved the grade marks so that despite this is a hard class, can certainly",Clear evidence supports exam heavy.
PHYS121_052,PHYS121,David Buehrle,2024,3,"David's just kinda middle of the way. He's nice to talk to and very understanding but his lectures made no sense to me. He spent a lot of time on theory or analogies over mathematical applications. The moment I thought I was finally figuring something out it would move to the next slide and I'd be back at square one. It seems like a lot of others shared this same sentiment as our class averages would consistently be in the 50s before curve. Speaking of, he does curve pretty generously (once scored a literal 40% on an exam and it turned into a 70%) but I'd rather he just take a different approach to teaching the material than curving everything. The exam questions could get difficult or worded weirdly or focus on certain applications we barely talked about. The thing is, the course content isn't really that difficult, some of the exam questions just get you. It's basically highschool physics so I'd recommend just learning it elsewhere if need be and only show up for exams. The lab portion for my section was horrible. It sounded like there was very little communication between David and the TA's. Once I asked the TA a question regarding the lab report, she told me she would email the prof and get back to me, two weeks pass, and when I asked her again she said he never responded. I ended up just asking him in lecture myself. Lab assignments also took forever to grade and our TA never responded to emails and was MIA for a while. I don't really know how much David is involved with the lab portion and a large part of the experience does just depend on your TA.",0,1,1,1,0,0,1,0,It seems like a lot of others shared this same sentiment as our class averages would consistently be in,"Clear evidence supports exam heavy, homework heavy, time consuming, disorganized course."
PHYS131_043,PHYS131,David Buehrle,2024,1,"His lectures are simple tophat questions, but the exams and homework are much more complex. Since he does not actually teach how to solve these types of problems, it is difficult to learn the material, which results in low exam averages.",0,1,1,0,0,0,0,0,"His lectures are simple tophat questions, but the exams and homework are much more complex. Since he does not","Clear evidence supports exam heavy, homework heavy."
PHYS132_008,PHYS132,David Buehrle,2022,5,"I always enjoy his lectures, even though I've never liked physics much, because he does a good job of incorporating a lot of examples and practice problems. The class is definitely doable - he has lots of Tophat questions for completion that help boost your grade, and the hws and labs, while tedious, aren't too bad if you work with others or go to course center hours. Exams aren't too hard, they're usually similar to many of hws and old exam practice problems. Buehrle's a very nice and understanding professor - when one of our exam averages was pretty low this semester, he gave us the opportunity to make up points on a couple of the problems, which I really appreciated as not many STEM professors will do this. Glad I got to take his course for 131/132.",0,1,1,1,0,0,0,0,"Exams aren't too hard, they're usually similar to many of hws and old exam practice problems.","Clear evidence supports exam heavy, homework heavy, time consuming."
PHYS260_174,PHYS260,Wendell Hill,2025,1,"Wendell Hill is an experienced and clearly knowledgeable physicist. Unfortunately, that knowledge does not make him a good lecturer. Lectures feel disconnected from homework, quizzes, and exams. The board fills up with dense symbols and unclear handwriting while the monotone delivery assumes you already learned the material somewhere else. Attendance is maybe encouraged through bonus points, which is generous, because being physically present does not mean you will understand anything. Asking a question feels like volunteering to be publicly humiliated. He has a special talent for making you feel stupid for not understanding something while also not fully answering the question. Time-consuming ExpertTA and written homework assignments, along with weekly discussion quizzes, make it clear very quickly that lecture is not meant to prepare you. To succeed, you are expected to teach yourself the entire course using the textbook, YouTube, or even by hiring a tutor. Even then, you will likely still be relying on a curve by the end of the course. Overall, he is a prime example of why people dislike tenured professors. This class demands a high level of independence and endurance. If you have the option, take physics somewhere else.",0,0,1,1,1,0,1,0,"Time-consuming ExpertTA and written homework assignments, along with weekly discussion quizzes, make it clear very quickly that lecture is","Clear evidence supports homework heavy, time consuming, self learning required, disorganized course."
PHYS270_062,PHYS270,Drew Baden,2025,5,Very good lecturer and made the class very interesting. His exams are long but are basically the same questions as the homework so its not too hard. He seemed to actually care if we understood the actual physics and really seemed to want us to succeed.,0,1,1,1,0,0,0,0,His exams are long but are basically the same questions as the homework so its not too hard.,"Clear evidence supports exam heavy, homework heavy, time consuming."
STAT100_209,STAT100,Archana Khurana,2025,5,This is the sweetest woman I have ever encountered ever. She is so genuine and the class is so slight just show up when there is a class activity if you can. Idk how participation is graded for STAT100 because it's such a huge lecture but def answer a question like once or twice and you'll be chillin. Tests are also easy but the TAs take forever to grade them. The R assignments are stupid because it's coding but I don't think she has a choice in assigning those.,0,0,1,1,0,0,0,0,Tests are also easy but the TAs take forever to grade them. The R assignments are stupid because it's,"Clear evidence supports homework heavy, time consuming."
STAT400_451,STAT400,Shixin Zheng,2025,1,Does not go over any practice problems. Just yaps about a bunch of formulas and theories. He did a review session before the midterm and said doing practice problems would not be a good use of our time and instead just yapped about some theoretical stuff that he already yapped about before. This man is a nightmare and should not be teaching this class. Run for you life.,0,0,0,0,0,0,0,0,No clear workload signal.,No clear workload signal.
STAT401_060,STAT401,Archana Khurana,2024,5,great professor - super kind and nice and willing to accommodate - there are daily quizzes and worksheets weekly which you need to stay on top of but beyond that everything is VERY fair. she's also really funny and good at teaching things. HEAVY recommend to take archana for stat401.,0,0,0,0,0,0,0,0,No clear workload signal.,No clear workload signal.
STAT410_093,STAT410,Yun Yang,2025,5,"Lectures are valuable and full of proofs and examples. Yang always asks for questions and gives a 5min break during lectures. He explains both the math and concepts very well. Even though the slides are posted, attendance is necessary to grasp the concepts unless you do well with self-teaching from the textbook. The class is structured well around the textbook, and if additional help is required, you can always go to the TA. Homework is 10 10pt questions biweekly and is worth 40% of your grade. The midterm and final are 5 20pt questions worth 25% and 35%, respectively. Extremely straightforward class, so don't get lost in the lengthy derivations or rants that sometimes accompany his lectures. This is my first stat class ever as a math major, and I felt comfortable with the topics (after preparing for the very worst). The prereqs don't exactly make sense; a strong math background is all you really need. The class is paced just a little fast and looks scary, but it is very doable.",0,1,0,0,0,0,0,0,"The midterm and final are 5 20pt questions worth 25% and 35%, respectively.",Clear evidence supports exam heavy.
STAT420_010,STAT420,Jonathan Fernandes,2023,2,"I'm disappointed to write this review because I've taken STAT 410 with him and had a great experience. this class was insanely hard and jonathan's expectations for the students were definitely way too high. the homeworks were super hard and I always had to google to figure out how to do them since the class notes were not directly applicable. the exams were also insanely hard and we didn't get much help to prepare. for the final exam he told us ""if you know all the examples from class and homeworks you'll be fine"". like jeez thanks a lot. He also said he'd post class notes but would always do it super late, giving us barely any time to use them for hw/exams. Only giving him this rating because he's a nice guy and was fairly lenient with grading/curving final grades. not really sure what happened but STAT 420 was a pretty bad experience.",0,1,1,0,0,0,0,0,the exams were also insanely hard and we didn't get much help to prepare.,"Clear evidence supports exam heavy, homework heavy."
STAT430_024,STAT430,Timothy Pilachowski,2023,1,"The class is easy, so you can do well, but he is not a good professor. Nothing was graded the first 7-8 weeks of the semester. Then there was a mistake on the Canvas exam where 2 of the questions he misspelled the correct answer, and instead of just changing the correct answer, he made each person go individually to office hours and would change just their score then.",0,0,0,0,0,0,0,0,No clear workload signal.,No clear workload signal.
BSCI160_568,BSCI160,Chloe Garfinkel,2025,5,"Overall a great professor. Lectures can be a little boring sometimes but she does well at explaining everything instead of just reading off of slides. Not much class work, other then a SimBio assignment every week, a coupe concept checks, and a biodiversity infographic at the end of the semester. They are really just grade boosters as long as you do them. A lot of people complain about the tests. They can be difficult, if you don't prepare. She provided review questions for every topic we discuss, as well as an in depth study guide for each exam. She also lets you have a 3x5 front and back notecard with whatever you want to write on it. You will need to study outside of class, but it's a college class so of course you have to. As long as you pay attention and study, the tests are exactly what we learned in class. The finals was also mostly more recent stuff we had learned and only a little bit of cumulative stuff, and even then the cumulative stuff wasn't the hard stuff. Over a great teacher who makes you actually learn.",0,1,1,0,0,0,0,0,"Not much class work, other then a SimBio assignment every week, a coupe concept checks, and a biodiversity infographic","Clear evidence supports exam heavy, homework heavy."
BSCI161_006,BSCI161,Hans Lemke,2022,4,"While this course is pretty tedious it's not too hard to do well as long as you pay attention to the tools used during the labs. I took this class along with BSCI 161 as a DSNL gened, a decision which I very much regret. This course is much harder than it was 2 years ago than when it was online. I never met or spoke to Hans Lemke during the lab.",0,0,1,1,0,0,0,0,While this course is pretty tedious it's not too hard to do well as long as you pay attention,"Clear evidence supports homework heavy, time consuming."
BSCI170_291,BSCI170,Cordelia Weiss,2025,5,"Dr. Weiss is such a great professor! She is really passionate about the subject and knows it really well. You can tell she cares about the students and wants them to do well. Her exams are super fair, and even if you don't do well on them, she gives plenty of opportunities to earn more points, like through weekly review quizzes, graded modules, and participation questions. In addition, the slide shows and recordings are always posted and very useful to go over to study. She provides key questions for each topic that help you study. Also, she provides a review paper and slides for each exam that are very helpful. She is very receptive to students asking questions in and after class. If you don't understand a concept you can just ask her. The best thing is that she makes jokes and tries to make us laugh. This shows how much she cares about us! I 100% recommend you take her!",0,0,0,0,0,0,0,0,No clear workload signal.,No clear workload signal.
BSCI171_059,BSCI171,Joshua Ha,2025,5,"Josh is the best TA I have ever had for any lab section. As an undergrad TA, I don't know how he stays on top of a whole class of us: but he does. He takes his time to explain every assignment, never gets annoyed at questions no matter how many times we ask, and goes out of his way to make sure everyone is understanding the information; which is a big improvement over many other TAs, who seem to try to get students to do the experiment and get out, rather than caring about explaining what. He is very personable, gets people to participate (willingly!) and is even encouraging of our other academic interests and will provide tips. If Josh continues to be a TA for this course, or any other... Take his section!!!",0,0,0,0,0,0,0,0,No clear workload signal.,No clear workload signal.
BSCI201_095,BSCI201,Justicia Opoku-Edusei,2025,5,Dr Opoku is the GOAT!!! 1. Provides study/review guides for the exams 2. Hosts review sessions the lecture before the exam 3. She will literally tell you what she'll put on the exam 4. A lot of bonus points on exams 5. NO cumulative final exam 6. Power points have all the information you need 7. Recordings of previous lectures are available in the modules,0,0,0,0,0,0,0,0,No clear workload signal.,No clear workload signal.
BSCI202_009,BSCI202,Sara Lombardi,2023,5,"This class covers a lot of content, but Dr. Lombardi does an amazing job of teaching it in a way that's easy to understand. She also records all her lectures on Panopto, which is nice. Overall highly recommend",0,0,0,0,0,0,0,0,No clear workload signal.,No clear workload signal.
BSCI207_192,BSCI207,Karen Carleton,2025,5,"Took BSCI207 as a first semester freshman coming in with AP Bio credit. I think Dr. Carleton started the first lecture with hard math to scare people or something but it got easier after the first week. The course is a mixture of rote memorization and applying basic math. Grades are a homework worksheet (completion) every week or so, a few pre-GAE quizzes that are easy if you watched/read the prep, GAE attendance (approx once a week or less), and 3 exams and the final. With the padding, it’s not hard to get an A or B as long as you do okay on exams, which you’re allowed to have a page of handwritten notes for. The questions basically come off of the slides and GAEs, so if you pay attention to lectures and bring a note sheet you’ll be fine. All lectures are recorded and PPTS are posted before the lecture. Dr. Carleton is clearly very knowledgeable about the subject and is a really sweet person. She has slides with the basic info you need but always has extra fun facts and book recommendations. She tries to engage with the class but no one wants to answer her questions or ask any so it’s a little bit sad. I like her a lot though and she seems really chill and cares about her students.",0,1,1,0,0,0,0,0,"Grades are a homework worksheet (completion) every week or so, a few pre-GAE quizzes that are easy if you","Clear evidence supports exam heavy, homework heavy."
BSCI222_242,BSCI222,Thomas Kocher,2025,1,"He is so uninterested in what he is teaching (unless it's the unit he made) and the exams are just insanely difficult. You are given units with about 10 lectures each, the first unit is pretty simple and you are given a lot of help to understand. Now for the 2nd and 3rd exams, you are given 10 100+ lecture slides and you can be tested on any piece of information on those slides. He does nothing to help you understand the material and will just mundanely move through his lecture slides in class (often misorganized and he doesn't even know why he has some slides included) there's nothing to help prepare you for the exam expect his lectures and the ""review"" slides made by TAs in the class not even him so the slides often contain information you won't be tested on. He's not interested in helping you get a better grade and told us all as a class after midterm 2 that we just need to study harder. He's uninterested in anything that has to do with genetics but his own work and his own unit.",0,1,0,0,0,0,0,0,He is so uninterested in what he is teaching (unless it's the unit he made) and the exams are,Clear evidence supports exam heavy.
BSCI223_071,BSCI223,Grace Rua,2025,5,"Grace was the only reason I got through this course, despite Dr. Buchner’s best efforts to be unhelpful, unprofessional, and uncaring. She is a great lecturer who can explain concepts succinctly and in ways that make sense to someone unfamiliar with the topic, and was very accommodating with deadlines. I would highly recommend taking her lab section!",0,0,0,0,0,0,0,0,No clear workload signal.,No clear workload signal.
BSCI330_148,BSCI330,Sergei Sukharev,2025,4,"Dr. Sukharev was actually a super good professor imo. His exams were pretty hard considering it is all free response, but it is all possible. I also felt like he at least tried where he could to make the lectures more engaging/fun. Thankfully he records everything so even if you are super confused or only have the mental capacity to listen for the day, you can always go back to watch again. This is especially helpful for the study guides when you need the answer verbatim. To succeed in this class you NEED to go to some office hours. I did not go to every office hour, but they did make all the difference when I did. He was flexible when I had conflicts with his scheduled office hours which was really nice too. He notices/pays attention to who actually goes in person to lecture and who comes to his office hours, and making somewhat of a relationship with him will only help you with this class. The exams will be 98% percent like the study guides that he puts out, so when you are confused by a part of the study guide, go see Sukharev because he will give you the exact answer that you need. Also go see him to go over your exams, because unfortunately when you get your exam back there isn't a key to go over. When you go to see him there are lots of chances to earn some points back, and definitely learn what the right answers are because you'll need them for the cumulative final. He really cares about helping students when they have questions. Definitely ask questions during the lecture because some content is just difficult and he will take the time to really explain it. Going to class and then using the panaptos for the study guides was the best way to do this class. Not all the content is directly on the slides and many times questions on the study guide will ask about things he had talked about and you will need to go back to listen to it. Using Knowt/Quizlet was my best friend. I would turn the study guide into flashcards and could put my own pictures on Knowt (aka directly from the slides) for my flashcards because you will be asked to draw a good amount of content on his exams (he actually prefers when people draw out their ideas). Then I would use whiteboards to write out my answers/drawings, use the learn modes. Keep up with the study guides as he posts them because if you wait til right before the exam it will take you awhile to thoroughly go through each study guide (they are divided up by ~3 lectures each) and you will not be well enough prepared. There are some built in curved-points on each exam, where there will be say 110 points scored out of 100. He did also curve at the end, but did not really say anything about it, so do not worry if you do a little worse on the final cuz the final is HARD. One note about the lab portion is if you can try to work with people you know are smart and capable because no one wants to be stuck in that lab for 3 hours and if you are with capable people you will always be done in 1-1.5 hrs. You def need to put some work into this class but i promise you will be able to get through it!!",0,1,1,1,0,0,1,0,"His exams were pretty hard considering it is all free response, but it is all possible.","Clear evidence supports exam heavy, homework heavy, time consuming, disorganized course."
BSCI353_024,BSCI353,Chan Lin,2022,4,"Dr. Lin is a great professor and really seems to know his stuff. The only reason why I wouldn't give a 5 star is because of the first midterm exam which pretty much the entire class failed. There were too many questions and some of the questions were vague. The exam completely blindsided the class. Dr. Lin even gave us a mini-exam before the midterm to give us a feel of how the first midterm would be like, all I can say is that is that there was no resemblance at all. But his second and final exams were much better. The quizzes luckily were straightforward. One thing I enjoyed was the clinical scenarios that he put in our group worksheets, the only aspect about the worksheets I didn't like was that my group would hardly show up to class to discuss the worksheet lol. The TAs are nice and answer questions that we have about the worksheets. I would highly recommend reading the textbook for this class, it does a good job clarifying the lecture material plus one of the questions on his exams relate to something specifically from the textbook.",0,0,0,0,0,0,0,0,No clear workload signal.,No clear workload signal.
BSCI410_100,BSCI410,Stephen Mount,2024,2,"I agree with many of the previous reviews on Dr. Mount. He's a good guy and a great researcher, but his teaching skills are terrible. He frequently mumbles during lecture and his explanations are really hard to follow. He puts complicated diagrams on his slides and doesn't explain them thoroughly. I often searched the topics on Google since Dr. Mount's explanations were so confusing. It's also hard to know what information to prioritize studying since his slides and teaching are disorganized. On our first exam, Dr. Mount put a page-long free-response question about a topic he covered for 5 minutes. He does record his lectures, but the mumbling can make it really hard to understand what he's saying, even more so than going to lecture in person. For assignments, he has an in-class question each lecture graded based on accuracy, so attendance is required, but he does drop a couple of them. He also has online quizzes for different topics that are based on the textbook and have multiple attempts each. I used to read the textbook chapters, but I stopped halfway through the semester since they took up so much time and I felt like they weren't relevant for the exams. The textbook was useful for completing the quizzes and some of the diagrams helped with understanding lecture concepts. There was also an informatics assignment that was kind of like a scavenger hunt across different biology databases and an assignment about finding 3 interesting genetics research articles. They weren't that hard, but they weren't graded until the end of the semester despite being due pretty early. For exams, makes sure to complete all of the past exams he posts on Canvas. I felt like his exams weren't that hard since they were so similar to the past exams on Canvas. He often takes multiple-choice questions straight from previous exams and his free-response questions follow a similar format to the previous ones. His exam topics are based on lecture, so study your notes. There's a decent amount of content for each exam, so try to start studying a few days in advance. There are 3 midterms and a final, but the final is split into 2 parts (the last quarter of the class and a cumulative part) that are graded separately, so it's like there are 5 exams for this class. Of the 5 exams, Dr. Mount drops the lowest score. He also curves each exam based on the mean and standard deviation of scores. Overall, I don't feel like I've learned much in this class due to the teaching style, but I don't think the content was especially difficult. The difficulty mostly comes from the professor being bad at teaching.",0,1,1,0,0,0,1,0,It's also hard to know what information to prioritize studying since his slides and teaching are disorganized. On our,"Clear evidence supports exam heavy, homework heavy, disorganized course."
CHEM131_516,CHEM131,Bonnie Dixon,2025,4,"Disclaimer: I took this course in Fall 2024, and I’m writing this review after completing both Orgo I and Orgo II. First off, Dr. Dixon is really smart and genuinely knows how to explain difficult concepts clearly. That said, I’ll be honest—she can come off as a bit mean when answering questions during lecture, especially from students who don’t do well on exams. One review mentioned that she’s bipolar and I lowkey agree with that. In terms of course structure, there are three midterms, one final, and a bunch of homework assignments. The homework is very challenging and usually took me around 7 hours to complete, but you’re given a full week to do it. One frustrating thing is that sometimes Dr. Dixon doesn’t cover all of the homework material in lecture until just a couple of days before it’s due. Because of this, I often had to go to office hours to do well on the assignments. Personally, I hated office hours because they’re overcrowded and held in a really small room, but unfortunately, going is pretty much necessary if you want good homework grades. Dr. Dixon also runs something called Chemistry at Night (CAN), where she works through harder practice problems. The best part is that these sessions are recorded and posted online, so you can watch them on your own time. The homework and CAN sessions are easily the two best resources for doing well on exams. I felt that all of the midterms were very representative of the lecture, homework, and CAN material, though the last midterm was definitely the hardest. The final, on the other hand, was by far the easiest exam and I didn’t really have to learn anything new to do well on it. Another huge plus is the 10-point buffer added to exam scores. Honestly, most people who complain about this class fall into one of three categories: freshmen with ineffective study strategies, students who never took a rigorous science class in high school, or people who don’t go to lecture (which is a bad idea since lectures aren’t recorded). So if you want to do well, listen up: go to class, actually work through the homework problems (don’t use chatgpt), watch the CAN videos, and make a solid review sheet for each exam. This class is the single biggest reason I improved my study strategies, and it ultimately helped me earn As in both Orgo I and Orgo II.",0,1,1,1,0,0,0,0,"Dixon is really smart and genuinely knows how to explain difficult concepts clearly. That said, I’ll be honest—she can","Clear evidence supports exam heavy, homework heavy, time consuming."
CHEM132_066,CHEM132,Christiana Guest,2025,3,Don't expect a fast in and out lab. It is very timely. My TA was super chill and would sign our manuals as long as we had the lab data even if everything wasn't filled out. I never interacted with Dr. Guest but her final grades depend on the distribution. The pre-lab quiz is self explanatory but lock in on the reflection quiz because theres barely any questions and it hurts your grade. Post labs what you put in is what you get out. Meaning put some effort into the postlab and you will get a good grade. It can be a lot but it moves quick. Unlike my BSCI171 lab it tends to correlate pretty well with CHEM131 in my opinion. Make sure you like your partner a lot and even your table group because nothing is individual work.,0,0,1,1,0,0,0,0,My TA was super chill and would sign our manuals as long as we had the lab data even,"Clear evidence supports homework heavy, time consuming."
CHEM135_424,CHEM135,Samuel Lascio,2025,5,He is a really good professor especially when compared to other ones you'll eventually come across. He is super down to earth and a very nice funny guy. You can email him and he'll response typically fast. The class is VERY hard though. Dr. Lascio understands this and tries to accommodate. If the class performs poorly he will curve GENEROUSLY.,0,0,0,0,0,0,0,0,No clear workload signal.,No clear workload signal.
CHEM231_415,CHEM231,Monique Koppel,2025,5,"Honestly here is my breakdown that I wish someone would tell me before taking this class: - I don't go to lecture, she's lwk very confusing. I realized her teaching style is just not for me because she goes so so fast. But if u do miss lecture just know the notes she posts are garbage. They're highkey her scribbles from in class. You actually need to attend those lectures. -READ THE TEXTBOOK. this will save you. never went to lecture, just read the textbooks and that CLUTCHED. The last exam I figured the strat was to skip lecture and read the textbook.. I got a 96. take that as u will. -the final exam was slight hard... I think that's why our curve was so good. -she has extra credit points, she gave out 4 this semester and they're usually the day before break. so once before fall break and once before winter break I think. but if u seriously can't make those days u can ask a friend to write ur name down on the attendance sheet because lwk no one checks. Overall: Guys just take koppel. If anything listen to this: my 85 seriously got curved to an A. Like what. All the reviews that are saying not to take her just aren't meant for the course. Because let's be so for real this IS organic chemistry. It's not gonna be easy. But if u study enough you can easily get that A in this class. GOOD LUCK GUYS!!",0,1,0,0,0,0,1,0,-the final exam was slight hard...,"Clear evidence supports exam heavy, disorganized course."
CHEM232_055,CHEM232,Monique Koppel,2025,5,"Much better than CHEM136! Labs aligned with the topics in CHEM231, so if you actually read the experiment and understand the process it's kinda fun.",0,0,0,0,0,0,0,0,No clear workload signal.,No clear workload signal.
CHEM241_248,CHEM241,Lyle Isaacs,2025,2,"He's ok but not a first choice for orgo 2. He just has premade slides that go along with the textbook (free). Just read the textbook and do those practice problems (especially the ones he mentions in the syllabus as he has pulled questions directly from there). It will be more than what you get out of going to his class. I passed the first two exams (with a 66% and 62%) and got a 40% on the final (MCQ for F25). He posts old exams which are helpful but does not post much (if anything) for the final. I am just happy to pass the class, but if you have a choice, take someone else.",0,0,0,0,0,0,0,0,No clear workload signal.,No clear workload signal.
CHEM242_003,CHEM242,Daniel Jovineli,2020,5,Dan’s a great lab TA. He tries to be helpful and funny and he explains stuff well but he can be really condescending and rude. But I’m giving him 5 stars since I did good and I think it’s because of him.,0,0,0,0,0,0,0,0,No clear workload signal.,No clear workload signal.
CHEM271_219,CHEM271,Alice Mignerey,2025,3,"For reference I ended with a B+ and didn't go to a single lecture for this class after week 1. I also got a C- in CHEM241 (orgo 2) Pros: - Exams are very easy if you know how to use resources (there are many provided by her). I got average on the first two exams but got above average on final and 20% higher than the average on exam 3. - She reuses similar exam questions from practice exams, from both in ELMS and previous semesters. I'd recommend making friends in the class because people might know an older person with past exams. They're great for practice - The TA Matt was very helpful from what I remember but I didn't go to any discussions and I believe he taught more theoretical stuff which is kind of why I didn't go. However he was very accessible through email when needed. - Super nice lady if you go to her office. Cons: - Just not a good lecturer at all; her lectures (according to previous reviews and people in my class) were awful, only because she wasn't good at operating technology and often lost her train of thought. - ELMS page is kind of disorganized but I didn't care that much - The homework sucked since it took minimum 3 hours a week; it was good practice but almost too difficult compared to the questions asked in lecture slides and on exams. It was also the easiest grade you'll get so don't miss anything. Overall not bad. Just kind of not used to technology but if you know how to use resources and self-study you'll be fine. Don't read the textbook or try the questions it'll confuse you. She curves the average to B so don't worry too much if you bomb exam 1 or something (that was our lowest average score: 60%). Also, don't take Kahn. I don't know if he'll be an option but he was apparently the worst professor and if you're pre-med or pre-dent, he doesn't prepare you for the MCAT / DAT because he just teaches theoretical stuff from PCHEM, BCHM, and more upper level classes. People were sitting on Testudo waiting for him to open up more and more seats but I'm actually glad I took Mignerey over him and a lot of people regretted having him.",0,1,1,1,0,0,1,0,- ELMS page is kind of disorganized but I didn't care that much - The homework sucked since it,"Clear evidence supports exam heavy, homework heavy, time consuming, disorganized course."
CHEM272_033,CHEM272,Amanda Schech,2023,5,"HANDS DOWN THE BEST CHEM LAB PROCTOR AT UMD. Dr. Schech did not make this class more difficult than it needed to be. Lab reports were fair and doable, the midterm and final was fair (with averages being a C+, like when have you ever seen that for a chem lab midterm or final), and a curve that pretty much guarantees you get credit so long as you turn in your reports. In addition, she is extremely accessible, actively answering questions on the Piazza board, and responding to emails. I wish she taught lecture, I love her teaching style. Hopefully they don't ever take her away from CHEM272, she really shines here.",0,1,1,1,0,0,0,0,"Schech did not make this class more difficult than it needed to be. Lab reports were fair and doable,","Clear evidence supports exam heavy, homework heavy, time consuming."
CMSC131_412,CMSC131,Aaron Kyei-asare,2025,4,"Aaron is a good professor, and he is very adaptable to students who need extra time or have had circumstances in their lives. He doesn't really respond to emails, so I'd suggest asking him questions in person. Sometimes the exams are random. For example, we had our midterm 3 exam, and it was somewhat like the practice exam, but the amount of time given to complete that test was impossible. But he did give more time to the class, which was nice. Overall, if you come to this class without a computer science background, it's kind of cooked because he goes fast. I'd recommend going to office hours and discussion for guided learning and help on projects and etc. I came in with computer science knowledge, so it wasn't much of a hard class for me because I ended up re-learning concepts that I already knew.",1,1,0,1,0,0,0,0,"Overall, if you come to this class without a computer science background, it's kind of cooked because he goes","Clear evidence supports project heavy, exam heavy, time consuming."
CMSC132_464,CMSC132,Larry Herman,2025,2,"This guy is a weird professor, what I have to say about him is that the projects he gives have very in depth explanations on what they want so sometimes they are good, but sometimes they are just inherently hard as well. However, he does have some weird policies. First off he allows 0 electronic devices during his lectures, now if it was just a ban on phones, that's completely fine and I would understand that. However, he also has a ban on any kind of electronic device for note taking, so if you purely take notes on an ipad or a laptop, be ready to buy a notebook. To add to that, if he sees any kind of phone or anything being used in class, he will immediately stop whatever he is saying and single that person out and tell them to put away the phone. Which ends up wasting around 5 minutes every lecture for this. Another thing about him is that his lectures are incredibly boring, just an incredibly monotone voice that is almost inviting and pulling you to zone out during his class, sometimes he breaks the monotone-ness of his lecture by making a lil joke. But those are few and far between so don't count on it. Also for the first 10 minutes of every class he has a page with announcements which is partially fine, mostly just to tell people when grades are out and when things are due. What is quite annoying is that he will constantly circle the top of it while saying ""Students with accommodations please see me in office hours"" and every lecture he says it, it slowly gets more and more condescending. What I mean by this is that he starts to say ""Look here. Look here. Can youg guys see what this says"" in a condescending tone As well as this, he has a weird feud with emailing, as he will get incredibly mad if you try to email him about something instead of seeing him in office hours. Also for some reason he has a weird thing with students not calling him professor? Not too sure what that's about. Overall: 1.5/5",1,0,0,0,0,0,0,0,"This guy is a weird professor, what I have to say about him is that the projects he gives",Clear evidence supports project heavy.
CMSC216_428,CMSC216,Christopher Kauffman,2025,3,"Decent lecturer. Can be condescending and say things are ""easy"" or ""simple"" about concepts students see for the first time which is not helpful to students learning. Released project 4 over a week late with a short deadline and project had so much testing bugs and issues that Piazza had hundreds of posts. Not sure why there are such high reviews.",0,0,0,0,0,0,0,0,No clear workload signal.,No clear workload signal.
CMSC250_485,CMSC250,Maksym Morawski,2025,1,"There’s no transparency about grading at all, he just put in final grades without even mentioning what the cutoffs would be, without adding in all the extra credit and without even telling us that they would be imported into testudo. This is just one example of the lack of transparency and the lateness of grading in this class.",0,0,0,0,0,0,0,0,No clear workload signal.,No clear workload signal.
CMSC320_196,CMSC320,Fardina Alam,2025,1,"Fardina kind of was terrible. The homeworks are easy but her lectures suck. Her slides are pretty overcomplicated and don't have clear examples that I would've preferred to have to actually understand the material. She has a thick accent that I had trouble understanding and overall found it unengaging. Her exams are the worst. No study guide apart from a giant google doc where she pasted what she covered in each lecture as if we didn't already know. No more than 3-4 practice problems given, most of the time either problems not on the exam or not enough problems to cover what was on the exam. Every midterm had to be extended by at least 10-15 minutes because nobody could finish her godawful exams within the HOUR AND 15 MINUTES we had allotted. The exam questions were also often in need of mid-exam corrections. For example, instructions were to evaluate a 3x3 kernel over a 6x6 matrix with stride=1. And to show every step of every matrix multiplication. Took me about 15-20 minutes. Only for a bit later in the exam where she announces you only have to show one step, despite the directions saying to show every single one. What a joke. The previous reviews mention this class being an easy grade, and it could definitely be one but I definitely underestimated the amount of studying I needed to do for the exams because of how vague the information she gives is. Not to mention, not only does she give a final exam but also a final group project. Icing on the cake of a boring semester full of nonsense that completely pulled any interest or passion I had for data science away.",0,0,0,0,0,0,0,0,No clear workload signal.,No clear workload signal.
CMSC330_236,CMSC330,Cliff Bakalian,2025,3,"Cliff's lectures were kind of pointless. Between his notes, the lecture quizzes/projects, the discussions (which also honestly weren't too helpful), and the online documentation for OCaml and Rust, I don't think Cliff's lectures really provided that much more value. I think Cliff should strongly consider doing a flipped classroom. I think that would be a much better use of lecture time.",0,0,0,0,0,0,0,0,No clear workload signal.,No clear workload signal.
CMSC335_009,CMSC335,Nelson Padua-Perez,2023,5,"Nelson is great. He's really funny and understands student's struggles. 335 was a very useful class, and extremely manageable. Projects were basically just adapting what examples he did in class and there was no final exam, just a final project. Would definitely recommend.",0,0,0,0,0,0,0,0,No clear workload signal.,No clear workload signal.
CMSC351_321,CMSC351,Ting Jiang,2025,2,"The only reasons I'm giving her 2 stars instead of 1 is because she's nice and she co-teaches with Justin. I'll cut her some slack in saying that there is a language barrier present. However, aside from that, Ting's lectures were not very informative and felt bland and disengaging, since she would mostly read directly off her slideshow, providing little to no further explanation on the topics. She also was unable to answer questions people had during lecture, making it hard to learn challenging topics. I got straight C's on the first two exams without relying on Justin's notes; I only went to her lecture and looked at her slides. Later in the semester, I decided to go to Justin's lectures, and I've never looked back since. His lectures were much more engaging and he broke down each algorithm in a very simple manner. I finally felt like I understood the content that was being taught. I got a much higher score on the third midterm just from going to Justin's class. This could be observed in the fact that Justin's lecture retention through the semester was pretty high; many seats were filled towards the middle/end of the semester, whereas there were only about 30 people in Ting's lecture out of 200+ students towards the middle of the semester. Overall, I'd say only take her if Justin's seats are filled, and if you don't want to suffer with Kruskal. She's not a great professor, but looking at Justin's notes and attending his class will save you the struggle instead of using her resources.",0,1,0,0,0,0,0,0,"She also was unable to answer questions people had during lecture, making it hard to learn challenging topics. I",Clear evidence supports exam heavy.
CMSC411_026,CMSC411,Michelle Hugue,2020,1,"Complete joke of a class. There are no lectures, just links to youtube videos from other random sources online. There is no communication with students. The tests are painfully long and the questions are sometimes pure nonsense. They are also filled with typos (including due dates because they are copied and pasted from previous semesters) that won't be addressed for days if at all. Anyone on here giving above a 1 star is just happy to pass the class with minimal effort, but as someone who also wanted to learn a little bit this was a complete waste of my time and tuition. I was warned all of this before taking the class but ignored it all because I wanted an easy passing grade, and here I am writing the only review I have ever felt the need to write. If you want to learn computer architecture I recommend doing it on your own, you will be much more successful that way.",0,0,0,0,1,0,0,0,"There are no lectures, just links to youtube videos from other random sources online.",Clear evidence supports self learning required.
CMSC414_060,CMSC414,Dave Levin,2024,5,"Pros: Excellent lecturing Kind professor Reasonable grade distribution (projects are weighted 50% and exams are the other 50%) Nice workload (though I wish we have more practice) Cons: Piazza is fairly unanswered Projects are released far later than stated Grades are far behind schedule. Midterm 2 was a month after 1, but we took the 2nd midterm without having grades for the 1st. OH are limited <10 hrs a week total with insane queues. Dave is great. His TAs were the problem imo. I'm giving him 5 stars because he did a pretty great job overall.",0,1,0,0,0,0,1,0,Pros: Excellent lecturing Kind professor Reasonable grade distribution (projects are weighted 50% and exams are the other 50%) Nice,"Clear evidence supports exam heavy, disorganized course."
CMSC417_032,CMSC417,Samrat Bhattacharjee,2023,3,"The projects are a massive pain and will stress you out. Bobby himself can also be kind of abrasive as a professor. That said, he is probably one of the best lecturers I've ever had, and the content is consistently interesting. Exams are generally fair content-wise, but are graded harshly. Definitely learned a lot, but I would be very careful taking this class alongside other difficult courses.",0,1,0,0,0,0,0,0,"That said, he is probably one of the best lecturers I've ever had, and the content is consistently interesting.",Clear evidence supports exam heavy.
CMSC420_175,CMSC420,Narayanaswamy Narayanaswamy,2025,2,"I personally thought he was a bad lecturer. Yes, the material is tough on its own, but his delivery really didn’t help and made going to lecture feel like a waste of time. A lot of important info ended up being shared in Piazza follow-ups instead of through proper announcements, which made it hard to keep track of what was going on. He did give extensions on almost everything, which was nice, but also made it clear that the course wasn’t well planned. He seems like a nice guy, but I wouldn’t take a class with him again by choice.",0,0,0,0,0,0,0,0,No clear workload signal.,No clear workload signal.
CMSC421_060,CMSC421,Archit Kambhamettu,2024,5,great TA. class was super disorganized but he was really nice in office hours and stuck with the students after hours to figure out problems,0,0,0,0,0,0,1,0,class was super disorganized but he was really nice in office hours and stuck with the students after hours,Clear evidence supports disorganized course.
CMSC422_030,CMSC422,Marine Carpuat,2024,4,"Marine is a good professor who is very knowledgeable about ML topics. The concepts are interesting, but I found the class structure (this was probably a result of co-teaching with Furong) was rather strange, since we were responsible for watching Furong's lectures as well. The slides in this class are not good (to learn concepts, I would do the discussion slides and look at videos from Youtube to understand concepts). However, the assignments are pretty straightforward and exams (both final and midterm) were fairly simple. Overall, nice class, but needs better organization and better slides.",0,0,0,0,1,0,0,0,"The slides in this class are not good (to learn concepts, I would do the discussion slides and look",Clear evidence supports self learning required.
CMSC424_075,CMSC424,Daniel Abadi,2024,3,"Professor Abadi was pretty pleasant throughout the semester as a lecturer. Unfortunately, the final exam felt convoluted, and I felt that many of the questions were his attempt to think up new questions that weren't covered throughout the practice midterm/final or during the semester as some ""gotcha"" moment. Regardless, could have been a skill issue on my part. Other than that, I think the projects were bearable but definitely on the difficult side. I felt that projects 3 and 4 weren't that useful and could use some modifications to feel more connected to what was tested during exams since they were weighted so heavily. My final issue was mostly the textbook usage. I felt that the textbook was extremely dense and convoluted in its explanations, so I wish there was less emphasis on reading the textbook before every reading quiz, and that more of the content was taught through lecture alone. I'd give him a 2.5 star but that option is not available, and I feel that Professor Abadi was more deserving of 3 stars rather than 2 stars. Overall, not a bad professor, just expect that your grade will be easily decided by the final since it was weighed 35%. Goodbye, my A.",1,1,0,0,0,0,0,0,"Other than that, I think the projects were bearable but definitely on the difficult side.","Clear evidence supports project heavy, exam heavy."
CMSC426_036,CMSC426,Jia-bin Huang,2024,1,"The lectures are really information-heavy with complex concepts BUT he never explains the practical application. The lectures are not helpful for the projects whatsoever. The projects are poorly designed with little to no guidance. Expect to spend significant time figuring out project goals and approaches on your own. He also makes course changes and does not update the syllabus promptly. Important announcements are made on Piazza, but not necessarily mentioned in class. Save yourself the headache and don't take this class with him.",0,0,0,0,0,0,0,0,No clear workload signal.,No clear workload signal.
CMSC430_027,CMSC430,David Van Horn,2023,5,"Had him this summer for 430. One of the most well put together classes I've ever taken. Seriously. A lot of time went into the design of this course, so that you wouldn't spend hours and hours sifting through documentation for an answer. Most upper level classes will say its the students job to find out what functions to use to solve a problem, and what resources to get there. But everything you need for this class is in the notes and in lecture, so you can spend more time thinking about the theory, and doing projects then sifting through pages and pages of documentation. They even made a language to simplify x86 to only instructions that are relevant. On top of that, DVH lectures very well, attempting to explain those notes and boiler plate code with live coding examples. He doesn't just teach off slides he actually shows you what to do and tells you why he's doing it that way. Very good lecturer. But don't get me wrong this class isn't easy, you definitely will have to think your way through the projects and some projects I was just grateful to get a C. But I took it in the summer so maybe less time made it harder, I don't know. After one of the project deadlines passed that a lot of people struggled on, DVH spent 3+ hours walking through the solution on top of doing lecture that day. Him and his TA are also very responsive. This summer Pierce was one of the TA's and one of the best ones I've ever had. Anyways, take this class if you liked the interpreter project of 330 and the MIPs project of 216, because its sort of a blend of those 2 projects. This is one of those classes where effort and consistency will get you farther than intuition and I really think the staff gives you every tool you need to succeed.",0,0,0,1,0,0,0,0,"A lot of time went into the design of this course, so that you wouldn't spend hours and hours",Clear evidence supports time consuming.
CMSC433_005,CMSC433,Adam Porter,2009,4,"Porter is a pretty cool guy. The projects are kind of difficult, if only because his project descriptions are vague. Make good use of the forum because he answers questions there frequently. Exam(s) aren't too bad if you study.",1,0,0,0,0,0,0,0,"The projects are kind of difficult, if only because his project descriptions are vague.",Clear evidence supports project heavy.
CMSC434_021,CMSC434,Evan Golub,2023,1,Entirely grades on his opinion and is super biased. TERRIBLE experience taking this class still have no idea how he has a job.,0,0,0,0,0,0,0,0,No clear workload signal.,No clear workload signal.
CMSC436_015,CMSC436,Herve Franceschi,2023,3,"The way Herve lectures is by coding an app during lecture along with some slides that define the functions and things we are using. Projects are pretty easy and most can be done in a a day or two if not a couple hours. Main gripe with the class is the quizzes. Quizzes are very syntactical which makes them feel unfair/pointless when the the IDE the course uses autocompletes for you and makes it seem more like a memorization test. However he did mention that he wants to reduce the need for memorization and provided documentation on the midterm and final. Class also was a little disorganized with quizzes, as there was no schedule for them and we only really knew about them from the profs in class/elms announcements, and there were sometimes mistakes/unclear details in the project requirement papers, though he is very receptive to questions.",0,1,0,0,0,0,1,0,Projects are pretty easy and most can be done in a a day or two if not a couple,"Clear evidence supports exam heavy, disorganized course."
CMSC451_057,CMSC451,Laxman Dhulipala,2023,5,"The grading scheme for this semester was very very generous. The midterm and final are only worth 30% of our grade, while 70% is on homework. However, the drawback was that the homework was extremely time-consuming. There were 2 parts for each homework, writing (70-80%) and coding (20-30%). I really enjoyed the coding assignments, the difficulty varied from easy to medium to hard, just like leetcode. Ngl the homework took me at least 40 hours for each. But the TAs are super helpful, we could always ask them to verify our solutions or explain the concepts. Feel free to go to OH if you are struggling in the course. Laxman is very nice and responsive on piazza. He's a great lecturer as well. He also cares very much about his students, given that we got like 4-5 extensions on the homework. The course wasn't easy but you'll definitely learn alot. Take it with him if possible. The cutoffs were reasonable, as long as you spend time on the coursework, there's no way to fail the class.",1,1,1,1,0,0,0,0,"I really enjoyed the coding assignments, the difficulty varied from easy to medium to hard, just like leetcode.","Clear evidence supports project heavy, exam heavy, homework heavy, time consuming."
CMSC456_034,CMSC456,Daniel Gottesman,2022,2,"Class was very hard and lecture pace is difficult to follow along, however he did end up being very generous with the curve.",0,0,0,0,0,0,0,0,No clear workload signal.,No clear workload signal.
INST326_050,INST326,Gabriel Cruz,2025,5,"I have noticed people who do poorly in the course are the same people who use AI on all their homework and have gone through the entire INST degree program with just ""getting by."" Tons of material that is properly covered, is there when you need him, stays after class, or asks you to walk with him if you have questions and answers questions in a timely manner, he has a full-time software engineering job on top of teaching but I never felt once like that got in the way.",0,0,0,0,0,0,0,0,No clear workload signal.,No clear workload signal.
INST327_008,INST327,Pamela Duffy,2022,5,"She is the most caring professor I have ever met. Although I admit that her lectures could be somewhat useless because of the large number of knowledge you can get only from the elms pages, the more you interact with her, the more love you will have for her. Most assignments are easy, even if you meet any problem you can quickly solve it during office hours. The only hard part of this course is that sometimes you have to deal with shitty teammates.",0,0,1,1,0,0,0,0,Although I admit that her lectures could be somewhat useless because of the large number of knowledge you can,"Clear evidence supports homework heavy, time consuming."
MATH140_500,MATH140,Mirna Pinsky,2025,1,"Whatever you do, DO NOT TAKE HER. Half of the class dropped, and nearly half of the remainder failed.",0,0,0,0,0,0,0,0,No clear workload signal.,No clear workload signal.
