review_id,course,professor,year,rating,review_text,project_heavy,exam_heavy,homework_heavy,time_consuming,self_learning_required,harsh_grading,disorganized_course,fair_but_strict,evidence_snippet,label_rationale
CHEM131_478,CHEM131,Frances Stump,2025,5,"Took this class as a part of freshman connection in fall '25. Stump is a great teacher to get you acquainted with the differences between high school and college, it is a lecture style class with a very traditional teaching style that is easily digestible. With a simple chemistry background that you should have received from HS, this class is very easy. She assigns weekly homework on pearson, and they are forgiving with missed problems. I had 3 exams in the semester, and they were no trouble. Take decent notes, pay attention and you should be fine.",0,0,1,0,0,0,0,0,"She assigns weekly homework on pearson, and they are forgiving with missed problems.",The review indicates substantial homework or lab workload.
CHEM132_028,CHEM132,Christiana Guest,2022,2,"I took this class for an entire semester and never met or saw Dr. Guest once the entire semester. The TA's run the entire lab which is fine, but Guest has terrible communication with them which causes alot of problems when grading. Good luck if you have any problems throughout the semester because it is near impossible to reach her. Her midterms and finals are aggressively difficult and only consist of about 15 multiple choices with 6-7 answer choices, making it very easy to make mistakes. That being said, despite my two star review, it is not impossible to succeed in this class. Lab reports are worth most of the grade, so failing the midterm and final does not impact your grade too much. I gave her 2 stars for the PHAT curve she gave at the end (about 6% for me at least). Although, I am still annoyed I was 1% off from an A.",0,1,1,0,0,0,1,0,"Her midterms and finals are aggressively difficult and only consist of about 15 multiple choices with 6-7 answer choices, making","The review indicates heavy or difficult exams, substantial homework or lab workload, and course disorganization."
CHEM135_385,CHEM135,Andrei Vedernikov,2025,2,"Pros: - Practice exams very good preparation for actual exams - Pearson textbook pretty interesting to read - Discussions were pretty good for reviewing - Fairly generous grade scale (around 60% is passing) Cons: - Lectures long and boring - Verdernikov speaks softly and carries a big accent - Lecture content order is strange: - like he went into quantum stuff really early on - makes sense why he taught it that way after knowing everything, but again quantum stuff really early on My Personal Biases: - Did not go to office hours - Did not learn about groupme until later - Did not go to review sessions",0,1,0,0,0,0,0,0,Pros: - Practice exams very good preparation for actual exams - Pearson textbook pretty interesting to read - Discussions were,The review indicates heavy or difficult exams.
CHEM231_377,CHEM231,Bonnie Dixon,2025,5,"Dr. Dixon is the best professor I've had at UMD so far. As long as you're keeping up, her lectures make sense and are digestible. Even on hard topics, she posts videos in the lecture folders that go over that same topic again, as well as examples. Her CAN every week is also extremely helpful, and it literally mimics whatever assignment we have due that week (homework or extra credit). Her office hours are extremely helpful. I would sit at her desk during office hours and work through the homework or the extra credit by myself or with other people, and if I was confused about something, I would just ask her right there. Discussion is also EXTREMELY helpful. Lily (the TA) usually provides a worksheet a week to cover whatever topic that week is focusing on, and the week before a midterm, she will provide an exam review. She's the GOAT. Lily will also help you with any homework or extra credit questions you have. I've had Dr. Dixon for both Gen chem and Orgo now, and if she were teaching Orgo 2, I would've DEFINITELY taken it with her. You will have to dedicate a lot of time to this class, there are a lot of resources to help you, discussion, CAN, GSS, the videos, office hours, etc. It wasn't easy, however, it was certainly doable (and even fun with some of the jokes Dr. Dixon would make during class).",0,1,1,0,0,0,0,0,"Even on hard topics, she posts videos in the lecture folders that go over that same topic again, as well",The review indicates heavy or difficult exams and substantial homework or lab workload.
CHEM232_019,CHEM232,Monique Koppel,2023,1,"Horrible rude professor who makes you purchase her lab manual which is riddled which errors LOL. She is a complete joke who fails to convey any concepts yet asks you extremely difficult questions on lab reports, for which you have to go out of your way to cram TA office hours into your schedule so that they can do the teaching that she failed to do",0,0,1,0,0,0,0,0,Horrible rude professor who makes you purchase her lab manual which is riddled which errors LOL.,The review indicates substantial homework or lab workload.
CHEM241_211,CHEM241,Lenea Stocker,2025,1,"I'll be honest--I love organic chemistry. I loved learning it in CHEM231 (special shoutout to Falvey!), but Stocker has made it almost unbearable to look at the content without feeling anxious or unmotivated anymore. - She's extremely fast-paced, especially if you're the type of student who prefers copying down notes as they're being written during lecture (which she does NOT post, by the way) - Very inaccessible for students who cannot make it to office hours or before/after lecture (due to a schedule conflict or waiting in the LONG LINE that forms during office hours) - Grades ONLY exams. No graded homework. No graded classwork. I know it works for some students, but I hope many of you can agree that minimal chances to improve your grade become incredibly unmotivating. - SYNTHESIS. NMR. Although these are concepts students should be reasonably familiar with, be aware that Stocker's exams are VERY synthesis-heavy. Also, NMR hasn't fully been taught in CHEM231 (I think many profs scraped by it), so I don't understand why she places so much weight on it during exams. - TA is nice, but made it pretty clear that he's there for the bare minimum work as a TA (like another comment said, no office hours). If you're a student who needs time to breathe and enjoys learning organic chemistry, especially with the help of a professor who's available and cares about their students beyond a lecture hall, please consider another professor.",0,1,1,0,0,0,0,0,(due to a schedule conflict or waiting in the LONG LINE that forms during office hours) - Grades ONLY exams.,The review indicates heavy or difficult exams and substantial homework or lab workload.
CHEM271_183,CHEM271,Natalia White,2025,1,"Actually, the worst professor I've ever had. Her entire lecture was just her reading off of her slides. She would drone on the entire class period. I felt like I gained nothing from the lectures. She's extremely strict with her rules, I uploaded a homework a couple of minutes late and emailed her about it. She never emailed me back. You also can't ask ANY questions during exams. Once, during an exam, there were multiple typos, and a student raised their hand to tell her. She proceeded to spend the next 30 seconds berating us about how we couldn't ask any questions, which, in my opinion, was far more distracting than a student quietly asking a question.",0,1,1,0,0,0,0,0,You also can't ask ANY questions during exams.,The review indicates heavy or difficult exams and substantial homework or lab workload.
CMSC131_366,CMSC131,Nelson Padua-Perez,2024,5,"Nelson is so goated, he makes class funny. You can learn the concepts yourself while watching lecture videos but I like going to class cause the vibes were good and made great friends. DO THE PROJECTS, if not it'll become a habit. Exams are like practice so do them!",0,1,0,0,0,0,0,0,Exams are like practice so do them!,The review indicates heavy or difficult exams.
CMSC132_423,CMSC132,Larry Herman,2025,3,"Herman was a pretty meh lecturer, his lectures were a bit monotonous and hard to sit through because he doesn't allow electronics and his voice is a bit droning. However, I wouldn't say that he is a horrible professor, just nothing special. He is better than the average professor because he knows what he's talking about unlike others cough cough Burkhauser cough and his exams really aren't that hard if you know what you're doing and just practice. His projects are not long either and very reasonable as long as you're responsible. I would say that the wild card with him is his TAs both in grading and teaching. If you get a bad teaching TA, you're definitely going to have a tougher time but that too is manageable. However, the grades on projects really depend on who's your grading TA, which can be a nightmare. I don't know what's up with some of them and their god complexes as if they weren't in the same position a couple of years ago. But those are like a coin flip and there are some really good TAs there as well. Honestly, as long as you go to lectures, take notes, and pay attention he really isn't that bad and he has his funny moments. It's definitely not the type of course you can skip and cruise through if you want an A but it's not unreasonable.",0,1,0,0,0,0,0,0,others cough cough Burkhauser cough and his exams really aren't that hard if you know what you're doing and just,The review indicates heavy or difficult exams.
CMSC216_387,CMSC216,Ilchul Yoon,2024,1,tbh i didnt even take this guy but my roommate did. I can't even focus on my assignments because every night my roommate is crashing out and banging on his table because of some project yoon gave. i thought it would be over by finals week but here we are with yoon assigning a final project and my roommate at the point of being assigned to a mental ward.,0,1,1,0,0,0,0,0,i thought it would be over by finals week but here we are with yoon assigning a final project and,The review indicates heavy or difficult exams and substantial homework or lab workload.
CMSC250_435,CMSC250,Fawzi Emad,2024,1,"If you're a CE major, I definitely don't recommend him due to his more strenuous schedule compared to CS majors. This professor's class could significantly impact your GPA and possibly your performance in other courses due to the sheer time it demands. From the start of the semester, lectures felt rushed, as if the professor was speeding through foundational topics without giving students time to absorb the material. The middle portion of the course improved somewhat, with clearer explanations and straightforward examples. Homework was a challenge. The assignments were extraordinarily lengthy, and his in-class examples often didn’t provide much help in solving the problems. To make matters worse, homework grading was frustrating since only a subset of the assigned questions was graded. The professor didn’t inform students beforehand which questions would be graded, so even if you completed all the homework, your grade could suffer significantly if the ones chosen for grading happened to be the ones you got wrong. Exams followed a similar pattern. They included questions where a lot of the points given often strayed from the main course theory, instead testing how quickly you could manipulate the problem to produce a proof. This approach felt more like a test of speed and cleverness than a fair evaluation of course knowledge. Grading overall felt harsh and unforgiving. On exams, small errors could result in significant grade penalties often a grade letter due to the odd point system used for midterms. While the professor’s lecturing skills were semi-decent, the overall class structure left much to be desired. The combination of rushed lectures, unreasonably difficult assignments, and harsh grading makes this a class to prepare for cautiously—or avoid if possible.",0,1,1,0,0,1,0,0,"The assignments were extraordinarily lengthy, and his in-class examples often didn’t provide much help in solving the problems.","The review indicates heavy or difficult exams, substantial homework or lab workload, and harsh or unfair grading."
CMSC320_148,CMSC320,Aishani Mukherjee,2024,5,One of the best TA's I have had throughout my time at the university. Has a clear understanding of the concepts of being covered in the lecture and takes extra pain to detail out and ensure that a given student understand's every bit of lecture material. Would recommend anyone to seek help from this GOATED TA.,0,0,0,0,0,0,0,0,,No clear workload signal.
CMSC330_189,CMSC330,Ceren Mert,2024,5,"Ceren is fantastic! Super down-to-earth, chill, and helpful in office hours. I'm lucky to have met her last semester!",0,0,0,0,0,0,0,0,,No clear workload signal.
CMSC351_272,CMSC351,Maksym Morawski,2024,2,"Max is a really nice guy but he's a terrible professor and tries to make up for it by trying to seem like our friend. He seems really smart but can't articulate ideas properly. Multiple times, he would try to lecture on a topic, forget/not know how to explain, and then just say forget about it it's not on the exam or to refer to Justin's notes. After the first exam, I stopped going to class altogether because it was completely useless. Furthermore, his handwriting and lecture notes are terrible and therefore impossible to follow. Ultimately, you end up reading Justin's notes to teach yourself all the material. This class was supposed to be cotaught so this shouldn't be an issue. However, despite Max's inability to teach, he wants to be quirky and ask us questions that are not reflective of the material we learn all semester. Though the class is cotaught, the only similarities between Justin and Max are the homeworks, which are common between the two. The problem here is that Max makes his own exams despite using Justin's homework but doesn't give us proper practice so you can't really prepare for Max exams when you are studying. All these issues led to a massive grade discrepancy on each of the midterms between Justin and Max(totaled to about -7-8% of ur final grade if you took Max). He did not release his final averages so I can't really say too much about that but throughout the semester, it was blatant how unfair the class was and how unreceptive Max was overall. This would all be ok if Max decided to account for this discrepancy when setting grade cutoffs at the end of the semester to ""equalize"" a class that is cotaught and should be equalized regardless. However, Max being max dropped grade cutoffs by about 2% meaning that you were at about a 5-6% disadvantage if you took Max vs Justin. Max is a nice guy but do not take him for any class if you care for your GPA at all",0,1,1,0,1,0,0,0,"to explain, and then just say forget about it it's not on the exam or to refer to Justin's notes.","The review indicates heavy or difficult exams, substantial homework or lab workload, and required self-learning."
CMSC414_018,CMSC414,Michael Marsh,2018,1,"Project grades are always off by at least 20% because he trusts his ""scripts"". Exams are tough, hard to study for. And everything else is as other reviews described. Terrible professor.",0,1,0,0,0,0,0,0,"Exams are tough, hard to study for.",The review indicates heavy or difficult exams.
CMSC420_132,CMSC420,Justin Wyss-Gallifent,2024,5,"Like people have said, any course with Justin will be an awesome course experience. Great notes, great lectures, fair exams, super nice guy. Take his class if you can!",0,1,0,0,0,0,0,0,"Great notes, great lectures, fair exams, super nice guy.",The review indicates heavy or difficult exams.
CMSC421_009,CMSC421,Dana Nau,2018,5,"I was really concerned with this class reading the previous reviews. He's actually a pretty decent professor if you listen to him. I really kind of wish that they didn't go over as much First Order Logic in the course but other than that he really paid attention to student concerns, was lenient with deadlines and frequently added extensions. If you had a question in class he would stop everything and made sure you understood the material and would readily go over anything anyone asked to. The project was pretty fun actually and I've heard a few people talk about how it was nice to have a project that actually demonstrated AI and was something they could show to their non-CS friends. I would recommend taking this class with Dr. Nau!",0,0,0,0,0,0,0,0,,No clear workload signal.
CMSC424_031,CMSC424,Amol Deshpande,2021,1,I would give 0 star if I could. The lecture slides are basically 100+ pages table of content with excessive amount of useless information. The exams are insanely long and difficult given only 60 minutes. His lecture is just hard to understand and he doesn't explain things well. Worst class I've ever taken at UMD.,0,1,0,0,0,0,0,0,The exams are insanely long and difficult given only 60 minutes.,The review indicates heavy or difficult exams.
CMSC451_003,CMSC451,Clyde Kruskal,2015,4,"I strongly felt the particular content of this course is best (and easiest) learned through his whiteboard style rather than by book. Clyde covers a TON of ground in one lecture's time, especially when compared to professors who just read off a watered-down powerpoint from the book for their entire class ""lecture"". The big caveat is if you have a lot of trouble following (at least roughly) what he's doing, it won't be much fun for you and you will feel lost all lecture. Either way you need to write down literally everything he does. The material can be hard to grasp, but Clyde is really great at walking through an algorithm. If you take good notes and review them (possibly with another classmate/TA) you will eventually understand it. The other most important thing to do in this class is to ask questions when something isn't clear. In each class there's usually 2-6 little insights he forgets to mention, if you can catch those omissions and get him to explain them, you are a hero and it will be tremendously insightful for you and for every other student in the room. Although if you still don't get his explanation, you may need to just let it go- and if you took good notes, you should eventually understand it when you are reviewing them later.",0,0,0,0,0,0,0,0,,No clear workload signal.
MATH140_453,MATH140,Seyed Banihashemi,2025,5,Took over the summer. Outstanding professor. Highly recommend. Explained the content very well and made himself available for office hours. Recorded lectures and posted notes online.,0,0,1,0,0,0,0,0,Explained the content very well and made himself available for office hours.,The review indicates substantial homework or lab workload.
MATH141_490,MATH141,Anna Szczekutowicz,2025,5,"Best professor for calc 2 for sure, her lectures are really well structured and digestible. I had to do webassigns for calc 1 as homework and most of the time was just looking up answers to get credit, but the homework/quiz format she used this semester helped me a lot. Basically she posts weekly homeworks that you don't turn in, and on most Tuesdays during discussion you have a quiz that's very similar to one of the problems on the homework. As long as you understand and work through those it's easy points. Discussion worksheets were pretty tedious but the content was always covered beforehand in lecture. Exams were a bit tough but fair, every single question was similar to or exactly a question on the homework or discussion worksheets. I found the final a lot easier than any of the midterms so understanding the homeworks and worksheets + the structure of past exams will prepare you very well. Calc 2 is generally a hard class so as long as you put in the time for this class you'll have everything you need to do well with Dr. S.",0,1,1,0,0,0,0,1,"Exams were a bit tough but fair, every single question was similar to or exactly a question on the homework","The review indicates heavy or difficult exams, substantial homework or lab workload, and challenging but fair expectations."
MATH240_314,MATH240,Mestiyage Gunatilleka,2025,4,"For all of the MATH120 professors, he's the best from what I've heard. The course is divided up pretty nicely and isn't too rushed. He does explain things in technical terms at some points and that can make it hard to follow along, but the material itself is not hard if you put in work outside of class. He responds quickly to emails, uploads notes and study guides that are pretty similar to the exams and he seems like a nice guy. The weekly quizzes are also not that hard and follow the material done in class. However, the TAs at least in my class were literally no help at all, I'm not sure they understood the questions students were asking half the time, I only showed up to discussion to do the quizzes because the ""help"" from the TAs was little to none.",0,1,0,0,0,0,0,0,"emails, uploads notes and study guides that are pretty similar to the exams and he seems like a nice guy.",The review indicates heavy or difficult exams.
MATH241_478,MATH241,Kendall Williams,2025,2,"If this was the only professor I could take for the rest of eternity I would rather not graduate. DO NOT TAKE THIS GUY FOR CALC 3. He is a really nice guy and he tries to help at office hours, but his tests will fuck you so hard. Our first class average was a 45 which should say enough. I had to scrape by and get fucked by this class all semester to get my C+ right before the final. Not worth it. His grade averages would be much lower if half of the sophomores didn’t drop out. The only reason I have a chance at passing is because of my TA. THANK YOU KAIWAN I HOPE YOU LIVE A VERY HAPPY LIFE. I would consider myself a math person, but this class made me want to rip my eyes and hair out every time I looked at my notes. Yes, calc 3 is a hard class but if every other class has averages in the 80s and 90s, then who is the problem here? If he is your only option, do every single suggested problem every single day and memorize them enough that you dream about them. I’m convinced the only way to do well without ruining your life is to receive divine messages about what kind of bullshit he will pull out of his ass for the exams.",0,1,0,0,0,0,0,0,had to scrape by and get fucked by this class all semester to get my C+ right before the final.,The review indicates heavy or difficult exams.
MATH246_313,MATH246,Manoussos Grillakis,2025,2,"The Math department at this University sucks when it comes to the 100 and 200 level professors. Grillakis was not good at lecturing; rather just read Levermore's notes and rambled on for 75 minutes straight. I found myself (similarly with Machedon in 241) having to self-teach while studying for the final (which was a challenge because). However, there's a generous curve, easy MATLAB homework, and I found the two midterms to be straightforward",0,1,0,0,1,0,0,0,found myself (similarly with Machedon in 241) having to self-teach while studying for the final (which was a challenge because).,The review indicates heavy or difficult exams and required self-learning.
MATH310_018,MATH310,Nathan Manning,2020,2,"Pros: - Generally nice guy - Great Lecturer - Will drill a very solid understanding of Mathematical Proof into your head Cons: - At times was very condescending towards some of my classmates, didn't really like the environment it set up in some of the lectures (hence generally nice) - VERY heavy courseload (can be both great and negative) - Tough exams with absolutely no curve. Overall: If you are not taking a heavy courseload for a semester and you need to take 310, take it with him. You'll have a ton of challenging work during his class, but it will set up a very solid foundation for higher level classes and will pay off in the long run. If you have to take a heavy courseload, and need to take 310 (like I had to) then I can't recommend. His 310 course was way too overwhelming with the courseload I already had.",0,1,0,0,0,1,0,0,(hence generally nice) - VERY heavy courseload (can be both great and negative) - Tough exams with absolutely no curve.,The review indicates heavy or difficult exams and harsh or unfair grading.
MATH401_055,MATH401,Celine Torres,2023,1,"trash professor; terrible handwriting (very weird way of writing number 1s), extremely confusing matlab projects with vague wording, hard exams that take too long to finish; horrible at explaining concepts and very few people in the lecture walk out understanding the material; avoid at all costs",0,1,1,0,0,0,0,0,"confusing matlab projects with vague wording, hard exams that take too long to finish; horrible at explaining concepts and very",The review indicates heavy or difficult exams and substantial homework or lab workload.
MATH410_065,MATH410,Denny Gulick,2023,5,"One of the most organized and thorough professors I've had. Genuinely one of the best math courses I've taken thanks to Denny! Even at his age, he is still very sharp and knows what he's talking about. It was hard to follow him in lecture sometimes but his note sheets were amazing and picked up for any gaps in knowledge due to his teaching. His exams were fair, homework was well picked, and quizzes were fair. He was also very approachable during office hours and a very sweet old man. It's sad that he is no longer teaching after this semester, but it's been an honor to have been one of his last students.",0,1,1,0,0,0,0,1,"His exams were fair, homework was well picked, and quizzes were fair.","The review indicates heavy or difficult exams, substantial homework or lab workload, and challenging but fair expectations."
PHYS121_021,PHYS121,Edward Redish,2010,3,"A LOT OF WORK. Syllabus says it takes 4-6 hours of the week to do lecture hw due on Friday, but I was working on a little bit everyday and I had a pretty high average on the hw. Almost every homework had an annoying problem that required arguing with classmates and consulting with several TAs. You learn in this class from experience, such as by getting quiz and hw questions wrong to learn the concepts for the exams. But helpful that he teaches conceptually so you feel like you don't have to memorize. Really puts in the effort to learn everyone's names. So it's a tradeoff between feeling like you really learn with a nice professor and having a class take up most of your time during a semester and whether you can afford to take it with your other science classes.",0,1,1,0,0,0,0,0,"this class from experience, such as by getting quiz and hw questions wrong to learn the concepts for the exams.",The review indicates heavy or difficult exams and substantial homework or lab workload.
PHYS131_004,PHYS131,David Buehrle,2020,4,This class was super chill. The class focused more on theory than doing math (great for me because I suck at math!). The homework and weekly quizzes can be difficult but he repeats very similar questions on his exams. His online lectures were reused from spring and summer sessions. This made me feel disconnected from the class which was hard for me mentally and made it difficult to stay engaged. Online lab was fine because there is no work outside of the lab. You work with your assigned group over zoom through out the semester and everything is done on the computer. You can put in some effort and do fine.,0,1,1,0,0,0,0,0,The homework and weekly quizzes can be difficult but he repeats very similar questions on his exams.,The review indicates heavy or difficult exams and substantial homework or lab workload.
PHYS260_135,PHYS260,Michelle Girvan,2025,2,hard class. just learn on your own. her exams are hard but she gives practice so STUDY and PUT THOSE ON UR CHEAT SHEET. remember to practice the problems in class no matter how tedious they are. pray too.,0,1,0,0,0,0,0,0,her exams are hard but she gives practice so STUDY and PUT THOSE ON UR CHEAT SHEET.,The review indicates heavy or difficult exams.
PHYS270_024,PHYS270,Xiangdong Ji,2020,5,"Professor Ji was among the most enthusiastic teachers I have ever had. His excitement and passion for physics made the class truly enjoyable. He was also able to clearly and effectively answer any and all questions I had about the material. The main criticism I have heard is that people do not think his exams are hard enough to prepare students for the final. (When I took his class in fall 2019, the exams were almost exact transcriptions of the homework assignments.) Frankly, this is nonsense. If you know what you are doing and have a good, comprehensive formula sheet going into the exam, you will be fine.",0,1,1,0,0,0,0,0,I have heard is that people do not think his exams are hard enough to prepare students for the final.,The review indicates heavy or difficult exams and substantial homework or lab workload.
STAT100_172,STAT100,Matthew Griffin,2024,4,Great professor that actually teaches material and gives out a lot of extra credit. People dislike that he is too punctual and sometimes will call out students who have headphones or on phones. But besides that he is giving each student a lot of material so they pass the class with an A. Attendance is mandatory but if you can past that he is a solid professor for the class,0,0,0,0,0,0,0,0,,No clear workload signal.
STAT400_406,STAT400,Sana Jahedi,2025,1,"To keep it short, quizzes are easy and are derived from lecture/discussion material. Homeworks are EXTREMELY dumb VERY complex versions of lecture topics. The exams... Imagine being taught how to stand then tested on running. Final hasn't happened yet; I am praying for a miracle man.",0,1,1,0,0,0,0,0,The exams...,The review indicates heavy or difficult exams and substantial homework or lab workload.
STAT401_008,STAT401,Archana Khurana,2020,5,Really cares about her students performing well. She will add extra credit and assignments to help students. Her lectures are easy to follow and follows the textbook well. Taking her again for STAT410.,0,0,1,0,0,0,0,0,She will add extra credit and assignments to help students.,The review indicates substantial homework or lab workload.
STAT410_051,STAT410,Leonid Koralov,2023,4,"The course is interesting as the professor does a great job at going in-depth on each topic and answers questions during lecture which include homework problems. The issues are that the textbook is not suited for a proof-based class and the class did not feel organized (no lecture notes, no schedule, and we covered the Central Limit Theorem in the last 15 minutes before the semester ended). Overall, if you want to have a more organized type of class structure I cannot recommend this professor, otherwise if you don't mind this and want a professor who will go in-depth on the material; then, I would heavily recommend him to take especially related to Statistics.",0,0,1,0,0,0,0,0,professor does a great job at going in-depth on each topic and answers questions during lecture which include homework problems.,The review indicates substantial homework or lab workload.
BSCI160_529,BSCI160,Magdalene Ngeve,2024,5,"For me, this was an easy A+ (I got a 99% and I didn't even do a majority of the extra credit). That being said, I am a third year ecology major and this course's content was a repeat of several community college courses I've already taken. Lowest exam grade gets dropped, and the cumulative final is optional and open-note, but I didn't need to take it. Your mileage may vary based on your prior experience with ecology but I'd recommend Dr. Ngeve if you already have a solid understanding like I did. She gives so many extra credit points so just participate in those if your grade is struggling, and study the concepts you aren't familiar with. Some of the homework assignments were laborious but there's only 5 of them. The weekly discussion post is also pretty time-consuming but not difficult.",0,1,1,1,0,0,0,0,"Lowest exam grade gets dropped, and the cumulative final is optional and open-note, but I didn't need to take it.","The review indicates heavy or difficult exams, substantial homework or lab workload, and significant time commitment."
BSCI170_251,BSCI170,Eric Haag,2025,1,"I would highly recommend not taking Professor Haag's class. BSCI170 is a pre-requisite for a lot of STEM majors but PLEASE get a different professor. He goes extremely fast through the content and teaches like he's talking to his colleagues (other people who are literally professionals in biology). If you do get stuck in his class, be prepared for teaching yourself ALL the content, considering his teaching style is just reading from slides. He's a super nice guy but if you're looking for success in the course other professors will be your best bet. If for some reason you can't get another professor, good luck...",0,0,0,0,0,0,0,0,,No clear workload signal.
BSCI171_019,BSCI171,Swarna Mohan,2022,3,"I never tried to contact her, and I never saw her. This is a class entirely taught by a TA. Still, she designed the class and I thought it was a good lab. Some of the instructions in the lab manual were a little hard to follow or confusing, but other than that it was all good. The lab manuals, to my knowledge, are also updated every year... so make sure to get the current lab manual!",0,0,1,0,0,0,0,0,"Still, she designed the class and I thought it was a good lab.",The review indicates substantial homework or lab workload.
BSCI201_058,BSCI201,Justicia Opoku-Edusei,2023,4,TAKE HER IF U ARE GOOD AT MEMORIZING. Her exams are taken straight out of her lecture so when studying remember every SINGLE word on the slide and you should be fine. A&P is not hard and her exams are deff very fair. She has uploaded lecture slides which can be very long and takes hella time to go through. But the class is very do-able.,0,0,0,0,0,0,0,0,,No clear workload signal.
BSCI207_154,BSCI207,Karen Carleton,2024,4,"Yes, this is hard class, but Dr. Karen is a great teacher and really cares about her students. She gives you lots of resources that you will find useful for studying: GAEs, concept checks, homework, etc. She is passionate about bio and puts effort into making class fun when she can. She has been my favorite freshman professor.",0,0,1,0,0,0,0,0,"She gives you lots of resources that you will find useful for studying: GAEs, concept checks, homework, etc.",The review indicates substantial homework or lab workload.
BSCI222_204,BSCI222,Claudia Silva Aldana,2025,1,"Prof Silva’s accent can be distracting, but it’s not indecipherable. Her exam’s aren’t impossible either, but they’re really poorly worded and confusing. You need to spend more time trying to figure out what the question is asking than actually solving them. There are also Spanish words sprinkled throughout her slides, syllabus, and exams. She also tends to get really defensive and lashes out at students. She said there was no curve but my 91.9% got bumped up to an A. Idk how some people are giving her 5 stars, they’ve got to be fake. Just take anyone else.",0,1,1,0,0,1,0,0,"Her exam’s aren’t impossible either, but they’re really poorly worded and confusing.","The review indicates heavy or difficult exams, substantial homework or lab workload, and harsh or unfair grading."
BSCI223_034,BSCI223,Erin Tran,2023,3,"This class is entirely busy work and group work. Good luck if you aren't assigned a group with competent people. Your grade highly depends on your TA as well, as some are stricter with grading than others. As for the lab manual, you have to print out all of the pages prior to lab, and the protocols are very poorly written. The lectures are flipped-classroom style where the actual lectures are pre-recorded videos and the lecture time is more discussion-style. Overall this class is very time-consuming, however, I feel I have barely learned anything in the end.",0,0,1,1,0,0,0,0,"As for the lab manual, you have to print out all of the pages prior to lab, and the protocols",The review indicates substantial homework or lab workload and significant time commitment.
BSCI330_110,BSCI330,Kenneth Frauwirth,2023,5,"Biggest tip I can offer is: Do NOT slack on that final just because you've done well on all your other exams. The final is a real kicker! Exam content is very fair and the professor is very smart. Lectures can be very content-heavy and it'll definitely test your attention span, but you'll learn a lot!",0,1,0,0,0,0,0,0,I can offer is: Do NOT slack on that final just because you've done well on all your other exams.,The review indicates heavy or difficult exams.
BSCI410_061,BSCI410,Louisa Wu,2022,5,"BSCI410 with Dr. Wu is one of the best upper level biology classes that you can take. Not only is the material interesting and relevant, but Dr. Wu is a great professor. She makes the material accessible by offering ample office hour time and uploading the notes and lecture recordings. She is also a generous grader. She drops several of the assignments, so if you do not do well on one you have several other chances to make it up (she also has extra credit!). Like any bio course, you will have to put your share of the work in, but taking 410 with Dr. Wu is one of the best choices you can make.",0,0,1,0,0,0,0,0,"She drops several of the assignments, so if you do not do well on one you have several other chances",The review indicates substantial homework or lab workload.
CHEM131_477,CHEM131,Lenea Stocker,2025,4,"She’s fine. Explains concepts pretty well. But you can’t afford to miss class at all. Even looking at friends notes won’t rly help u because the slides she posts are not the ones she annotates during class. Her practice exams and what she teaches are similar to her exams, which I like.",0,1,0,0,0,0,0,0,"Her practice exams and what she teaches are similar to her exams, which I like.",The review indicates heavy or difficult exams.
CHEM132_027,CHEM132,Christiana Guest,2022,1,"Just prepare yourself, chem lab is the ugliest course ever and the fact that it's only 1 credit makes me want to rip my hair out. communication is absolutely awful. if there's a mistake in your grade, you literally just have to accept that - the TAs communication with each other and Dr. Guest is literally nonexistent (at least with my TA). I've been trying to get one of my lab report grades just LOOKED AT for months now and have gotten no response. this class is very unreal like Dr. Guest is just a figment of my imagination and the grading doesn't align with logic. As long as you do all your work you should be okay grade-wise, but you might lose your sanity. Pray for a good lab partner that's the only thing that made this manageable for me.",0,0,1,0,0,0,0,0,"Just prepare yourself, chem lab is the ugliest course ever and the fact that it's only 1 credit makes me",The review indicates substantial homework or lab workload.
CHEM135_384,CHEM135,Andrei Vedernikov,2025,5,"I would recommend Dr Vedernikov to whoever takes CHEM135 just for their program requirement. His exam is almost exactly the same to the past exam he gave us, which is extremely easy to prepare and succeed. The lecture and homework may be boring and useless, but you can teach yourself using AI and youTube. The content is in CHEM135 is not that hard, and as long as you pay enough effort, which imo requires less than the other two professor's class, you will succeed. I'll miss him TmT. The only thing not that perfect is just you will need to pay about 100 bucks for the website he uses for homework and clicker questions.",0,0,1,0,1,0,0,0,"The lecture and homework may be boring and useless, but you can teach yourself using AI and youTube.",The review indicates substantial homework or lab workload and required self-learning.
CHEM231_376,CHEM231,Bonnie Dixon,2025,5,"Don't listen to the salty haters. Dixon makes you put in the work cause that's the only way you learn. She posts her notes, has prerecorded videos on the lecture, CANs, discussions packets with every problem imaginable, and the HWs mimic the exams. There are seriously unlimited resources to succeed as long as you have the time. AND she actually responds to emails unlike another chem professor I had for organic 1... In my opinion, Stocker does the bare minimum. Dixon goes above and beyond for her students BUT won't spoon-feed you the answers. Enjoyed this class and learned a lot!",0,1,0,0,0,0,0,0,"notes, has prerecorded videos on the lecture, CANs, discussions packets with every problem imaginable, and the HWs mimic the exams.",The review indicates heavy or difficult exams.
CHEM232_018,CHEM232,Monique Koppel,2023,2,"Office hours are essential to getting a good grade on the lab reports! The TA's are there to help you! Attempt the questions yourself, but then go to office hours and go over them. For Spring 2022, Koppel stopped having a midterm and there was just the practical, which wasn't too bad, it tests you on the lab set ups you've already done. It's a chem lab, so it's not gonna be a great class, but I would definitely say it's the hardest lab I've had so far.",0,1,1,0,0,0,0,0,"For Spring 2022, Koppel stopped having a midterm and there was just the practical, which wasn't too bad, it tests",The review indicates heavy or difficult exams and substantial homework or lab workload.
CHEM241_210,CHEM241,Bonnie Dixon,2025,5,"Orgo II has been one of the most challenging courses I've taken at UMD, but Dixon goes above and beyond to make it a positive learning experience for her students. It's clear that Dixon cares about her students' success- she provides multiple extra credit opportunities, runs weekly review sessions, and posts her lecture notes after class. Furthermore, on the exams, you can skip an entire question and still get 100%, which I feel is incredibly generous. While the exams are hard, they are also very fair and align with what we learn in class. Dixon goes above and beyond to explain exactly what the exam will look like and the type of questions, so there are no surprises. I highly recommend doing the extra credit and homework, they can be a great resource in studying for the exams. Additionally, the discussion sections are extremely useful for supplementing the lecture content, and the TA is wonderful (shout out to Nick). Expect yourself to dedicate a lot of time to this course, but in the end, if you put enough work into it, you'll do fine.",0,1,1,0,0,0,0,0,"Furthermore, on the exams, you can skip an entire question and still get 100%, which I feel is incredibly generous.",The review indicates heavy or difficult exams and substantial homework or lab workload.
CHEM271_182,CHEM271,Efrain Rodriguez,2024,1,"I had Professor Rodriguez for gen chem 2. He is beyond useless. His slides are useless. His lectures are useless. I went to class every day hoping he might say something useful, and left every day wondering why I wasted my time. He doesn't teach you anything. I spent hours teaching myself the material from the textbooks so I could complete the homework. On top of that, he is rude! He makes countless mistakes during lectures. He seems genuinely unprepared each day. The only thing I'll give him is that are tests are extremely fair. They are exactly like the homework and the textbook problems, so you can absolutely succeed in this class. So if you do the homeworks for comprehension, not just completion, you'll be fine.",0,0,1,0,0,0,0,0,I spent hours teaching myself the material from the textbooks so I could complete the homework.,The review indicates substantial homework or lab workload.
CMSC131_365,CMSC131,Pedram Sadeghian,2024,2,"Taking Pedram’s CMSC131 class was... an experience. His lectures were so dry and monotonous that staying awake felt like a feat of endurance. But, at least the lectures were recorded & rewatching them (at 2x speed) and having the slides available saved me from complete despair. The projects weren’t too bad as long as you started early—planning ahead made them more manageable and helped reduce stress. The absolute best part of the class was the TAs. They were always knowledgeable, patient, and super helpful, which made a big difference when I was stuck. I wouldn’t really recommend Pedram as a professor. His quizzes, exams, and final were so much harder compared to other professors teaching the same class, to the point where it felt really unfair. Overall, unless you enjoy unnecessary suffering, I’d recommend finding another professor for CMSC131.",0,1,1,0,0,0,0,0,"His quizzes, exams, and final were so much harder compared to other professors teaching the same class, to the point",The review indicates heavy or difficult exams and substantial homework or lab workload.
CMSC132_422,CMSC132,Nora Burkhauser,2025,1,"I took Nora's 132 class last semester, and it's safe to say it was an absolute mess. I can only write this review now as I have calmed down enough to finally think about her class without wanting to pull out my hair. Her class was like watching someone try to bake a cake with no recipe and none of the right ingredients, and also painfully slowly. She spent half of the class doing coding examples, but had no clue how to even do them. When people asked questions, she couldn't even answer and would spend the next 5 minutes rambling without even coming CLOSE to the question. I have to give her credit for her slideshows, though, because they weren't actually that bad. HOWEVER. Her projects were completely done by the TAs because AGAIN she has no clue what she's doing. Her exams were nothing like the practice exams, and she would laugh and joke about making them too long. And they were too long. She doesn't know how to even write an exam properly. There would also always be a mistake in the exam. Like, be so for real. I had to teach myself EVERYTHING (forever in debt to brocode my goat fr 🙏). I think part of the reason why she was so terrible was because it was her first semester teaching, so I pray to GOD that she has gotten better. If you have to take her, I'll keep you in my prayers.",0,1,0,0,1,0,0,0,I can only write this review now as I have calmed down enough to finally think about her class without,The review indicates heavy or difficult exams and required self-learning.
CMSC216_385,CMSC216,Ilchul Yoon,2024,1,so many trolls. should be a 1-2 star average tbh. He assigned a lab on december 9th and its due december 10th keep in mind finals start on the 11th. also we have a project due on the 18th. not sure if you guys know but the last day of the semester is the 17th. so i do wonder what goes in his head. also the average is kinda awful but we ball tho. i hope he curves at the end.,0,1,1,0,0,0,0,0,He assigned a lab on december 9th and its due december 10th keep in mind finals start on the 11th.,The review indicates heavy or difficult exams and substantial homework or lab workload.
CMSC250_434,CMSC250,Fawzi Emad,2024,5,"Fawzi is a great teacher and explains topics thoroughly while also keeping his lectures engaging. I learned enough from the lectures and homework that I barely needed to study for the exams except for reviewing my notes to brush up on older topics. There were a lot of complaints about his grading this semester but most of them boil down to either losing too much partial credit for getting part of a proof wrong or not getting any partial credit for probability questions where the answer is just a number in a box. I found his partial credit on proofs to be pretty generous and the probability questions to be easy enough that partial credit really wasn't necessary. The grade cutoffs weren't published but I got a 91.6 and got an A so he definitely adjusts them to be reasonable. He also posted some grade statistics after the final: 28% of you received a grade of A+/A/A- 38% of you received a grade of B+/B/B- 22% of you received a grade of C+/C/C- 11% received a grade lower than C- Overall he's a great lecturer, genuinely cares about his students, and his grading isn't that hard. You should definitely take him for 250 if you can.",0,1,1,0,0,0,0,0,that I barely needed to study for the exams except for reviewing my notes to brush up on older topics.,The review indicates heavy or difficult exams and substantial homework or lab workload.
CMSC320_147,CMSC320,Archit Kambhamettu,2024,5,The GOAT! Cleared up every doubt I had with the course and was super engaging during office hours. Offers a lot of advice with career/what classes to take and is easy to have a conversation with. Also willing to stay a bit after hours to help out if you're still struggling with a problem. Definitely see if he's TA'ing your class!,0,0,0,0,0,0,0,0,,No clear workload signal.
CMSC330_188,CMSC330,Zoya Tasneem,2024,5,"Zoya is simply incredible! She is down-to-earth, so so helpful, and super funny too. I am so lucky to have met her last semester <3 thank you Zoya!",0,0,0,0,0,0,0,0,,No clear workload signal.
CMSC351_270,CMSC351,Maksym Morawski,2024,5,"Max is a good professor, yes his exams are hard to study for but if you throughly study the course content you will be fine on the exams and they likely become questions you think about. 351 is difficult class, I would not say he is the best lecturer but he goes out of his way to aid students that are struggling and guides you in the right direction if you are struggling. Half the people complaining did not go to lecture regularly (where he literally gives out some of the exam answers if you pay attention) or speak to him personally which is not hard to do because he is a cool dude. If these kids had kruskal they might not even hit 30% let alone pass",0,0,0,0,0,0,0,0,,No clear workload signal.
CMSC414_017,CMSC414,Dave Levin,2018,5,Favorite cs professor ive had. great lecturer. super nice guy. projects and exams were extremely fair,0,1,0,0,0,0,0,1,projects and exams were extremely fair,The review indicates heavy or difficult exams and challenging but fair expectations.
CMSC420_130,CMSC420,Justin Wyss-Gallifent,2024,2,"CMSC420 was a miserable experience for me. I felt like he was very thorough and organized in lecture, but his exams leave no room for error and because he is doing well at his job, i will not lie, it just made it hard for me to adjust. It felt like 420 should have been a 4 credit class because we had 1 homework due every week and then a project every two weeks. So it was just hard for me to get into the routine of class and then also the topics are interesting but if I were to relive my semester, I would probably look towards other classes to save myself the pain.",0,1,1,0,0,0,0,0,"thorough and organized in lecture, but his exams leave no room for error and because he is doing well at",The review indicates heavy or difficult exams and substantial homework or lab workload.
CMSC421_008,CMSC421,Joshua Brule,2018,5,"Josh was a great professor, he's a grad student and still has that drive to inspire others. He was receptive to feedback and is very enthusiastic. The home works were manageable and the exams were more than fair. He had 3 straightforward projects and his reply time on piazza was omniscient. Honestly a great guy and an awesome professor. I am by no means an honor student, but even I managed to get an A. Meet with him in office hours if you need help he's really great at explaining the material. If you study the home work you'll definitely succeed on the exams. Definitely take him if you get the chance.",0,1,0,0,0,0,0,0,If you study the home work you'll definitely succeed on the exams.,The review indicates heavy or difficult exams.
CMSC424_028,CMSC424,Peter Keleher,2021,1,"Do not take this professor. If he is the only one available, take the class next semester. Boring lectures, which he recorded but refused to share with anyone. His quizzes tested us on material that had not been taught yet. Also, he is the most difficult person to communicate with. He will only answer piazza posts if he feels like it and his answers will be at most a few words. You have a follow-up question to his 4-word answer? Good luck getting another response. In the syllabus, he says to email him if he does not respond on piazza. I sent him at least 4 emails this semester and he didn't respond to any of them. He really doesn't care about his students and he definitely wasn't there for them during this difficult online semester.",0,0,1,0,0,0,0,0,"If he is the only one available, take the class next semester.",The review indicates substantial homework or lab workload.
CMSC451_001,CMSC451,Samir Khuller,2015,4,"Moderately chill dude. Should've failed this class, but my man came through with an epic review sesh.",0,0,0,0,0,0,0,0,,No clear workload signal.
MATH140_452,MATH140,Jonathan Fernandes,2025,3,"Preface to say I did take Calc AB and BC in highschool but I got a D and F respectively. Went to class twice in the beginning of the year before I realized it was a waste of time and stopped going. He knows his stuff but isn't so good at teaching it (also a bit sassy/he has edge). Just go to GSS, math success, keystone tutoring, office hours, alla that. When you don't understand something, double down on it because you WILL get it on the exam. Skip webassign questions that seem impossible unless you just do it for the game. If you are normal they will just make you go crazy and lose it. Pick your TA wisely, shop around in the begining of the year don't be lazy. If your TA sucks at explaining you will eat the consequences as Fernandes can be hands off at times. I will give him benefit of the doubt as this is his first semester teaching MATH140, but there were multiple times where he posted canvas updates at 2 or 3am, or for an assignment due at 12:00am, he would make an announcement post at 12:01am that it got extended another day. Like one minute after it was due. Make friends who go to class so they can keep you in the know or there will be a plethora of stuff he says but doesn't post and you will find out about it the hard way. At one point I stopped going to discussion too and just went to GSS and still ended up with like an 100%+ exam avg. He gave extra credit up to 105/100 on select exams. Change your mindset about math you are capable and it is more than doable. I don't know about other lecturers for MATH140 but if you did the work you got the grade. Don't let it be a skill issue.",0,1,1,0,0,0,0,0,"When you don't understand something, double down on it because you WILL get it on the exam.",The review indicates heavy or difficult exams and substantial homework or lab workload.
MATH141_489,MATH141,Anna Szczekutowicz,2025,5,"Very good teacher, super nice, and explains concepts well. The best part of her class is that she gives you neat lecture notes in the course files. Her exams are a little hard and long, but I believe she adequately prepares you. If you read the reviews of last semester, it says the discussions are really long and hard. She told my class that she made them more easier and I think they are okay. Even though you can't pick your TA, Harrison is very good.",0,1,0,0,0,0,0,0,"Her exams are a little hard and long, but I believe she adequately prepares you.",The review indicates heavy or difficult exams.
MATH240_313,MATH240,Stefan Doboszczak,2025,5,"A very well organized and approachable professor who did a great job explaining difficult concepts in an intuitive way. Notes were easy to follow and he did a great job answering questions in office hours. Exams were reasonable, the discussion quizzes and supplemental textbook questions were great resources. Highly recommend Stefan for MATH240.",0,1,0,0,0,0,0,0,"Exams were reasonable, the discussion quizzes and supplemental textbook questions were great resources.",The review indicates heavy or difficult exams.
MATH241_477,MATH241,Junyan Zhao,2025,5,"junyan you're lowkey the goat bro keep doing you're algebraic geometry research and all that you a real one g. I be seeing you at the gym too - you a strong motha fucka goes fast, teaches well, funny. highly recommend!",0,0,0,0,0,0,0,0,,No clear workload signal.
MATH246_312,MATH246,David Hamilton,2025,1,"Lectures are useless. Canvas page is empty. Grading around finals week is confusing. If you're taking the course already, I would recommend GSS and using Levermore's example problems to self learn all the content.",0,1,0,0,0,0,0,0,Grading around finals week is confusing.,The review indicates heavy or difficult exams.
MATH310_017,MATH310,Kathryn Truman,2020,2,"Professor Truman is energetic and really cares about her class but unfortunately, that means having a lot of work and assignments. I took this class because I am pursuing a math minor and this class was more work than my major requirement courses. She does not post homework, exam, group work, or quiz solutions. The only time you can get an idea of what the solution may be is if you go to office hours or email her with an attempt to the question in which she will give you tips on how to get to the solution but never tell you the solution itself. She would give a quiz a day after the homework was due meaning we wouldn't get our graded homework back in time to study for the quiz and see what mistakes we were making. Since there were no homework solutions posted, there were many ocassions where people would do poorly on the homework and the quiz because we didn't get feedback on time. You can tell she cares about students really learning the concepts because this is an important class for MATH410 but that meant getting a lot of work in and outside of class. I personally think this class was too much work for what it is worth and multiple people dropped from our class before our second midterm (some of them dropping the course for a second time). We also did not have enough time to complete our midterms with more than half of the class not fully completing the exams.",0,1,1,0,0,0,0,0,"She does not post homework, exam, group work, or quiz solutions.",The review indicates heavy or difficult exams and substantial homework or lab workload.
MATH401_054,MATH401,Haizhao Yang,2023,4,"Dr. Yang is an extremely smart and kind professor. However, I find his lectures to be a bit confusing so I prefer to take notes on the textbook, which he directly follows. The homeworks are a few textbook problems each week, and the exams are problems taken directly from the textbook. The first exam was really fair, however the second one was significantly tricker, but he did not intentionally do that and as a result he graded extremely nicely (I was pleasantly surprised with my grade) and even removed one question from the exam that was harder than he initially thought. The matlab projects aren't too difficult either, just changing a few lines of code. Overall, he really wants his students to succeed and doesn't try to make anything unnecessarily tricky",0,1,1,0,0,0,0,0,"The homeworks are a few textbook problems each week, and the exams are problems taken directly from the textbook.",The review indicates heavy or difficult exams and substantial homework or lab workload.
MATH410_064,MATH410,Shiferaw Berhanu,2023,1,"A difficult professor. He deducts points for everything. For each question, you receive a score of 0 or 100%. He does not give partial credit for your good attempts. He is a very self-centered individual who simply wants you to know that he is knowledgeable about the subject. His teaching is so boring that he does not allow you to ask questions. He gets mad at students who ask a question and stops them while they are asking question. He will make you feel your question is silly. I highly recommend you to register for any professor other than him.",0,0,0,0,0,0,0,0,,No clear workload signal.
PHYS121_014,PHYS121,Peter Shawhan,2010,1,"I would definitely avoid taking Shawhan. He is very nice guy but is one of the worst professors I've ever had. I read the textbook, did the homeworks, attended a weekly GSS session, went to every lecture, studied extremely hard for every exam and never got above a C on any exam. This is because the test questions are 100% unrelated to anything he ever gives you before the exam. He spends too much class time going over demonstrations but not enough time explaining what the demo should be teaching us so that we can then apply it to physics problems. His tests do not accurately display your knowledge of the material presented to you. He does curve every exam but not enough to get you the grade you would like.",0,1,1,0,0,0,0,0,"session, went to every lecture, studied extremely hard for every exam and never got above a C on any exam.",The review indicates heavy or difficult exams and substantial homework or lab workload.
PHYS131_002,PHYS131,Edward Redish,2014,5,"This class is indeed challenging and causes you to look at physics in a much different way, meaning its not simply plug and chug physics. He makes you think critically and wants you to understand what is really happening. Overall this class seriously takes a lot of effort and work, but all in all it is highly possible to get an A. Professor Redish is one of the few professors I've had thus far that wants you to succeed and really wants all his students to pass. If you go to office hours in the course center for homework help you will be golden. Also if you have the pleasure of having Kim as your TA then you are extremely set. This class is a lot different than what you may be use to, but it really is possible to pass.",0,0,1,0,0,0,0,0,If you go to office hours in the course center for homework help you will be golden.,The review indicates substantial homework or lab workload.
PHYS260_134,PHYS260,Michelle Girvan,2025,2,"TBH I stopped going to lectures in September because she wasn't really engaging at all, made things seem more complicated then they were, and was just pretty boring. This is naturally a hard class so I just depended on self teaching myself and hoping I did well enough on the exams to get on the good side of the curve. Take advantage of the homeworks and quizzes being generally easy and open resource. There's a lot of them so it adds up and gives your grade a good boost if you do good on them. Exams are obviously very difficult but do the practice exams (some problems were exact repeats) and get a good understanding of the conceptual stuff and you should be able to do above average. I went to max 10 lectures all semester and ended with an 84 which ended up being a B+ with the curve. Really just need to aim to do better than the worse half of the class.",0,1,0,0,1,0,0,0,teaching myself and hoping I did well enough on the exams to get on the good side of the curve.,The review indicates heavy or difficult exams and required self-learning.
PHYS270_023,PHYS270,Xiangdong Ji,2019,5,Extremely fun to talk to and observe in class. He is very intelligent and his tests are exactly taken from the homework sets.,0,0,1,0,0,0,0,0,He is very intelligent and his tests are exactly taken from the homework sets.,The review indicates substantial homework or lab workload.
STAT100_171,STAT100,Yue Dong,2024,4,"This is a great class to take if you need to take STAT100. Her lectures are extremely boring and you can likely skip them because she just reads off a slideshow, which she posts. The discussion sections are easy too because the TA explains the assignment and practically gives you the answers. The tests are almost identical to the practice tests, so as long as you study and understand how to do those problems, you will get an A. Also, if you were hoping to get professor Griffin for STAT, she bases almost all of the assignments and practice tests on his class.",0,0,1,0,0,0,0,0,"hoping to get professor Griffin for STAT, she bases almost all of the assignments and practice tests on his class.",The review indicates substantial homework or lab workload.
STAT400_405,STAT400,Sana Jahedi,2025,1,"She refused to provide practice materials for either quizzes or exams, and she explicitly declined to curve grades. Don’t take her class expecting an easy STAT4XX, especially if you're planning to take two CMSC courses that semester (as a CMSC student)",0,1,0,0,0,0,0,0,"She refused to provide practice materials for either quizzes or exams, and she explicitly declined to curve grades.",The review indicates heavy or difficult exams.
STAT401_007,STAT401,Paul Smith,2019,4,"Professor Smith focuses heavily on formulas, and the majority of class time was focused on proving or using formulas. This made his exams and final easy, because as long as you had the formula written down (he allowed one page of notes) then it was plug and chug to get the answers. However he assigned homework that was often too long and repetitive, so expect to spend 2+ hours a week solving the same problems but with different numbers. Also he refuses to use ELMS to post student grades, so prepare to be guessing at how well you are doing compared to other students. Easy A if you can put in the time and not get too frustrated at the homework.",0,0,1,1,0,0,0,0,"However he assigned homework that was often too long and repetitive, so expect to spend 2+ hours a week solving",The review indicates substantial homework or lab workload and significant time commitment.
STAT410_050,STAT410,Shalin Parekh,2023,5,"cares about students, always engages with the class, posts lecture notes, grades EXTREMELY fast (finished midterms over weekend, finals on the day we took it), goes through content at a good pace, very knowledgeable (can ask about stat things beyond the scope of the class, he will have an answer), also exams are very fair (just review lecture examples), only problem is that some homework problems were really hard towards the end of the semester but you can go to office hours or search up the problem online to get insight",0,1,1,0,0,0,0,1,"posts lecture notes, grades EXTREMELY fast (finished midterms over weekend, finals on the day we took it), goes through content","The review indicates heavy or difficult exams, substantial homework or lab workload, and challenging but fair expectations."
BSCI160_528,BSCI160,Bill Fagan,2024,1,"As a chemistry major who has taken PLENTY of difficult classes, this class was unnecessarily difficult. The positive reviews have an air of stubborn ignorance and better-than-you attitude. Fagan tries to be a nice guy, but not enough for it to actually count. For a class this complex, his curve is very small. He is very particular with his exams, and the content is extremely overbearing. It’s a lot of memorization, even with your two cheat sheets, because of the questions he asks that arent really resembled in the homework or in class, outside of the general topics.",0,1,1,0,0,0,0,0,"He is very particular with his exams, and the content is extremely overbearing.",The review indicates heavy or difficult exams and substantial homework or lab workload.
BSCI170_250,BSCI170,Michael Keller,2025,5,"Dr. Keller was a great professor for BSCI170,,, I took AP bio during freshman year of HS and scored a 2, so I was reallyyy worried, but it was honestly so straightforward. The three most important things in this class are 1. Ditch the textbook (I read the textbook for the first midterm, and almost none of the chapters assigned were tested; I got an 84) 2. Just memorize the study guide/lecture notes (I spammed ChatGPT-generated practice tests and asked it to make tests with the notes, got 95+ every midterm after the first one) 3. Go to the lecture for free participation points (I got bumped from like a 95 to a 99.5 because of this) Honestly, he was really passive-aggressive at times, but he was a really good lecturer regardless...",0,1,0,0,0,0,0,0,"(I read the textbook for the first midterm, and almost none of the chapters assigned were tested; I got an",The review indicates heavy or difficult exams.
BSCI171_018,BSCI171,Dominc Brady,2022,5,Dominic was fantastic! He always found a way to made lab enjoyable and entertaining for everyone. The class would have been much worse if it weren't for Dom's ability to light up the room with humor.,0,0,1,0,0,0,0,0,He always found a way to made lab enjoyable and entertaining for everyone.,The review indicates substantial homework or lab workload.
BSCI201_057,BSCI201,Maira Goytia,2023,5,Amazing professor that really knows what she is talking about! She is very passionate about the material. You can tell that she really cares about her students and their success in her class. Always available to answer questions and makes exams fair given the large amount of information covered. Would 100% take her again.,0,1,1,0,0,0,0,0,Always available to answer questions and makes exams fair given the large amount of information covered.,The review indicates heavy or difficult exams and substantial homework or lab workload.
BSCI207_153,BSCI207,Marcia Shofner,2024,1,"Dr. Shofner is a sweet woman but oh my god this class was a DISASTER. I took it online and it was incredibly disorganized. Half the time she wouldn't show up to the weekly zooms and when she did she would ramble on about unrelated topics and basically just repeat everything that was in the recorded lecture. The lectures were supposed to be 50 min, 2 per week however they would end up being closer to an 1 hour 15 min and there would be multiple per day. Sometimes she would just not post a lecture though which I assumed meant she was giving us the day off, then later post it right before the test and say the material covered would be on it. The material on the tests was not at all reflective of what was covered in the lecture and the TAs were incredibly strict about giving partial credit. The tests are also poorly written and many of the questions made no sense. And I know this part has nothing to do with her but the class is just so stupid the information is useless and not applicable to most bio majors.",0,0,0,0,0,0,1,0,I took it online and it was incredibly disorganized.,The review indicates course disorganization.
BSCI222_203,BSCI222,Jessica Mutz,2025,5,"You should ignore the reviews made on 3/30 & 4/1 2025. BSCI222 is going to have harder exams (averages are low in every class regardless of prof) and content regardless of which professor you take and more work than previous BSCI classes. Dr. Mutz is a very good professor, helpful at office hours, and responds quickly to emails. All lectures are recorded and assignments don't take that long so long as you pay attention in lecture/look at slides. Exam questions specifically are easy so long as you use the very large amount of review material / practice problems that she gives you. Just come into the class expecting to work slightly harder than previous BSCI classes and A/B with Mutz is not hard to get. Also she gives a decent amount of free points, drops many lower quiz/assignment grades, and none of the exams are cumulative.",0,1,1,0,0,0,0,0,BSCI222 is going to have harder exams (averages are low in every class regardless of prof) and content regardless of,The review indicates heavy or difficult exams and substantial homework or lab workload.
BSCI223_033,BSCI223,Erin Tran,2023,4,"Dr. Tran is a very helpful and kind professor. She holds office hours every week in which she is more than welcome to answer any questions you might have and she also responds to emails almost instantly. Participation points are based on clickers which you can do from Zoom. The class itself is not too difficult, but the grading is very strict. The workload is a bit heavy and for assessments, you get 6 days to do 5 assignments which could take many hours to complete, they are online + open note. Honestly, your grade depends on whether you can keep up with the assignments and how well you can understand the material and apply it to different concepts.",0,0,1,1,0,0,0,0,"you get 6 days to do 5 assignments which could take many hours to complete, they are online + open",The review indicates substantial homework or lab workload and significant time commitment.
BSCI330_109,BSCI330,Kenneth Frauwirth,2023,5,So so nice and thoughtful. Has a lot of points which help boost your grade and is always willing to answer questions! Favorite professor so far for sure,0,0,0,0,0,0,0,0,,No clear workload signal.
BSCI410_060,BSCI410,Stephen Mount,2022,2,This class is an absolute pain. Material on the exams is barely covered. Lecture is incredibly boring. I can't give any tips for success because I got a C.,0,1,0,0,0,0,0,0,Material on the exams is barely covered.,The review indicates heavy or difficult exams.
CHEM131_476,CHEM131,Samuel Lascio,2025,5,"Dr. Lascio is a solid professor. A lot of people complain that he isn't a good teacher, but I think if you show up to lecture and take notes, he explains everything pretty well. We had 3 midterm exams and the averages were around 50-60% for each. However with his curve for this semester (which is based on the class average), an 80+ is an A and a 70+ is a B. In addition to our midterm grades, we had around 9 homework assignments that added up to be 80 points, the same amount of points as each midterm exam, which really helped people's grades. I'd recommend actually trying to do the homework problems even though they're often way more challenging than the exam questions, because they help you become more familiar with the content. In terms of studying, look through all the slideshows he posts and make sure you can do every single problem he's done in class. He also posts a practice exam for each midterm, which is relatively similar to the real exams, although they seemed to be a little easier. His exams are fair, but for a lot of people time was a challenge. He likes to include trick questions, which can be frustrating, but very simple if you know your stuff. Lastly, he can be a little unhelpful when you ask questions in class, but I truly think he wants all his students to succeed!",0,1,1,0,0,0,0,1,We had 3 midterm exams and the averages were around 50-60% for each.,"The review indicates heavy or difficult exams, substantial homework or lab workload, and challenging but fair expectations."
CHEM132_026,CHEM132,Fahad Shaikh,2022,5,"Fahad is an amazing TA, is very knowledgeable and does so well in helping all the students in the class succeed. He made attending lab more fun and less tedious. He was always so happy and definitely brought good energy into the room. Definitely has such a kind and caring heart.",0,0,1,0,0,0,0,0,He made attending lab more fun and less tedious.,The review indicates substantial homework or lab workload.
CHEM135_383,CHEM135,Andrei Vedernikov,2025,1,"long and boring lectures that don't help with exam content whatsoever, it's more beneficial to teach yourself the entire course instead with the textbook. along with that, has clicker questions during lectures to make sure people show up. only benefit is a built in 10% curve into the syllabus (aka 60% is a C- to pass)",0,1,1,0,1,0,0,0,"and boring lectures that don't help with exam content whatsoever, it's more beneficial to teach yourself the entire course instead","The review indicates heavy or difficult exams, substantial homework or lab workload, and required self-learning."
CHEM231_375,CHEM231,Monique Koppel,2025,5,"Most reviews for Dr. Koppel are for the lab section which is heavily dependent on the TA that you receive. Dr. Koppel herself however is a really sweet lady and a great lecturer. She was helpful in office hours and after lectures and made sure to always answer everyone's questions. Her lecture notes can be a little hard to follow sometimes but they're pretty good for the most part. She gives a lot of spare practice problems online and even has a whole series of recorded lectures that she uploads for each type of reaction which were super helpful. The exams for her class are pretty tough, with the average being in the low 60s. This means that around a 76-80% would earn you an A with the curve she applies. The homework is always due the night before the exam online through Achieve. It's tedious and takes a while but its online and as long as you score above an 80% of the total points you'll earn a 100% for homework credit. She also had 10 points of extra credit which you could get through watching short animations/lectures on Achieve. I ended with an 82.48 and got an A- in the class. Overall, I'd definitely recommend Dr. Koppel.",0,1,1,0,0,0,0,0,"The exams for her class are pretty tough, with the average being in the low 60s.",The review indicates heavy or difficult exams and substantial homework or lab workload.
CHEM232_017,CHEM232,Monique Koppel,2022,2,"Not a fan of her lab. However, if you want to do well then go to office hours, the TAs will essentially tell you what you need to know to get an A on the post lab questions, which sometimes are impossible to answer correctly without a TA because the information necessary was just not taught. The exams are designed to lower the average, and it's very clear that they are. The questions are written to trip you up and go into aspects of the lab techniques that are not mentioned at any other time. The lab practical is also 50 points but only two questions and only 10 minutes long. The two questions are randomly given so each student is basically taking a different practical, and you have to hope you get a question thats simple. I can understand making a lab difficult, but she just doesn't prepare her students or test them on what she teaches them.",0,1,1,0,0,0,0,0,"The exams are designed to lower the average, and it's very clear that they are.",The review indicates heavy or difficult exams and substantial homework or lab workload.
CHEM241_209,CHEM241,Lenea Stocker,2025,2,"I'm honestly not sure why I see so many high-rated reviews on Dr. Stocker. For a course of this rigor like Organic Chemistry II, you would expect her to put more effort into supporting her students but I have found this to be hardly the case. Here are the issues I have with her: - She does not respond to emails (I really don't care if you teach hundreds of students, this reasoning is just simply an excuse. You are paid to do your job and reflect the status of the University and its Chem department. This is a blatant cop out). - She does not post lecture slides (???) - She does not record lectures (????? ITS ORGANIC CHEMISTRY) - She does not have graded homeworks - She does not have graded quizzes - Lectures are way too fast. I get it, it's Organic Chemistry, but when you blitz through a mechanism and then give us time to ""try it out for ourselves,"" don't be surprised when so many of us are puzzled and could have just benefitted from a slower lecture. - There is only one TA and they don't have office hours - Grades are made up entirely of exams. I studied my ass off for these and didn't get anywhere close to the grade I wanted / expected out of my efforts. I know there are hardly any other options for profs for Orgo II here, but if you can help it, I would strongly suggest taking another professor. This review may sound like just another angry student coping with their poor performance in a class. You can believe what you want, but I thoroughly believe that this class could have been done a LOT better and student success rate could be MUCH higher without making a single change to grading policy for exams, and adjusting everything else. tldr; I think Dr. Stocker is a great professor when it comes to doing the BARE MINIMUM. You do not want a professor who does the BARE MINIMUM in ORGANIC CHEMISTRY.",0,1,1,0,0,0,0,0,- There is only one TA and they don't have office hours - Grades are made up entirely of exams.,The review indicates heavy or difficult exams and substantial homework or lab workload.
CHEM271_181,CHEM271,YuHuang Wang,2024,4,"Hi, so keeping it so real, i love professor Wang and he was such a nice guy. However, he wasn’t a great lecturer. I never went to lecture because what he went over in class rarely aligned with the homework/exam content. most of how i learned was based on TA discussion sections and my purchasing the extra “pearson dynamic study” module (it’s 7.99/mo but highly recommend). and studying those religiously—like about 30 hours on it in total. I also will advise always going to the class before the exams because sometimes he relays information that will be on the exam, i found this extremely true for the final. His exams are also fair, usually only one problem per exam that is really hard.Overall if you’re good at teaching yourself and putting in the effort by doing a sh*t ton of practice problems, you’ll pass the class. just takes some outside of class work.",0,1,1,0,0,0,0,0,I never went to lecture because what he went over in class rarely aligned with the homework/exam content.,The review indicates heavy or difficult exams and substantial homework or lab workload.
CMSC131_364,CMSC131,Pedram Sadeghian,2024,5,"Good professor. As the other reviews have said, he's straightforward, but monotone. I've found myself dozing off in his lectures a few times, but his lectures are good and easy to follow. You'll do fine if you don't start your projects on the last day and go to lectures.",0,0,0,0,0,0,0,0,,No clear workload signal.
CMSC132_421,CMSC132,Pedram Sadeghian,2025,1,"Do NOT take this professor! All the reviews are outdated, probably from when he was coteaching with a better professor. The averages for his midterms are consistently in the low 60s, and his teaching is dry and mediocre at best. There are barely any resources to prepare for an exam, as the past exams are nothing like the ones he gives you. He has literally said ""Every semester, students tell me that the exam felt harder and different from past exams. The fact that the exams are different is intentional"", and, ""If I had taken this as my second CS class, I too would have found it difficult"". If you want your GPA to suffer, take this professor. Otherwise, try your best to take Elias or Nora instead.",0,1,0,0,0,0,0,0,"The averages for his midterms are consistently in the low 60s, and his teaching is dry and mediocre at best.",The review indicates heavy or difficult exams.
CMSC216_384,CMSC216,Christopher Kauffman,2024,5,Absolutely the best professor I've had at UMD. Lectures were so much fun and I never wanted to skip. He's a very helpful and supportive professor who 100% cares about his students and wants them to succeed. Definitely a difficult class but you learn so much.,0,0,0,0,0,0,0,0,,No clear workload signal.
CMSC250_433,CMSC250,Fawzi Emad,2024,4,"Overall I'd recommend fawzi as he's a good lecturer in a class full of new concepts. Just don't be stupid and you won't get points off idk. PROS: - Good lecturer, passionate about material, explains concepts well, which is important as mathematical proofs are a foreign concept to most people taking this class - Exams are moderate difficulty and are always easier than homeworks—the homeworks are good preparation for exams CONS: - Quizzes in discussion means you have to actually go to discussion sometimes; take a later section so you can hear from earlier sections if there's a quiz today or not - Provides no exam review material except for one set of slides he partially covers in class, and the slides may or may not include solutions. There's also no textbook for the class which could make up for a lack of review material - Lecture notes are somewhat minimal which is to encourage you to attend class—which I did!—but this can make studying for exams tricky. - Some argue he's a harsh grader, others argue that proofs are easy to F up and therefore tank your grade. I can't really judge without taking 250 with a diff prof.",0,1,1,0,0,1,0,0,to most people taking this class - Exams are moderate difficulty and are always easier than homeworks—the homeworks are good,"The review indicates heavy or difficult exams, substantial homework or lab workload, and harsh or unfair grading."
CMSC320_146,CMSC320,Fardina Alam,2024,5,"Extremely nice professor, and very fair on HWs and Exams. There is a final project that takes a lot of work, but honestly if you hit the requirements you'll most likely get a 100 even if it's not that great. The only negatives with her class are that the lectures are EXTREMELY boring. I never came to class because of that and just looked at slides and googled topics I didn't fully understand. Also even though the exams are fair, she seems to say a lot more topics are on the exam than there actually are, so I've ended up studying so much just for the exam to be on like 5 of the 10 topics said to be on it. This may be a positive to some, but I found it annoying. But even then, the exams are so easy that as long as you study you should get almost a 100 on every single one.",0,1,0,0,0,0,0,1,"Extremely nice professor, and very fair on HWs and Exams.",The review indicates heavy or difficult exams and challenging but fair expectations.
CMSC330_187,CMSC330,Vasu Mittal,2024,5,Vasu is a fantastic TA - easily one of the best! He really goes above and beyond to break down and explain concepts clearly to students. He also is always very genuine and always down to share notes and such. You can tell he really cares about his students and their academic success. The GOAT,0,0,0,0,0,0,0,0,,No clear workload signal.
CMSC351_269,CMSC351,Maksym Morawski,2024,4,"He's not the most organized lecturer but he cares more about your understanding of the material than your memorization of trivial items. I really liked his exams because in order to do well on them, you had to actually fully understand the material, and not just regurgitate a formula memorized in class. The leetcode question that other people are referring to is a question Max gave us very fair warning about (he basically told us it would be a DP leetcode easy) of which there are only a few. So if you practiced those beforehand (or even tried to figure it out on the exam), you likely would have gotten it. Overall his exams really made you think hard about the content that you learned, which is arguably more valuable of a skill than, say, memorizing time complexities without understanding WHY they are what they are. This guy gets too much hate.",0,1,0,0,0,0,0,0,"I really liked his exams because in order to do well on them, you had to actually fully understand the",The review indicates heavy or difficult exams.
CMSC414_015,CMSC414,Dave Levin,2018,5,"Love this man. We would do our work in the student lounge, he would pass by and say hello since he recognized us and would hang out for a little while or ask us about the class. Always went up to him after lecture to ask questions and he was very cool about it. The material itself I became less and less interested in. The exams were quite open ended. A lot of short answers and a few multiple choice or word bank style questions thrown in. I did awful on all the exams, but fortunately the projects for the class were 50% of the final course grade. I did very well on all the projects but they were quite challenging...Basically they are a bunch of individual tasks you have to try out and they range from write a .c file that does this or make a txt file with a piece of code that does blah. I really disliked the final project which was a paired/team project. It caused me a lot of distress. Also several people did not submit a working project so there were only 20% of the class where you had to try and 'break' their code and write reports about it. Taking this class, I learned that Security is NOT for me. This class was more security than it was Networking which I actually like a lot more. Maybe the last month or so was focused on the Networking aspect of the class which I found quite disappointing. If you like security and networking, Dave is the man for you. His shiney bald head will make you fall in love with him.",0,1,0,0,0,0,0,0,The exams were quite open ended.,The review indicates heavy or difficult exams.
CMSC420_128,CMSC420,Justin Wyss-Gallifent,2024,2,"Boring class. Too much math/proofs in a CS class IMO. Nice guy though, very passionate.",0,0,0,0,0,0,0,0,,No clear workload signal.
CMSC421_007,CMSC421,Joshua Brule,2018,5,"Bless papa Josh. I took Josh during the summer of 2018 and it was super chill. The project were very simple and straightforward. He is very communicative on piazza and in class as well. The homeworks were manageable (could complete them all in one day) He was also very communicative on piazza. (Questions had a very fast response time and he gives straight answers, none of that ""go read the text book on page ___."" stuff. Overall, i would definitely recommend him.",0,0,0,0,0,0,0,0,,No clear workload signal.
CMSC424_027,CMSC424,Peter Keleher,2021,3,"He's an average professor, but the class was pretty good overall. We had weekly quizzes and project assignments, and we had three exams (no final). The lectures were kinda boring, but the lecture slides were useful and a good resource for studying for exams. The most annoying thing about the class is that the quizzes were based on content that we didn't learn yet, which meant that we had to learn topics ourselves using the textbook. I still think overall the class and the coursework was pretty fair, and the class isn't any better or worse than other 400 level cs classes.",0,1,1,0,0,0,0,0,"We had weekly quizzes and project assignments, and we had three exams (no final).",The review indicates heavy or difficult exams and substantial homework or lab workload.
CMSC451_006,CMSC451,Clyde Kruskal,2012,3,"My only real complaint about Kruskal is that he's probably too smart for his own good. Unfortunately, that impacts his teaching significantly. It's frustrating when he insists on only proving things a specific way, and this is the only class I've ever taken in which I really felt like I had to ask questions. The exams were worth most of the grade which made it a little scary. But if you really do all of the homework on your own and study well, you should do well on the exams (at least relative to other people, which is what matters in this course with regards to your grade). Definitely go over all of the homework questions before taking the exams, and maybe do a few questions from the book. Kruskal is very accommodating and cares a lot about his students. He clearly wants to see them do well. I definitely learned a lot in this course and was adequately rewarded for my efforts. It just takes a lot of getting used to his teaching style, and several hours doing and reviewing problems to prepare for the exams.",0,1,1,0,0,0,0,0,The exams were worth most of the grade which made it a little scary.,The review indicates heavy or difficult exams and substantial homework or lab workload.
MATH140_450,MATH140,Jaime Paradela,2025,5,"I don't get the hate. Class was easy, exams were curved, etc. He wasn't boring to watch for me, and I found the lectures quite informative. I seriously don't get all the 1 star reviews bashing on him, but I'd bet most of them are from people who failed by not trying. Would happily stop class if any single person in the class wanted more clarification. There definitely were a few cooked questions on some of the exams but despite that I managed an A with a ~78 on the final. Not hard at all, do the homework, do the discussion worksheets, and go to the lecture and you'll be fine.",0,1,0,0,0,0,0,0,few cooked questions on some of the exams but despite that I managed an A with a ~78 on the,The review indicates heavy or difficult exams.
MATH141_488,MATH141,Steven Chadwick,2025,5,Chadwick is a great teacher and his lectures feel well planned and organized. He is generally very accommodating around making up exams and he will extend homework pretty often if he doesn't cover everything in class. Overall great guy and fair professor.,0,1,1,0,0,0,0,0,is generally very accommodating around making up exams and he will extend homework pretty often if he doesn't cover everything,The review indicates heavy or difficult exams and substantial homework or lab workload.
MATH240_312,MATH240,Raluca Rosca,2025,1,"yeah if you like your gpa do NOT take this class bruh. Genuinely the worst professor I've ever had. You WILL be teaching yourself, her lectures are useless and needlessly complicated. Pray you get a goated TA or you're done for.",0,0,0,0,0,0,0,0,,No clear workload signal.
MATH241_476,MATH241,Junyan Zhao,2025,2,"Pros: - Seems like a nice guy - TA Sudheer was my guardian angel for this course, but who knows what professor Sudheer will be with in the future Cons: - Writes fast, messily, and with abbreviations on the blackboard. Even sitting in the front I could not effectively comprehend what he was writing - Don't really like the textbook - Calc III in general is just kinda rough if you don't get it - I think he's just too smart for us, he's moving on to a new idea before you ever had a chance of understanding the previous idea Personal Bias: - did not go to office hours - studied mainly on my own",0,0,0,0,0,0,0,0,,No clear workload signal.
MATH246_311,MATH246,Manoussos Grillakis,2025,2,"DiffEq is one of the harder math classes you take in college and taking it with this professor is going to make it worse. To start, he is not a good lecturer. He tends to read from the Levermore notes and just regurgitates information onto the board with no real information. I haven't gone to lecture since February because of this. If you have to take him, the strategy is to self study using Terrance videos or Justin's notes (I recommend both). It is the only real way to do well. The only thing I will say which is why I didn't rate him lower is the exams are fair and there is very minimal work. There are no quizzes or homework and there are 5 MatLab assignments which the TAs grade on completion. The exam questions are not challenging if you managed to teach yourself the content outside of the exam. I do not recommend this professor, but if you have to take him I would recommend getting ready to study outside of class a lot.",0,1,1,0,1,0,0,1,The exam questions are not challenging if you managed to teach yourself the content outside of the exam.,"The review indicates heavy or difficult exams, substantial homework or lab workload, required self-learning, and challenging but fair expectations."
MATH310_016,MATH310,Kendall Williams,2019,1,"Definitely, he is not a good professor. His tests are hard and he doesn't curve.",0,0,0,0,0,0,0,0,,No clear workload signal.
MATH401_053,MATH401,Haizhao Yang,2023,4,"Please ignore the other guy. Professor Yang is a good guy. He gave out a very fair first exam, which was literally the exact same as our homework problems. The second exam was definitely way harder, but he was literally doing the midterm WITH us (probably because he chose some random homework problems without checking them over and wanted to make sure the problems were okay). When he realized it was too hard, he said ""Forget about problem 3. That one's too hard."" He seemed very apologetic the next class in which he discussed the exam, asked for and listened to our feedback (a lot complained about having to factorize a cubic and working with a 4x4 matrix), and told us ""I'll grade very kindly for this exam"" and ""I'll only give 2x3 and 3x3 matrices from now on"" and ""I'll make sure this doesn't happen again for the final exam."" The person who gave a 1 star review probably didn't even go to that class because a lot of people skip lecture (and his lectures are admittedly not very helpful). For more information about the class, there's homework every week, and they are just ~10 exercises from the textbook. Each homework took me about 1-1.5 hours. He also gave us a few MATLAB projects throughout the semester where he gave us some code and we basically had to ""modify"" the code to do what it was supposed to do. Each project took me about 2 hours. I'm docking a star because he gave us homework and a project over spring break and because he really should've checked over the midterm problems before, not while, we took it. TLDR; Easy homework, easy matlab projects, kinda useless lectures, exams are fair. He messed up once, but he's planning on compensating us. He listens to his students' feedback on how unfair an exam is, which is something I think is worthy of praise.",0,1,1,0,0,0,0,1,"He gave out a very fair first exam, which was literally the exact same as our homework problems.","The review indicates heavy or difficult exams, substantial homework or lab workload, and challenging but fair expectations."
MATH410_061,MATH410,Roohollah Ebrahimian,2022,5,"Dr. Ebrahimian is a very good professor. He explains the concepts so well; even though his course is very challenging, he made it manageable. He gives us study guides before exams, and his exam problems are similar to (almost the same as) the study guide. He has hw and quizzes every week which helps us learn a lot. He tries his best to help us understand the material. Highly recommend him!",0,1,0,0,0,0,0,0,"He gives us study guides before exams, and his exam problems are similar to (almost the same as) the study",The review indicates heavy or difficult exams.
PHYS121_013,PHYS121,Peter Shawhan,2010,1,"Professor Shawhan is probably one of the worst teachers I have had at UMD. He is a very nice person, but he cannot teach very well at all. He will teach a lot of concept based information in class, and give completely calculation based exams, without going over examples thoroughly. His tests are very difficult, and although he does curve, it does not help everyone out. If you have a background in physics, and are good at it, then he might be the one for you, but if you are new to the subject, I would avoid him, unless you are very good at teaching yourself out of the book (which still probably won't help you).",0,1,0,0,0,0,0,0,"teach a lot of concept based information in class, and give completely calculation based exams, without going over examples thoroughly.",The review indicates heavy or difficult exams.
PHYS131_001,PHYS131,Wolfgang Losert,2014,1,"Dr. Losert has really awesome intentions, but he just cannot teach. Also, the new physics course for biology majors is really not working out. They made this course so that bio majors can ""think"" about a problem in a bio-related way. Although the intentions are great, it is poorly managed and so far, none of my friends like it.",0,0,0,0,0,0,0,0,,No clear workload signal.
PHYS260_133,PHYS260,Hailu Gebremariam,2025,2,"He's a really nice person, but a very boring teacher who often has a hard time explaining the concepts. He talks at 0.75x speed each lecture and has a perfect cadence designed to put you to sleep. This class isn't too bad if you can self-study the material. but don't expect to learn too much from him.",0,0,0,0,0,0,0,0,,No clear workload signal.
PHYS270_022,PHYS270,Hailu Gebremariam,2019,3,"Whatever you do please don't take this professor. Three exams, doesn't drop any, doesn't narrow down on topics covered in the exams he will say to ""study everything"" which is no help at all. His lectures are super boring but he does do a lot of example problems which help a little at first but definitely doesn't prepare you for the exams. His exams are such curve balls there's aways one problem that will throw you off and he gives like 2 problems, so if you screw up one, you fail. He curves a lot at the end but you gotta have at least a 70% or higher to get a B. Which isn't bad but his exams are bad so that might be hard to get. The course isn't bad as long as you read the textbook and do practice problems, but just make sure you have a good professor.",0,1,0,0,0,0,0,0,"Three exams, doesn't drop any, doesn't narrow down on topics covered in the exams he will say to ""study everything""",The review indicates heavy or difficult exams.
STAT100_170,STAT100,Yue Dong,2024,4,"Easiest math class!! You are guaranteed an A if you go to the lectures, do the class activities, and go to the discussions. There are 3 exams, but they are exactly like the practice ones she gives out and you get a formula sheet with all the formulas you'd need on it. I highly recommend this class. As for Professor Yue Dong, she is extremely nice and is always willing to help! She doesn't really TEACH just reads off the slides but she is always willing to make time to help you if you need it.",0,1,0,0,0,0,0,0,"There are 3 exams, but they are exactly like the practice ones she gives out and you get a formula",The review indicates heavy or difficult exams.
STAT400_404,STAT400,Sana Jahedi,2025,1,"At first, Sana looks like a decent enough prof. She seems nice enough and even says that STAT400 is not a class meant to vigorously teach statistics, so it's not too complicated. Plus, she doesn't even teach any R coding, so no unnecessary coding projects. But then the problems start already on the first day. Sana said that she wouldn't give us practice exams because, in the previous semester, students copied the answers straight from the practice when doing the exams without changing the numbers. This is a major issue already since previous semesters have an advantage due to having more prep material and she's screwing us over for something we didn't even have a part in. Second, she claims the exams she gives will be straightforward and that we'll do just fine by looking at the lecture and discussion notes plus the homework she gives. No more material to study from, just those three things. This could not have been more false. Exam 1 average: 29.61/39 Exam 1 median: 31/39 Exam 2 average: 30.27/50.5 Exam 2 median: 29.5/50.5 (Yes, the exam totals are nonsense. 50.5? Really?) And after all of this and with so many students complaining, Sana said on Piazza: ""There will be no curving to the grades, but people who have achieved extra credit throughout the semester, it will be implemented on their grades, at the end of semester."" This class is an absolute mess and the worst thing that could happen to anyone taking STAT for their requirements. Sana did not teach us the material well enough to learn how to properly implement it into our exams. Homework for the most part was fine, and quizzes were also not terrible, but the big part of the grade for the class, exams, are an absolute nightmare. She gives too many problems and expects you to instantly recognize the solution and write it down without second thought. What she calls ""straightforward"" could not be further from that word's definition than it already is. To top it all off, she won't even be generous enough to curve and became pretty defensive when the mention of it even came up. In the end, Sana proved she should not be teaching students if this is how she treats them after everything they've gone through and is not fit to be a professor. AVOID TAKING SANA AT ALL COSTS.",0,1,0,0,0,0,0,0,"said that she wouldn't give us practice exams because, in the previous semester, students copied the answers straight from the",The review indicates heavy or difficult exams.
STAT401_006,STAT401,Hatice Sahinoglu,2019,1,Really makes classes harder than they need to be. That's really all I have to say.,0,0,0,0,0,0,0,0,,No clear workload signal.
STAT410_049,STAT410,Shalin Parekh,2023,5,"nice pace, fair exams, lenient grading, cares about students best math prof i've had",0,1,0,0,0,0,0,0,"nice pace, fair exams, lenient grading, cares about students best math prof i've had",The review indicates heavy or difficult exams.
BSCI160_527,BSCI160,Leo Shapiro,2024,4,"Like many of the people who are probably taking this class, I took it because I'm a biology major who didn't take the AP Bio exam in high school and need to now take the BSCI160-170 sequence. My only gripes with his lectures is that they are very dense and the slides often do not include all of the material. As a result, it was very important to attend class to fill in the gaps with my own notes. His class is definitely not one (as least for me) where you can vaguely listen in to what he was talking about and be able to understand the content well enough for the exams. That's what I did for the first exam and I got an 80.5. To be fair, I lowkey forgot how to study and just looked over the slides as my only method of studying. Once I started actively taking notes (I mean like literally writing down everything he said during class) I got 91 and 98 on midterms two and three and a 91 on the final. The content itself is not difficult, but you need to know EVERYTHING on the slides because it's all fair game. The examples mentioned in class (accompanied with diagrams) may only seem like examples, but you WILL be tested on them on the midterms, so if you don't know the specificities of a table or graph you might lose easy points. Personally, I found that making thorough flashcards after each lecture was the best way to study. Make sure that you include in your flashcards all the details in both the slides and the visuals on the slides (there are some definitions on the visuals as well that you might not notice). I went over the flashcards a couple days before the exams and was able to score well on midterms 2 & 3. Overall, I'd say the exams were very fair. Everything tested is from the slides. You will not need the textbook at all, so don't bother buying it. The homeworks were tedious at times, but they definitely helped with the overall understanding of the content. Lots of the exam questions end up being exact copies of the questions on the homework. What's really nice is that the lowest midterm is dropped and you get to bring an index card (front and back) to the midterms. For the final you get a full sheet of paper (only the front). Overall, I would take this class again. Dr. Shapiro is so incredibly passionate about the subject. The last couple of classes where he discusses human impact on the environment were especially interesting even though they were a bit doom and gloom. Coming from someone who isn't too passionate about ecology and evolution, Dr. Shapiro has definitely ignited some passion in the subject matter for me.",0,1,1,0,0,0,0,1,biology major who didn't take the AP Bio exam in high school and need to now take the BSCI160-170 sequence.,"The review indicates heavy or difficult exams, substantial homework or lab workload, and challenging but fair expectations."
BSCI170_249,BSCI170,Michael Keller,2025,5,"Dr. Keller is a really good teacher, he does his best do make the topics really easy to understand. I highly recommend taking this class in the summer, it is what I did and I got an A. He is very straightforward about what should be expected on exams. This was my first UMD class and was overall a really good experience. Highly recommend taking Dr. Keller.",0,0,0,0,0,0,0,0,,No clear workload signal.
BSCI171_017,BSCI171,Swarna Mohan,2022,3,"The TA's run the entire class so you only will be able to see Dr. Mohan once or twice. This class really depends on your TA. The class is pretty straight forward with pre-lab assignments, post-lab assignments, lab practicals, and reports. Going to TA office hours is important, especially before the Lab practical, because they will go over everything to help you succeed. Make sure to show up to your labs (absences can be pretty rough because this class is solely based on you showing up). This class really depends on your TA, but overall just show up to labs and you should be ok.",0,0,1,0,0,0,0,0,"The class is pretty straight forward with pre-lab assignments, post-lab assignments, lab practicals, and reports.",The review indicates substantial homework or lab workload.
BSCI201_056,BSCI201,Maira Goytia,2023,5,She is fantastic! Good lecturer and always answers questions well. Provides a study guide for exams and lets you bring a one page of notes for the exams and final. Provided extra credit after exams so that the exam grade average would be around 85%.,0,1,0,0,0,0,0,0,Provides a study guide for exams and lets you bring a one page of notes for the exams and final.,The review indicates heavy or difficult exams.
BSCI207_152,BSCI207,Karen Carleton,2024,5,"Dr. Karen is honestly the best professor I’ve had my freshman year. BSCI207 has a lot of content and memorization, but Dr. Karen makes it very palatable. The group activities (GAEs) are very helpful for learning the content and she lets us have a one-page cheat sheet on exams. The lowest midterm, homework, and GAE are dropped. This class does require a lot of effort and studying (review the GAEs and homeworks), but I strongly believe Dr. Karen makes it more enjoyable for us.",0,1,1,0,0,0,0,0,activities (GAEs) are very helpful for learning the content and she lets us have a one-page cheat sheet on exams.,The review indicates heavy or difficult exams and substantial homework or lab workload.
BSCI222_202,BSCI222,Jessica Mutz,2025,1,"This was Dr. Mutz's first semester teaching, and it was very evident. Unfortunately, she did not get any better at teaching as the semester went on, and lectures actually got even more confusing. The lectures are honestly pointless to attend. Dr. Mutz adds nothing to what is on the slide shows (which are posted), and she often confuses herself throughout lectures and takes minute-long pauses to wrap her head around what is on her slides. Some lectures she will speed through 70 or so slides in an hour, and other lectures she will go way too slow, and repeat the same thing over and over. Often, she will give warm-up problems, which can be helpful in giving us an idea of what might be on the exam. However, multiple times she has spent the first 45 minutes of the lecture going over them, and then won't be able to get to what we were supposed to learn that day. My TA, who had taught the class multiple semesters, told us that our test averages were historically low. The averages have never been higher than a 60, while the other professor's averages are in the mid to high 70s. Some of the multiple-choice questions on the tests cover things that were briefly mentioned on one slide in small text. Before the exam, discussions would consist of 2 two two-hour exam review sessions. Despite this, some of the content that was on exams was never even mentioned in discussion, and my TA seemed to have no clue that certain content was being tested. She also sometimes will get a little sassy and annoyed when people in the class get questions wrong, or no one knows the answer to something she is asking. She assigns multiple assignments to be due two days before the exam, with the idea that we can use the answers to study. However, she often forgets to post the answer keys to many assignments, which makes them kind of useless. Overall, I would strongly suggest avoiding her if you can and taking any other professor that is available.",0,1,1,0,0,0,0,0,"will give warm-up problems, which can be helpful in giving us an idea of what might be on the exam.",The review indicates heavy or difficult exams and substantial homework or lab workload.
BSCI223_032,BSCI223,Erin Tran,2023,1,"literally the worst class ever. content wise, if you've taken BSCI222, BSCI330, BSCI410, or BSCI420, this class will be a piece of cake. workload wise, however, this class is absolutely RIDICULOUS. endless assignments due literally every single freaking day, so much busy work. I have not taken a class with 5 homework assignments due every single week since high school, and i'm a senior. be warned: just because the exams are online + open book does NOT mean they are easy. they are broken down into 5 individual assignments, each of which takes HOURS to complete. what's even worse is the day after the exam is due, you still have other assignments due. the labs are fun; the protocols, however, are not user friendly. they need to hire a new prep TA because they were not well prepared for some labs due to shortage of materials, culturing issues, confusions and mix ups. very bizarre and chaotic course. sorry, girl, but some of us have lives outside of this course and cannot be bothered by these dumb assignments.",0,1,1,1,0,0,1,0,"what's even worse is the day after the exam is due, you still have other assignments due.","The review indicates heavy or difficult exams, substantial homework or lab workload, significant time commitment, and course disorganization."
BSCI330_108,BSCI330,Kenneth Frauwirth,2023,5,"I cannot recommend Dr. Frauwirth enough for this class. First of all, he is a very nice professor and it truly shows that he wants you to succeed in this class. The class was very organized, you will have an textbook quiz once a week due before the first lecture of the week, you will have questions during the lecture that are graded just for participation, 3 midterms, a final, and separate assignment for the lab. This class can be boring sometimes and it could feel a bit slow but Dr. Frauwirth throughly takes the time to explain all the concepts and everything going on and if you pay attention you will understand everything he is saying. There are a lot of free points that helps your grade. The exams are very fair, the multiple choice section can sometimes ask some very specific questions but the short answer and the essay portion of the exam is usually filled with broad questions where there are a lot of ways to answer and get all of the points. The lab portion of this class is very easy and for the most part you will get out of lab early and get almost perfect scores on all the assignments (depending on your TA). Overall, taking BSCI330 with Dr. Frauwirth was amazing and I learned everything while also not having to stress about my grade too much.",0,1,1,0,0,0,0,1,"questions during the lecture that are graded just for participation, 3 midterms, a final, and separate assignment for the lab.","The review indicates heavy or difficult exams, substantial homework or lab workload, and challenging but fair expectations."
BSCI410_059,BSCI410,Louisa Wu,2022,5,"Professor Wu was very sweet and accomodating all semester long! She gave extra credit opportunities and posted old lecture videos from a previous semester which I think helped a lot with reviewing! You get to drop one exam and there are a bunch of homework assignments. Overall, great class and a great professor!",0,1,1,0,0,0,0,0,You get to drop one exam and there are a bunch of homework assignments.,The review indicates heavy or difficult exams and substantial homework or lab workload.
CHEM131_475,CHEM131,Lee Friedman,2025,4,"The hate is unwarranted. CHEM131 is a very difficult course and, in my opinion, Professor Friedman does a great job at explaining the content. His sense of humor is very sarcastic, which can come off as mean at times, but he always means well. He's very enthusiastic about the subject, and always willing to answer questions. He moves quickly but is more than willing to slow down if you are struggling to write notes. He always kept us up-to-date on our pace, whether we were ahead or behind etc. The exams are difficult, but very reflective of the content. In terms of assignments, you have one digital Pearson homework about once a week. This is my only grievance, as these are insanely difficult and tedious. Additionally, the online textbook doesn't cover half the content in the assignments, so you either have to lose points by accepting hints, Google it, or just wing it. These homeworks are only 15% of your grade though, so don't stress *too* hard. The other 85% comes from exams, so make sure to study hard and use the practice exams and GSS worksheets to their full advantage. Overall, I think he is one of the better CHEM131 professors, and I would recommend taking him if you need the class.",0,1,1,0,0,0,0,0,"The exams are difficult, but very reflective of the content.",The review indicates heavy or difficult exams and substantial homework or lab workload.
CHEM132_025,CHEM132,Christiana Guest,2022,5,"Both Chem lecture and Chem lab with Dr Guest have been a pleasure. She always makes sure to teach us the material and she never surprises us with difficult questions on the exams. If you study and do the achieves/practice problems she provides you in class, then you will do great.",0,1,1,0,0,0,0,0,She always makes sure to teach us the material and she never surprises us with difficult questions on the exams.,The review indicates heavy or difficult exams and substantial homework or lab workload.
CHEM135_382,CHEM135,Andrei Vedernikov,2025,3,"Mid option out of all of the CHEM135 teachers. Lectures are on abstract concepts and he doesn't work through any practice problems - just explains conceptually. The textbook is the best resource in the course - there are helpful videos with actual practice problems and integrated practice in the online textbook. Exams were very similar to the practice exams he would put out a few days before, but the exam averages were low due to harsh grading. Other chem teachers did not cram so much content into one exam (exam 2 was on 6 chapters) and allowed students to bring a notecard which Vedernikov does not. He also requires that you memorize a lot of content for exams (i.e. solubility rules, polyatomic ions, exceptions to rules, random constants) whereas other teachers just put it at the back of the exam. Best way to succeed is watch textbook videos and take notes, and then do a lot of practice problems from the textbook videos or ask ChatGPT to generate some practice questions.",0,1,0,0,0,1,0,0,"Exams were very similar to the practice exams he would put out a few days before, but the exam averages",The review indicates heavy or difficult exams and harsh or unfair grading.
CHEM231_374,CHEM231,Lenea Stocker,2025,3,"Pros: - Stocker explains topics very well. - Her exams are pretty fair for the most part. As a previous review stated, DO THE PROBLEM SETS AND PRACTICE EXAMS! Her exams are very similar to them and if you want an A in this class this is a must. You should also go to office hours if you have any questions. - Very organized in terms of giving out lots of practice problems. However, sometimes she only gives out 2 practice exams for certain exams. - Curve is decent. As others have mentioned the minimum curve is ~5% (A range from beginning of semester is 100-85%). Cons: - Sometimes her classes are really fast paced, so even though she explains the topics well it takes some extra self-studying after class to fully digest them. - She does not record her lectures or post her annotations, so you have to come to class or rely on a friend to give you the notes. - She does not answer her emails. I ended up having to rely on emailing the TA to ask questions (Thank you Vincent!). - Your grade is only dependent on the exams themselves. There are no other grades.",0,1,1,0,0,0,0,0,- Her exams are pretty fair for the most part.,The review indicates heavy or difficult exams and substantial homework or lab workload.
CHEM232_016,CHEM232,Monique Koppel,2022,2,I hated this class. I had the best TA and I made friends which made it a little bit bearable. You must go to office hours to get above average on the lab reports. We literally have no knowledge on how to do the post lab like idk why she even made those questions. Our lecture doesnt cover what the lab cover. What the heck is an E1CB mechanism anyways? what happened to e1/e2/sn1/sn2??? But dont sweat this class. I got a 18% on the midterm and a 37% on the final. They are both way below average btw which is like a 50. And I still got a B. LOL. The curve is something else man.,0,1,1,0,0,0,0,0,I got a 18% on the midterm and a 37% on the final.,The review indicates heavy or difficult exams and substantial homework or lab workload.
CHEM241_208,CHEM241,Lenea Stocker,2025,1,I actually do not know why she was so hyped up to me as a lecturer. She is a below par lecturer and does not explain things well. She shows a lot of mechanisms just to tell us we don't need to know them.,0,0,0,0,0,0,0,0,,No clear workload signal.
CHEM271_180,CHEM271,Efrain Rodriguez,2024,4,"He's actually a very nice and understanding teacher. He likes to explain things and to be fair, he messes up sometimes but will catch the mistake. His tests are definitely harder than the practice ones, but he does ask similar types of questions and provides a formula sheet with most of the needed formulas. I would take him again!",0,0,0,0,0,0,0,0,,No clear workload signal.
CMSC131_363,CMSC131,Elias Gonzalez,2024,5,"I came into this class having taken APCSA but I still learned a lot of new materials and reviewed familiar ones. He's a very nice guy and has easy-to-follow lectures (recorded too). Projects are a good part of your grade so definitely do them well and you get a decent amount of time to do them. You get three 48-hour late tokens if needed, which I would suggest saving for the end of the semester when all your classes starts piling up. Quizzes and labs are open note. All of these are good practices for exams, and so are the practice exams themselves. Mistakes often show up during the midterm so make sure to look up every once in a while. I never went to office hours but I think they're a great help from what I've heard so I highly suggest going. He's one of the better CS professors for 131 and I'm also taking him for 132.",0,1,1,0,0,0,0,0,"All of these are good practices for exams, and so are the practice exams themselves.",The review indicates heavy or difficult exams and substantial homework or lab workload.
CMSC132_419,CMSC132,Pedram Sadeghian,2025,1,"Do not take this class. Take Elias or Nora (Elias is co-teaching with her) at all costs. The other reviews are outdated and don't accurately put into terms how hard, unfair, and strict this class is when compared to Elias. I can only depict my indignancy in this post and hope others do not make the same mistake I did by assuming Nora is bad because of her previous ratings.",0,0,0,0,0,0,0,1,"The other reviews are outdated and don't accurately put into terms how hard, unfair, and strict this class is when",The review indicates challenging but fair expectations.
CMSC216_382,CMSC216,Christopher Kauffman,2024,5,"One of the best professors I've ever had. The lectures are super engaging and he does a good job of clearly explaining the content. As many other reviews have said, this class is definitely not easy, I would start the projects early and keep up to date with the lectures. If you do all the projects and labs, you should be prepared for the midterms and final and will pretty much be guaranteed a good grade. Take him if you have the chance to.",0,1,1,0,0,0,0,0,"and labs, you should be prepared for the midterms and final and will pretty much be guaranteed a good grade.",The review indicates heavy or difficult exams and substantial homework or lab workload.
CMSC250_431,CMSC250,Fawzi Emad,2024,4,"he was ok, but sometimes it's not clear what he expects you to know especially in the final few lessons",0,1,0,0,0,0,0,0,"he was ok, but sometimes it's not clear what he expects you to know especially in the final few lessons",The review indicates heavy or difficult exams.
CMSC320_144,CMSC320,Fardina Alam,2024,4,"3.5 stars - I really appreciate that Fardina tries. Her teaching is not the most engaging, but she tries to make it engaging. The content itself is boring and easy, but she tries to make it interesting. Her slides are really long but 80% good, so attendance is really low which makes me feel bad for her but I get it. Take the class with her if you can. All of the problems I do have are with the class itself, not Fardina. Why we had a final exam and project is beyond me. The exams are also super easy, but the last couple of homeworks are surprisingly challenging, especially since they're not really like what we learn in class. They're much harder than the exam and class content. My biggest problem though is that the timing of this class is completely off. In order to get a job in this field, you will have had to already learned 70% of the class's content before taking the class, which makes it useless. If it was taught alongside 132 or 216, this would seriously be a better class. But as it is now, I could've only showed up to the last 5 weeks of lecture without changing my learning much.",0,1,0,0,0,0,0,0,Why we had a final exam and project is beyond me.,The review indicates heavy or difficult exams.
CMSC330_185,CMSC330,Cliff Bakalian,2024,3,"average lecturer. he's not bad by any means, but not the best either. since lectures are so long, it can get very boring to the point where you don't want to attend. his exams are of medium difficulty. some projects are not that bad, but a few of them are terrible, almost to the point where you cant even do it at all. quizzes are not that bad.",0,1,0,0,0,0,0,0,his exams are of medium difficulty.,The review indicates heavy or difficult exams.
CMSC351_268,CMSC351,Maksym Morawski,2024,3,"Beautifully chaotic class. Lectures aren't too great for learning and is honestly more worth to study off of Justin's op notes, but I will say Max's lectures have a very inclusive feel with his quirky and funny personality. Records lectures but you need to email him for it to promote more people coming to class. This semester, despite co-teaching Justin's class, Max decided to do his own thing. This includes straight up teaching a few different material than Justin, even teaching one concept his own way that is required for the exam, and creating completely different exams which were noticably more difficult to study for. His first exam had a leetcode problem that was told in advance to only those attending his lectures, his second one had a large proportion of your grade in a few mc questions, and his third one was half straightforward do the algorithm types of questions while the other half were difficult conceptual questions. The third exams format was the same style as the final, which was really well written in a way that actually makes you think. Tldr: Take this class if you are low-key a masochist and like more challenging exams that are less on regurgitating info and more conceptual thinking.",0,1,0,0,0,0,1,0,"own way that is required for the exam, and creating completely different exams which were noticably more difficult to study",The review indicates heavy or difficult exams and course disorganization.
CMSC414_012,CMSC414,Michael Marsh,2018,1,"Nice guy. Worst professor I've ever had. I could go into all the reasons, but frankly it would just be exhausting, so I'll just say this: >He is bad at communicating >His project descriptions are borderline unfollowable >He only holds one office hour a week that is shared between 417 and 414 >His test grades are almost always wrong and you have to ask him for points back every time >His grading is completely opaque unless you bug him for his inputs >He forces you to use elms discussion boards and does not respond to any student questions posted to elms >His lectures do not cover exam topics, they just give general, high level explanations of things >He does not understand the math behind cryptography but tries to teach it anyway >If you take him, you will learn everything on your own DURING the test >He gives assignments that take much longer to complete than he says they will (his catch phrase is ""30 minutes of coding per problem"") The list goes on... If you take him, prepare to be paying for nothing I wasn't gonna list everything, but I did anyway. Woops. There you go. Avoid at all costs.",0,1,1,1,1,0,0,0,"to elms >His lectures do not cover exam topics, they just give general, high level explanations of things >He does","The review indicates heavy or difficult exams, substantial homework or lab workload, significant time commitment, and required self-learning."
CMSC420_127,CMSC420,Justin Wyss-Gallifent,2024,5,"Personally, this class was not my cup of tea. Homeworks were 351ish and really hard at times. Projects here challenging, but I enjoyed them for the most part, however they were probably the hardest ones I've seen throughout the cs program so far. As long as you start everything early and take the time to review the notes often, you'll be fine.",0,0,1,0,0,0,0,0,Homeworks were 351ish and really hard at times.,The review indicates substantial homework or lab workload.
CMSC421_006,CMSC421,Joshua Brule,2018,4,"At the time, Josh was a PhD student teaching this class during a Summer semester. He was pretty chill (as was this class) when it came to the material, grading and the exams. We had one midterm which was significantly easier than the homeworks (which already are not so bad) and a final exam which was a little harder but I never felt unprepared for any of it. I wouldn't say he is very effective when it comes to conveying the material. I still had gaps in my knowledge that only YouTube and other outside sources could fill. Overall, the class is easy. Josh makes it easy and from day one he told us ""This is probably the easiest 400 level you will take here"", and ""I do not like failing anyone so I try my best not to do so"". If you want to take a 400 level class during the summer, and Josh is teaching it again, consider this class.",0,1,1,0,0,0,0,0,"He was pretty chill (as was this class) when it came to the material, grading and the exams.",The review indicates heavy or difficult exams and substantial homework or lab workload.
CMSC424_026,CMSC424,Peter Keleher,2021,1,"Worst professor I've had at umd. His lectures are boring and useless. He doesn't even upload them and refuses to send them to anyone even if they were sick (although he records them!). His quizzes are due at noon (before lecture) and the material on the quiz is taught after the quiz's deadline (in lecture). He doesn't care about his students and only answers piazza questions selectively. He does not respond to emails and does not make ANY sort of accommodations/exceptions to help his students. Even though I did well in the class, I genuinely believe that he wants students to fail and doesn't give a f**** about them. Do NOT take him for any class!",0,0,0,0,0,0,0,0,,No clear workload signal.
CMSC451_005,CMSC451,Clyde Kruskal,2012,5,"This course was super fun! Easily my favorite course taken at UMD so far. It's a panorama of cool stuff in algorithms- I was continually surprised with intuitive tricks that are simple to explain but probably took months each to develop. They're priceless drips of distilled knowledge that you can't afford to miss if you're a CS major who plans to stop at your bachelor's degree. Kruskal communicates the course content clearly and with a refined taste for what's interesting. He seemed to care less about grades than most other professors, and gave a ridiculous curve. His marking is merciless though- if you do something wrong on a problem then you can expect a 0 or 50% grade for that problem. The tests were hard, especially the final which was very hard. He puts heavy emphasis on proofs.",0,1,0,0,0,0,0,0,"The tests were hard, especially the final which was very hard.",The review indicates heavy or difficult exams.
MATH140_449,MATH140,Jonathan Fernandes,2025,5,"Dropped out of high school calculus because I was failing, and was really nervous when I found out I had to take calc again in college. Really glad I did my research and was taught calc 1 by Professor Hernandes. I was going in with goals to get at least a B on every exam, and he made that goal very easy to achieve. Throughout the course there is a lot of web assign homework, two discussion worksheets a week, and five total exams. He relies heavily on the textbook for material, so as long as you memorize equations, understand steps to solve problems, and overall understand how to do the math you should be fine. Whether you are learning calculus from scratch or have taken it before, I recommend him. The problems he goes over in class come straight from the textbooks, as well as discussion questions. He uses scribble as a tool for students to access in class notes, and they are very well organized. He also records every lecture so you can go back and rewatch if you don't understand, or just watch if you miss class. I strongly recommend going to class though, I sat front row, asked questions and never missed a class and pulled out a good grade. His exams are also really fair, and they are non calculator so it's all math you can do in your head and he doesn't really require you to simplify your answer. He grades the exam based on the fact that you know the steps to solve, not just if you got the answer right or wrong. He grades by partial credit. There are a total of five exams, that can seem scary. But as long as you are able to devote time to studying (trust me you have plenty of time, I took six classes and worked 4 days a week, there is time), you should be fine. Even make a study group with kids in your class or discussion, that helped me a lot with understanding how to do things I didn't understand. Always ask questions in discussion if you're confused, TA is there to help. The exams are really fair too. They are just like the problems done in class and in discussion. Practice those and the practice exams and you should be fine. Professor Hernandes is also very motivational, he knows calc isn't easy and shows that he does really want you to succeed. I would say the only flaw with him is that you have to sometimes fill-in the blank with what equations he used (""common sense"" equations not taught in the textbook) when solving. Sometimes feels like a mad-lib, but once you know what he did, it helps you understand the math better and keeps it locked in your memory. If you have to take a high calc course after, his teaching style and curriculum is very good for building a strong calc foundation. Anyways, 100% recommend would take him again.",0,1,1,0,0,0,0,0,"Throughout the course there is a lot of web assign homework, two discussion worksheets a week, and five total exams.",The review indicates heavy or difficult exams and substantial homework or lab workload.
MATH141_487,MATH141,Steven Chadwick,2025,5,"Chadwick is actually fantastic. He goes over examples very slow in class which is very helpful to understanding the subjects. His exams I always found to be super fair, never overcomplicating questions, just testing your basic knowledge. In the off chance he put an unpredictable question on the exam, he would drop hints at it during lecture. My TA, Ben, was great, very knowledgeable and patient when explaining questions. He also drops a lot of things and is very nice with his grade cutoffs. Overall, highly recommend taking him if you have the chance.",0,1,0,0,0,0,0,0,He goes over examples very slow in class which is very helpful to understanding the subjects.,The review indicates heavy or difficult exams.
MATH240_311,MATH240,Allan Yashinski,2025,5,"Everything you need for the tests is in the lecture. His lectures are very straight forward and easy to listen to. He also just had us do problems on gradescope instead of having discussion quizzes, which I liked. The practice midterms he gave us were always frustrating since they wouldn't be aligned with what our actual midterms would be on (they wouldn't have the earlier content from a unit but they would have content past what the next midterm would be covering), but that was mostly just an inconvenience",0,1,0,0,0,0,0,0,The practice midterms he gave us were always frustrating since they wouldn't be aligned with what our actual midterms would,The review indicates heavy or difficult exams.
MATH241_475,MATH241,Kendall Williams,2025,1,"DO NOT TAKE HIM. I attended EVERY SINGLE LECTURE and had a strong network of friends in the class, and this course was still overwhelmingly difficult for the wrong reasons. The first exam AVERAGE WAS 45, and the 2 points he added afterward were meaningless and likely did more to help his grade distribution than the students. That said, and this is important: HE IS AN AMAZING PERSON. He is genuinely kind, approachable, and clearly cares about students as people. This review is NOT about his character, it is strictly about how the course is currently being run. Exams are poorly written and unnecessarily overcomplicated. Instead of testing concepts directly, he uses convoluted word problems (like gum or candy-drop shapes) that make already hard material confusing. Even strong students are blindsided, there is NOTHING that truly prepares you for Kendall’s exams until you take one. He moves through chapters extremely fast (sometimes a new one every class) and “recommends” 15–20+ problems per chapter(varying from short to really long), which is unrealistic if you have other demanding courses. Many of the suggested problems don’t resemble exam questions. Meanwhile, other Calc 3 sections with different professors had MUCH higher exam averages and students who clearly still had a life outside academics. He does not post lecture notes, writes only on chalk, and Panopto recordings were provided halfway through the semester. If you miss class, you’re on your own. He even sent a “Tips for Continued Success in the Course” announcement in NOVEMBER of the fall semester, far too late to be helpful. For context, I was a straight-A student in high school and took Calc 3 as a freshman after earning AP Calc BC credit for Calc 1 and 2. I also know upperclassmen who did well with Kendall in Calc 1, 2, and 3 in past years, and many have said he USED to be a fair professor. Something clearly changed this Fall 2025 semester, whether it’s tenure or his role as principal lecturer for Calc 3, the course has gone off the rails. If you’re willing to devote your ENTIRE semester solely to Kendall and Calc 3, be my guest. Otherwise, save yourself the stress and take another professor.",0,1,0,0,0,0,0,0,"The first exam AVERAGE WAS 45, and the 2 points he added afterward were meaningless and likely did more to",The review indicates heavy or difficult exams.
MATH246_310,MATH246,Pablo Cedillos,2025,5,"Let me tell you about king Pablo!!!! He's literally the best TA I've ever had. He takes his time to explain everything so well to the point where I never went to letures and still managed to get an A on 2/3 midterms (still should go to lectures tho). You can tell he genuienly wants his class to not just pass but get good grades because he is very transparent about what we can expect on all the quizzes/midterms. If you ask him if a certain topic will be on the exam, he most likely will tell you. He also goes out of his way to make discussions fun. The discussion before every midterm, he'll do an exam review game like kahoot or bingo and he will use those games to tell you exactly what formulas and stuff you should memorize for the exam. Overall, everyone loves him (rightfully so) and king Pablo deserves his flowers. If you wanna pass diffeq with flying colors, don't worry about the professors but instead find out which section Pablo is the TA for and switch to that section! Literally owe my grade in this class to him.",0,1,0,0,0,0,0,0,never went to letures and still managed to get an A on 2/3 midterms (still should go to lectures tho).,The review indicates heavy or difficult exams.
MATH310_015,MATH310,Jeffrey Adams,2019,3,"i would give him more stars but sometimes when he writes proofs he doesn't completely organize the steps that well. otherwise, he is very fair with grading on tests. if you have a general idea of what you're doing on a test problem you'll get at least 50-75% credit for that problem. he's nice and respectful and understands situations where you have to turn in homework late. 3 stars seems low but if you put the effort in this class with him you should do fine.",0,0,1,0,0,0,0,0,he's nice and respectful and understands situations where you have to turn in homework late.,The review indicates substantial homework or lab workload.
MATH401_052,MATH401,Haizhao Yang,2023,1,"Probably the worst professor I've had at UMD. Nice guy but his exams are entirely too long, gives out way too much homework, a lot of lectures are confusing and/or not on what we will be tested on, and he is a harsh grader when it comes to exams. Do not recommend!",0,1,1,0,0,1,0,0,"Nice guy but his exams are entirely too long, gives out way too much homework, a lot of lectures are","The review indicates heavy or difficult exams, substantial homework or lab workload, and harsh or unfair grading."
MATH410_060,MATH410,Roohollah Ebrahimian,2022,5,"This course was legit one of the most challenging math classes I’ve ever taken in my life. However, having Ebrahimian teach it made it significantly more understandable. I would say Ebrahimian went above and beyond in terms of listening to his students’ requests and working his hardest to make sure we had what we needed to succeed. An incredibly knowledgeable lecturer, as well as a fast grader, Ebrahimian graded all of our assignments in a prompt, timely manner and even went as far as grading our second midterm within a day to give us time to decide whether or not we wanted to withdraw before the withdraw deadline. Never have I seen a man be asked a question and simply go to town on the blackboard and answer it concisely and understandably within a few minutes. He even dropped an extra quiz and homework for us at the end of the semester! 10/10 would recommend.",0,1,1,0,0,0,0,0,went as far as grading our second midterm within a day to give us time to decide whether or not,The review indicates heavy or difficult exams and substantial homework or lab workload.
PHYS121_012,PHYS121,Peter Shawhan,2010,4,"Dr. Shawhan is honestly one of the most engaging, enthusiastic, and passionate professors I have had at Maryland, as a junior, I have had a fair share of rotten ones. He does awesome demonstrations, and explains concepts but also does examples (which always tend to show up on the exams). The exams are short, 50 points, and he gives you the chance to ""re-do"" problems for more credit, this is his idea of the curve. It's really not that bad, just find a group of friends to do homework with every week (since it's work like a quarter of your grade and is easy points). Take good notes, don't bother using the textbook, the online homework and classnotes are perfect for studying. Relax, and remember he wants to CHALLENGE you to THINK. Unlike the other rotten Phys professors who ask you to memorize. Yeah it may suck, but if you plan on succeeding in life, taking the MCAT, or any other test, you're gonna need to know HOW to do physics, not just to memorize an equation, and he teaches you that! HIGHLY recommended.",0,1,1,0,0,0,0,0,"He does awesome demonstrations, and explains concepts but also does examples (which always tend to show up on the exams).",The review indicates heavy or difficult exams and substantial homework or lab workload.
PHYS131_003,PHYS131,Edward Redish,2012,5,"His class is difficult in that you SHOULD/WILL put 6-10 hours per week on weekly assignments. Thats how you learn in this class, from your mistakes. But this course has been the best I have taken yet; his style of teaching concepts in lecture really allows you to expand from the usual ""way"" of approaching science education. That's what I loved about this class, designed to make (or teach) you how to think critically, approach detailed problems using the strong foundation he instills about physics and biology. For a serious pre-med student, I strongly recommend him and this course specifically.",0,0,1,1,0,0,0,0,His class is difficult in that you SHOULD/WILL put 6-10 hours per week on weekly assignments.,The review indicates substantial homework or lab workload and significant time commitment.
PHYS260_132,PHYS260,Hailu Gebremariam,2024,1,"Honestly, this semester was so bad. All the midterms were much harder than last semester's. He did end up giving us practice exam for the second midterm and the final exam but literally half of the content from the practice exams are not covered because they reformat this course every semester. The final exam ended up being nothing like the practice because Hailu ended up writing half of the final questions and the other half was written by Girvan which was a completely different style from what we were used to. Girvan's was all theory and her questions didn't have any numbers. Plus the wording made no sense. He provided no practice for Girvan's component and didn't warn us about it. Meanwhile Girvan provided her students with a practice final from Hailu to prepare her students for the new testing format they were going to see. Hailu also does no reviews by the way, so he'll just move on with his topics. His lectures are almost impossible to pay attention the whole time because of how monotone his voice is. The exam questions are nothing like the examples he does in class so don't waste your time on that. You might be better off practicing the homework again and again. He ended up giving a curve but the class average was so bad that I didn't think even a curve could save it. Honestly you might be better off taking Girvan. I heard she does curves for her exams and the overall grade plus she also does really helpful reviews before exams. The only nice thing about Hailu is that somehow he ends up behind his schedule so a quarter of the topics you're supposed to have on your exam won't be included. Take what you will from this.",0,1,1,0,0,0,0,0,All the midterms were much harder than last semester's.,The review indicates heavy or difficult exams and substantial homework or lab workload.
PHYS270_021,PHYS270,Hailu Gebremariam,2018,5,"In my experience in all 3 general physics classes here, I thought Hailu was the most well-rounded when it comes to teaching the material and going through examples in class. Although the first exam is pretty hard, he lightens up the second and third exam. He also curves the class on average 2-3%.",0,1,0,0,0,0,0,0,"In my experience in all 3 general physics classes here, I thought Hailu was the most well-rounded when it comes",The review indicates heavy or difficult exams.
STAT100_169,STAT100,Matthew Griffin,2024,4,"The class is so easy, and the material is very simple. The professor is okay, but he is very strict with attendance. Just show up to class and go to discussions. R studio is VERY annoying, but it's not impossible. As for the lectures, Professor Griffin rambles for about 20 min about attendance and how we are too loud during the class. He then goes over the new lesson for about 15 min, and we are given a worksheet to do for the last 10 min. There is a ton of extra credit, though, which is very nice. As long as you go to discussions and lectures, you will do fine. Tests are just like the reviews and super easy!",0,0,1,0,0,0,0,0,"the new lesson for about 15 min, and we are given a worksheet to do for the last 10 min.",The review indicates substantial homework or lab workload.
STAT400_402,STAT400,Sana Jahedi,2025,1,"Never take Sana Jahedi for Stat400, unless you want to fail. I will preface this with the fact that Stat400's choice of professors isn't exactly wonderful. On one side you have Fernandes, who is a great guy and grades fair, but has a consistent final exam average of 50%. On the other side, you have Mestiyage, who is also good, but his lectures are the most boring thing ever. Then you have Sana. Sana cannot teach Stat400 for her life. Her lectures are confusing. Very confusing. Confusing to the point where self-study is an option you are forced to take, not one that you choose. Furthermore, she acts all high and mighty, acting like each student is another ball on the chain she put on herself. Everything is always our fault, especially when the class bombs a midterm, because she deems the class ""easy"" and the hell exams ""fair"". I'm assuming she had the same definition for the past couple of semesters, so she made it ""slightly"" less ""easy and fair"". Note that ""slightly"" is a very, very large misnomer. If she could, she'd set up a dunk tank and trap a student in there if they so much as answer a question wrong. There is zero practice or provided material besides the homework, quizzes, and lecture material, in which I believe she would choose not to provide any if it wasn't required. Not to mention that she puts mistakes in answer keys (as another reviewer mentioned before), which doesn't help with studying at all and only serves to create more confusion within the students. On exams, if your answer is way too long and goes beyond the page, it's usually MORE right than if it stays within the page. This goes against what multiple other professors told me, which is that if you're taking 15 minutes to answer a question, that's probably wrong. For Sana, it's right. Basically, if you had to choose between taking Sana for Stat400 or taking another year, you'd probably want to choose the latter. Save your grade and your sanity.",0,1,1,0,0,0,0,0,"you have Fernandes, who is a great guy and grades fair, but has a consistent final exam average of 50%.",The review indicates heavy or difficult exams and substantial homework or lab workload.
STAT401_004,STAT401,Hatice Sahinoglu,2019,5,"One of the best professors I've had. She pays enough attention to students and exams aren't too hard, same level as homeworks.",0,1,1,0,0,0,0,0,"She pays enough attention to students and exams aren't too hard, same level as homeworks.",The review indicates heavy or difficult exams and substantial homework or lab workload.
STAT410_048,STAT410,Mestiyage Gunatilleka,2023,5,"Great professor overall. Lecture's are very informative and very helpful in office hours. Practice exams are similar to the real exams, grading is pretty lenient too. Highly recommend!",0,1,0,0,0,0,0,0,"Practice exams are similar to the real exams, grading is pretty lenient too.",The review indicates heavy or difficult exams.
BSCI160_526,BSCI160,Leo Shapiro,2024,1,"This class was a total disaster. His exams are extremely hard, the TAs are useless and he does not give any extra credit opportunities. I took him last semester, got a D. RPT this semester with a different professor and got an A+.",0,1,0,0,0,0,0,0,"His exams are extremely hard, the TAs are useless and he does not give any extra credit opportunities.",The review indicates heavy or difficult exams.
BSCI170_248,BSCI170,Michael Keller,2025,5,"Honestly, yes, he teaches the class well and it’s light work, so I would recommend people take him for BSCI170. His notes are not too complicated, he goes over concepts a lot, and he reviews what was learned in the last lecture during the next one, so it’s not overbearing. Plus, there is light homework some weeks, so there’s really no hard work outside of class. That all being said, my only critique is on his character. Michael’s voice puts most students to sleep, and it can feel a little like being talked to as if you’re in preschool. Additionally, his ego is huge. Having spoken to him one-on-one for clarification on a test answer, he got extremely defensive, and it was not handled well. So please, by all means, take him for the course—you’ll be set—just know that this teacher will not be your buddy and will pull things out of nowhere to try and keep his ego!",0,0,0,0,0,0,0,0,,No clear workload signal.
BSCI171_016,BSCI171,Swarna Mohan,2022,5,"This is a lab so you will not be seeing Mohan at all lol. TA's run the class. My ta was very helpful and knowledgeable so I think it depends on the TA you get. To be honest, this class is so easy. Compared to Chem132(hell), this class is a breeze. Her assignments are easy and if you have trouble with it just go to office hours, it's that simple. Her pre-labs are pretty easy the answers are in the book/pdf she uploaded. If you manage to do well on all of her post lab, then you are for sure getting an A. She doesn't curve. The hardest thing in this class was probably the lab practical, lab report, and poster project (which you have to present). I did below average on the lab practical (an 80). But I assume that most people thought it was easy. I believe the average is an 87. The lab report is probably the hardest assignment with the average being an 80. And the poster project is pretty easy so don't sweat it. Majority of the class did pass with a B+. Anyways you are forced to take her anyways so you can't run away lol.",0,0,1,0,0,0,0,0,This is a lab so you will not be seeing Mohan at all lol.,The review indicates substantial homework or lab workload.
BSCI201_055,BSCI201,Caitlin Fox,2023,2,"I never met Professor Fox but she was the lab coordinator. The TA's that run the lab sessions are fine the problem is the layout of the labs. You are there for an average time of 40 minutes and just get spit information from slides and basically are told ""ok go learn all of it in your free time now"". The other very annoying thing was for the practicals the information was not clear at all. You need to severely overstudy to do well in the 201 lab which makes you not feel relieved at all when you finish. For instance, they make you memorize maybe 90 bone markings for there only to be 4 on the exam you have to locate. Overall, just study study study and you can get through this lab. If you are a good memorizer this class is for you!",0,1,1,0,0,0,0,0,make you memorize maybe 90 bone markings for there only to be 4 on the exam you have to locate.,The review indicates heavy or difficult exams and substantial homework or lab workload.
BSCI207_151,BSCI207,Marcia Shofner,2024,3,"I took this online during Spring. It was once a week and even for an online this was incredibly disorganized. Just an overflow of information with not real foundation, just jumping from topic to topic. You are also graded on group work, which due to my class being online made it a little difficult to get organized with your team members. Overall I was lucky that it was online, but just the lack of organization made this class unfun.",0,0,0,0,0,0,1,0,It was once a week and even for an online this was incredibly disorganized.,The review indicates course disorganization.
BSCI222_201,BSCI222,Jessica Mutz,2025,1,"Extremely unorganized. She often does not seem to know what she is talking about and just reads off the slides. The slides are posted, and she doesn't add anything to them, so it's honestly completely fine to skip lectures. She has multiple assignments due a couple of days before each exam, with the idea that we can review the answers to help us study. However, she sometimes forgets to post the answers. In lecture, she either breezes through 70 slides in 45 minutes or decides to spend an hour on ten slides. She often has warm-up questions to start off lectures, but then she will spend 45 minutes on these questions without getting to any of the content we were supposed to learn. She is not good at explaining things, and if it weren't for discussion, I would personally have no idea what I was doing. My TA told us that our averages on exams were significantly lower than any other time he had taught the class. This was her first semester teaching this class, and it was very evident. However, she did not seem to improve her teaching skills at all over the course of the semester. I highly recommend avoiding taking her if you can.",0,1,1,0,0,0,0,0,"due a couple of days before each exam, with the idea that we can review the answers to help us",The review indicates heavy or difficult exams and substantial homework or lab workload.
BSCI223_031,BSCI223,Erin Tran,2023,1,"This class is very boring, the teacher gives long assessments and these assignments are ridiculous. Labs are long and never graded in person, only online assignments that don't even boost up your grade besides 0.5%. They don't care about your other classes and your mental health. I still got that A+ tho and thank you to myself.<3",0,0,1,0,0,0,0,0,"This class is very boring, the teacher gives long assessments and these assignments are ridiculous.",The review indicates substantial homework or lab workload.
BSCI330_107,BSCI330,Kenneth Frauwirth,2023,3,"Great professor! No crazy homework, TopHat questions in class. HOWEVER, THE TA MAKES YOUR EXAM GRADE. There was a significant issue my semester with one TA (mine) grading extremely tough for her sections compared to the other sections. Frauwirth did nothing to change this. This made the exams way harder than needed to be. Otherwise a decent class",0,1,1,0,0,0,0,0,"HOWEVER, THE TA MAKES YOUR EXAM GRADE.",The review indicates heavy or difficult exams and substantial homework or lab workload.
BSCI410_058,BSCI410,Louisa Wu,2022,5,"The material in BSCI410 can definitely be challenging, but Dr. Wu wants her students to succeed and makes herself available to help. She cares that you actually understand the material instead of just memorizing for an exam (exams were open note/open book). There were several opportunities for extra credit and the option to drop the lowest exam score really helped take some pressure off. I appreciated the flexibility she provided, with recorded lectures as a supplemental resource. Dr. Wu was also very receptive to student feedback and suggestions, and overall is a understanding and caring professor :)",0,1,1,0,0,0,0,0,She cares that you actually understand the material instead of just memorizing for an exam (exams were open note/open book).,The review indicates heavy or difficult exams and substantial homework or lab workload.
CHEM131_474,CHEM131,Lenea Stocker,2025,5,Dr. Stocker is a great professor for lectures and she always provides many practice problems. She does not record her lectures but they are worthwhile to attend. Her lectures mainly consist of going over practice problems so you know how to do them while studying. I plan on taking her for orgo next semester because she is reliable and kind.,0,0,0,0,0,0,0,0,,No clear workload signal.
CHEM132_024,CHEM132,Fahad Shaikh,2022,5,"Fahad is simply the best TA I've ever had the privilege of having. He always had a smile on his face, was always super helpful in making sure we were all successful. I can confidently say my entire class loved this man so if you have the chance of having Fahad as a TA treat him so well!",0,0,0,0,0,0,0,0,,No clear workload signal.
CHEM135_381,CHEM135,Samuel Lascio,2025,4,"Dr. Lascio is a really nice guy. He walks through useful example problems in lecture and he explains topics well. He did have to cram a lot of material in at the end but that's not really his fault, there's just a lot of stuff to cover in the class. The exams were pretty hard but manageable. Overall I would say he's one of the better options to take chem135 with.",0,1,0,0,0,0,0,1,He walks through useful example problems in lecture and he explains topics well.,The review indicates heavy or difficult exams and challenging but fair expectations.
CHEM231_373,CHEM231,Lenea Stocker,2025,5,"I have no clue what anyone means when they say Stocker is passive aggressive. She is incredibly patient with even the dumbest questions. I wouldn't say her class is fast paced, its tightly structured but she definitely gives each topic ample time. Orgo is a dense course so sometimes she doesn't iterate on every single minute detail and you have to fill in those gaps yourself, but the amount you have to think through yourself is very reasonable. She tells you exactly what's going to be on the exam. If she teaches something, you need to know it. The exams exclusively cover what she covers in lecture. She gives you past exams to practice with and they're very very useful for getting a grasp on how the content will be tested. The exams are very reasonable, just be careful about making silly mistakes, those losses accumulate. There are also practice problem sets on every single topic, they're a great resource. Orgo is a dense course and there are things you just have to memorize - but the stuff you have to memorize is generally very helpful to know and there's not a ridiculous of amount of it. The TA this semester (Vince) was great but I had Stocker last semester for gen-chem and the TA was just okay. If the TA is great, make use of their services. Vince was very approachable and quickly responded to emails. Shout out Vince. Your grade is exclusively made up of the exams, but there is a pretty nice curve. The syllabus says its 85% = A, but its usually closer to 80% = A since the averages are low. You can get around a 50% and still get a C most of the time. My biggest tip: when Stocker says you have to memorize something, memorize it as soon as possible. It makes life alot easier. The one drawback is that she doesn't record lectures. If you don't plan on coming to lecture or will foreseeably miss many, then don't take Stocker.",0,1,1,0,0,0,0,0,She tells you exactly what's going to be on the exam.,The review indicates heavy or difficult exams and substantial homework or lab workload.
CHEM232_015,CHEM232,Monique Koppel,2022,4,"Labs (particularly the post-lab questions) are hard. Make sure to go to office hours!! Everyone says that because it is truly imperative for getting a good grade. The midterm and final are hard - I got ~60% on the midterm and ~50% on the final. But, all of my lab grades were high Bs or As, which saved me. There is a big curve. I had an 82% before the curve and I ended up with an A in the class, which is +/-. Don't rely on this curve, though. Work hard to keep your grade up, but don't cry if you do badly on the midterm and final, because almost everyone does. Also, lab reports are graded by all TAs, so your grade on them does not depend on one TA's grading tendencies. Good luck!",0,1,1,0,0,0,0,0,The midterm and final are hard - I got ~60% on the midterm and ~50% on the final.,The review indicates heavy or difficult exams and substantial homework or lab workload.
CHEM241_207,CHEM241,Lenea Stocker,2025,4,"I had Dr. Stocker for both orgo 1 & 2. She's pretty straightforward when it comes to teaching the material and what her expectations are for you in terms of content you need to know for exams. She writes fast (be prepared to take pictures of some of the slides she writes on otherwise you might miss important information because it's hard to keep up with her). She doesn't share her lecture notes nor post lecture videos, so you need to come to each lecture or have someone share their notes with you, otherwise you'll have no way of knowing what was covered in that lecture. There is no homework so your grade is solely based on the 3 midterms and final (there is a curve for each exam and at the end of the semester she curves what grade you need to get an A; 100-85 is a guaranteed A, but it normally is lowered to around a 100-80 by the end of the semester). She does, however, have old homeworks and the answer keys for you to use as practice. Additionally she has tons of practice sets for you to practice with outside of lecture to make sure you understand the material. And she has tons of her old exams for you to go over to help you get a feel for how she askes questions and what will be on the exams (which is really helpful for studying). I also advise going to gss or going over the worksheets they post afterwards because that's another good way to practice the content form lecture. Overall, she's not a bad teacher and while her exams can be ion the harder side, so long as you understand the material. there's no reason you shouldn't be able to get an A on each exams with the worst case scenario being a B. I recommend her because once you become familiar with her teaching and testing style she orgo becomes way easier. She's also really nice and always willing to answer your questions eitther before, during, or after lecture or during her office hours.",0,1,1,0,0,0,0,0,grade is solely based on the 3 midterms and final (there is a curve for each exam and at the,The review indicates heavy or difficult exams and substantial homework or lab workload.
CHEM271_179,CHEM271,Efrain Rodriguez,2024,3,"Does not record lectures, heard he makes a lot of mistakes during lecture (didn't go so can't super speak on them). However, I can attest to the fact this guy makes mistakes like its his job. He and the TA made a final review with an answer key that was so jank, disorganized, and riddled with mistakes that it made studying so much more difficult. It is insane watching the 50K a year I spend on a guy with a doctoral degree to be making as elementary mistakes as he does. It shows a lack of care about his class and students in my eyes but that was my only beef with him. He does try in other regards like he has done some exam reviews over zoom or provided supplemental videos which is nice. The textbook is the best resource in the class and I think it's one of the best textbooks I have ever used due to it not just being solely you read words but there are videos and interactive components for those who don't adhere to traditional learning styles which I found super helpful. As other reviews have said, the practice questions he gives before exams are truly nothing like the test. Sure, they help some but he'll pull out some obscure topics and equations you just need to know. Overall, okay class but its only 2 credits so take him and itll be aight.",0,1,0,0,0,0,1,0,"He and the TA made a final review with an answer key that was so jank, disorganized, and riddled with",The review indicates heavy or difficult exams and course disorganization.
CMSC131_362,CMSC131,Elias Gonzalez,2024,5,"Finished with an A+. To keep it short and sweet, I think he is one of the best professors you can take for an intro CS class because he genuinely wants his students to succeed. He doesn’t treat it like a weed-out class or make things harder or more complicated than they need to be. Every assignment, exam, and project is straightforward. His lectures are solid, and while some say he goes off-topic, I think the few minutes he spends sharing something interesting or personal keeps the class engaged—especially for a morning lecture. The only criticism I have is the constant mistakes on the midterms. One time is understandable, but after that, it was clear they weren’t double checking the exams before handing them out.",0,1,0,0,0,0,0,0,The only criticism I have is the constant mistakes on the midterms.,The review indicates heavy or difficult exams.
CMSC132_416,CMSC132,Nora Burkhauser,2025,1,"Idk why anyone is giving her above a 1 or 2. Dont get me wrong she is a nice ol lady who will grace you with somewhat leniency. She is just an ABSOLUTE terrible professor. I CANNOT STAND going to her class. she talks SOOO slow and I end up falling asleep every class. She takes SOOO long to teach such SIMPLE topics and doesn't even teach them correctly. She messes up on the SMALLEST and SIMPLEST mistakes and the STUDENTS be telling her WHAT SHE DID WRONG. I genuinely want to meet the person who hired her as a 132 LECTURER. She reads off another teacher's slides and gives another teacher's project and EXAM. SMH nora SMH. Talk about lazy. Dont even BOTHER going to class. hell you don't even have to watch her recording. I watch like 1 or 2 youtube videos on whatever topic she is teaching and I understand MORE from that than her lecture recordings. she ALWAYS talking about her old jobs and always on sum random bs that NO ONE GAF ABOUT. AND DONT EVEN GET ME STARTED ON THE BS SHE PULLED IN THE FIRST EXAM. This mf literally made a mistake in the FIRST question (had 7mc on it) and DID NOT tell us until like 10-15 mins in. Whole class groans and ALL she says is ""Oopsies!"" I HATE this class so much. but u know who i hate MORE? NORA MF BURKHAUSER",0,1,0,0,0,0,0,0,She reads off another teacher's slides and gives another teacher's project and EXAM.,The review indicates heavy or difficult exams.
CMSC216_380,CMSC216,Ilchul Yoon,2024,1,I beg you to not take his class. Without his burner accounts leaving 5 star reviews he will have a 1.00 rating. I am only leaving 1 star because you cannot rate 0. The class average is a 71% right now two weeks before finals. Yoon causes people to switch out of cs. Do not take Yoon.,0,1,0,0,0,0,0,0,The class average is a 71% right now two weeks before finals.,The review indicates heavy or difficult exams.
CMSC250_430,CMSC250,Fawzi Emad,2024,1,super harsh grading. it felt like every proof had to be done his way and that limited intuitive thinking. Great lecturer but the exams ruined my grade because of the lack of partial credit.,0,1,0,0,0,1,0,0,Great lecturer but the exams ruined my grade because of the lack of partial credit.,The review indicates heavy or difficult exams and harsh or unfair grading.
CMSC320_143,CMSC320,Fardina Alam,2024,5,"Overall good professor and good course. One thing which is sad is that no one attends class, this is mainly due to the fact that she reads off the slides with kind of a heavy accent which is hard to focus. There was always like 60-80% of the class missing and I can tell professor is sad. One thing she can maybe improve class is for in class quizzes like Anwar for CMSC330 for extra credit. Her slides are amazing, maybe a bit too informative but everything is there just incase you need to know something. Homeworks were like tutorials, they walk you through how to do everything which is really nice. The final project was great to help buff resume and graded leniently. Exams were easy enough, though the first exam was a lot where I barely had enough time to finish, the final exam could have a note sheet which is nice. Avg for the final is around 90 which is really good.",0,1,1,0,0,0,0,0,The final project was great to help buff resume and graded leniently.,The review indicates heavy or difficult exams and substantial homework or lab workload.
CMSC330_184,CMSC330,Cliff Bakalian,2023,4,"He is a pretty decent lecturer and is pretty kind. However, the course is designed to be a lot of self-teaching. For example, we jump into projects with three different languages that we are unfamiliar with and are expected to teach ourselves the syntax and find different functions to use. The discussion sections are helpful, but the quizzes are hard and we are not given a lot of study material. The past exams and quizzes do not relate to how the class is structured now, so it is hard to prepare for them. They do curve most of the assignments, which is helpful if you bomb one or two assignments in each category.",0,1,1,0,1,0,0,0,"For example, we jump into projects with three different languages that we are unfamiliar with and are expected to teach","The review indicates heavy or difficult exams, substantial homework or lab workload, and required self-learning."
CMSC351_267,CMSC351,Elizabeth Qiu,2024,1,Bad TA who rips students that hold any views other than what the instructors demand. Non-receptive to student feedback and reports students to the instructor that raise concerns about the class.,0,0,0,0,0,0,0,0,,No clear workload signal.
CMSC414_011,CMSC414,Michael Marsh,2018,1,Wish i could give a zero rating for his Excellenc in organizing lectures and his remarkable project readmes,0,0,0,0,0,0,0,0,,No clear workload signal.
CMSC420_126,CMSC420,Justin Wyss-Gallifent,2023,5,"Overall, Justin proves to be an amazing instructor in all aspects. The grading for this course was Homework = 100, Coding = 200, Exams = 2x100 = 200, Final = 200, Total = 700. Your two lowest homework grades are dropped and your lowest coding grade was dropped (there were 6 projects in total). Homework was just testing your understanding of the data structures, including doing some proofs/calculations. Projects had you implement the data structures in Python with a possible slight twist, they weren't easy but they also weren't unreasonably difficult. All of the projects used public tests, so you knew your score immediately upon submission. Pros: - The lectures were engaging and helpful. Justin explains things thoroughly and uploads his notes to ELMS. - As always, Justin's accompanying notes for this class are amazing. Always in full detail with rare mistakes, and contain everything you need to know for the homework, projects, and exams. If you want to take an early look at the course contents, just search up ""Justin cmsc420"" and you should find his notes. - Justin always had a review session before every exam. He explained all the concepts you needed to know for the exam, and provided a brief description of what each exam question would be about. I felt more than prepared for every single exam. The exams were fair, and he provided plenty of practice with the homework and past exams. Justin was also very lenient with project deadlines. He pushed them back if people said they wouldn't finish in time. - Grading was done pretty quickly, probably a week or so for exams. The median scores were always high (high 80s, low 90s) so there isn't much trouble there. No curve, but Justin says he bumps you if you are close. - His office hours were helpful, I only needed to go once though. The class also has a Piazza so you can ask questions there. Justin occasionally looks at Piazza, and the TAs were usually looking too. - The course content and projects are valuable and helpful for the future. Understanding data structures is important and I believe that I have a good understanding of many valuable data structures, their purposes, and how they are used. Cons: - The only real con I have is that the final is cumulative. You have to remember a ton of content about the course, which can take a lot of prep time away from your other courses. However, you do get a notes sheet for the final, so my preparation basically just consisted of creating that notes sheet and doing all the problems from past exams. This was good enough to score well. We didn't cover all of the material in his notes, so there is some content that we missed. - People seem to say that the proofs are excessive, but I personally didn't find this to be true. The hardest proofs on the exams were basically just slight variations (or even exact copies) of proofs on the homework or the online notes. He also alludes to which proofs you need to know for the exams if you go to the lectures. If you understood why those work then you should not have a tough time. Generally speaking, yes you will be doing some amount of math but only as it applies to how the data structures work. If you seriously hate math that much, then yes maybe you are better off going to another professor. You will still have to do some form of math for this course, it's just how these data structures work. Taking this course was extremely valuable. I highly recommend taking CMSC420 with Justin.",0,1,1,0,0,1,0,1,"this course was Homework = 100, Coding = 200, Exams = 2x100 = 200, Final = 200, Total = 700.","The review indicates heavy or difficult exams, substantial homework or lab workload, harsh or unfair grading, and challenging but fair expectations."
CMSC421_005,CMSC421,Dana Nau,2017,3,"Pros: -Interesting and Challenging material Cons: -Professor makes mistakes during in class derivations, at one point becoming so flustered he ended class early. -Just reads from slides during lecture, students can do this just as easily on their own time and skip class -Grading was not prompt at all, project 2 of 3 was finally graded just a few days before final -Homework solutions are not posted, and homework is only returned if you go to TA office hours -Project 3 was based on TensorFlow, which the professor admitted ""I don't know anything about and won't be able to help you. Just read and work through the tutorials"" Summary: -Not easy, you'll have to study a lot, but the material is pretty interesting -Going to lectures isn't a good use of time -Projects are all group based and project 3 was absurdly difficult with no guidance",0,1,1,0,0,0,0,0,"finally graded just a few days before final -Homework solutions are not posted, and homework is only returned if you",The review indicates heavy or difficult exams and substantial homework or lab workload.
CMSC424_024,CMSC424,Peter Keleher,2021,3,Mediocore professor. The lecture and slides are somehow vague and disorganized. But do cares about students' needs.,0,0,0,0,0,0,1,0,The lecture and slides are somehow vague and disorganized.,The review indicates course disorganization.
CMSC451_007,CMSC451,Clyde Kruskal,2011,3,"Class is hard so do not skip any lectures. There were only 4 homeworks but they were challenging and were used on the exams. Midterm was 40%, homeworks 10%, final 50% of grade. Many people drop this class because of his no-regard-for-human-life grading style. I thought I'd fail with a 55 average on the midterm and final exam, but with his curve that was a B.",0,1,1,0,0,0,0,0,There were only 4 homeworks but they were challenging and were used on the exams.,The review indicates heavy or difficult exams and substantial homework or lab workload.
MATH140_448,MATH140,Dong Quan Nguyen,2025,5,One of the best professors I've ever had. Genuinely cares about students. He's also really friendly and approachable,0,0,0,0,0,0,0,0,,No clear workload signal.
MATH141_486,MATH141,Sean Gruber,2025,5,"Dr. Gruber IS THE BOYYYYYYYYY. The best math professor I'VE EVER HAD. He records and posts all lectures, his discussion worksheets and homework are both super short and due only once a week, and he is just an overall amazing lecturer. I'd recommend him to anybody.",0,0,1,0,0,0,0,0,"records and posts all lectures, his discussion worksheets and homework are both super short and due only once a week,",The review indicates substantial homework or lab workload.
MATH240_309,MATH240,Wiseley Wong,2025,5,"Professor Wong is definitely a great teacher for MATH240. One thing I wish he could do is record his lectures, but he unfortunately doesn't. The TAs are really helpful though, and they usually go over the content of the weekly quizzes right before starting the quiz. I thought the exams were fair, but the final was a bit difficult for me personally. The grading for this course is almost completely exam based (15%, 15%, 15%, 30%) and quizzes (15%). The last 10% is for MATLAB assignments which were chill because you can work on them with others. If you pay attention in class and reach out to TAs when you need help, you should be fine!",0,1,1,0,0,0,0,1,"are really helpful though, and they usually go over the content of the weekly quizzes right before starting the quiz.","The review indicates heavy or difficult exams, substantial homework or lab workload, and challenging but fair expectations."
MATH241_474,MATH241,Junyan Zhao,2025,2,"TA's would release practice material pretty late (like 3 days before the exam). Zhao speaks very fast, and his lectures come off as disorganized. By Week 10, it was clear that only 30% of the remaining class actually showed up to lecture. Tips for Success: For quizzes, just practice a few problems on the weekly worksheet. s For tests, just use the weekly worksheets to practice. Anything else, is completely overkill. For a 50 minute exam, it's easy to panick from being short on time. Just make sure you are able to do the weekly problems quickly (within 5 minutes). It will give you more breathing room to check your answers later on. This course will really require you to self-study, and it may be more practical, to learn the information, starting from the problem, then working your way up",0,1,1,0,0,0,1,0,TA's would release practice material pretty late (like 3 days before the exam).,"The review indicates heavy or difficult exams, substantial homework or lab workload, and course disorganization."
MATH246_309,MATH246,Manoussos Grillakis,2025,3,"Pretty much what every other review says. He doesn't teach but rather reads Levemore's notes to you word for word. I stopped going to lecture after the first week and learned the content with Justin's notes and occasionally reading Levermore although those notes are a bit of a pain. On the bright side, my TA Chirag was a blessing and discussions were super helpful, which seemed to be the case with other sections as well. I would highly recommend going to discussions before midterms too because they usually provide practice problems almost identical to the ones on the exam. Exams are pretty fair as long as you don't rely on lecture. Grill's practice tests this semester ended up being different from what the actual exams were, contrary to what most review say which means he probably changed that. The five matlabs are a bit annoying too because he basically gives you an outdated textbook and throws problems at you. But the TAs generally give a 20/20 as long as you submit something. Pretty meh experience overall but it's doable to do well if you apply yourself outside of class.",0,1,1,0,0,0,0,0,would highly recommend going to discussions before midterms too because they usually provide practice problems almost identical to the ones,The review indicates heavy or difficult exams and substantial homework or lab workload.
MATH310_013,MATH310,Steve Halperin,2017,2,"Pretty mediocre professor. He doesn't have much respect for his students, the textbook he wrote is convoluted and any issues that come up out of the student's control is the student's fault.",0,0,0,0,0,0,0,0,,No clear workload signal.
MATH401_051,MATH401,Todd Rowland,2023,5,"Professor Rowland truly cares about his students. Even if you are completely lost, if you go to office hours you will be able to get through the homework, projects, etc and you will leave with a better understanding of the material. I took MATH401 and 406 with him and I still use what I learned from those classes to this day. His lectures are sometimes unorganized but the assignments he gives you are always fair. Top, top professor",0,0,1,0,0,0,0,0,"will be able to get through the homework, projects, etc and you will leave with a better understanding of the",The review indicates substantial homework or lab workload.
MATH410_059,MATH410,Shiferaw Berhanu,2022,1,"You will pass his course if you are able to master the topics and write solutions exactly how he says. This means working harder than you think you should. The only way you can pass is to study every single day, and practice problems everyday. I mean it - do not ever skip studying. He does not give partial credit. He is not a generous grader. So if you write a solution that is technically correct but somehow missing a minor point or two, he will give you a zero. He will accept only a perfect solution. He has a hard time connecting with students. He does not care about anything you tell him. He will only care about your perfect solutions on a test. If you are a genius and you enjoy a challenge, this is the right professor for you. He is very knowledgeable and enthusiastic about the topics in this class. But if you are not a genius and have to work hard for it, turn away. You will have a hard time in this class because he has no problem in giving out zeros. The exams are fair sometimes, and sometimes harder. Like I said, if you are naturally a gifted mathematician, you will do just fine. This professor is not for all types of students.",0,1,0,0,0,0,0,1,"The exams are fair sometimes, and sometimes harder.",The review indicates heavy or difficult exams and challenging but fair expectations.
PHYS121_011,PHYS121,Peter Shawhan,2010,2,"Sad to say, I agree with the other reviews. People who are just generally good at physics did well in the class. I hadn't seen physics in years so its safe to say it was new to me. He spends lectures going over proofs for the formulas, teaching concepts, and doing demonstrations. But when it came to exam time, it was all calculations of problems. The tests were so hard. He tried really hard to teach us and you can tell that he truly cares that you learn the material. He gave tons of practice problems to do before the exams but they didn't seem to help me at all. He gives an A LOT of homework. BY FAR, the most work I have ever done for a class. The reason he's not a good lecturer is because he tries to say too much in such a short period of time. It's way too much to keep up with. It's almost impossible to take notes when he's talking so fast. In my opinion, if you have to take Professor Shawhan, just make sure you have the ability to teach yourself from the book. And unless you are just inherently a genius, you shouldn't expect more than a B in this class.",0,1,1,0,1,0,0,0,"But when it came to exam time, it was all calculations of problems.","The review indicates heavy or difficult exams, substantial homework or lab workload, and required self-learning."
PHYS260_131,PHYS260,Hailu Gebremariam,2024,4,"The examples he goes over in class are helpful, if you can stay awake in the class. The homework is relevant and the quizzes are open note. The homeworks combined are worth the same as a midterm, so I recommend doing them. He was a month behind in the syllabus this semester, so if you actually want to know about thermo or AC circuits, maybe take another professor. I was sitting at a C- for the entire semester and the curve brought me to a B, do with that information what you will.",0,1,1,0,0,0,0,0,"The examples he goes over in class are helpful, if you can stay awake in the class.",The review indicates heavy or difficult exams and substantial homework or lab workload.
PHYS270_020,PHYS270,Howard Milchberg,2018,5,"Milchberg is a decent lecturer and a great/hilarious guy. Homework was straight out of the textbook for 270, and the exams were pretty insane, but his grading is dependent on progress. The departmental final for 270 meant that after his exams the final was a cakewalk and almost everyone in the class walked away with an A. Just wish I could take him for 420, but they switched up the professors on me.",0,1,1,0,0,0,0,0,"straight out of the textbook for 270, and the exams were pretty insane, but his grading is dependent on progress.",The review indicates heavy or difficult exams and substantial homework or lab workload.
STAT100_168,STAT100,Matthew Griffin,2024,4,"I think the reviews below me from this semester are giving him way too much hate. If you don't plan on attending every single lecture, don't take Griffin. As other reviews have mentioned, he is VERY strict with attendance. He takes attendance every class and does graded in-class activities. You can't miss more than three lectures in order to get a perfect attendance grade. He does tend to complain about attendance often, which is annoying. He also complains about people wearing hoodies and being off-task. This is a large college lecture, not some high school class. However, I found this class to be VERY, VERY, VERY easy. I'm not a great math student at all but this class was by far the easiest math class I've ever taken, maybe even the easiest class in general. Griffin is a fair professor who gives so many extra credit opportunities to those who show up for lecture. The exams are fair and he provides many resources to help you study for them, such as sample exams, practice problems, and AMP led study sessions. Weekly discussions are for problem sets, which are a set of questions to be coded in R. Some of them can be quite tedious and annoying but he provides tutorials for all of them. As long as you follow all of the steps, you will do well on them. As annoying as Griffin is about class expectations, he is a nice guy that cares about the success of his students. Overall, if you put in the effort, this is a VERY easy class.",0,1,1,0,0,0,0,1,"The exams are fair and he provides many resources to help you study for them, such as sample exams, practice","The review indicates heavy or difficult exams, substantial homework or lab workload, and challenging but fair expectations."
STAT400_400,STAT400,Sana Jahedi,2025,1,"Im not sure what happened over the course of winter break, but these reviews are not accurate anymore. do not take sana. there is ZERO practice exams or problems. she claims exams are straightforward and they are NOTHING of the sort. not only is she a confusing lecturer in class and I never understand the material, but the exams dont reflect what is taught. she refuses to curve or help us. no one thinks this class is easy. stat is supposed to be an easy class and suddenly im more worried about it than my cs classes. on an exam she said that there was a question with no possible information to solve and the answer was ""to leave it blank"".",0,1,0,0,0,0,1,0,there is ZERO practice exams or problems.,The review indicates heavy or difficult exams and course disorganization.
STAT401_003,STAT401,Adam Telatovich,2019,4,"Pretty good professor, but can be a bit monotone sometimes. He truly wants the best for his students.",0,0,0,0,0,0,0,0,,No clear workload signal.
STAT410_047,STAT410,Leonid Koralov,2023,4,"Pros: Amazing lecturer who is engaging, answers questions during lecture, and exams/homework are fair. Cons: Management of course material is lacking which includes the following: having a schedule where we know which topic will be covered each day, homework's on a regular basis, and a proper proof-based textbook or some form of lecture notes. Overall I would recommend him for learning the course material; but, if you want a more structured class you should probably look elsewhere.",0,1,1,0,0,0,0,0,"Pros: Amazing lecturer who is engaging, answers questions during lecture, and exams/homework are fair.",The review indicates heavy or difficult exams and substantial homework or lab workload.
BSCI160_525,BSCI160,Magdalene Ngeve,2024,4,"Really good teacher, she would interact with plenty of ways to study. I had bad studying habits which led me to this grade, however if you follow what she teaches, engages on ULA and review sessions, you'll be fine. You get a small notecard and final is optional, if you take the final it will replace your worst test grade.",0,1,0,0,0,0,0,0,"You get a small notecard and final is optional, if you take the final it will replace your worst test",The review indicates heavy or difficult exams.
BSCI170_247,BSCI170,Michael Keller,2025,5,"Bro take Keller in the summertime. I haven't taken bio since 10th grade and let me tell you, I had a glorious time, bruh. Take him in the summer. The practice exams were helpful, he was mad helpful, and the worksheets were like max 3 pages.",0,1,1,0,0,0,0,0,"The practice exams were helpful, he was mad helpful, and the worksheets were like max 3 pages.",The review indicates heavy or difficult exams and substantial homework or lab workload.
BSCI171_015,BSCI171,Swarna Mohan,2022,3,"The TA ran the class so did not have much exposure to Dr. Mohan, but do not rely on her for questions. If your TA is not clear about what you are supposed to be doing (which mine is not) do not even try emailing Dr. Mohan because she will direct you back to your TA. Office hours are your best bet and usually clear all confusion. Hopefully you can understand your TA's accent (I couldn't) but if not, just go to office hours.",0,0,0,0,0,0,0,0,,No clear workload signal.
BSCI201_054,BSCI201,Justicia Opoku-Edusei,2023,3,"Lecture exams are multiple-choice, true/false, and matching which is nice. The matching section always spells out a message, so watch out for that. Lab practical exams are not too difficult if you study but a ton of memorization for each one. Be prepared to study.",0,1,0,0,0,0,0,0,"Lecture exams are multiple-choice, true/false, and matching which is nice.",The review indicates heavy or difficult exams.
BSCI207_150,BSCI207,Nicholas Fletcher,2024,5,"Okay so if you're pre-med or any type of pre-health this is going to be the least interesting class you take. Don't get me wrong, Dr. Fletcher is a great professor and you can tell that he really cares about what he's teaching. But oh my god it was so hard for me to care about things like the evolution of fungi. All of his assignments outside of class are easy, take little to no time or can be found on quizlet/coursehero. His exams are fair but theres just so much content to cover. The best advice I can give is to study a little bit after every lecture. If you're able to get access to his past exams you are GOLDEN. Most questions he will use are either exactly the same or some kind of re-work (especially for multiple choice) so you get a really good idea of what information he will want you to get out of it. Overall he's a great guy but if you have poor executive function and need to find things interesting to feel motivated to study them, good luck. I ONLY SAY THIS FOR 207 THOUGH. I also had him for 170, and that class was a delight to take with him.",0,1,0,0,0,0,0,1,His exams are fair but theres just so much content to cover.,The review indicates heavy or difficult exams and challenging but fair expectations.
BSCI222_200,BSCI222,Kimberly Paczolt,2025,3,"Paczolt is a good teacher and I didn't know how good she was until I had taken other classes. BSCI222 is generally a dense course and I feel she did a great job in providing outlines, comprehensive PowerPoint, recording lecture videos, supporting GSS, and having awesome TAs. Her teaching style is kinda of fast though and you would have to be able to keep up or go back to the lecture videos to understand hard material. Don't take the discussions for granted as the assignments also affect your grade. Paczolt IMO is not a very good office hour professor in the sense that she can be a bit standoff-ish when you don't know the material which is LITERALLY WHY YOU WERE IN HER OFFICE. But overall, her materials make the class easier than it normally would be. If you're looking to understand this class, take paczolt but be prepared that it will be hard.",0,0,1,0,0,0,0,0,Don't take the discussions for granted as the assignments also affect your grade.,The review indicates substantial homework or lab workload.
BSCI223_030,BSCI223,Erin Tran,2023,5,"Prof Tran is soo nice. She is so caring and welcoming. She always is available for office hours too. Her lecture style is mainly focused on participation, but its through the form of clickers. You can also attend class on zoom and participate on clickers too. As long as you turn in the weekly assignments, lab quizzes, and attend lecture either in person or online you should expect an A.",0,0,1,0,0,0,0,0,She always is available for office hours too.,The review indicates substantial homework or lab workload.
BSCI330_106,BSCI330,Kenneth Frauwirth,2023,3,"He is overall very knowledgeable but can be extremely harsh. It was very humiliating to have questions about my exam and be made to feel unintelligent around so many other students. Nonetheless, he was always willing to help and provided many opportunities to do better.",0,1,0,0,0,0,0,0,was very humiliating to have questions about my exam and be made to feel unintelligent around so many other students.,The review indicates heavy or difficult exams.
BSCI410_057,BSCI410,Louisa Wu,2022,5,"Dr. Wu is a great professor! She encourages learning and critical thinking. Her classes are lectures heavy, however, there are recordings of her lectures you can watch to understand the material more in-depth. She is very understanding and accessible in class if you have homework questions, test questions, or lecture questions. I recommend taking her because she is understanding and you are able to have the proper support/resources to do well in the class. There are also buffer points such as clicker questions, drop an exam, homework assignments, and an extra credit project about current molecular genetic research. 10/10 recommend!",0,1,1,0,0,0,0,0,"points such as clicker questions, drop an exam, homework assignments, and an extra credit project about current molecular genetic research.",The review indicates heavy or difficult exams and substantial homework or lab workload.
CHEM131_473,CHEM131,Samuel Lascio,2025,5,"He’s a great professor. He’s super approachable and friendly and definitely recommend him out of all the other professors in the chem department. Just a chill causal guy. Plus his blazers over his graphic tee shirts that he’d wear is actually so fire: Chemistry is just extremely difficult but he does his best to help you and is a very understanding guy. The curve is pretty big so you’ll probably be okay but go to the gss sessions and his office hours! Going to these and showing up to the lectures will save you. The textbook also helps. There’s only 5 grades this whole semester so everything counts. He also responds to emails really quickly which is absolutely amazing shout out to him. And the memes he puts on the slides are actually funny and up to date. That’s not that important but a great plus. The practice midterm is decently similar to the real midterm but things change so you actually have to go over all the slides and notes because there may be things on there that actually wasn’t on the practice exam. That caught me off on the first exam. The midterms in general are actually awful. But that’s in every class with any professor. Chemistry is just hard, but he really made it bearable.",0,1,0,0,0,0,0,0,The practice midterm is decently similar to the real midterm but things change so you actually have to go over,The review indicates heavy or difficult exams.
CHEM132_023,CHEM132,Christiana Guest,2022,1,"DISCLAIMER: Mind that this is coming from someone who got a 100% on the midterm (final is pending) and has a near perfect grade in the class. Yet, I have a very strong opinion of Dr. Guest. (should lowkey be stripped of the ""Dr."" title) We are approaching the end of the semester and I am not sure if she even exists. The TAs run the class, grade all of your labs, and organize equipment. She also has a Canvas manager who is in charge of all the pre-lab exams and midterm/final. So the purpose of having Guest is kind of unknown. Guest wrote the lab manual which is your holy grail for the semester. Everything for the class comes from that so protect it with all costs and just study that for the midterm/final and you'll do well. For prelab quizzes, they're on Canvas and only some are lockdown browser. They're very easy but just don't make stupid mistakes. She gives like two attempts for each which is enough to get perfect on all of them. I feel that any person could do her job because she is literally getting paid to sit there. Actually, she doesn't even sit there because she only came into our lab class once over the course of the entire semester. The class and labs are easy but for people who don't have a background in chem (this is an intro chem lab), it would be somewhat difficult. The class is also out of sync with the professors. I had the professor who was ahead of everyone else in CHEM131 so people from my class knew the concepts in lab, but other profs did not teach up to pace. I don't even think her own lecture was up to pace so try and learn stuff on your own or take a nice professor (...not her). Hacks to do well: 1) Ace the prelab quizzes because they are gimme points and online. 2) For labs, go on her Canvas modules and make sure you are submitting everything you have to. Don't leave out any details and explain all questions and answers thoroughly because the TAs are required to take points off for dumb mistakes (she makes some answer sheet, which also is quite bad but we all have to bear with it). 3) For midterm (and final we haven't taken yet but should be similar), read through the experiments which are on the exam. Should be half and half but +/- 1. Practice the types of equations and stuff and it'll be fine overall. Average was like a 50 something percent but I studied the morning of the exam and got a 100 so doing similar prep should get you at least a C, which is enough. 4) Pray. She apparently has some curve but no idea how much it is. It won't impact my grade but if it is rly nice, I'll edit this review. Get to know your TA, they have to deal with her.",0,1,1,0,0,0,0,0,someone who got a 100% on the midterm (final is pending) and has a near perfect grade in the class.,The review indicates heavy or difficult exams and substantial homework or lab workload.
CHEM135_380,CHEM135,Andrei Vedernikov,2025,3,"Honestly, the hate is forced. Pull up to lectures, do lots of practice problems, follow along with the textbook or the slides that he publishes before class. He gives out (usually) a couple practice exams that are nearly identical to the actual ones. He gave out three for our midterm 3 exam. He isn't the best, but you can 100% pass this class. Just show up, do the homework, and have an open mindset. Remember, you could have to take Mignerey. Vederny isn't awful. Not great, not terrible.",0,1,1,0,0,0,0,0,He gives out (usually) a couple practice exams that are nearly identical to the actual ones.,The review indicates heavy or difficult exams and substantial homework or lab workload.
CHEM231_372,CHEM231,Sonia Hirschauer,2025,5,"Amazing professor. Getting a lot of dislike now from people who were expecting A's with not a lot of work. The exams are difficult, of course, but it's organic chemistry. You can't dislike a professor because she didn't give you an easy A in a difficult course. What sets Dr. Hirschauer apart is she helps you to succeed. To any future students: any of the people telling you that you'd be better off taking other professors like stocker/koppel aren't being realistic. Those professors would have been just as difficult if you don't put in work. She has very reasonable expectations, honestly much more lenient, compared to other professors as well. She does not emphasize unnecessary memorization for things like super specific pKa values or complicated mechanisms or nomenclature. She makes the course manageable. Things about the class I liked: Hirschauer provides a practice problem set ranging from easy to difficult for every single chapter we go through as well as talked-through explanations. These are SO helpful, make sure to do them. Some of the more difficult problems definitely reflect what's on the exam. Make sure you're able to actually understand what you're doing for all of them. She gives you a homework category worth 10% with 8 attempts each, basically allowing you to continue to try until you have a full understanding of the content. It's meant to help you learn, not reduce your grade, and you can go to her and ask her for help on anything you genuinely don't understand, so make sure to try the homework in advance. Another bonus: these are on Canvas and she doesn't require you to go buy or use some alternate (and often hard to use) homework platform. Her lecture guides are the best. You can follow along with what she's teaching without having to rush to write every tiny detail on your own—I wish I had this for other classes too. With more difficult areas of ochem, she provides past lecture videos so you can hear things a second time. Her lecture notes are also scanned and uploaded. She genuinely has so many resources for you to succeed, just make sure you are taking advantage of them and go back to your notes if you have a question/approach her! She has a charismatic personality that makes lecture fun and even entertaining at times. Without her teaching, I would've enjoyed this subject a lot less. You can also tell that she loves to teach, which is something that is reflected in how many resources she has for us to succeed. Addressing other comments: 1) she does spend time in lecture making sure people's questions are answered, and many times people's questions will be on very basic concepts. That does not mean that she is trying to spend time answering basic concepts, just that she's responding to questions. 2) As for the curve, it was honestly pretty generous. Based on exam performance, since final exam cutoffs aren't released (as is standard for chemistry), low 80s are usually an A or A-. 3) The lecture examples often reflected basic ideas because we were learning them for the first time. Make sure to go over the notes, but don't rely on these as your sole source of studying, there are practice problem sets for a reason. The exam matches the difficulty of the practice problem sets too. Additional comments: GSS leaders were so helpful. The ones this semester, Alice and Aubrey, were great. Make sure you try going, and even if you don't, the worksheets are provided to try (and you should do them for extra practice!!). But still, try going in person because they explain things so well. Also, study in advance. Try to keep up with content in advance of the exam because the course will go by fast (she tries to keep time for review days). Concepts in organic chemistry can become very difficult and build on each other, so getting down the basics more than a few days before the exam is important. That way, you can leave more complicated ideas for reviewing closer to the exam and ask Dr. Hirschauer about it. She also is willing to meet outside of regular office hour timings, and she's helpful. I get that her exams have been harder this semester and that's not what people were expecting. They are difficult, and I won't deny that. However, they are not unreasonable at all. Everything you need to do well on exams is provided. Every question can be traced back to something she specifically discussed.",0,1,1,0,0,0,0,0,"The exams are difficult, of course, but it's organic chemistry.",The review indicates heavy or difficult exams and substantial homework or lab workload.
CHEM232_014,CHEM232,Monique Koppel,2022,1,"Lab reports are graded harshly and even if you go to office hours and work through problems with TAs and other students, you can still fail the reports. Instructions aren't always clear. Midterm and final want students to have a deeper understanding of the material that you cannot get from the lab book or Koppel's prelab videos.",0,1,1,0,0,0,0,0,Midterm and final want students to have a deeper understanding of the material that you cannot get from the lab,The review indicates heavy or difficult exams and substantial homework or lab workload.
CHEM241_206,CHEM241,Bonnie Dixon,2025,1,"To the person who said these people are very salty, no, we are not. She genuinely expects you to contribute 80% of your time to her class, and if you have a packed schedule, this is very unreasonable. You WILL need tutors and have to constantly go to office hours and attend discussions where the TA's automatic response is that you should've learned it already, so just figure it out. Although she provides you with a lot of resources, if you fall behind, you will not catch up. Her homeworks are extremely difficult, so you're required to visit her at least once a week with a line of over 40 people to ask 1-2 questions and her extra credit quiz only benefits those who are already succeed in her class and don't really need the extra points. Everything is so difficult and demanding, and this makes me miss having Dr. Stocker, whom doesn't have nearly half as many resources but is much more understanding and less demanding.",0,0,1,0,0,0,0,0,"Her homeworks are extremely difficult, so you're required to visit her at least once a week with a line of",The review indicates substantial homework or lab workload.
CHEM271_178,CHEM271,YuHuang Wang,2024,2,"Professor Wang is very nice and approachable, and seems very enthusiastic about his teaching, but his accent makes it very hard to understand. His handwriting is also pretty hard to read, and he provides no practice exams. He bases all the material off the textbook, so if you do practice from there, you will probably do fine, but it is hard to prepare for tests, and hard to expect what is on them. I wouldn't have taken the class had I known how hard he would be to understand, but he is definitely is a nice professor.",0,1,0,0,0,0,0,0,"His handwriting is also pretty hard to read, and he provides no practice exams.",The review indicates heavy or difficult exams.
CMSC131_360,CMSC131,Aaron Kyei-asare,2024,1,"Professor Aaron is a nice dude but that does not mean he is a good professor. Anyone who has no prior cs knowledge will heavily struggle in this class. Exams are pretty difficult compared to Elias. He tells you to review Elias's exams, but his exams are much different. Even though he is a nice guy, I highly suggest to get a different professor if this is your first time taking a cs course.",0,1,0,0,0,0,0,0,Exams are pretty difficult compared to Elias.,The review indicates heavy or difficult exams.
CMSC132_414,CMSC132,Pedram Sadeghian,2025,1,His exams are way harder compared to other professors and completely unnecessary. He teaches concepts in lecture but the things he asks his students to apply the concepts on are on a completely new level.,0,1,0,0,0,0,0,0,His exams are way harder compared to other professors and completely unnecessary.,The review indicates heavy or difficult exams.
CMSC216_378,CMSC216,Christopher Kauffman,2024,5,"Kauffman is great. This is not an easy class; however, he provides so many resources (lecture recordings, recommendations for textbooks, answers to our HWs and labs before the exam, active on Piazza, office hours, etc.) I would recommended taking 216 with Kauffman. Lecture is not mandatory but you have the option for ""extra credit"" if you participate in lecture. He is also a kind guy :)",0,0,0,0,0,0,0,0,,No clear workload signal.
CMSC250_429,CMSC250,Fawzi Emad,2024,1,"Exams and final are worth 70% of your grade and when they are graded, you get little to no partial credit(even for proofs). No practice exams and lectures aren't even recorded. Not to mention pop quizzes that are worth %15 percent of your grade. Avoid at all costs.",0,1,0,0,0,1,0,0,"Exams and final are worth 70% of your grade and when they are graded, you get little to no partial",The review indicates heavy or difficult exams and harsh or unfair grading.
CMSC320_142,CMSC320,Mohammad Nayeem Teli,2024,5,"Great guy and great professor. CMSC320 is an interesting class, especially if you're on the M.L. track. This guy is a genius in this field and very approachable in office hours and after lecture. Took him for CMSC426 at the same time. Exams are relatively easy, though for the first midterm make sure you really review some of the functions from various Python libraries. After a dumpster fire of a semester with Cliff, Teli has restored my faith in the CS department. Will be taking my third course with him next semester.",0,0,0,0,0,0,0,0,,No clear workload signal.
CMSC330_183,CMSC330,Cliff Bakalian,2023,5,"this class has a lot in terms of work but it’s not really too terrible in terms of difficulty. thought multiple times i was going to get like a 50 on a exam including the final but i was always surprised that i would score high 80s on them and it’s not cus im goated and all that it’s really just cus cliff is a decent teacher. Been a while since i saw B in a computer science class so yeah. Only few things sucked like quiz 1 and like 2 projects but it didn’t really affect me in the overall grand scheme of the class and my grade since if you get 50 percent on those things it was like only 7 percent gone. i imagine he’s going to learn from them as well to fix them and such. that being said, he could have small hiccups like those for future semesters and if youre a tryhard that might be an issue but cliff will sure try his best to accommodate to it if it happens. Overall i enjoyed having cliff as my teacher and i can definitely see him becoming a really good professor, dudes only like 25. his lectures were kind of boring tho but so is every professor i ever had except for justin",0,1,0,0,0,0,0,0,to get like a 50 on a exam including the final but i was always surprised that i would score,The review indicates heavy or difficult exams.
CMSC414_010,CMSC414,Dave Levin,2018,5,"Wonderful lecturer. Great teacher, and great guy in office hours. His projects are difficult and the specs contain typos, but I believe that is the fault of the grad student TAs, not Dave's. I recommend taking the class, but make sure we're working with someone.",1,0,0,0,0,0,0,0,"His projects are difficult and the specs contain typos, but I believe that is the fault of the grad student",The review indicates intensive project workload.
CMSC420_125,CMSC420,Michael Marsh,2023,5,"I really liked having Marsh for 420 and would highly recommend this experience. This semester is his first semester using a standard-based grading system, so if you completed all of your projects and got 100% on them, got 100% on all of the quizzes, and got a certain amount of “Excellent” for your “exams”, then you would have a guaranteed A. I really liked this style because I knew exactly what I had to complete to get the grade I wanted, and this style forces you to complete your work. There was no curve, and you were not competing with your peers which made the class feel more like a team effort. Like other reviews mentioned, he uses a flipped classroom style so you watch “lecture” videos before class, complete a quiz, and during class, it is like “discussion” where he goes over examples of the data structure. Class kind of felt optional because it was recorded if you really wanted to review it, but he did a good job at keeping track of the notes and posting them if you wanted to reference them later. He is very friendly and knowledgable though, so it was nice to come and support in class. I found this flipped classroom style a little bit difficult for me because it felt like I had to teach myself if I was confused on how to complete the quiz, but this issue was mainly resolved by my next point. There are “soft” deadlines for projects, online quizzes, and online exams (challenge problems) in the class, but you technically have unlimited attempts and until the end of the semester to get 100% on these assignments because you can request for extensions without penalty. If I was confused on how to do a quiz, I could eventually brute force the quiz until I got 100% because the question bank eventually repeats, or I could come to class to watch him do a few more examples and ask questions. The “exams” were not as intimidating as they sound, and I really value Marsh because of the challenge problems. There are 4 problems to complete after each unit, and the questions still force you to understand the data structure (minus all of the theory and math that might be associated with other 420 professors…). I would allocate 1-2 hours to completing the challenge problems per each unit. The final exam was also a set of 4 challenge problems. These exams were little to no stress since if I messed up, then I could get feedback (except for the final) and re-submit. The projects were moderately difficult, but doable if you give yourself enough time and seek out help if you are dying. I would suggest following the soft deadlines that Marsh provides to stay on track because I felt like he gave an appropriate amount of time for each project. I remember he said as long as you dedicate enough time to this class, you can get an A, and I really do agree with this statement.",0,1,1,0,1,1,0,1,"This semester is his first semester using a standard-based grading system, so if you completed all of your projects and","The review indicates heavy or difficult exams, substantial homework or lab workload, required self-learning, harsh or unfair grading, and challenging but fair expectations."
CMSC421_002,CMSC421,Donald Perlis,2016,4,"Perlis has a straight forward lecture style (notes available on course website). Unfortunately, his pace is extremely slow. What could be completed in 30min will take him an hour. This is partly because he is careful to explain all details, which does help with understanding. The homeworks are easy and very helpful for reviewing the material. We've only had one project so far (3/5 through the semester) and it took roughly 1 hour. Quizzes every week based solely on lecture material. Pretty easy if you pay attention in class. PLEASE NOTE: this is an INTRO class to AI. Most of the semester is spent building the fundamentals and not actually exploring AI techniques. It starts with blind searches, smart searches, propositional and first-order logic. These are not difficult topics, but they take up HALF the course.",0,1,1,0,0,0,0,0,Quizzes every week based solely on lecture material.,The review indicates heavy or difficult exams and substantial homework or lab workload.
CMSC424_023,CMSC424,Peter Keleher,2021,2,"Not a great experience. I took the course while it was online and it was harder for unnecessary reasons. Keleher refused to upload lecture recordings to us so we only had the book and slides. His reasoning being we should be reading the textbook in advance and come to class for clarification, but he never told us the chapters we should be reading. On top of that he was giving us quizzes on material he hadn't taught yet. He justified it by saying that he offered a total of 20 late days for assignments, but that point is kind of moot when you have a hard enough time preparing yourself",0,0,1,0,0,0,0,0,"a total of 20 late days for assignments, but that point is kind of moot when you have a hard",The review indicates substantial homework or lab workload.
CMSC451_008,CMSC451,Clyde Kruskal,2010,4,"Kruskal is a great guy. I have had couple of classes with him, and I think he is definitely one of the better professors in the department. His class is entertaining and educational at the same time. Mind you, 451 is a hard class. You learn many complex classes of algorithms, and their mastery can only happen over time. The good thing is Kruskal understands this. His tests aren't super hard if you go through and understand his lectures well. He doesn't give very organized notes (mostly writing on board). Also, there were couple of times when he stumbled a bit solving some problem. But on the whole, I would recommend taking this any/all algorithms classes with him. Also has a decent grade curve. But go into this class prepared to see some really hard problems.",0,0,0,0,0,0,0,0,,No clear workload signal.
MATH140_447,MATH140,Jonathan Fernandes,2025,5,"Like others have said, this is a typical Calc 1 class ... it is hard, and requires lot of work. What I really liked taking with Fernandes was that he required us to submit our worksheet solutions (from which he sampled some of the exam questions), there were 20 or worksheets each with anywhere between 6 - 10 problems ... looking back at the semester, I see that I ACTUALLY wrote solutions to more than 150 calculus problems ... this has really boosted confidence, and makes me believe that I can do anything if I systematically break it into 160 smaller pieces ... Calc 2, I am coming for you next!",0,1,1,0,0,0,0,0,"(from which he sampled some of the exam questions), there were 20 or worksheets each with anywhere between 6 -",The review indicates heavy or difficult exams and substantial homework or lab workload.
MATH141_485,MATH141,Steven Chadwick,2025,4,"Good Professor does difficult examples in lecture, and uploads the lecture notes which is insanely helpful. The exams are challenging, but he gives review problems to drive your thoughts on the topics, they are not the same questions with different numbers which I thought was pretty good.",0,1,0,0,0,0,0,0,"Good Professor does difficult examples in lecture, and uploads the lecture notes which is insanely helpful.",The review indicates heavy or difficult exams.
MATH240_306,MATH240,Wiseley Wong,2024,5,"I liked this class! It's interesting. Wong is very engaging. Good professor, super fast pacing. Great TAs. Discussions are definitely helpful and necessary. I never missed a single lecture but honestly I'd have no idea what was going on until I reviewed later on. I had to study A LOT, read the textbook, and do practice problems. It takes a while to grasp everything because there is so much information. He tells us what's on the quizzes though so take advantage of those grades. I did really well on all my exams so I'm pretty proud honestly.",0,1,0,0,0,0,0,0,I did really well on all my exams so I'm pretty proud honestly.,The review indicates heavy or difficult exams.
MATH241_473,MATH241,Kendall Williams,2025,2,"I had already taken calc 3 at a different school but I had to retake it here, so I thought this class would be soo easy since I basically already knew everything. Boy was I wrong. Well the lectures and quizzes were doable but THE EXAMS. Don't even get me started on the exams. As someone who feels confident about all the actual content, I had no idea what the questions were asking. They were all word problems that were nothing like the hw problems he would suggest. I ended up dropping the class to save my gpa and now I need to take it again. I wouldn't recommend that you take his class even if you're already familiar with calculus 3, and especially if you're not.",0,1,0,0,0,0,0,0,Well the lectures and quizzes were doable but THE EXAMS.,The review indicates heavy or difficult exams.
MATH246_308,MATH246,Pablo Cedillos,2025,5,"Best TA out there, he's really chill and helpful with content. He goes over related content before each weekly quiz that really helps (to the point where you don't need to go to lecture, but you still should).",0,0,0,0,0,0,0,0,,No clear workload signal.
MATH310_006,MATH310,Richard Rast,2016,5,The lectures are great! He knows the material very well and explains them in a pretty clear way! Love him! I would recommend him to anyone with little proof experience.,0,0,0,0,0,0,0,0,,No clear workload signal.
MATH401_050,MATH401,Tamas Darvas,2023,5,Tamas is the GOAT! Take him- exams are pretty similar to the homeworks and the final was a combination of the first two exams plus a couple more questions at the end. They weren't too difficult although they were computationally heavy. Homeworks were not that bad and could be done in a couple hours (very Matlab heavy). Pretty much just learn the process for each topic and be able to reproduce it to do well in the class. Also a really fun guy and made me want to come to lecture even though the content he covered in class went over my head most times.,0,1,1,0,0,0,0,0,Take him- exams are pretty similar to the homeworks and the final was a combination of the first two exams,The review indicates heavy or difficult exams and substantial homework or lab workload.
MATH410_058,MATH410,Roohollah Ebrahimian,2022,5,"One of the best math professor. He has weekly quiz, even sometimes stressful, but do force you to learn. He totally understand the fact that not every math major really like math and good at math (doing new problem during exam) so he give study guide for every exam and the exam questions are basically come from the study guide.",0,1,0,0,0,0,0,0,good at math (doing new problem during exam) so he give study guide for every exam and the exam questions,The review indicates heavy or difficult exams.
PHYS121_010,PHYS121,Peter Shawhan,2010,2,"It really pains me to have to give this man a bad review. He's honestly a really nice man. I just don't think he understands that this is an INTRO to physics course. This means that a lot of people hadn't seen this material before. He gave weekly homeworks that required at least 3-5 hours of work. And yes you would think that would help you on the exams. However, all of his exams were at least 3 times harder than the homework he gave out. People did so terribly on the exams that he allowed people to redo 2 problems (~8-10% points) so that his curve wasn't so that people who received less than 50% got a C. Each test was worth 10%, homework was worth 20% and clicker questions were worth 10%. That is the ONLY reason why people got B's in this class. Other things besides your exam grade factored in. If you have to take Shawhan, if you get A's on the labs and homeworks and go to every class (for the clicker) and get C's on the exams, you'll get a B for your final grade. Like I said, he's a really nice man. You could tell he was really passionate about physics because he got so excited up there. However, it's in a HUGE lecture hall and he insisted on taking up half of the class time doing experiments that NOONE except the first few rows could see. They often didn't work. If you have the chance to take someone else, DO IT!",0,1,1,0,0,0,0,0,And yes you would think that would help you on the exams.,The review indicates heavy or difficult exams and substantial homework or lab workload.
PHYS260_130,PHYS260,Hailu Gebremariam,2024,4,"This is not a class that you should be skipping. Unlike physics 1, these concepts can be a lot more difficult to visualize, and the best way to actually prepare for the tests is to go over his problems in class. Hailu is a boring professor, but he is also good.",0,0,0,0,0,0,0,0,,No clear workload signal.
PHYS270_019,PHYS270,Matthew Severson,2018,5,"Severson was a good professor. His exams are extremely straightforward. Most of the problems were just plugging variables into equations, so as long as you make a good formula sheet, you'll get an A. He doesn't spend too much time deriving equations and gets straight to the point. He did a great job of teaching physics to engineering majors.",0,0,0,0,0,0,0,0,,No clear workload signal.
STAT100_167,STAT100,Matthew Griffin,2024,4,"Total overkill with taking time out of class to complain about people being late/not paying attention, BUT so so so easy. Coming from someone who hates math, if you take decent notes and go to lectures you will get an A+. So many extra credit and extra help opportunities if you are struggling. The weekly problem sets with coding are definitely tedious though, but that’s less Professor Griffin and more just a bad STAT curriculum.",0,0,1,0,0,0,0,0,"The weekly problem sets with coding are definitely tedious though, but that’s less Professor Griffin and more just a bad",The review indicates substantial homework or lab workload.
STAT400_399,STAT400,Sana Jahedi,2025,1,"This was supposed to be one of my easier classes this semester while taking CMSC330 and CMSC351 like most other students taking this class. WRONG. She was purposefully trying to make the class harder this semester. No practice exams or practice problems. When students asked for solutions to past quizzes, she refused to post them. Exam 2 was super unfair and pretty much every student could agree. All she told us was that it was easy and we should have done better. Despite the fact that her whole class is struggling, she continues to say there will be no curve.",0,1,0,0,0,1,0,0,No practice exams or practice problems.,The review indicates heavy or difficult exams and harsh or unfair grading.
STAT401_002,STAT401,Archana Khurana,2018,5,She might be new but don't let that scare you off; Archana is a great instructor. Her explanations are easy to understand and she works though tons of examples in class. Exams were fair and you generally know what to expect on them. She also genuinely cares that people do well in her class. Don't be surprised if you go to office hours after an exam and she already remembers what mistakes you made. I did a double take the first time but honestly it's pretty refreshing in a huge school like UMD.,0,1,0,0,0,0,0,1,Exams were fair and you generally know what to expect on them.,The review indicates heavy or difficult exams and challenging but fair expectations.
STAT410_046,STAT410,Shalin Parekh,2023,5,"You can tell Dr. Parekh is passionate about what he's teaching and makes sure his students understand the material. His lectures are also very clear, and he is more than happy to answer any questions you have in class. As long as you ATTEND CLASS (which is highly encouraged because the examples he does in class mirror the questions on his exams), you should do completely fine. His homeworks are a bit time-consuming, but they are graded very leniently with flexible due dates (thanks Ying!) Also, he also told us the cutoff for an A was around 200 out of 250 on the exam. Would recommend taking.",0,1,1,1,0,0,0,0,"Ying!) Also, he also told us the cutoff for an A was around 200 out of 250 on the exam.","The review indicates heavy or difficult exams, substantial homework or lab workload, and significant time commitment."
BSCI160_524,BSCI160,Bill Fagan,2024,1,"Bill Fagan is quite literally the worst professor I have ever had. He makes the homework assignments incredibly difficult, resulting in everyone losing major points for them. He says that if you take good notes in class and write down everything that is in red and bold you will be good for the exam but that is so far from the truth. The exams were so ridiculously worded that it felt like nothing from the slides was on the exam. I took so many notes, and even read the textbook like he said, and still the exams make no sense. He's rude and does not care about his students doing well AT ALL. He was also rude to his TA's, which I found very off-putting. There is no exam review sessions and he does not hand previous exams back with the questions attached, so you will never know what you actually got right or wrong. DO NOT TAKE HIM.",0,1,1,0,0,0,0,0,is in red and bold you will be good for the exam but that is so far from the truth.,The review indicates heavy or difficult exams and substantial homework or lab workload.
BSCI170_246,BSCI170,Michael Keller,2025,5,"I have not taken a biology class since 10th grade, nor was I ever really good at bio to begin with, and I took Keller in the summertime, and I was scared out of my mind because I thought it was going to be a hard and difficult time. Bro, let me fucking tell you, take Keller in the summertime; it was one of the easiest fucking A's I have ever gotten, bro. He is helpful as fuck; his exams are like the practice problems, and the worksheets are like max 3 pages. Take him bruh.",0,1,1,0,0,0,0,0,"He is helpful as fuck; his exams are like the practice problems, and the worksheets are like max 3 pages.",The review indicates heavy or difficult exams and substantial homework or lab workload.
BSCI171_014,BSCI171,Swarna Mohan,2021,5,"The expectations were very clear for this course and the work load was fair. If you put in effort, you will get an A",0,0,0,0,0,0,0,0,,No clear workload signal.
BSCI201_053,BSCI201,Maira Goytia,2023,5,"Take her over any professor teaching this class, if you don't you'll regret it. She's extremely understanding and gives multiple opportunities to bring your grade up outside of exams. Provides extra credit and also allows you to bring notes to exams!! If you show up to class and use the resources you'll be fine!",0,1,0,0,0,0,0,0,She's extremely understanding and gives multiple opportunities to bring your grade up outside of exams.,The review indicates heavy or difficult exams.
BSCI207_149,BSCI207,Marcia Shofner,2024,1,"I'll start by saying Dr. Shofner is very nice and cares about her students, but that doesn't make up for how unorganized this class is. My class is online and is supposed to be asynchronous with prerecorded lectures and optional question sessions on Zoom every Monday and Wednesday which also serve as her office hours, but very little effort is put into making this class. For the last 4 slide presentations, she hasn't posted the lecture videos (which she explicitly said she will post for all of the slides). There are just slides on new material. Some have just diagrams, but there is no explanation. I signed up for this class knowing there would be video lectures, but now there aren't. Dr. Shofner also doesn't show up to her two day a week office hours/question sessions sometimes with 0 notice or sometimes she will show up 20 minutes late when they are only 50 minutes long. I know professors deal with stuff in their personal lives too, but for the amount of money I had to work for to pay to take this course it is not fair.",0,0,0,0,0,0,0,0,,No clear workload signal.
BSCI222_199,BSCI222,Jessica Mutz,2025,1,"I would give zero stars if I could. Honestly don't even know where to begin. I used to give her some slack at the beginning of the semester because she's new to the University but taking her class is basically a death sentence. Her averages for tests are usually not higher than a 60% for the class. There is no guidance on the test you get like a practice set with a couple questions, you have the weekly quizzes to study from I guess but not even that helps. No matter how much you study, go to office hours, you are probably still cooked for the test. TAs are essentially useless when it comes to asking about the test too so don't even bother. Save your time and take a better prof.",0,1,0,0,0,0,0,0,"set with a couple questions, you have the weekly quizzes to study from I guess but not even that helps.",The review indicates heavy or difficult exams.
BSCI223_029,BSCI223,Erin Tran,2023,5,"Loved the prof. Super understanding (gave me an extension on a big assignment just cuz I asked) Very down to earth and encourages you to use outside sources and collab with friends. You can zoom into lectures but there is participation credit via turning point questions. But you can miss 3 lectures and still get 25/25 participation points. The lab was super fun and interesting I just got fucked with my TA, Husan T. He is an asshole and also grades way too harsh.",0,0,1,0,0,0,0,0,(gave me an extension on a big assignment just cuz I asked) Very down to earth and encourages you to,The review indicates substantial homework or lab workload.
BSCI330_105,BSCI330,Kenneth Frauwirth,2023,5,"Anyone who doesn't love Frauwirth is an automatic red flag in my book, this man is the salt of the earth and truly a GEM. I wasn't supposed to have him originally, I had signed up for Parent due to all his sections being closed/not working for my schedule, but he ended up taking over for her due to some unforeseen events. His exams are super fair, there's about one lecture quiz per week (pretty easy, open note), participation questions during lectures, and a couple in lecture discussion posts. The lab is also pretty straightforward, as long as you keep on top of your work and don't leave the lab notebook til the last minute (I did and let me tell you, DO IT THROUGHOUT THE SEMESTER) it's fine. There are two big presentations (both group work), one individual lab report, and one group lab report along with some post-lab quizzes, but all are fine if you have a good group to work with. All in all this class is an easy A as long as you put the time and effort into studying + keeping up with your work, Frauwirth is an EXCELLENT choice of a professor and one of the few I've had that I can wholeheartedly say is passionate, caring and patient towards his students.",0,0,0,0,0,0,0,1,"His exams are super fair, there's about one lecture quiz per week (pretty easy, open note), participation questions during lectures,",The review indicates challenging but fair expectations.
BSCI410_056,BSCI410,Zhongchi Liu,2022,5,"Dr. Liu is nice and her class is very organized and pain-free! The lectures are easy to follow and always recorded and uploaded promptly. The midterms are split into two parts- the in-class written portion and the online multiple choice portion. The multiple choice is online and very easy, stuff straight from the lecture. The in class written portion can be difficult because it is very memorization heavy and there is a lot of information to learn. But, she does drop one midterm if it improves your grade. The homeworks are also easy but maybe one or two questions are a bit of a curveball that involve actually thinking critically lol. The final was pretty difficult but the online part was almost half of the total score, so that made up for it. There are 2 question, 5 points quizzes after each lecture, also very easy but she drops 4 of them for everyone. In the end, I had an 88% with nothing dropped, and I was worried about ending up with an A-. But, once my worst midterm was dropped and 4 of the worst quizzes, I ended up with an A!! Otherwise, the material of the class is super relevant to a lot of other fields and you learn a lot. Especially if you work in a lab, this class is great. Super chill class with good averages and helpful professor!",0,1,1,0,0,0,0,0,The midterms are split into two parts- the in-class written portion and the online multiple choice portion.,The review indicates heavy or difficult exams and substantial homework or lab workload.
CHEM131_472,CHEM131,Lee Friedman,2025,4,"There are pros and cons of Dr. Friedman Pros: -He wants you to learn the content, not just get an A. However (this is a con to some degree), learning the content might result in a C or a B -He remembers your name if and only if you introduce yourself. This will be helpful, trust me. -The curve is very generous, but don't let that fool you into not trying. The exams are HARD -If you show that you are there to learn, not grovel for an A, then he will put an effort to make sure you learn -He has his quirks and he's very straightforward/blunt. This could seem passive-aggressive or rude, but its how he is. Cons: -He doesn't record lecture, however, as past reviews have said: if you attend lecture and pay attention you don't have to worry about this -His class is a morning class, ALWAYS. If you don't want to attend a morning class, don't pick Dr. Friedman's lectures -The exams are TOUGH. Especially the third exam. That's just a fact of college tho. -Lectures are fast paced BUT if you ask to go back, he will go back to a previous slide How to succeed: -Sadly, I feel the need to say this but GO TO LECTURE. Yes, its early morning. Yes, you are tired. Yes, I don't think you want to be here. But attend lecture anyway. You chose this class (even if you didn't and it was a marriage of convenience), attend lecture. The next 2 relate to this point. -DO NOT RELY ON HIM POSTING NOTES. This ties in with the first point. If he sees a phone out in class, lecture notes won't be posted. -DO NOT RELY ON THE TEXTBOOK. He teaches stuff that are not from the textbook. If you rely on it completely and don't attend lecture, you will not succeed -GO TO GSS. I couldn't because it clashed with my lab and scholars class, but GSS problems are ALWAYS posted so there is no excuse to not practice -GO TO OFFICE HOURS. Dr. Friedman literally teaches one class and it is this class. Go to him. He is really helpful and kind. He will focus on your questions in detail and has no issue re-explaining them several times. -GO TO DISCUSSION. Discussion exists so you can ask questions. GO TO THEM. -If you are in HS, this is for you, if not, next one is for you. If you are in HS, TAKE AP CHEM. IT WILL HELP -If you are starting university, this is for you. KHAN ACADEMY and THE ORGANIC CHEMISTRY TUTOR will literally save your life if you want to prep early for this class. So now, you might be thinking: Ah heck naw! I do want to say that Dr. Friedman is a really good professor. You just need to put in the extra work to succeed. It is college after all, you won't be spoon fed anything. Dr. Friedman is a really chill person and while his tests are tough and his teaching style is slightly old fashioned, HE DOES PREPARE YOU FOR ORGO CHEM. Also, because of how difficult i found this course to be, I do want to say Dr. Friedman will teach you certain things about yourself that none of my classes taught me: -Exams beat you up, but you need to get up, improve, and move on -You will only know if you are learning if the learning is painful -You will get flesh wounds from college, its part of the experience. Better to get it early so you can improve later on! -If I wanted an easy gen chem class, then I'd have learned these lessons much later which would have def been more detrimental for me. All in all, take this class if you want. Dr. Friedman is a good professor and a good person. His focus is you learning, not to get an A. I want to say something final: I think that all the pain and beating I went through during this course was worth it. If I had another 1000 tries to do this again, I'd take Dr. Friedman's class every single time. Hope that helps.",0,1,1,0,0,0,0,0,Friedman's lectures -The exams are TOUGH.,The review indicates heavy or difficult exams and substantial homework or lab workload.
CHEM132_022,CHEM132,Christiana Guest,2022,1,"I've never met her ever, because she will never actually teach you. Your TA will run the entire lab. I recommend meeting with TA's because they will teach you everything. This class has lots of work and the exams are difficult to score high on. Getting in contact with her is very difficult and the grading in her class is pretty unfair (different TA's grade each assignment, leading to inconsistencies). You will be in the lab for the entire period and spend probably an equal amount of time for your post-labs, depending on the lab. Make sure to buy the print textbook because you will have a very rough life without it. She is the only professor teaching CHEM132, so good luck. She does give a phaaaat curve at the end though, but don't rely on that.",0,1,1,0,0,0,0,0,This class has lots of work and the exams are difficult to score high on.,The review indicates heavy or difficult exams and substantial homework or lab workload.
CHEM135_379,CHEM135,Samuel Lascio,2025,4,"Great professor, lectures are very engaging and entertaining, considering the difficulty of the course. But the exams were a bit tricky to get through, so you need to study well to pass the course",0,1,0,0,0,0,0,0,"But the exams were a bit tricky to get through, so you need to study well to pass the course",The review indicates heavy or difficult exams.
CHEM231_371,CHEM231,Sonia Hirschauer,2025,1,"DO. NOT. TAKE. ORGO. WITH. HER. All of orgo is challenging but she did some things that made it especially unbearable. She gives a lot of practice problem sets which is nice, except there are ZERO PRACTICE TESTS or SAMPLE EXAMS. Some of her practice problem sets have thorough PDF answer keys and video explanations. A lot of vital ones, such as starter practice problem sets and the final set, did not have these kind of detailed explanation, which leaves a student swamped for help. Her exams are nothing like the problem sets she provides, and they often address very complex topics that she spends little time discussing in lecture. A lot of reviews below have mentioned how useless discussion is. We would receive 10 page discussion worksheets and her TA would only go over maybe 1 problem out of all of those. The TA would then make up 2 questions and completely go off track. I learned more from going to GSS (shout out Aubrey!) than both Hirschauer and her TA combined! As previous reviews have mentioned, she can be very cold in office hours. Her explanations to me were often to just look at the notes and try to “solve it out” She did not release clear cutoffs. Throughout the semester, she could give us “cutoffs” after each exam, but they wouldn’t be consistent. One time it would be the “B-/C+ cutoff is __” and the next time it would be “C- cutoff is ___”. Right before our final exam, she sent out an announcement with our cutoffs, and they were significantly higher than what all of the other professor had given (~+10% for each letter grade). Even when our final grades were released, she did not bother giving us a breakdown of the cutoff on ELMS. I have had other professor in STEM classes give clear cutoffs. She does not give meaningful feedback on how to improve.",0,1,1,0,0,0,0,0,"She gives a lot of practice problem sets which is nice, except there are ZERO PRACTICE TESTS or SAMPLE EXAMS.",The review indicates heavy or difficult exams and substantial homework or lab workload.
CHEM232_013,CHEM232,Monique Koppel,2022,2,"Labs were pretty organized, but the midterm and final were brutal, especially the midterm. There were some free points but this class was so much work for one credit. Hated that the exams also had no partial credit, just 8-point multiple choice questions. Your lab report grades also heavily depend on your TA, and same goes for the pre-lab quizzes since TA's get to pick the questions. You kinda just have to get lucky, with your TA and on the exams. I personally did better in lecture than this class, but I will say the class does have a huge curve which is the only benefit. Good luck!",0,1,1,0,0,1,0,0,"Labs were pretty organized, but the midterm and final were brutal, especially the midterm.","The review indicates heavy or difficult exams, substantial homework or lab workload, and harsh or unfair grading."
CHEM241_205,CHEM241,Bonnie Dixon,2025,1,"If you are thinking about taking Dixon for Orgo II, rethink your life choices. I would rather step on 5000 legos every day and get punched in the face by the hulk than take Dixon again. She is by far the worst professor I have ever had. There are many reviews saying she cares about her students, but she has extreme favoritism and only likes you if you are beyond well versed in chemistry and learn quickly and easily. If you ask questions in class she becomes extremely sassy and rude if she finds the questions ""stupid"" or not related to the exact concept. She moves extremely quick in her lectures and refuses to record them, even though there is a recording button on the screen that she chooses not to use. It makes her feel special when students are forced to show up to her 8:00 AM lectures. She does upload the slides after class, but her handwriting is so sloppy that I feel like I am reading hieroglyphics and trying to decipher every word. She will run through an entire unit in one class and expect the students to know it automatically. She will teach the most difficult chapters the class before a midterm. Her homework will take years off your life. My age expectancy has gone down 10 years. I spent 10+ hours a week on the homework's, only to receive no credit on certain questions that other professors would give partial credit on. She makes frequent errors on homework and all assignments and refuses she is wrong until a large amount of students complain, which most won't, because she has extreme favoritism and she is very unapproachable. She does not give partial credit on any assignments. She does have extra credit assignments before each exam, but they are almost not worth the time. I have spent over 20+ hours on extra credit that is extremely long and confusing. Her exams are hell on earth. She purposely sets up her exams knowing students will not finish them. The questions are written in a very confusing and unclear manner. She gives no partial credit. She does not care if you got all steps to a mechanism correct except for one, you will receive no credit. She does not post an exam answer key, and there are no regrades, so it is almost as if she does not want you to check if the graders made errors or check your mistakes. I studied 2 weeks in advance for every exam to not feel prepared for the exams. She does not have any practice problems, and her practice exams are misleading, as she changes the format and content every semester. Dixon is a very smart woman and is clearly very passionate about chemistry, but she does not belong in a teaching setting. She is rude to students who ask questions, and has a grand superiority complex because she has 30+ years of experience over a bunch of 18-22 year olds. Yes, thank you, obviously you are smarter than us. The only redeeming quality about this class is her TA Nick. Nick is extremely smart and really cares about his students. He takes the time to explain concepts that students are unclear on. I love Nick.",0,1,1,1,0,1,0,0,She will teach the most difficult chapters the class before a midterm.,"The review indicates heavy or difficult exams, substantial homework or lab workload, significant time commitment, and harsh or unfair grading."
CHEM271_177,CHEM271,Efrain Rodriguez,2024,1,this professor was very rude. He was condescending unnecessarily. He held his tenure over students when they were simply asking questions.,0,0,0,0,0,0,0,0,,No clear workload signal.
CMSC131_359,CMSC131,Pedram Sadeghian,2024,2,"The mean for all of his exams have been less than 77%, the projects and the quizzes aren't too bad but the exams are so hard. On the first exam I was running out of time and mis-read the question, and used a for loop when I was supposed to use a while loop. I lost 14 points, and ended up getting a 68 when I could've got an 82. I think he unfairly takes away points which is so crazy to me, especially considering I'm a freshman I had no idea professors did things like this. Even in calculus you can get partial-credit, or no credit, I've never had points taken away. Especially so many. He knows what he's talking about but his lectures actually bore me to death. The only good thing about this class was the TA's, they were all super nice, and incredibly helpful. I honestly learned more in discussions then I did in the lectures because they were better at explaining things. Overall if you could take Elias instead of him I definitely would.",0,1,0,0,0,0,0,0,"The mean for all of his exams have been less than 77%, the projects and the quizzes aren't too bad",The review indicates heavy or difficult exams.
CMSC132_412,CMSC132,Nora Burkhauser,2025,5,"I have had Nora for both semesters. While many rated her teaching in the fall as abysmal, she has noticeably improved. She is more straightforward with assignments, does not make as many errors during lectures, and is more prominent with communication. The workload is much more balanced than before, and tests are not stringent if you keep up with readings and assignments. Will love to see what she has to offer in the future!",0,0,1,0,0,0,0,0,"workload is much more balanced than before, and tests are not stringent if you keep up with readings and assignments.",The review indicates substantial homework or lab workload.
CMSC216_377,CMSC216,Christopher Kauffman,2024,5,"Very generous and kind professor who cares about his students and what they learn. The material in 216 is somewhat difficult but Kauffman does his best to simplify it and make it easy to digest. He is very lenient with students, willing to push due dates and deadlines back when necessary. His tests are open note but not necessarily easy, so while notes are helpful it's important that you understand core concepts. Projects get progressively more difficult as the semester goes on but there are plenty of resources from office hours almost every day to relevant piazza posts. Kauffman is always in a happy mood and keeps class very engaging and offers extra credit when you participate in class. Overall an amazing professor and I would recommend taking his class.",0,0,0,0,0,0,0,0,,No clear workload signal.
CMSC250_428,CMSC250,Fawzi Emad,2024,4,"He is an excellent lecturer and great at clarifying and explaining topics. The only reason he may not answer every question is because he has a lot of material to get through, and he will take time answer your question if you wait after class. He also picks really good TA's so I also found office hours helpful. The homeworks are a bit time consuming though. I think the best way you can succeed in this class is by attending every lecture, asking questions, and going to office hours for help. Unfortunately he does not post recorded lectures, which wasn't a problem for me personally but it can be tough if you get sick. I think a lot of the reasons people struggle in this class are simply due to them missing lectures. I honestly don't think the pop quizzes are a problem, because I attended every discussion section anyway and they were good practice. For everyone saying there is ""no practice material"" there is actually a LOT of material on the lecture slides, and most exam questions are directly based on those examples. The only reason I am not giving him 5 stars is because I agree that he can be harsh with grading, but my best advice is to just write as much information as possible on your proofs to make sure you get the most credit. Overall, I learned a lot from this class.",0,1,1,1,0,0,0,0,"is actually a LOT of material on the lecture slides, and most exam questions are directly based on those examples.","The review indicates heavy or difficult exams, substantial homework or lab workload, and significant time commitment."
CMSC320_141,CMSC320,Fardina Alam,2024,2,the only reason this isn't a 1 star is because she's super nice and the class was easy. cons: - the slides are absolute dog poop - she is terrible at explaining concepts - the hw does NOT prepare you for the exam (none of the assignments do) - hw assignments can be too lengthy pros: - easy grading - easy exams - relatively active on piazza I think she will improve with more experience but she has a lot of room for growth.,0,0,0,0,0,0,0,0,,No clear workload signal.
CMSC330_180,CMSC330,Cliff Bakalian,2023,2,"Took CMSC330: Organization of Programming Languages with Cliff Bakalian in Fall 2023 (CS major requirement). 1.5 stars for this class, I reserve 1 star for Kruskal. Felt like Cliff really did not care about the well-being and success of his students in their own terms, only did what he wanted. e.g. he feels that uploading answers is beneficial so he will upload but he will not go out of his way on anything else. Maybe he's not expected to, but it makes you miss a teacher for Nelson for example. Everything is available on the class website, fortunately: https://bakalian.cs.umd.edu/330/resources Cliff runs one of the better-administered courses, but he can still mess up: project is released really close to finals with no prior communication, exams taking forever to grade. Entire class was so theoretical I am worried. It's the 300 levels; when do things begin to relate to the real world? Probably not Cliff's fault, but I need to go out there and build things that people will pay me for, not just convert NFAs to DFAs and learn about lambda calculus theory. Exams: I felt these were brutal. Felt like no amount of preparation would prepare me for them. Projects were also brutal, for the first time I found myself liberally using up late tokens. Often unreasonably difficult and only achievable with a lot of stress, time, tears, and assistance. Heavy workload. Cliff has both positive and negative marking, so the grading is all over the place and you are hit with heavy penalties that will obliterate your score. Another recent reviewer from my batch mentioned how the exams are easy but I found them very difficult, maybe it's just me. Absolutely terrible lectures, Cliff is notorious for them. No idea what is going on. I only went for the participation points and to stay abreast somewhat of what was happening but basically you have to learn yourself. Discussions are bad, but not the fault of the TA who was very nice (Amr Tairi). But I felt that what we did discussion was not so helpful. Don't even get me started on the office hours -- both the TA office hours and Cliff office hours. Cliff will actually help you, the problem is that he is spending one hour with the person who came before you even though there is a queue of six people. I got fed up and went just once. TA office hours were objectively THE WORST and a NIGHTMARE, and yes it is Cliff's fault because he is the boss of the TAs. He let them walk all over him and do a bad job. Don't tell me it's not Cliff's fault; Cliff has created a culture. TAs are consistently excellent under Nelson because he actually cares about his students. - Tiny, two desk open area swarming with people, filled with off-duty TAs who just use it as a place to hang out and have a good time amidst all the suffering. - Takes HOURS to get a TA, during non-peak hours (e.g. day after the project is due) who: - Looks down upon you like you are some kind of parasite wasting their time - Doesn't even try to understand what you are saying - Basically just says ""I cannot give you the answer"" when all you are asking for is some guidance - Not only does not help, but gives you the WRONG answer - Spends five minutes with you and leaves. It was truly terrible. Frankly I've heard Kauffman teaches well, but everything else he does the same with Cliff. So maybe just take Kauffman and benefit from Cliff resources? I don't know, check out his reviews.",0,1,1,1,0,1,0,0,"Maybe he's not expected to, but it makes you miss a teacher for Nelson for example.","The review indicates heavy or difficult exams, substantial homework or lab workload, significant time commitment, and harsh or unfair grading."
CMSC414_006,CMSC414,Michael Marsh,2018,1,He is the worst professor. Just reads off the slides and gives like 4 15 minutes excercises in class. Doesn’t give answers to these exercises. He forced everyone to use elms discussion instead of piazza. Exams are extremely hard avergae was 52 for our first midterm. He doesn’t have time for his students. 1 hour of office hours per week and that too for 414 and 417 combined.i am not sure what grade i have in this class. Extremely unorganized professor. Biggest mistake of my life to take 414 with him.,0,1,0,1,0,0,0,0,Exams are extremely hard avergae was 52 for our first midterm.,The review indicates heavy or difficult exams and significant time commitment.
CMSC420_124,CMSC420,David Mount,2023,5,"The most glowing review I have for mount is that I took 420 with an entirely different teacher, and mounts 10 minutes videos were far better than any of the full lectures I attended.",0,0,0,0,0,0,0,0,,No clear workload signal.
CMSC421_001,CMSC421,Hal Daume,2012,4,"Hal is a good professor. He gives very interesting projects for AI based on the Pacman game. These are actually kind of fun to do. The HW is a little too easy I'd say, and doesn't necessarily clarify the concepts from class. But at least it doesn't take long. The exams are pretty fair and not too hard. Hal's lectures are a bit tough to follow and he isn't the best at explaining concepts, but he will go over good examples and try his best to explain if you are not understanding. Overall though, Hal is a really cool professor, and he cares about his students.",0,1,0,0,0,0,0,0,The exams are pretty fair and not too hard.,The review indicates heavy or difficult exams.
CMSC424_022,CMSC424,Peter Keleher,2021,3,"Other than this class being useless, Peter is an awful teacher. He doesn't record lectures, reads off of slides, and seems to have no passion for teaching the material. Avoid if you can.",0,0,0,0,0,0,0,0,,No clear workload signal.
CMSC451_009,CMSC451,David Mount,2008,5,"Great lectures and lecture notes. Comprehensive, lucid, and insightful best described the class. Homework was challenging but quite interesting. Exams were likewise challenging but definitely not impossible if you understood the material. There's a lot of non-linear thinking involved which is not too uncommon for proof-based mathematics courses but may surprise those coming from a traditional CS background.",0,1,1,0,0,0,0,0,Exams were likewise challenging but definitely not impossible if you understood the material.,The review indicates heavy or difficult exams and substantial homework or lab workload.
MATH140_446,MATH140,Jonathan Fernandes,2025,5,"This was a challenging class. For someone not used to studying for a college class, it took a while find my footing the class. He has two weekly worksheets that were due, and the TAs went over them during discussion. The exams were mostly pulled straight from stuff from lectures and the worksheets. Even the final was not that bad for me. I would totally recommend Fernandes, with the caveat that you will need to work - I am sure these study habits will last for the rest of my college experience.",0,1,1,0,0,0,0,0,The exams were mostly pulled straight from stuff from lectures and the worksheets.,The review indicates heavy or difficult exams and substantial homework or lab workload.
MATH141_484,MATH141,Sean Gruber,2025,5,"Really great professor. Goes slower than most when covering topics in lecture, and sometimes unnecessary, but cant complain about that. Quizzes and exams are identical to worksheet problems and homework, so do those and you're good. Gives a curve if averages are below 70 on exams. Really accommodating in terms of redoing assessments and just generally a really great professor. if you can I highly recommend taking him even if its an 8 am its worth it.",0,1,1,0,0,0,0,0,"Quizzes and exams are identical to worksheet problems and homework, so do those and you're good.",The review indicates heavy or difficult exams and substantial homework or lab workload.
MATH240_305,MATH240,Wiseley Wong,2024,5,"Of the math classes I've taken at UMD, Wiseley's MATH 240 was my favorite and best-taught course. He lectures at the perfect speed for me and is great at answering questions. I appreciated how he often connected topics to their applications like computer science, making the material more interesting. I thought the midterms were fair and he led the final design this semester so it had similarities to the previous exams. He also has great TAs (shout out to Qi'An!). As a math minor, I'd consider taking him if he's teaching a 4xx math class.",0,1,0,0,0,0,0,0,I thought the midterms were fair and he led the final design this semester so it had similarities to the,The review indicates heavy or difficult exams.
MATH241_472,MATH241,Manoussos Grillakis,2025,1,"Horrendous experience and overall just keep away if you expect professors to cover material that actually pertains to the subject. - Lectures are incredibly theory heavy and is not practical to solving your material - Terrible pacing and organization for the course, a lot of the material is years old and the ""HW"" projects are lifted from a different professor's old content and not even updated for our year. - Very little support offered in ways of practice, outside of highlighted problems from the rickety old calculus textbook - Very make or break depending on TA with this professor. - Self-study is a must with this professor, if you find it hard to self-study STAY AWAY. Overall absolutely terrible experience, you will learn better with a tutor, someone else, from another professor's class, or just anywhere else. Take this professor if you want to have a miserable time or want to retake whatever math course you have with him again. I recommend Professor Leonard and/or Alexandra Niedden on YouTube, additionally look for Justin Wyss-Gallifant's material online because it is much better support than whatever Grillakis is doing.",0,0,0,0,0,0,0,0,,No clear workload signal.
MATH246_307,MATH246,Pablo Cedillos,2025,5,"This man is the best TA of all time, AND HE ISN'T EVEN MY TA. He explains topics beautifully, and he genuinely cares for his class. I went to his office hours for help, and we ended up watching the last 20 minutes of the Barca v Inter game. Everyone loves King Pablo",0,0,0,0,0,0,0,0,,No clear workload signal.
MATH310_001,MATH310,Kathryn Truman,2016,4,"I mostly agree with the other reviews. Kate is very energetic and knowledgeable. She is normally very clear with her explanations (written and spoken). With just those things, she's already better than most of the other math teachers I've had at UMD which were terrible at communicating course material. What's scary is how much of the two textbooks she has memorized including questions and question numbers. However, the class was too much work (for me at least). If anyone is to blame, it's the math department's (ludicrously?) high standards. If she didn't jam as much in as possible, then students wouldn't be prepared for Math410. But, because there was so much material, she could hardly give us a brief explanation and short example for each topic. So now after finishing the class, I feel like a Jack of all trades but master of none, and spending so little time on each topic means I'll probably forget almost everything (except broad topics) over the summer. If there was less material, I could have mastered more of it, and it would likely stick longer. But I guess for a cursory preview/review of a bunch of math topics, Math310 served its purpose. It's funny how I put more way effort into my math classes (including Math310) than my 4xx level comp sci classes, and I get a B in math and A in comp sci (without even having to take the final in comp sci). It's hard to say if comp sci is a bit too easy or if math is a bit too hard, but I'm leaning towards math being too hard. It's great that Kate (and the other math teachers) drop a bunch of assignments and nudge grades so the class averages work out, but I'd rather they curve things around student performance than what percentage of the content they can cram into their brains and regurgitate onto paper in an hour. For example, comp sci classes might set the B/C cutoff at the median for the class, and have the other grades based on standard deviations from the median. (median - 2(std dev) = D, median - 1(std dev) = C, median = B, median + 1(std dev) = A). That means you have to do well compared to your classmates which is mostly independent of how well the teacher is at preparing the students for tests. If the teacher's style doesn't fit with how the students learn (on average), then students can still do well compared to each other. With the math department's system, if the teacher's style doesn't fit with how the students learn on average, then the students won't know all of the material, so they will do poorly on average. So for math, a student can put in way more effort than others and get a better grade than most of them and still get a bad grade in the class if the class average was low (or a B when they put in a ton of effort). Dropping and nudging scores helps, but it can still leave students that put in a ton of effort with a less-than-ideal grade. This problem wasn't as severe with Kate's Math310, but I wish she did something to curve tests with low averages, or did an overhaul to compare students vs each other instead of vs the textbook. In general, I spent nearly all of every Saturday working on Math310 homework and several hours throughout the week on the other assignments. This felt overwhelming, but it didn't even feel like enough practice for all the content. So, if you have to rush and sacrifice quality for quantity to pack material into a class, is there too much material? Does the math department want its 3xx classes to be more work than other majors' 4xx classes? (Not to mention Math1xx and 2xx tend to feel like 3xx or 4xx classes). And the icing on the cake is that taking CMSC250 places you out of Math310, but Math310 is unarguably much more difficult. That was a lot of complaining, but at least Kate tried her best and was better than other math teachers. (Hmm, what a useful metric comparing people against their peers is).",0,1,1,0,0,0,0,0,"But, because there was so much material, she could hardly give us a brief explanation and short example for each",The review indicates heavy or difficult exams and substantial homework or lab workload.
MATH401_049,MATH401,Matthias Wellershoff,2023,5,"I feel like his lectures were pretty clear and he is very willing to hear out student concerns. Very approachable guy who wants to see you do well. It was his first time teaching in the US, so he wasn't always sure about the pacing of the class and ended up skipping some material towards the end. Class was not too hard even though I'm not great at linear algebra.",0,0,0,0,0,0,0,0,,No clear workload signal.
MATH410_057,MATH410,Roohollah Ebrahimian,2022,5,"challenging, but a great professor. had him for 341 last semester, but didn't get around to reviewing until now. his weekly quizzes are mostly reiterations of the homework, and so are free points. but you're going to need those points, as exams are quite hard (but fair), along with homeworks and study guides. if you do well on the homework and study guide, the exams are just like those. you'll walk out of the class really understanding the material he teaches you. if you just wanted an easy a...find someone else. also, his class is very well-organized. notes are posted online, and his ""drop one exam for the final"" is merciful, since the final has an extra credit question.",0,1,1,0,0,0,0,1,"his weekly quizzes are mostly reiterations of the homework, and so are free points.","The review indicates heavy or difficult exams, substantial homework or lab workload, and challenging but fair expectations."
PHYS121_023,PHYS121,Edward Redish,2009,5,"Dr. Redish is a education research professor. He will learn your name, interact with you, and he really does care whether or not you LEARN the material. You might get a slightly lower grade because his tests and homework require you to think really hard, however I highly recommend him. You will get something out of his class.",0,0,1,0,0,0,0,0,"a slightly lower grade because his tests and homework require you to think really hard, however I highly recommend him.",The review indicates substantial homework or lab workload.
PHYS260_129,PHYS260,Hailu Gebremariam,2024,4,"I beg any future students of 260 to just review the dang lecture slides and redo the example problems. Try to understand them and you should be fine for all exams. If you go to class, great you'll have seen the material already and studying wont be hard. If you don't, you'll be learning confusing topics for the first time (like myself) and it may take longer. I think this class was an easy A if I understood how to study for it from the start. In the beginning I wasted my time studying the homework problems (although helpful, kinda, overwhelmed me and made me lose confidence in the material leading up to the exam 1). Once i realized its just slide material, the class became easy from exam perspective. The final was crazy hard so just prepared for a big grade drop there. I don't know how my final grade will turn out, depends on the curve but I expect a low B. I'd reccomend this professor, as good as they get.",0,1,1,0,0,0,0,0,I beg any future students of 260 to just review the dang lecture slides and redo the example problems.,The review indicates heavy or difficult exams and substantial homework or lab workload.
PHYS270_006,PHYS270,Wendell Hill,2014,1,"Dr. Hill is by far the worst teacher I have ever had. If I could really rank him, he would be negative. NEVER EVER EVER take his class. His exams were impossible, the material is class was worthless. He has no respect for his students. He was awful to deal with, never responds to emails.",0,1,0,0,0,0,1,0,"His exams were impossible, the material is class was worthless.",The review indicates heavy or difficult exams and course disorganization.
STAT100_166,STAT100,Yue Dong,2024,4,"free A if you do the bare minimum (show up to class, do occasional HW assignment). formula sheet is given for all exams. weekly TA session that gives the answers to the week's RStudio assignments, which already come with instructions. Great class if you want the free grade boost, just keep in mind the lectures are mostly reading off a Pearson slideshow.",0,1,1,0,0,0,0,0,formula sheet is given for all exams.,The review indicates heavy or difficult exams and substantial homework or lab workload.
STAT400_396,STAT400,Sana Jahedi,2025,1,"This class gave me gastritis. This professor switched up from last semester. No practice exams at all anymore. The midterm exams were monstruous. This was worse than CMSC250 with Fawzi. If Fawzi edges to proofs, then Sana Jahedi edges to stats.",0,1,0,0,0,0,0,0,No practice exams at all anymore.,The review indicates heavy or difficult exams.
STAT401_001,STAT401,Eric Slud,2010,1,He's really boring and assigns lots of homework. You won't learn anything. Stay away.,0,0,1,0,0,0,0,0,He's really boring and assigns lots of homework.,The review indicates substantial homework or lab workload.
STAT410_045,STAT410,Mestiyage Gunatilleka,2023,5,"Like all the other reviews said, professor is very fair, exams are easy, homework is not too bad, R projects are the only pain tho",0,0,0,0,0,0,0,0,,No clear workload signal.
BSCI160_523,BSCI160,Bill Fagan,2024,5,"Honestly, people in my class are just leaving negative reviews because they are mad at their grade. If you actually study and pay attention in class, you will get at least a B if not more. The concepts are not hard, it is just memorization. him letting us have 2 pages of front and back notes really helps with this. I think he is a good professor and really wants us to understand what is happening - I think his lectures are helpful because they explain his slides in easier terms. I think his exams are mainly fair since there is always at least a 6 point curve, but I do agree that some questions should not be put on the tests. Maybe don’t take this class as a lab credit, but for bio majors, it really is not bad at all.",0,1,1,0,0,0,0,0,"I think his exams are mainly fair since there is always at least a 6 point curve, but I do",The review indicates heavy or difficult exams and substantial homework or lab workload.
BSCI170_245,BSCI170,Eric Haag,2025,3,"okay ... I got an A in this class, but it wasn’t easy. I would only recommend taking it if you’re willing to study on your own and already have some background in biology. The lectures can be tough to follow—his slides are long and sometimes hard to understand, and his voice is very monotone, which made it difficult for me to stay focused. What worked for me was sitting in the front of the class and passively listening—he does drop hints about what will be on the exam. I didn’t take extensive notes during lecture, just jotted down key things I needed to review more deeply later. After class, I would go through the slides on my own, take detailed notes, and turn those notes into flashcards. A few days before the exam (or the night before), I’d focus on what I still didn’t know and “dump” everything I could onto a whiteboard. That strategy worked for me, but of course, it may not work for everyone. A few other things to note: - He goes more in-depth than other professors, so be prepared to dive deep into the material. - He is very passionate about biology, and that comes through more in office hours. If you’re struggling or curious, go—he’ll explain things in more depth (though he tends to ramble). - Do the practice exams—they were very similar to the real ones and super helpful. - Definitely study hard for the first exam—it might be harder than the others. Good luck T-T",0,1,0,0,0,0,0,0,sitting in the front of the class and passively listening—he does drop hints about what will be on the exam.,The review indicates heavy or difficult exams.
BSCI171_013,BSCI171,Swarna Mohan,2021,4,"The workload was heavy for a one-credit class, however, that's kind of always how it is for lab classes, so it's nothing new. The assignments we not very difficult, just time-consuming. As long as you spent time and effort on the assignments you should do pretty well.",0,0,1,1,0,0,0,0,"heavy for a one-credit class, however, that's kind of always how it is for lab classes, so it's nothing new.",The review indicates substantial homework or lab workload and significant time commitment.
BSCI201_052,BSCI201,Nelson Bennett,2023,4,"Bennett is the lecturer for anatomy 1 and I thought he did a good job. He made some uncomfortable jokes sometimes but they definitely helped me to remember the material. His exams were difficult but if we didn't get time to cover something in class, he would take it off of the exams. Each exam had a bonus worth 4-6 points. Exams were a mix of multiple choice, fill in the blank, and free response and there were 3 of them in addition to the final. The final was not cumulative in nature. The bonus questions were the only cumulative part of it. Lab for this class was practically nothing. There were only pre-lab assignments and the 3 lab practicals. The practicals were hard and you had to memorize lots of diagrams.",0,1,1,0,0,0,0,0,"His exams were difficult but if we didn't get time to cover something in class, he would take it off",The review indicates heavy or difficult exams and substantial homework or lab workload.
BSCI207_148,BSCI207,Karen Carleton,2024,5,"Dr. Karen is the sweetest professor, who is extremely passionate about what she teaches and cares about her students a lot. I really enjoyed when she included a bit of outside information that connected to the topics and found it very interesting. The lectures are packed with information, so I would highly recommend rewatching the lectures to ensure understanding of all content. However, all the material needed for the midterms and exams is covered by the GAEs and lectures. The homework and GAEs are basically completion and still the lowest HW and GAE scores are dropped, same with the lowest midterm score. Also, a cheat sheet was allowed for each midterm, which really helped consolidate certain information. Overall, I really enjoyed Dr. Karen as a professor and the class.",0,1,1,0,0,0,0,0,"However, all the material needed for the midterms and exams is covered by the GAEs and lectures.",The review indicates heavy or difficult exams and substantial homework or lab workload.
BSCI222_198,BSCI222,Jessica Mutz,2025,1,If I could give her zero stars I would. DO NOT TAKE HER. Her tests are extremely difficult and her lectures are practically pointless to attend. I spent so so much time studying for her tests and you will still not do good. She's new so at first I would give her some slack but this class has just been consistently awful. Genuinely nothing positive I can say about her and the TAs are pretty useless.,0,0,0,0,0,0,0,0,,No clear workload signal.
BSCI223_028,BSCI223,Erin Tran,2023,1,"I am not learning anything in this class. They just flood you with pointless assignment after pointless assignment. It's also screwed with my mental health and made me resent one of my favorite subjects. Instead of a 1-hour exam per week, you're expected to a 20-30 hour assessment that basically forces you to redo all of the classwork you did so far, only with entirely different set-ups, if that makes sense. Then you have a massive report due that constitutes 50% of your grade during the same week the huge assessment is due. Expect to spend 8 hours a week in this class, and that's just the lecture, lab and ""discussion"". Not counting the endless work you have to do. They also pick apart your grade for the tiniest things, and every instruction is a 3-page word salad with thousands of requirements. It's also very condescending. ""Your idea must have real genetics and biochemistry to back it up... nothing from the realm of fantasy or science fiction land."" I have seriously never seen instructions like these that insult you, confuse you and overload you at the same time. This class also demands brevity out of you despite dumping walls of text infront of you. I've seriously read an assignment 8 times back and forth for an hour and have lost 20/30 percent of the points for missing one small step. I've also made a single mistake and had that repeatedly docked from my total in the same report. I have to white-knuckle through this class and beg for my efforts to be seen. One day you've spent 8 hours straight doing homework and the minute you look up you drop a letter grade for something that would have been a 1 or 2 pt deduction in any other class. Even in classes I have taken that grade harshly in writing, like psych and english, don't grade your writing as harshly in this class. And to what end? It's a fucking micro class. I just feel like the class expected us to be more immature than we were and simultaneously way more experienced in microbio. I have roommates in the grad school at UMD and they tell me that this class is more ridiculous than what they have to do. Whatever they're trying to do, it's really not working. If you can wait to take this class until a prof that gives exams teaches it, do so. If you can take it at a diff college, do so. If you can put it off until your last semester so it doesn't affect your grad/med school app, do that. Do not take this as an elective no matter how much you care about the subject. Would you take Math115 as an elective? This class is seriously the same way. Do what you can to avoid this class.",0,1,1,1,0,1,0,0,"Instead of a 1-hour exam per week, you're expected to a 20-30 hour assessment that basically forces you to redo","The review indicates heavy or difficult exams, substantial homework or lab workload, significant time commitment, and harsh or unfair grading."
BSCI330_104,BSCI330,Kenneth Frauwirth,2023,5,"Literally the cutest professor ever. We saw him with his kids and it was so wholesome, we all love Frauwirth. His exams are really fair, he really knows his stuff, and he records lectures.",0,1,0,0,0,0,0,0,"His exams are really fair, he really knows his stuff, and he records lectures.",The review indicates heavy or difficult exams.
BSCI410_055,BSCI410,Louisa Wu,2022,1,"Ok, so here's the thing. Louisa Wu is the sweetest nicest person. However. She is a really bad teacher. Every single class she forgets the material that she is teaching and seems to display a lack of understanding on the subject. Quotes such as ""huh, I should have reviewed my slides better,"" or ""I'm pretty sure I explain this in my notes..."" are frequently heard in the classroom while she is unable to recall the material that she is supposed to be teaching. Very often I will leave after class, rewatch the recorded lecture twice and I will still not think it makes sense, because she lacks clarity and organization. After the first exam, I walked out of the classroom entirely unsure of how I did because I felt like I had zero grasp on any of the material. I ended up getting a ~180/200 which was nearly 30 points above the average, which made me wonder: If I had zero grasp on the material, and got that score, then what was wrong with the test? Or maybe the entire class had so little understanding of the material also because of the class. I'm not sure. Anyway, I feel bad saying this, because she's super nice and accommodating, but she is simply not a good teacher.",0,1,0,0,0,0,0,0,"After the first exam, I walked out of the classroom entirely unsure of how I did because I felt like",The review indicates heavy or difficult exams.
CHEM131_471,CHEM131,Samuel Lascio,2025,2,"I honestly don't know how Dr. Lascio is getting five star ratings. Although he is a decently nice person and does try to answer questions as best he can, my experience in his class has not been great. Every single exam has had a failing score as the class average. I personally believe that this is a reflection of Dr. Lascio's teaching, as I have heard other chem131 sections having average test scores of at least 70-75%. The only reason I am expecting a C+ is because of the hopes I have that he will curve this class. Also, a girl in my class emailed him about her concerns about our second midterm because everyone did so bad on the first one (average of a 52%), and he pulled up her email in front of the entire lecture hall and picked it apart for a good 25-30 minutes. He claimed she gave him permission but I still found it a little off-putting that he did that and it also wasted time in the class that could have been used for reviewing material for the second exam. He also says that if we pass the final exam, he will automatically pass us with a C-, which infers the final is basically going to be impossible. I study for every exam for at least a week before, and I have only passed one. Praying that I can pass this class.",0,1,0,0,0,0,0,0,Every single exam has had a failing score as the class average.,The review indicates heavy or difficult exams.
CHEM132_021,CHEM132,Christiana Guest,2022,2,"This woman is literally a mystery. This class was a ridiculous amount of work for a one credit lab, but I gave her an additional star for her ginormous curve at the end of the semester.",0,0,1,0,0,0,0,0,"amount of work for a one credit lab, but I gave her an additional star for her ginormous curve at",The review indicates substantial homework or lab workload.
CHEM135_378,CHEM135,Samuel Lascio,2025,5,"Honestly the biggest problem is that the class itself is just hard. I think Lascio does a great job making the content understandable but it seems like we're always behind on something. The course feels rushed but that's just the nature of the course and not Lascio's fault. He does a good job responding to emails despite how many students he has and the exams are always like the practice exams. Currently though, there is no practice final, which is a little disappointing but manageable. Lascio is always working overtime making sure grades are in quickly and lecture slides posted in a timely manner. He goes above the standard so much so that there have been times he's uploaded annotated slides at around 1am",0,1,0,0,0,0,0,0,good job responding to emails despite how many students he has and the exams are always like the practice exams.,The review indicates heavy or difficult exams.
CHEM231_370,CHEM231,Bonnie Dixon,2025,5,"Dr. Dixon's teaching style worked very well for me personally. If you start going to her office hours pretty regularly you will quickly be able to tell that she does care deeply about her students and wants everyone to succeed - you just need to be willing to put the effort in. For me its easier to work hard in a class where I can tell professor is putting in just as much work and this is absolutely true for Dixon. She has TONS of office hours that you can go to which I highly recommend. Some are busier than others, and obviously its better to catch her at a time where things arnt super crazy in her office. But if they are you'll find other students there that you can check you HW answers with/ collaborate with. I went to OHs every time we had a HW or extra credit assignment which I absolutely believe is the main reason I did well in this class. I liked that you wont have to ""guess"" what your grade will be throughout the course. Its pretty clear that 85% and up will be an A and the exams are graded with a built in curve, usually grades come back the day after. Also, yes sometimes she can clock you for asking a dumb question or not being clear, but please do not be one of the people that takes it personally and gets ultra sour about it because its not that deep and she's really just joking with you (I think). Keep organized notes, always watch the CAN, and review what you learned every weekend. Definitely glad that I took Dixon!",0,1,1,0,0,0,0,0,"up will be an A and the exams are graded with a built in curve, usually grades come back the",The review indicates heavy or difficult exams and substantial homework or lab workload.
CHEM232_012,CHEM232,Diandra Soemardi,2022,5,"Diandra was the best TA I have had. I was so so lucky because I got Diandra as my orgo lab TA, and Shannon as my lecture TA. I honestly cannot say how great it was to have Diandra. She always knew so much about the material and was able to explain it in ways that made sense. I know that she significantly helped my grade because the one week I couldn't make it to lab, I was completely lost. She is extremely helpful, does so much to make sure we get the quality of assistance she thinks we deserve. Honestly just 12/10 TA. I don't know how else to put it in this review. She had 6 lab sections and still managed it all. I'm sad she is leaving.",0,0,1,0,0,0,0,0,"I was so so lucky because I got Diandra as my orgo lab TA, and Shannon as my lecture TA.",The review indicates substantial homework or lab workload.
CHEM241_204,CHEM241,Bonnie Dixon,2025,1,"She is the worst professor in the chemistry department. She will be rushing through the lecture the entire time. Tells everyone that they are welcome to her office hours and they are not helpful at all. There are almost 30, 40 students in her office hours at any given time which shows how terrible she is and then she is proud that so many people are in my office. She is only nice to people who go to her office every day. She said we should consider studying as a full time job and should study 40 hours outside of class. She thinks we only have a chemistry class and have nothing else to do. Her home works are terrible, nearly impossible and will take all of your time and then will not get points. There are no practice exams except for the one she goes over in CAN. CAN is not extra practice session, she literally considers it as a part of the lecture. She will not let you enter the CAN after five minutes, well they are recorded. If you go to office hours you will have to wait for at least one hour for your turn to ask questions. She is not considerate at all. She is rigid and have stupid policies and she complicate everything. I do not know how she has this rating her rating should be -5. Koppel is way better than her. DIXON IS A TERRIBLE PROFESSOR AND UNREASONABLE and she looks proud of it.",0,1,0,0,0,0,0,0,There are no practice exams except for the one she goes over in CAN.,The review indicates heavy or difficult exams.
CHEM271_175,CHEM271,James Rainbolt,2024,5,"I had rainbolt for both orgo 1 and chem chem 2. Can come off very mean and hard initially, but he's actually very chill if u go to his office. His work preps u well, he gives very little busy work, and the entire course is given to you in a very organized way.",0,0,0,1,0,0,0,0,"preps u well, he gives very little busy work, and the entire course is given to you in a very",The review indicates significant time commitment.
CMSC131_358,CMSC131,Elias Gonzalez,2024,5,"Elias is a good professor and a really nice person overall. He's very understanding and keeps his lectures interesting. Exams were fair, if not easy. He also dropped two quizzes at the end of the semester instead of just one because the class was struggling. He gives you more release tests than Pedram which is super helpful for projects, and you also get three late tokens. Definitely take him for 131.",0,0,0,0,0,0,0,1,"Exams were fair, if not easy.",The review indicates challenging but fair expectations.
CMSC132_410,CMSC132,Fawzi Emad,2025,5,"Truly one of the greatest lecturers I have had in my entire educational career. He made the curriculum come alive in a way no other teacher ever has for me. There were days I would love to just keep having him lecture. However, he is not necessarily the best as an overall professor due to his lack of office hours and outside of class communication. Would 1000% recommend for all students to take him at least once!",0,0,0,0,0,0,0,0,,No clear workload signal.
CMSC320_140,CMSC320,Fardina Alam,2024,5,Didn't go to class. Lenient grading for final project. Free A as long as you keep up with the material.,0,1,0,1,0,0,0,0,Lenient grading for final project.,The review indicates heavy or difficult exams and significant time commitment.
CMSC330_179,CMSC330,Christopher Kauffman,2023,5,"From my course eval: ""Professor Kauffman's lectures were extremely helpful in understanding the material and I appreciated the amount of time he spent going over concepts and the depth at which he covered them. His in-class activities were a breath of fresh air after previous lecture-heavy CS courses and helped solidify concepts. He answered questions during class thoroughly and was clearly passionate about the material and about his students' success. His slides were both informative and visually appealing (as a hobbyist graphic designer, I approve). His nerdy lecture examples were memorable (I recall a Lord of the Rings-themed one demonstrating OCaml records). When extenuating circumstances arose, he was quick to respond to emails and quick to be accommodating. He was extremely open to feedback and willing to sit down in office hours with his students discussing said feedback at length. I do not think I could have had a better 330 professor than him, and I will be looking forward to taking future courses with him (if possible).""",0,1,0,0,0,0,0,0,His nerdy lecture examples were memorable (I recall a Lord of the Rings-themed one demonstrating OCaml records).,The review indicates heavy or difficult exams.
CMSC414_005,CMSC414,Michelle Mazurek,2018,4,"Professor who clearly knows her stuff. However, I'm not sure if it was the long class block or the presentation, but I struggled staying awake every class - especially about private and public keys. The programming assignments are kinda fun, but can be really challenging if you don't have the right mindset. Exams were alright, she allowed cheat sheets, but still lots of potential material. I'd maybe recommend to a final semester senior.",0,1,1,0,0,0,0,0,"Exams were alright, she allowed cheat sheets, but still lots of potential material.",The review indicates heavy or difficult exams and substantial homework or lab workload.
CMSC420_119,CMSC420,Justin Wyss-Gallifent,2023,4,"Justin is a great professor but the class had too many proofs in my opinion, even though it seem to go down from last semester. My main issue was just how much more work this class was compared to the people who took 420 with Marsh did. Overall not a bad class, just unfair compared to marsh.",0,0,0,0,0,0,0,0,,No clear workload signal.
CMSC421_004,CMSC421,Dana Nau,2010,1,"Do not take a class with this professor. His class was very unorganised/unstructured. For the first project he had put it on the forum for about 2 weeks before even making any mention of it. He gave us about 1 month for that project, which was a simple ""get familiar with the language"" sort of a project and for the other 2, which were significantly harder he gave 2 weeks. His lectures were pretty boring, and he took forever to give back the homeworks. He tried to be helpful, but his teaching style/class structure just works against him.",0,0,1,0,0,0,0,0,"His lectures were pretty boring, and he took forever to give back the homeworks.",The review indicates substantial homework or lab workload.
CMSC424_021,CMSC424,Peter Keleher,2021,2,Mediocre prof. Reads of the PowerPoint rather than teaching. Posts quizzes and makes them due before he actually teaches the material. Refuses to post lecture recordings. Projects aren't bad. Very vague on information relating to exams. Pushes students to participate.,0,1,0,0,0,0,0,0,Very vague on information relating to exams.,The review indicates heavy or difficult exams.
MATH140_445,MATH140,Jonathan Fernandes,2025,4,"Overall, the course is pretty difficult, but keep in mind that homework and web assigns will be significantly harder than the actual exams. He's not the best teacher, so I personally didn't go to class, but everything is recorded, so if you can solve the problems from the worksheets and the problems he does in class, you will be just fine. Also, make sure to utilize the office hours of all the TAs for the course because some are significantly better than others.",0,1,1,0,0,0,0,0,"is pretty difficult, but keep in mind that homework and web assigns will be significantly harder than the actual exams.",The review indicates heavy or difficult exams and substantial homework or lab workload.
MATH141_483,MATH141,Sean Gruber,2025,5,Great prof and very helpful. Easy exams and minimal required homework. He posts lecture recordings.,0,0,0,0,0,0,0,0,,No clear workload signal.
MATH240_304,MATH240,Shin Song,2024,1,I would recommend taking linear with someone else. The way she explains stuff is just not good so the lectures weren't very useful. Discussions were never useful since they were just repeats of the lecture beforehand. I only managed to get a B by learning everything from youtube videos.,0,0,0,0,0,0,0,0,,No clear workload signal.
MATH241_471,MATH241,Kendall Williams,2025,5,"As a person, Dr. Williams is very funny and lighthearted. He is also very responsive to questions in class, and, unlike many math teachers that I have had, would not make you feel stupid if you asked a silly question. He also has an extensive shoe collection. Lectures: Dr. Williams had absolutely giant handwriting on the armory chalkboard that could most likely be seen for miles. He was very easy to understand, and talked at the speed at which he was writing, meaning you could write down everything that he said. The lectures were informative, and he gave hella practice problems. Homework: Outside of class, there is very little required work. He gives suggested problems for each chapter (he gave about 28 sets through the semester), which can be very helpful, and if you treat the suggested problems like homework, you can get an edge up in the class. Over the semester, he gave 2 actual homework assignments, one of which was individual and was about 8 question, the other was required to be worked on in groups, and was 12 questions. Discussion: The discussion consisted of walking through practice problems based on what Dr. Williams had discussed in class at the previous lecture. There are also 6 Quizzes throughout the semester held in Discussion. Tests: This is where many people's hatred for Dr. Williams comes from. Most other math professors give straight math questions where you have to solve an equation or use a given theorem, but most of Dr. William's questions were applications of materials that we had learned in class, which reflected your ability to conceptually understand everything that had been taught in class. Overall, I absolutely loved Dr. Williams. Something I hate about modern teachers is how much they teach ""for the test,"" and inflate grades to reflect student's ability to memorize formulas, and not truly understand the topics. Dr. Williams is one of the few professors that allowed me to understand the material, and actually understand what the equations that I was using were doing. Yes, the grades on his tests were quite bad, but it was because people were used to pumping themselves full of memorized formulas instead of actually understanding the material. It is unfortunate that there are not more teachers like Dr. Williams, and it is unfortunate that many teachers like Dr. Williams are shunned for not giving everyone a free A. If you want to slog through Calc 3 filling yourself with information and formulas that you will forget in a month, definitely take another professor, but if you want to put in a little extra effort and actually understand the concepts, the class is an absolute breeze, and is one of the most rewarding classes I have ever taken.",0,1,1,0,0,0,0,0,There are also 6 Quizzes throughout the semester held in Discussion.,The review indicates heavy or difficult exams and substantial homework or lab workload.
MATH246_306,MATH246,Antoine Mellet,2025,4,"Echoing other reviews, great professor. Yes, he has a French accent, but is generally understandable by most people. Mostly serious but may crack the occasional joke. Teaches very clearly and clarifies people's questions. Difficulty is I had an A in the class (mostly low 90s on exams) until the final, which was very difficult and knocked my grade down to a B-. I knew the exam would likely lower my grade (as word is the exam is always brutal), but did not expect to do as bad as I did. Thankfully, he curved all minus grades to their base grades, but this lack of preparation for this exam is why I knock off a star, as he could have better informed us/given specific suggestions on how to study for it, even if it was largely out of his control as far as what was on the exam (which I do not know who wrote).",0,1,0,0,0,0,0,0,"in the class (mostly low 90s on exams) until the final, which was very difficult and knocked my grade down",The review indicates heavy or difficult exams.
MATH310_007,MATH310,Steve Halperin,2015,5,"In short, he is a great professor. The class is definitely challenging, but he makes it as fair as possible by drawing exam questions only from previous homeworks. He's always willing to answer questions, even if it's the answer to an upcoming homework problem. Definitely go to office hours and have lots of questions. His lectures themselves are not that useful, but really that's because proofs is something I think you just have to learn through practice.",0,1,1,0,0,0,0,0,"class is definitely challenging, but he makes it as fair as possible by drawing exam questions only from previous homeworks.",The review indicates heavy or difficult exams and substantial homework or lab workload.
MATH401_048,MATH401,Raluca Rosca,2022,2,Final grades were due days ago and she still has yet to grade our first 4 exams… the whole class went into the final only having homework and geoupwork grades in :(,0,1,1,0,0,0,0,0,Final grades were due days ago and she still has yet to grade our first 4 exams… the whole class,The review indicates heavy or difficult exams and substantial homework or lab workload.
MATH410_056,MATH410,Stefan Doboszczak,2022,1,"Had the opposite experience as others. This class is statistically known to be the HARDEST class for math majors by far. From my experience, he would always leave proofs half written and have students figure it out on their own, and sometimes he would look at his own proofs and find small errors. Before exam day, students requested he go over the whole practice exam for review since it would be great knowing the difficulty of the material, but he simply refused.",0,1,0,0,0,0,0,0,"Before exam day, students requested he go over the whole practice exam for review since it would be great knowing",The review indicates heavy or difficult exams.
PHYS121_022,PHYS121,Edward Redish,2009,3,"Dr. Redish has a very... unorthodox way of teaching, for his PHYS 121 class at least. He doesn't do any example problems in class, and skims over conceptual material in a hurry. There's a substantial amount of work to be put in for this class, even for a 4 credit class--weekly tutorial homeworks, lecture homeworks, labs, and quizzes. The lecture homework took at least 5 hours a week, and can be very frustrating and time-consuming. The tutorials are a joke. He's an OK professor to talk to be can be kind of condescending if you don't understand the material the first time round. His grading scheme is also kind of wacky; the quizzes and exams are not curved (with >75% and A), but the labs and homework are, dependent upon the harshness of your TA's grading.",0,1,1,1,0,0,0,0,"He doesn't do any example problems in class, and skims over conceptual material in a hurry.","The review indicates heavy or difficult exams, substantial homework or lab workload, and significant time commitment."
PHYS260_128,PHYS260,Hailu Gebremariam,2024,2,"If you go to class, you will be fine. That being said, his lectures are INCREDIBLY boring. I have taken Hailu twice now, and both times I stopped going to class halfway through the semester because I kept falling asleep. His lectures are helpful if you can pay attention. He posts his slides, but they are directly from the textbook. His exams are fair, though be prepared for the final to look different since multiple professors create it. If I would have continued going to class, I can confidently say I could have gotten a B, but you know life happens, so keep that it mind. I would take a different professor if you can, but if not you'll be fine.",0,1,0,0,0,0,0,1,"His exams are fair, though be prepared for the final to look different since multiple professors create it.",The review indicates heavy or difficult exams and challenging but fair expectations.
PHYS270_014,PHYS270,Hailu Gebremariam,2012,4,"Bantu makes PHYS270 a decent experience. There are two midterms, each worth 12% of your grade, which is nice because most of the PHYS270 professors do 3 midterms. Overall, they were pretty easy, with a few of the questions being very similar, or even direct questions from the homework. Lab is 25%, but that is the same regardless of your professor. Lab was, in my opinion, the worst part of the class. There are only 4 labs (plus the culminating lab), but they all pretty much took the full 3 hours and were pretty tough. Your experience is going to depend entirely on who your lab TA is. If you get a good one, lab shouldn't be bad. Quizzes are 10% of your grade, and there is one at the end of each chapter. He does not announce the quizzes beforehand, but if you follow his lectures and the schedule, you should know about when they will be. They are almost always very easy and require only basic knowledge of the chapter. Write down the equations as he is teaching, or start the homework before he finishes the chapter, and quizzes will be simple. Homework is 21%, with 14% being masteringphysics and 7% being written. The written is just to do 3 of the masteringphysics problems by hand on paper and turn it in, so it's not really extra work. The masteringphysics tends to be pretty easy, so the homework isn't a huge burden. Do check often if there is an assignment though because he does not announce when he posts them. Do not copy from the solutions manual because they are watching for that and a large portion of the class did just that on the first homework. The exams were each 3 problems and were usually pretty simple. The only issue is that since they are only 3 problems, if you are completely lost on one question, you already lost a large portion of your grade. Study hard for these, redo the masteringphysics, and you'll be fine. The final exam was a common final across all the sections, and was actually pretty easy. It's hard to say if he curved the class because we did not get our final exam scores back, but I have a feeling that he did.",0,1,1,0,0,0,0,0,"There are two midterms, each worth 12% of your grade, which is nice because most of the PHYS270 professors do",The review indicates heavy or difficult exams and substantial homework or lab workload.
STAT100_165,STAT100,Archana Khurana,2024,5,"great teacher, she's so nice and genuinely cares about her students and their grades.. I would reccomend this class for someone who needs to take a math class, but doesn't wanna do any calc/trig/precalc... stats really isn't difficult.",0,0,0,0,0,0,0,0,,No clear workload signal.
STAT400_395,STAT400,Sana Jahedi,2025,1,"Sana has to be one of the worst professors to roam the planet. She has a hard time teaching the material to the class and continually fails to answer questions when they are asked. I've never had a class that caused me to be more confused by the time I walk out of the doors than this one. All reviews about her ""easy"" exams are old. She pulled a complete 180 on us and now gives 0 practice problems, past exams, or reviews. The class before the 2nd midterm was used to teach new material that was going to be on the exam, rather than as a review session. After the majority of the class failed the exam, she came in the next week and blamed us all for doing badly on the exam. Most of the questions weren't even taught previously for the exam, which made it more difficult. Sana is rude, and condescending which makes you feel even more like a moron. If you're looking for a professor to actually do their job and teach you, then this is not the one. For the sake of your own grade, DO NOT take Sana. You will be in hell more than the classroom itself.",0,1,0,0,0,0,0,0,"She pulled a complete 180 on us and now gives 0 practice problems, past exams, or reviews.",The review indicates heavy or difficult exams.
STAT410_044,STAT410,Mestiyage Gunatilleka,2023,5,"Danul is a very nice guy. He really cares about the success of his students. The lectures are fine. He is a generous grader on homeworks, quizzes, and exams. His exams are very similar to the practice problems. He will let you make up missed quizzes and gives homework extension if you ask him. He will also release solutions to practice exam problems (which are very similar to the actual exams)- just ask him! The exam average is very high. If you put the required effort, you can really get an A+ in his class. I had a really busy semester, so I could not put more time in this class and still ended up with a B. Take his section for Stat410 if you really want a good grade. Unlike other sections, there are no R projects in his class :)",0,1,1,0,0,0,0,0,"He is a generous grader on homeworks, quizzes, and exams.",The review indicates heavy or difficult exams and substantial homework or lab workload.
BSCI160_522,BSCI160,Bill Fagan,2024,1,"run if you can, Bill Fagan is not for the weak, he's a wolf in sheep's clothing, he originally seems very straightforward and clear cut but once you get further into his class he shows his true colors, none of his exams are actually curved, he give around 6-10 points extra just to account for his confusing questions. I didn't study too much for the midterms and got two B's and an A but once the finals came around I thought it would be just the same... I was wrong, the final bumped my grade from a 87 to a 79 since it was so long and made no sense and had those equations that nobody understood, from the hw they never gave us the correct answers to.",0,1,0,0,0,0,0,0,I didn't study too much for the midterms and got two B's and an A but once the finals came,The review indicates heavy or difficult exams.
BSCI170_244,BSCI170,Michael Keller,2025,4,"I liked him, but not as much as people say. He is a nice guy, but going to his lectures was beyond pointless, except for the fact that he gives extra credit through clicker questions. As someone who isn't a science person, I still felt this course was so easy. His exams were soooo straight forward, which was great, but sucked if you didn't study something because there is not much room to fudge your way to the right answer (his exams are mostly multiple choice, fill in the blank, and labeling diagrams). Easy class, easy prof, brownie points for extra credit, take him, he's a fine guy. Just use all the resources he gives you because a lot of the exam questions are IDENTICAL to the practice problems he gives you.",0,1,1,0,0,0,0,0,"His exams were soooo straight forward, which was great, but sucked if you didn't study something because there is not",The review indicates heavy or difficult exams and substantial homework or lab workload.
BSCI171_012,BSCI171,Swarna Mohan,2021,4,The class is very straightforward and most of the time all assignments for the week can be done in a day or 2. Going to the TAs if you need clarification is important. Overall not too challenging to get an A if you put in the work to get assignments done and get help from office hours.,0,0,1,0,0,0,0,0,to get an A if you put in the work to get assignments done and get help from office hours.,The review indicates substantial homework or lab workload.
BSCI201_051,BSCI201,Justicia Opoku-Edusei,2023,4,"This class is so hard. Get ready to study for like a billion hours for each exam, not to mention there is typically a lab practical (which are all written response) and a lecture exam in the same week, so there is quite a bit of studying to do. Professor Opoku was chill, all of our classes were online and she didn't require us to go to any of them because she posted recordings and resources for us to use for each unit. All lecture exams were online for me but we had to take them in person, all multiple choice/select all that apply/true or false. The lecture exams were significantly harder than the lab practicals, surprisingly, but they weren't impossible, you just have to really know the content in order to be successful. Ultimately, you have to pretty much self teach yourself 90% of the info in this class, but luckily you are provided great resources to do so. Also, with the amount of information you have to know it would be impossible to just simply understand it by watching a lecture. It's mainly vocabulary and memorization which is then applied to understanding physiology. I love this class, and I personally prefer this class structure, but many don't and I can understand why. Don't be scared tho, it's not as bad as literally any chem class.",0,1,1,0,1,0,0,0,"for like a billion hours for each exam, not to mention there is typically a lab practical (which are all","The review indicates heavy or difficult exams, substantial homework or lab workload, and required self-learning."
BSCI207_147,BSCI207,Karen Carleton,2024,5,"Dr. Karen is one of the professors who wants students to actually learn and appreciate the wonders of the content. BSCI207 was a bumpy but enjoyable ride despite the absolute whirlwind of information. However, Dr. Karen accommodates that by providing everything you possibly need to succeed in this course, from providing practice questions, recording lectures, and having office hours online to allowing a cheat sheet for every exam! She even drops the lowest midterm and provides extra credit opportunities twice in the semester. Homework and GAEs are basically exam preps and graded for completion. However, still put the effort in and compare with answer keys to test your understanding. Although lectures were a little hard to follow, Dr. Karen is still one of the best professors at UMD I've had so far. She genuinely cares about what she's teaching and her students.",0,1,1,0,0,0,0,0,"course, from providing practice questions, recording lectures, and having office hours online to allowing a cheat sheet for every exam!",The review indicates heavy or difficult exams and substantial homework or lab workload.
BSCI222_197,BSCI222,Thomas Kocher,2025,4,"I took him Fall 2023, and he said he wasn't going to teach again, so I'm a little surprised to see him on Testudo for Fall 2025. His class wasn't terribly difficult, but his lectures are a bit boring as he's only reading off a lecture slide and sometimes goes into random details that he never tests you on. He also doesn't record, but you can definitely teach it to yourself from the textbook. Unfortunately, 80% of the grade comes from 3 midterms + 1 final (20% each), so you have to do well on them. He does post exams from previous years, and the format is almost identical each time, so it's not terribly hard to study for. You also have to write an essay for every exam, so they're a bit annoying. The last 20% of the grade comes from homework and a writing assignment. The homework is for completion, and the writing assignment is mostly a freebie, but they're just time-consuming. Overall, he's a pretty okay professor, just a little monotonous.",0,1,1,1,0,0,0,0,"80% of the grade comes from 3 midterms + 1 final (20% each), so you have to do well on","The review indicates heavy or difficult exams, substantial homework or lab workload, and significant time commitment."
BSCI223_027,BSCI223,John Buchner,2022,4,"Dr. Buchner is a great professor who provides many resources to help you succeed in class. This class is not very difficult content-wise, but the work can be tedious and time-consuming. If you attend lectures and go over the slides, you should be able to get an A or B. Dr. Buchner is a funny professor who is extremely helpful. He goes over assignments and questions in class, and after exams, provides an opportunity for individuals to request their tests to be regarded. If you can provide evidence to back your answer he will give it to you. Buchner likes to relate a lot of the course content to current events, making this class interesting. This class is pretty straightforward, but the workload can be overwhelming sometimes. The class PAKs can take a while to complete depending on the questions. The lab is very simple, but attendance is necessary. In the lab, you follow directions and have a couple of group assignments and presentations, which are pretty simple. Overall the workload in this class can be a lot especially since you have 2 lab sections each week.",0,1,1,1,0,0,0,0,"assignments and questions in class, and after exams, provides an opportunity for individuals to request their tests to be regarded.","The review indicates heavy or difficult exams, substantial homework or lab workload, and significant time commitment."
BSCI330_102,BSCI330,Kenneth Frauwirth,2023,4,"Dr. Frauwirth was an outstanding professor and I'm planning on taking his immunology class as well in the future. Don't get me wrong, this class is difficult and a lot of work, but he provides plenty of resources to set you up for success. The class structure was super organized, with pre-lecture quizzes each week, lectures with TopHat clicker questions, 3 midterms, a final, and the separate laboratory section. The lectures were engaging and Dr. Frauwirth has a great sense of humor. He also records the lectures which is super helpful for studying if you need to brush up on a topic. There are also a couple of extra credit points built into the course, which is nice. He provides sample questions for the exams and reuses questions from past exams which are also available. I found the exams to be kind of difficult, but I scored well on them. They included multiple choice and short answer questions, with 2 long answer essay questions except the final. This is definitely a material-dense course, but the content is actually super interesting and engaging, and it's cool to see how it aligns with other biology and chemistry courses. There is also a textbook, but personally I didn't really use it because his exams only cover content from the lectures. The laboratory section wasn't too bad, definitely try to get good lab partners. Overall I'd definitely recommend taking his class!",0,1,1,0,0,0,0,0,"organized, with pre-lecture quizzes each week, lectures with TopHat clicker questions, 3 midterms, a final, and the separate laboratory section.",The review indicates heavy or difficult exams and substantial homework or lab workload.
BSCI410_054,BSCI410,Louisa Wu,2022,5,"Dr. Wu is such a nice and caring professor who wants nothing but the best for all of her students! The content was definitely dense but the fact that she offers open note exams, extra credit, and allows you to drop an exam and multiple assignments shows that she really wants us to succeed! Easily my favorite professor during my time at UMD and most of the time we spent talking was about our families, Netflix shows, and how Dune is the best book series ever made (lol). Awesome course with a lot of super interesting information and I definitely recommend Dr. Wu!",0,1,1,0,0,0,0,0,"the fact that she offers open note exams, extra credit, and allows you to drop an exam and multiple assignments",The review indicates heavy or difficult exams and substantial homework or lab workload.
CHEM131_470,CHEM131,Samuel Lascio,2025,1,"The fact that this man has a five star review from this semester is absolutely insane to me, and inspired me to write this. Sure, he's an alright guy, one might even argue he's pretty nice outside of grading. I don't view him in that way though, as he spent an entire lecture explaining to us how it isn't his job to teach. I understand reviewing and studying on our own is important, but for someone who's just trying to pass gen chem and is not pre med, the amount of work needed to even pass this class, let alone do well, is unacceptable. The class average is failing, and the most common score on the first exam was a 20/80, and all of the averages so far have been failing and typically around 50%. None of us know if we will pass or fail because he doesn't have a curve built in (which is something many chem professors do). His tests are much harder than the practice problems and practice tests he provides, so it's nearly impossible to do well on the actual exams, which make up around 80 percent of our grades. He might have been a good TA, but compared to other professors he has no idea how to run a class, which is intensified by this being an introductory class that should not be this insanely difficult to pass.",0,1,0,0,0,0,0,0,"the most common score on the first exam was a 20/80, and all of the averages so far have been",The review indicates heavy or difficult exams.
CHEM132_020,CHEM132,Christiana Guest,2022,1,"I've never met this woman, she does not interact with her students, deliberately stating at the beginning of the course to not email her barring emergency. Her lab reports, while fair, are inconsistently graded due to different grading policies of different TAs. The midterm and final were not fair however, as they had many poorly worded questions. I would say avoid if you can, but she's the only one who proctors this lab, so instead I'll just wish you good luck.",0,1,1,0,0,0,0,0,"The midterm and final were not fair however, as they had many poorly worded questions.",The review indicates heavy or difficult exams and substantial homework or lab workload.
CHEM135_377,CHEM135,Alice Mignerey,2025,2,"the class average is about a 50. You will not be an exception. The curve will bring you up but still, it's ridiculous. I think that she's a super nice lady though, and I enjoy her sense or humor. TAs are absolutely awesome. This class WILL be one of those classes that dominates your time and mental state all semester.",0,0,0,0,0,0,0,0,,No clear workload signal.
CHEM231_369,CHEM231,Sonia Hirschauer,2025,2,"Good lecturer, can come off a bit stand-offish when approaching her with questions. A majority of your grade is based on the 4 exams (90%). She provides PP sets, videos, and posted lecture notes. HW is not worth much, but you have 8 attempts to score 100%. However, PP sets and in-class problems did not accurately represent the level of difficulty for exam content. I would have loved harder problems in class. She is available beyond set office hours. There are some things you have to memorize per unit which she will mention in class. The curve is not as big as for other classes. This is a manageable class to pass, but study and practice beyond the provided materials.",0,1,1,0,0,0,0,0,A majority of your grade is based on the 4 exams (90%).,The review indicates heavy or difficult exams and substantial homework or lab workload.
CHEM232_011,CHEM232,Monique Koppel,2021,3,"I personally never actually met with Dr. Koppel- labs are run by your section TA. I will not review my TA here, though he was awesome. Other than the ten labs you will complete, there are two separate assignments (literature and IR spectroscopy), which are basically 60 free points. The lab manual is your saving grace. Almost everything you need in the semester is in there. Labs are straightforward- just follow the manual. Post-lab questions are the only difficult parts of the labs, and sometimes you will have to attend office hours in order to understand them. Otherwise, the labs constitute 490 of your ~860 points in the semester, so they are very important. Why? See the next section. The rest of the points come from the midterm and final exams. Each exam is 128 points, and the average is always around 50%. My TA told me that these exams are designed to bring the class average down, which makes sense. After taking the exams, they feel like they were designed that way. You will be fine, as long as you work hard on the post-lab questions. Again, all you can really study off of for the final is the lab manual. Good luck :)",0,1,1,0,0,0,0,0,The rest of the points come from the midterm and final exams.,The review indicates heavy or difficult exams and substantial homework or lab workload.
CHEM241_203,CHEM241,Lyle Isaacs,2025,4,"Class/ grades: Everyone should understand he guarantees that a final grade of an 80 or above is the cutoff for a flat A (not A-), and sometimes he adjusts the cutoff to be even lower if the class is doing poorly (us rn lol). This being said, however, this class was relatively difficult (not content wise, but all the things you had to know altogether). Understanding past reactions from orgo1 is definitely a must. It's not that he can't teach, it's just that i can't put together everything he is saying and everything seems disconnected unless I read the textbook before class. I highly recommend everyone at least skim through some sections of the textbook before class- it helps way more than you think. One thing i hate is your grade is solely dependent on exam scores, no homework or quizzes. Take that as you want. He does post in the syllabus additional practice problems to do from the textook (there is an infinite amount), but its very good practice, and he even took up one of the million of practice problems and put it directly on the exam, sooo yeah. no extra credit opportunities. he records lectures! i know stocker and dixon do not Exams: Something I really appreciate though is how similar his old past exams are to his exams now. They are the same exact format (some problems even copy paste), but with different reagents, etc. The exams are not meant to be hard, he doesnt try and trick you, its all very straight up, you just need to make sure you memorize a lot of the content at least a week prior to the exam. Also- exams are short, meaning every question was nearly 10-15 points, and exams are 200 lol, some partial credit is given, but sometimes its a little harsh. So its very easy to lose a lot of little points everywhere and end up below 80% which sucks, so be careful, especially because the exams really do make you think, you cant just blindly go through it Personality: He is an extremely nice professor, funny and corny at times lol, but also a very intelligent and wise man. One time, he briefly mentioned what his research lab was working on, and wow, i wish more people were listening to this man; he is very skilled at chemistry and learning from him is a challenge, but definitely very beneficial. That was long, but overall I wouldnt say this is an ""easy A"", but maybe an easier A compared to the other teachers (unless its davis lol). You will definitely learn a lot in this class though. dont be discouraged if you have to end up taking him, i would take him again",0,1,1,0,0,0,0,0,Everyone should understand he guarantees that a final grade of an 80 or above is the cutoff for a flat,The review indicates heavy or difficult exams and substantial homework or lab workload.
CHEM271_174,CHEM271,James Rainbolt,2024,5,"Rainbolt was honestly my favorite professor of the semester -- he was engaging, taught concisely, and was very resourceful in terms of module packets, equation sheets, and giving old practice exams. I felt like I didn't work super hard to earn my grade in the class, but that may be due to general chemistry being easier than orgo. I honestly appreciated his chalk-board + paper packets; it felt more old school and I still wrote down lecture notes on my ipad anyway. Many students complained about his exam problems being different from the module packet, but like...what do you expect? I honestly think he exercised gen chem concepts the way that I wrap them around in my head. If you're good at problem solving, you would excel in his class. It doesn't take long to understand concepts in general chemistry because beyond that, it's just simple math and knowing how to use a calculator. He ensures that his exams aren't memorization based because everything is on his formula sheet, and barely takes points off for calculation errors; he just wants to make sure that your path to getting to the answer is correct. I also thought he was a pretty funny guy in class and his jokes were good; he likely toned it down from previous semesters because I did hear some strange things from previous students. I would say give Rainbolt some grace because he has a strong knack for teaching.",0,1,0,0,0,0,0,0,"was engaging, taught concisely, and was very resourceful in terms of module packets, equation sheets, and giving old practice exams.",The review indicates heavy or difficult exams.
CMSC131_356,CMSC131,Elias Gonzalez,2024,5,"TL;DR: He's a great guy and lecturer; He's very down to Earth and understands things like oversleeping lectures/discussions from time to time and is understanding. Really helpful, sometimes his lectures(and projects) are scattered but that's okay since his slides & review materials are great. Highly recommend him as your professor for 131, really ease you into college life or something. Projects: The projects are pretty easy, they shouldn't take you more than a couple hours. The only issue is sometimes Elias will be sporadic and assign one project that took sub one hour and then the next week assign one that is like 3 hours long. Also sometimes projects are due on like a Saturday or Sunday which is kinda meh, I prefer to have all my stuff done by Friday night but whatever. The projects are kinda fun though. Exams: The exams are quite reflective of the old midterms (and finals too) so it is worth studying pretty closely to the given old midterm reviewers. I would also just practice a few things extra like a memory map(blegh) or writing a class or something. Quizzes: The quizzes are fairly easy, open note and in discussion, Really just take a few notes with like 30 minutes of actually going over the material and you'll be good. Elias also drops the lowest quiz grade so it works out. Discussions: from what I've heard, it's really dependent on the TA's whether the discussions are helpful or not but in my case it was really helpful because my TA was excellent(thanks Hana!). Elias has us take a pre-test that matches us with discussion sections so if you're not confident... idk maybe tank that pre-test and get a helpful TA maybe, nah just try your best on it. We have in-discussion labs from time to time like 5 labs during the whole semester, but they won't tell you when the labs are so you should go... but they do drop 1 or 2 lab grades if you did poorly or missed it so there's that. Extra: the constant office hours from TA's really helps for figuring out stuff for your projects and Elias is always willing to help you out. btw on the exams he always ask you to draw something in the front or say something for an extra point or two before the exam.",0,1,1,0,0,0,0,0,Exams: The exams are quite reflective of the old midterms (and finals too) so it is worth studying pretty closely,The review indicates heavy or difficult exams and substantial homework or lab workload.
CMSC132_409,CMSC132,Larry Herman,2025,5,"The underclassmen reviewing Larry don't appreciate his policies and whine until they hit the upper levels. His descriptive project descriptions are a literal GODSEND, just be competent and read through the pages to know exactly how to get a 100. He also posts all the resources that you need to easily get an A in this class. People act like you're forced to do all 30 pages of his practice exams, but they should be grateful that there's so many resources and don't have to suffer through a class without a single released practice exam. His lectures can be a little boring, but he releases great slides afterwards. Take this class if you want the best optimization between grades and material learned.",0,1,0,0,0,0,0,0,"do all 30 pages of his practice exams, but they should be grateful that there's so many resources and don't",The review indicates heavy or difficult exams.
CMSC320_139,CMSC320,Mohammad Nayeem Teli,2024,2,Holy yapper of yapville. He just keeps on talking about god knows what. Puts you straight to sleep. Most people stopped coming to lecture because it was so worthless. Each lecture is around 50-100+ slides so have fun with that :) Class is really easy using chatgpt. Exams were open note and aren't too bad if you are sitting next to friends!,0,1,0,0,0,0,0,0,Exams were open note and aren't too bad if you are sitting next to friends!,The review indicates heavy or difficult exams.
CMSC414_004,CMSC414,Peter Keleher,2013,3,"Summary: Very average professor. Lecture: Mostly off of power-points which he posts online. Going to class is optional, but questions on the quizzes will sometimes come from things he says during class that are not on the power-points. The actual material was usually very interesting, but there was so much material to cover most of the time we just brushed over topics without really learning how they worked. Taking CMSC456 before this class will give you a slight advantage (very slight). Quizzes: There were 3 quizzes which were pretty hard. They are all short answer or diagram drawing. I felt the quizzes would emphasize a random subset of the material covered, so if you are weak on a certain topic and it shows up on the exam you are screwed. On the other hand it could not show up at all and you get lucky. Projects: The projects were actually pretty fun as we got to carry out things like buffer overflows, dictionary attacks, and XSS attacks. They also more or less got easier as the semester went on. Languages used were C, Java, and Javascript. He provides resources and examples if you don't know Javascript, I taught myself everything I needed to know for the Javascript coding in less than an hour. Final: It was a little harder than the quizzes I thought. But it is only worth 12% of your grade, which was a weird concept as I am used to it being between 30% and 40%. Grading: 5 projects 11% each 3 quizzes 11% each 1 final worth 12% Overall the material was interesting, but it seemed crammed. I think this would be a good first 400 level course as it gives you a nice overview so you can think about concentrations you would like to focus on in future courses.",0,1,0,0,0,0,0,0,"covered, so if you are weak on a certain topic and it shows up on the exam you are screwed.",The review indicates heavy or difficult exams.
CMSC420_118,CMSC420,Justin Wyss-Gallifent,2023,2,Passionate teacher and cares about students’s learning. Don’t really enjoy taking a CS class with a math focus though.,0,0,0,0,0,0,0,0,,No clear workload signal.
CMSC421_003,CMSC421,Dana Nau,2010,2,"I think Professor Nau is a nice person, but not the most effective/organized teacher. I took the class because I thought AI sounded cool, and it is but I don't think I was ready to put as much effort as I would have needed to get an A. Bottom Line: He's not bad, but don't take this class if you're just looking for an easy A. Be prepared to put in a decent amount of work.",0,0,0,0,0,0,0,0,,No clear workload signal.
CMSC424_020,CMSC424,Peter Keleher,2021,4,"This is a good class overall, especially in an online setting. The content is definitely relevant and need-to-know, and Keleher is a good and straightforward lecturer - doesn't meander or BS around at all. Some might consider him too curt but I honestly prefer that to a professor that's distracting or all over the place. Slides are good, although I wish he could post slides before lecture and also record them, but that's mainly to give us incentive to show up to class. Projects aren't too bad, we have a week to do each and each are worth a good chunk of the grade. Speaking of which, I'm glad that the grade distribution for this class is balanced, so that no one assignment / exam is worth an insane amount (looking at you 351). Exams and quizzes are also fair. Overall, I'd recommend taking this class with Pete if you can.",0,1,1,0,0,0,0,0,"this class is balanced, so that no one assignment / exam is worth an insane amount (looking at you 351).",The review indicates heavy or difficult exams and substantial homework or lab workload.
MATH140_444,MATH140,Boyu Zhang,2025,1,Taught myself the class for the second half of the semester from organic chemistry tutor videos. Lecture sucks. Class sucks. Math Sucks.,0,0,0,0,0,0,0,0,,No clear workload signal.
MATH141_482,MATH141,Sean Gruber,2025,5,"The absolute best math prof I've ever had in my life!!! He cares so much about every student, it's almost surreal. Everything he does is for our benefit, and he always wants our input on how he can improve his lectures and exams. His lectures are super informative and actually interesting, his exams are extremely fair, and he just made me feel so reassured coming into MATH141, as I was super worried about it. DO EVERYTHING YOU CAN TO TAKE HIS CLASS! I LOVE DR GRUBER!!!!",0,1,0,0,0,0,0,1,"does is for our benefit, and he always wants our input on how he can improve his lectures and exams.",The review indicates heavy or difficult exams and challenging but fair expectations.
MATH240_303,MATH240,Qi'an Chen,2024,5,"Qi'An was an AWESOME TA. This dude came to discussions with his own colored chalk to better illustrate the pictures relevant to the course concepts. His explanations greatly supplemented what was taught in class, and his discussions always left me with a better understanding of what I was learning. Of the math courses I've taken here (Math240, Math241, Math246, Stat400), Qi'An was miles better than the 3 other TAs I had. I cannot appreciate this man enough.",0,0,0,0,0,0,0,0,,No clear workload signal.
MATH241_470,MATH241,Junyan Zhao,2025,3,"Junyan Zhao is a fast lecturer, so if you can keep up while doing notes then you should be okay. However I highly recommend that you either read the textbook chapter that day's lecture is on before class because he uses the examples in lecture and it'll help you better understand. Also practice, practice, practice- the course is only easy if you practice the topics he teaches- my TA sucked and never gave us anything to practice with so I had to do it all myself. ALSO do not rely on the curve for this class- its shit- this guys curve is literally based on the highest person's grade- so if the best student has a 95% he'll add 4% to it so it becomes 99% and then add that 4% to everyone else's grade. But my semester somebody fucked it up by 100% literally all the exams (Which are 90% of your grade by the way, 25% midterm 1, 25% midterm 2, 40% the final) soooooo.",0,1,0,0,0,0,0,0,However I highly recommend that you either read the textbook chapter that day's lecture is on before class because he,The review indicates heavy or difficult exams.
MATH246_305,MATH246,David Hamilton,2025,1,Really just the worst professor I've ever had. He flies through his notes so fast I can't write it all down let alone understand it.,0,0,0,0,0,0,0,0,,No clear workload signal.
MATH310_008,MATH310,Steve Halperin,2014,4,"310 is a difficult course to teach since it's different than any other Math course students have taken. He teaches by doing examples, which isn't always a lot of help, but he makes up for it by answering any questions during class or office hours. The test questions are all taken from the homeworks and the tests are graded on a curve which makes them manageable/easy.",0,1,0,0,0,0,0,0,"He teaches by doing examples, which isn't always a lot of help, but he makes up for it by answering",The review indicates heavy or difficult exams.
MATH401_047,MATH401,Shalin Parekh,2022,5,"I feel like I was retaking linear algebra class in 2/3 first semester. After that, we actually learned some applications of linear algebra which were not much but interesting enough. Homework was long and time-consuming since it's worth 35% of the total grade but it was not hard at all. We had a midterm for 30% and a final exam for 35%, they were exactly similar to his practice problems. Prof. Parekh is not a good lecturer but a great instructor. I remember he was doing rref in class for about 20-25 minutes, which was definitely unnecessary. He literally told us the cutoff for A was 70-80% and passing was 40-50% before the final even though the class average wasn't that low. He graded homework and exams very leniently. So, attend his lectures or at least the review lecture to have a high grade.",0,1,1,1,0,0,0,0,"We had a midterm for 30% and a final exam for 35%, they were exactly similar to his practice problems.","The review indicates heavy or difficult exams, substantial homework or lab workload, and significant time commitment."
MATH410_055,MATH410,Lei Chen,2022,5,"I will try to keep this review short, as the other reviewers can sum it up. Her lectures could be better and could do some work. Reading the respective section of Fitzpatrick beforehand was necessary to gauge her lectures well, as they often seem unplanned, and the proofs sometimes seem hand-waved. I wouldn't say she's a bad lecturer, just that the proofs done in class are not always done with full rigor, and the additional commentary can [sometimes] make the lecture hard to follow, which is why I stopped showing up to the lecture after a while. Homework can be quite difficult. However, she's extremely helpful and super approachable during office hours and will answer any question with full rigor and critique proofs quite well. I found her to be quite a nice person in general as well, apart from just the subject matter being discussed. She does an excellent job of easing students into theoretical mathematics and is quite lenient with grading exams - full rigor is only sometimes expected, even for full credit. There are a lot of extra credit opportunities and a curve, which makes it easy for the final grade to be indicative of your actual understanding of the course content at the end of the course, and she drops quizzes and the lowest exam. As another reviewer here mentioned, the exam reviews are close to the exams themselves, and even the extra credit questions are not of unreasonable difficulty, warranting relatively high-class averages. If you can understand all the homework problems and do the reviews, it is quite fathomable to score a minimum of a B in the class and an A with some extra studying.",0,1,1,0,0,0,0,0,"theoretical mathematics and is quite lenient with grading exams - full rigor is only sometimes expected, even for full credit.",The review indicates heavy or difficult exams and substantial homework or lab workload.
PHYS121_001,PHYS121,Douglas Hamilton,2009,5,"Dr. Hamilton was a clear, fair professor for Physics 1. He was very understandable in lecture and did many demonstrations and example problems in class. Mastering physics hw was due each week.",0,1,0,0,0,0,0,0,He was very understandable in lecture and did many demonstrations and example problems in class.,The review indicates heavy or difficult exams.
PHYS260_127,PHYS260,Hailu Gebremariam,2024,4,"I think Hailu is a very fair professor. His exams are straightforward and they are fine tuned to the lectures and homework (I never once opened the textbook and was completely fine). In that sense, his way of teaching the content is very no-frills, no-nonsense. Yes, his lectures can be a bit boring at times (especially being 75 minutes), but I mean, what can you do about it? He does plenty of example problems, and make sure not to miss any of the equations- there are a lot of them. Overall, Hailu may not be the greatest professor ever to grace the Earth, but he is quite good.",0,1,0,0,0,0,0,0,"He does plenty of example problems, and make sure not to miss any of the equations- there are a lot",The review indicates heavy or difficult exams.
PHYS270_003,PHYS270,Rabindra Mohapatra,2011,3,"Dr. Mohapatra is a fine lecturer and teacher, but he's not really given much to work with - the material covered in PHYS270 feels disjointed and would likely be difficult regardless of the professor. Our class was apparently two weeks ahead of the other one, so I'm thankful for that. There appears to be a hefty curve in the class.",0,0,0,0,0,0,0,0,,No clear workload signal.
STAT100_164,STAT100,Matthew Griffin,2024,2,I feel bad for all the hate he gets because he is genuinely such a sweet guy when you speak to him in person (and is also very lenient with most assignments if you actually speak to him and go to office hours) however it really sucks that he operates his course the way he does. I think he wants his students to succeed but overkill would be an understatement for many of his behaviors.,0,0,1,0,0,0,0,0,(and is also very lenient with most assignments if you actually speak to him and go to office hours) however,The review indicates substantial homework or lab workload.
STAT400_394,STAT400,Sana Jahedi,2025,1,"Unfair exams, no practice material, and passive-aggressive when asking for help.",0,1,0,0,0,0,0,0,"Unfair exams, no practice material, and passive-aggressive when asking for help.",The review indicates heavy or difficult exams.
STAT410_043,STAT410,Mestiyage Gunatilleka,2023,5,"Pretty good professor, the grade I got in the end was my fault, but if you do the work you will get the grade you want",0,0,0,0,0,0,0,0,,No clear workload signal.
BSCI160_521,BSCI160,Bill Fagan,2024,1,"Thank god I found out early that I didn’t need this class because I never saw such a poorly written exam in my life. Dude started his class off by saying there were no trick questions, but after the first few words that came out of his mouth, that’s all they were. No one cared to answer him anymore, because they’d likely be wrong. No wonder he gave us 2 sheets of paper front and back as a cheat sheet, because nothing you’d write down would even be close to what’s on the exam. Absolutely horrible teacher, not kind at all either. I was doing worse in this class than orgo, and that to me speaks volumes.",0,1,0,0,0,0,0,0,out early that I didn’t need this class because I never saw such a poorly written exam in my life.,The review indicates heavy or difficult exams.
BSCI170_243,BSCI170,Michael Keller,2025,4,"This review is definitely going to be biased because I do not like bio or really any sciences. Dr. Keller though is a really nice guy and very understanding and accommodating. He wants you to succeed and love the course material and think that it is as fascinating as he does. He also makes himself available outside of class for any questions and encourages you to seek the TA's help as well. If you need to take this course, I would definitely take it with him. The content in this course is very straightforward and he posts the notes and records each lecture- so you technically don't need to show up. However, he provides clicker questions, where you scan a QR code, which are bonus participation points for attending class so I would recommend you show up. Besides this there are worksheets and mini quizzes weekly to test your understanding of the material. The exams are again pretty straightforward and they test you on the main concepts of the units, he also makes study guides for each exam (of which there are 5) that help you to study. If you do not have a science brain like I do, learning this content and trying to memorize and study it can be very tedious. All you can really do is try your best in this class, take good notes, and show up to class for extra credit participation points. That being said, I would never want to take this course again lol.",0,0,1,0,0,0,0,0,He also makes himself available outside of class for any questions and encourages you to seek the TA's help as,The review indicates substantial homework or lab workload.
BSCI171_011,BSCI171,Swarna Mohan,2021,2,"I didn't really have to interact with her much thankfully since it was mostly the TA's running the class but GODDAMN did this class suck. All Mohan is really good at doing is assigning large amounts of ridiculously stupid assignments and gives little to no leniency with them. I legit spent so much more time on this class than I did my 3 credit BSCI170 course. I swear sometimes it feels like she rambles on more about academic dishonesty rather than actually teaching useful shit in her lectures and explaining assignments well. She also talked a lot about how assignments were individual and you weren't allowed to work with people on them. And I think she should first start by teaching things properly so that students won't feel the need to collaborate in the first place LMAO. Thank god I had a super chill TA though. She was super kind, helpful and a fair grader.",0,0,1,0,0,0,0,0,really good at doing is assigning large amounts of ridiculously stupid assignments and gives little to no leniency with them.,The review indicates substantial homework or lab workload.
BSCI201_050,BSCI201,Sara Lombardi,2023,5,"Dr. Lombardi is an incredible lecturer. Rather than dumping information on to students, she teaches in a way that effectively helps students grasp the material. She is also fair and very clear on her expectations. She is super sweet and always available to provide help and feedback when needed. I highly recommend taking her!",0,0,1,0,0,0,0,0,She is super sweet and always available to provide help and feedback when needed.,The review indicates substantial homework or lab workload.
BSCI207_146,BSCI207,Nicholas Fletcher,2023,5,Dr. Fletcher is a great professor and he makes it very easy to succeed in his class! If you put in just a little bit of time (which I didn't do and still ended up with a B+) you can totally get an A. A decent amount of stuff is graded for completion and one exam is dropped. I always enjoy having him as a professor and he really wants to see all of his students succeed.,0,1,0,0,0,0,0,0,A decent amount of stuff is graded for completion and one exam is dropped.,The review indicates heavy or difficult exams.
BSCI222_196,BSCI222,Kimberly Paczolt,2024,5,"Dr. Paczolt was a decent professor whom I would recommend taking. Her exams were very fair and she offered bonus credit throughout the semester. This semester there was only 4 exams of the same format instead of a cumulative final which was a great relief. Her slides prepare you well for the exams, and she does record lectures which is great for review though I recommend attending in person too.",0,1,0,0,0,0,0,1,Her exams were very fair and she offered bonus credit throughout the semester.,The review indicates heavy or difficult exams and challenging but fair expectations.
BSCI223_026,BSCI223,John Buchner,2022,5,"easiest bsci class there is, im not even gonna hold you I may end up with an A or very high B in this class and if you ask me what I've learned?????? LOL bruhhh, take this class with a friend and you're good. On your own with no friends? um maybe not so much of an easy A or B for ya but make some in class lol. Buchner is s chill and so sweet as well. Very accessible and willing to help.",0,0,0,0,0,0,0,0,,No clear workload signal.
BSCI330_101,BSCI330,Carmen Cantemir-Stone,2023,5,"she is so sweet, good at explaining things, and fair exams. lab can be a little annoying but only towards the end. it is a useful and interesting class and i would take her if i could again",0,1,1,0,0,0,0,0,"she is so sweet, good at explaining things, and fair exams.",The review indicates heavy or difficult exams and substantial homework or lab workload.
BSCI410_053,BSCI410,Louisa Wu,2022,5,"Dr. Wu is kind, patient and cares about the success of her students. Go to lecture, review all of the material, attend office hours and you will do well. The homeworks are challenging but help you learn the material. 100% recommend her if you are going to take molecular genetics. Ask for help if you need it, and she will be there.",0,0,1,0,0,0,0,0,The homeworks are challenging but help you learn the material.,The review indicates substantial homework or lab workload.
CHEM131_469,CHEM131,Lee Friedman,2025,1,"Don’t take this class if you weren’t born with a PHD in chemistry. Studying homework, practice problems, and past exams will not help, as the exams are more about how to understand his word problems than the content. I can get behind the fact that lectures are not recorded and notes are illegible, since paying attention in lecture can fix this, however the structure of the exams, especially closer to the end of the semester, makes them almost impossible to pass. The grade cutoffs are good, however once students withdraw from the class (a lot do), they decrease. It seems like he wants to see low averages on these exams. I know it’s a weed out class, but exams should be about understanding and mastering concepts and math. Application is very important, however when problems are so far off of what we learned, it isn’t effective.",0,1,1,0,0,0,0,0,"Studying homework, practice problems, and past exams will not help, as the exams are more about how to understand his",The review indicates heavy or difficult exams and substantial homework or lab workload.
CHEM132_019,CHEM132,Christiana Guest,2021,1,"You are probably forced to take this class so there is no escaping it. Dr. Guest is a ghost to her students and TA's. She does not always check in with her TA's which I found to be funny. Her lab manual which she wrote (and forces us to buy) is filled with typos. This made so many question problems more confusing than they needed to be. Her labs are okay their fun in my opinion. I can't believe there is a midterm and a final in this class because what do we actually learn? Most of the things in this class is contingent on you understanding concepts from chem131. She tells us to study off of the lab manual for our exams, but these lab manuals do not prep for her exams whatsoever. Her Panopto videos of her teaching often have poor video and audio quality, making it hard to understand her at times. Her exams consist of multiple-choice questions. Which is good right. No. She would have 10 choices to 1 multiple choice question. She would also make each question worth 7 points making it hard to achieve an A. For our midterm and final the average was below a 49. Take that as you will. There is no escaping this class. Just hope that you have an awesome TA like I did!",0,1,1,0,0,0,0,0,I can't believe there is a midterm and a final in this class because what do we actually learn?,The review indicates heavy or difficult exams and substantial homework or lab workload.
CHEM135_376,CHEM135,Andrei Vedernikov,2025,1,"His lectures are very confusing, and his slides doesn't help. He teaches a lot of content that aren't necessary for exams, and overcomplicates a lot of the topics. I would learn a lot more with the TAs in the 50mins we have together once a week, than his lectures that are 1hr and 15mins long for twice a week. I will say, compared to other CHEM135 professors, his exams are easier - our class usually get higher averages on exams compared to others.",0,1,0,0,0,0,0,0,"He teaches a lot of content that aren't necessary for exams, and overcomplicates a lot of the topics.",The review indicates heavy or difficult exams.
CHEM231_368,CHEM231,Sonia Hirschauer,2025,3,"Like her more than others, note sheets provided are cool but she goes through material too fast imo, but some of these reviews make it sound like she’s the top option so now I’m torn since all the profs are so different by the semester it seems. Found that she spends time dwelling simple aspects to people who don’t get small things resulting in rushing through new/complex material. Practice sets easy compared to exams, no practice exams. GSS leader Aubrey was so amazing. Talked about grade cutoffs all semester subject to change after final exam, exams 1-3 we had an estimated cut off but come time for the final “ Grade cutoffs are not posted.” Please. What’s the gain in keeping grades from students and making them wait for them to EVENTUALLY appear in testudo? Such a piss off. I suck at this subject so Idek if Einstein himself can get me a higher grade.",0,1,0,0,0,0,0,0,"cutoffs all semester subject to change after final exam, exams 1-3 we had an estimated cut off but come time",The review indicates heavy or difficult exams.
CHEM232_010,CHEM232,Monique Koppel,2021,4,"While I'm not sure how Dr. Koppel is with lecture, I can say that her lab is difficult, but also passable. I do think that this course was too difficult for a 1 credit course. The actual lab manual is not difficult, but her post lab questions are extremely difficult, and you will need to go to TA office hours for help. I think the most frustrating past of the post labs were the article searches, as it seems pointless to make students waste their times finding a specific article that she could just attach to the assignment. Along with that, she decided to stop giving the TA's answer keys, which meant that it was very difficult for students to get help. Not all TAs knew what to do for all of those post lab questions. Her exams are known for being unpassable, especially the midterm. However, for the final, she will have an in-person review session, and that was extremely helpful in my opinion. I really like her lecture style, she is actually very easy to listen to, and she does a great job of keeping the lecture on topic. Don't panic if you do poorly on the midterm -- everyone does (including me). You will learn a lot from this class, but the class can be very frustrating at times. To be honest, your enjoyment of this class will be determined by your TA. Make sure not to miss any labs!",0,1,1,0,0,0,0,0,"Her exams are known for being unpassable, especially the midterm.",The review indicates heavy or difficult exams and substantial homework or lab workload.
CHEM241_202,CHEM241,Lee Friedman,2025,5,"Had him for orgo 1 and 2. He is so nice, has fantastic notes and lectures, and incredibly difficult exams. But they are curved so its fine. All orgo classes are hard. remember that resonance is always the answer.",0,1,0,0,0,0,0,0,"He is so nice, has fantastic notes and lectures, and incredibly difficult exams.",The review indicates heavy or difficult exams.
CHEM271_173,CHEM271,James Rainbolt,2024,3,"Him as a person is annoying and incredibly weird. He tells you to stare in his eyes which like no thanks. He also is not always the best at explaining during lecture, so I just didn’t go. But I personally liked his module packets. They were great for studying and helped make me feel organized when studying. I fully did horrible on both of the exams, but got a 90 on the final and finished with a B-!! I think this semester the curve was like 5%. The exams actually like weren’t bad just don’t over think bc the answer is very easy. Overall, i wouldn’t say take him but you can do mid on tests and still have a fine grade in this class.",0,1,0,0,0,0,0,0,"fully did horrible on both of the exams, but got a 90 on the final and finished with a B-!!",The review indicates heavy or difficult exams.
CMSC131_355,CMSC131,Aaron Kyei-asare,2024,3,"He is a really chill and relaxed professor; he makes lectures pretty engaging but my only issue with him is how long it takes to get our grades back. The final is in 2 hours, and he still has not posted over 300 points worth of grades which is kind of frustrating. If you have no CS experience this class will probably be hard for you, but it should be manageable if you study.",0,1,0,0,0,0,0,0,"The final is in 2 hours, and he still has not posted over 300 points worth of grades which is",The review indicates heavy or difficult exams.
CMSC132_408,CMSC132,Larry Herman,2025,4,Hardest part of this class is not falling asleep during lecture. Goes pretty in depth and teaches to an pretty well. Just make sure to attend class and take notes. Projects are annoying but aren't difficult.,0,0,0,0,0,0,0,0,,No clear workload signal.
CMSC320_138,CMSC320,Fardina Alam,2024,5,"Fardina makes the class so easy. I didn't study for exams as it's just common sense. The homework can all be done by ChatGPT. Group project also very easy. I didn't attend any lectures at all, only exam days.",0,1,1,0,0,0,0,0,I didn't study for exams as it's just common sense.,The review indicates heavy or difficult exams and substantial homework or lab workload.
CMSC414_002,CMSC414,Jonathan Katz,2012,4,"Prof. Katz is a pretty good CS teacher. He teaches on the board and does not just read off of a powerpoint. The midterm was moderately difficult, but the final was in-class, online, all multiple choice and was easy. Projects and homeworks were cool, but honestly there could have been more (assuming you actually liked the topics) Biggest issue with this class is that 50% of the people come in with not a clue about any of the topics and with no security background and the other 50% has experience and knows a bit already. This makes the class either too easy/boring OR too hard/too fast. Can't make everyone happy, but this gap can make the class less enjoyable.",0,0,1,0,0,0,0,0,"Projects and homeworks were cool, but honestly there could have been more (assuming you actually liked the topics) Biggest issue",The review indicates substantial homework or lab workload.
CMSC420_116,CMSC420,Michael Marsh,2023,5,Honestly such a great teacher. Please actually watch the lectures and you will learn a ton from this class. He cares a ton about his students,0,0,0,0,0,0,0,0,,No clear workload signal.
CMSC424_019,CMSC424,Amol Deshpande,2021,2,"I took this class when it was online during covid. It was a terrible format for the insane amount of information they expected to teach. The pre-recorded lectures were decent (towards the end it started getting to be too much), but the once a week live classes were just simplified re-iterations of the pre-recorded lectures and did not add much value except for the few classes the professor created polls to practice application of the material. The professor tried to answer questions during class but often ran out of time because he was spending most of the time re-iterating the material. There was no clear guidance to use the textbook, but sometimes he would answer a student question by just saying to read the textbook. Homeworks were way too long and sometimes vague in expectations. Exams were also too long to finish for the average person. There was an overall curve at the end that helped take into account the difficulty and effort required to complete all the assignments. I think a lot of the material in the class is useful to know, but since there is SO much information, it's hard to take all of it in and pick out which specific things you should know for homeworks or exams. A good word to describe this class is ""overwhelming,"" but if you're prepared to consume an insane amount of information (with a decent amount of self study), then you could get a lot out of this class.",0,1,1,0,0,0,0,0,Exams were also too long to finish for the average person.,The review indicates heavy or difficult exams and substantial homework or lab workload.
MATH140_442,MATH140,Jonathan Fernandes,2025,4,"If you ave a background in calc and are looking for an easy A I wold take this class. I took calc in high school, didn't attend lectures/discussions but the exams are exactly like practice exams and everything is curved at the end.",0,1,0,0,0,0,0,0,"high school, didn't attend lectures/discussions but the exams are exactly like practice exams and everything is curved at the end.",The review indicates heavy or difficult exams.
MATH141_479,MATH141,Sean Gruber,2025,5,"From someone who struggled in calculus 1, Dr.Gruber did everything in his power to ensure my class is on track to pass. I'm talking revisiting topics for extra points, extending deadlines on homework, an entire website dedicated to the notes we take in his class??? One of the only math professors that show an ounce of empathy to his students. You deserve someone who's flexible and is willing to help you succeed, Sean Gruber is that someone! But also keep in mind he's putting a lot of work to ensure you succeed, so just make sure you're not waiting his time and actually use the several resource he is providing.",0,0,1,0,0,0,0,0,"topics for extra points, extending deadlines on homework, an entire website dedicated to the notes we take in his class???",The review indicates substantial homework or lab workload.
MATH240_302,MATH240,Shin Song,2024,2,"Unclear grading scale, no idea of what an A, B , or C is. Randomly went from 4 mat labs to 2 mat labs at the end of the semester. No curve from what I could tell. Teaches straight from textbook, no alternative explanations added. Exam Averages (Fall 2024) : Exam 1: 76.0 Exam 2: 78.7 Exam 3: 72.3",0,1,1,0,0,1,0,0,Exam Averages (Fall 2024) : Exam 1: 76.0 Exam 2: 78.7 Exam 3: 72.3,"The review indicates heavy or difficult exams, substantial homework or lab workload, and harsh or unfair grading."
MATH241_469,MATH241,Jiwoong Jang,2025,3,"If you're already good at math, and are confident in self-studying, this is the guy for you. He gives relatively easy tests and quizzes, but this is offset by his subpar lectures. Unfortunately, due to some combination of inexperience with teaching, an accent, and subpar microphone skills, his lectures just weren't the most important to attend. It might have been just the classroom we were in, but his handwriting was difficult to read on an old and dirty chalkboard if you didnt sit within the first couple of rows as well. TLDR: Easy exams and quizzes will give you a high grade if you put in effort outside of class; subpar lecturer on account of accent/mic skills/handwriting/inexperience",0,0,0,0,0,0,0,0,,No clear workload signal.
MATH246_304,MATH246,Francisco Arana Herrera,2025,4,"Good lecturer. He gets you the content you need, and is definitely one of the better math professors at UMD.",0,0,0,0,0,0,0,0,,No clear workload signal.
MATH310_002,MATH310,Kathryn Truman,2014,2,"I don't know how you guys are bringing yourselves to give her high ratings. This class is an asinine waste of time and money; the last 30-40 percent of it is basically math410 REALLY poorly explained and rushed at a ridiculous pace. The rest of the class is really easy material and studying various proof techniques, which is actually fairly useful. She has really lost most of the class at this point with the 410 stuff. She assigns ungodly long homework assignments, and then she uses class time to go over the answers. This is great and all, but it leaves her with little time to explain the material for the subsequent hw assignments. My grades are suffering miserably because of the 410 rush, so I'm planning on getting a C at this point. I would say pick up a book like Daniel Vellman's ""how to prove it"", or the book for the class by Zhang, read over it, learn proof techniques, and avoid this stupid class all-together. I'm trying not to get discouraged from 410 because I really want to know it, but she's doing a very fine job of making me lose my interest in the subject.",0,0,1,0,0,0,0,0,"She assigns ungodly long homework assignments, and then she uses class time to go over the answers.",The review indicates substantial homework or lab workload.
MATH401_046,MATH401,Matthias Wellershoff,2022,3,"Very easy professor. I never showed up to classes but just read his lecture notes the day before the exams and got great scores. Ended up curving the final exam 28 points (so the 57% average is now a 80% average), but this shocks me as the questions were not hard. If you can read the lecture notes and understand theorems / examples you will be fine. Did not learn much, though.",0,1,0,0,0,0,0,0,never showed up to classes but just read his lecture notes the day before the exams and got great scores.,The review indicates heavy or difficult exams.
MATH410_054,MATH410,Lei Chen,2022,5,"Goated in the sauce, for different reasons than being a good prof. As the other reviews may say, she is disorganized and doesn't really seem to plan a lecture, so some lectures are not very easy to follow. She also likes to offhandedly mention a lot of comments on the proof instead of doing them, which are pretty confusing unless you have selective hearing. However, she's nice and gives some genuine help in OH, where if you have a particular question on homework or about a comment in the textbook, she is pretty smooth about answering it. The TA graded homework somewhat roughly but that's to be expected given the upper level nature of the course. The real thing she provides is that her reviews are almost essentially the exam itself. If you can do confidently finish the reviews for each exam, they will more than prepare you for the exam. Additionally, she's very lenient about the nature of proofs, where as long as you can explain reason even without being rigorous, you can get a lot of the partial credit for each problem. This is enhanced even more by the fact that she has 10 extra points for midterms, giving even more Leiway. The means on the first midterms for our quarter are at least 80%, so this made 410 a much more bearable experience for me. TL;DR Lei Chen for 410 is a very solid option and it wouldn't be bad to try taking her for this course.",0,1,1,0,0,0,1,0,The real thing she provides is that her reviews are almost essentially the exam itself.,"The review indicates heavy or difficult exams, substantial homework or lab workload, and course disorganization."
PHYS121_025,PHYS121,Edward Redish,2008,3,"A bit confusing and not clear. BUT, he tries his best. Do ALL the homework and classes, then you'll be fine.",0,0,0,0,0,0,0,0,,No clear workload signal.
PHYS260_126,PHYS260,Hailu Gebremariam,2024,3,"He's not good but he's not bad. I really can't describe him any other way. PHYS260 is one of those weed-out classes that will test your mental fortitude. The content is so unlike PHYS161. There was never a single class I stayed awake the whole time. Even if I had coffee before. You pulled an all nighter the night before? Forget it, that class is becoming your nap class. However, he does go at a slow pace (so slow that we didn't even get close to finishing the content). I was good in PHYS161 (did not have him, took Heidarian) and his teaching style is completely different. This semester, he didn't provide us with a practice exam for exam 1. The practice exam for exam 2 was not very accurately reflected in the actual exam 2 because he took a different pace this semester. The practice material comes from textbook example problems, his lecture problems, and redoing homework problems. If you are taking notes in Dr. Hailu's class, just copy the examples, you can learn the theory from his slides. He doesn't post his notes online at all so don't bother asking him. The quizzes were a grade dropper for me because they're all conceptual but not the concepts he goes over in class. Exams are like lecture problems just 1000x harder because he decides to change things you never would have thought about. It's really easy to get a 100 on homework because you have 5 attempts per part of question and you don't lose credit for each one you get wrong. Sometimes they can be difficult but he's available during office hours and he's never been sarcastic towards me. I never went to discussion but some TAs were really good in discussion about helping with the homework. Mine was too early in the morning for me to justify going. That being said, when I was dealing with a personal issue this semester, he was very accommodating regarding what I needed, so don't be afraid to communicate with him. That final though...that killed my grade. He only made half of the exam though. tl;dr take Hailu for an okay experience",0,1,1,0,0,0,0,0,"This semester, he didn't provide us with a practice exam for exam 1.",The review indicates heavy or difficult exams and substantial homework or lab workload.
PHYS270_001,PHYS270,Thomas Antonsen,2011,4,"This guy isn't that bad when you get down to the root. This is his first semester teaching this course, so I don't know if he will teach it in the future. Dr. Antonsen is actually from the Electrical engineering department, so what he is really good with in this course is explaining circuits. That was one of the concepts that I understood very easily, especially because he was able to explain it in such a clear way. Exams were moderately difficult, just about as hard as a physics exam should be. The problems aren't plug and chug, but also aren't super difficult (though quite a few people found them hard) Basically, read your textbook, go to class (sometimes I doze off given the driness of the subject), and do some practice problems, and you should be fine. Overall, he's a great guy.",0,1,0,0,0,0,0,0,"Exams were moderately difficult, just about as hard as a physics exam should be.",The review indicates heavy or difficult exams.
STAT100_163,STAT100,Matthew Griffin,2024,1,"Prof Griffin is one of the most interesting CHARACTERS I have ever met. He takes attendance every lecture, beginning and end, does not give ANY leniency when it comes to being sick/missing lectures and requires a doctors note every single time, and is overall pretty condescending. The content of STAT100 itself is not at all the problem and is pretty easy to understand, its him that is the problem. You cannot even arrive 4 minutes late without being called out in front of the entire class. I'm not sure why he is the way he is, but ive never had a professor like this during my time at UMD. I think he genuinely cares, but the way he goes about his strict policies and takes up half of the class just complaining is beyond annoying. I think he should do himself and everyone a favor and start teaching middle school. He seems like the micromanaging type.",0,0,0,0,0,0,0,0,,No clear workload signal.
STAT410_041,STAT410,Terence Long,2023,5,"Lectures were straight from the textbook, and exams were fair. There were around 6 homeworks other than 2 midterms. He may seem unorganized, but I didn't see an issue as long as you were able to keep up with the lecture content (which was all again, straight up from the textbook). Very approachable, flexible and interactive. One of the most easy going experiences with a math/stat class.",0,1,1,0,0,0,0,1,"Lectures were straight from the textbook, and exams were fair.","The review indicates heavy or difficult exams, substantial homework or lab workload, and challenging but fair expectations."
BSCI160_520,BSCI160,Magdalene Ngeve,2024,3,"If you notice, there are a mix of good and bad reviews. This is what I have to say about it. If you’re someone with a background in ecology or you pick things up quickly you’ll do fine in this class. Dr. Ngeve does read directly off the slides in class so there’s not much to it other than that. You will get participation points for showing up and doing the Kahoot at the end of the class. The comments about the homework assignments are right, they feel like busy work and they didn’t really help with understanding of the class material at all. For me, the exams were very hard. The questions were structured in a very confusing way where sometimes it seemed like there could be 2 or even 3 right answers. I will agree with the people who said sometimes she made me feel dumb. It made me not really want to ask questions. She seems nice, so I don’t think this was intentional. As for the comments about her accent, I can understand her just fine? I don’t think her accent is an issue. I’m not going to tell you whether to take her class or not, but just consider your background in ecology before you decide.",0,1,1,1,0,0,0,0,"For me, the exams were very hard.","The review indicates heavy or difficult exams, substantial homework or lab workload, and significant time commitment."
BSCI170_242,BSCI170,Eric Haag,2025,2,"professor is cool and very nice you can tell he loves teaching, but his teaching style is just reading from 60+ slides. (Not very effective) Even with going to office hours and studying outside of class, this “intro” class is very challenging in comparison to the other professors teaching it. I would recommend if you can just waiting until another professor is available.",0,0,1,0,0,0,0,0,I would recommend if you can just waiting until another professor is available.,The review indicates substantial homework or lab workload.
BSCI171_010,BSCI171,Swarna Mohan,2021,4,"I took this class online during Covid and I barely had any interactions with her. The TA's pretty much run the class, but an A is definitely possible. As long as you put in the work and actually take the time to watch the lectures, you'll do fine in the class. I ended the class with a 97% so it's very possible to get an A.",0,0,0,0,0,0,0,0,,No clear workload signal.
BSCI201_049,BSCI201,Justicia Opoku-Edusei,2023,3,"I was skeptical coming into her class because of all the mixed reviews but it's honestly MID rating. She gives SOLID 3-star vibes. I think she is very knowledgable, she knows what she's talking about but it is impossible to listen to her. I'm in her hybrid class so it is videos MW and then the lecture on Friday, and she literally spits out the same things that she goes over in the lecture videos. EXACTLY the same. Honestly it's impressive how she can do it, it's honestly robotic like the person below me has said about the hybrid class but it is so boring. Her lecture exams are literally you study every single detail on the slides and also be able to understand concepts, basically know everything to do good. Our first exam average was so bad that she had to add extra points... If you do well memorizing and you have no other stem classes or a social life you will do well. I agree with others on the lab portion of this class. You need a good TA and just study and memorize and you're good to go. Lab is easier than lecture if you are better at memorizing diagrams and facts vs the concepts of lecture.",0,1,1,0,0,0,0,0,"Her lecture exams are literally you study every single detail on the slides and also be able to understand concepts,",The review indicates heavy or difficult exams and substantial homework or lab workload.
BSCI207_145,BSCI207,Karen Carleton,2023,5,"Dr. Karen is the nicest professor I have had so far at UMD! She was super accommodating when I got a concussion and had to make up an exam weeks later. She was always so encouraging and gave great, in-depth answers during office hours. A lot of the exam questions pull from the homeworks, GAEs, and concept checks so doing/reviewing those is a great way to study. She drops the lowest exam of 3 and also gives some extra credit. Her final was very fair and I was able to guess most of the topics that would appear. Her lectures are very dense material wise so I would definitely look over them afterwards to make sure you know what's happening in each one. Take her!",0,1,1,0,0,0,0,0,She was super accommodating when I got a concussion and had to make up an exam weeks later.,The review indicates heavy or difficult exams and substantial homework or lab workload.
BSCI222_195,BSCI222,Claudia Silva Aldana,2024,1,"I could never understand how someone rated her above a 1. I would ALSO give 0 stars if I could. Everything said about her here is correct. She will take massive bites out of your grade on an exam if you make small mistakes. I once wrote something lowercase instead of capital when describing a protein and she took full points off. Meanwhile, there is literal untranslated spanish on the exams. Yes, she does yell at us, during lectures, during class, during office hours, this was a harrowing experience. I was there when she went off on a student who was patiently asking for follow-up questions for an exam question. This is SUPER unacceptable in a professional context, let alone a relationship between a professor and a student. Nobody even signed up for her as a professor, they shoe-horned her in last minute. Our class wrote a big grievance letter to the BSCI dept and they only told us that her averages were consistent with other profs' averages. She said she would improve her methods with test preparation, but she didn't. Everyone was confused, including the TAs, up until the last minute. TAs would advocate for us on our behalf and she would still shut them down, shut us down, etc. This was a pretty oppressive experience. If she's ever invited to teach here again, STAY clear. I HOPE she's not a permanent professor here.",0,1,0,0,0,0,0,0,She will take massive bites out of your grade on an exam if you make small mistakes.,The review indicates heavy or difficult exams.
BSCI223_025,BSCI223,John Buchner,2022,2,I dont need to wait til the end of the semester to give this course a review. If there is any class or set of professors that COULD CARE LESS that you're taking other classes that also require your effort and attention. Its these guys!!!,0,0,0,0,0,0,0,0,,No clear workload signal.
BSCI330_100,BSCI330,Carmen Cantemir-Stone,2023,5,"She made Cell Bio my favorite class at UMD. I learned so much and I liked the flexibility granted from her posting lecture videos. It helped tremendously prior to exams. She is so sweet and cares about every student.. and if you need help just ask. The exams are more or less straightforward and I am usually not good at exams (my exams were 84, 86, 96, 97). Take her.. she is a blessing",0,1,0,0,0,0,0,0,It helped tremendously prior to exams.,The review indicates heavy or difficult exams.
BSCI410_052,BSCI410,Louisa Wu,2022,5,"As long as you attend lectures and keep up with material you should do well in the course. Make sure to review the exam review slides to know what topics will be tested on the exam. Dr. Wu is easy to talk to and very understanding. If you any questions or concerns she is always willing to help. She also provided lecture recordings in case you missed a lecture or need to go back and review material. I appreciated the extra credit assignments given and the opportunity to drop one exam to help your grade. Overall, I enjoyed taking the course.",0,1,1,1,0,0,0,0,Make sure to review the exam review slides to know what topics will be tested on the exam.,"The review indicates heavy or difficult exams, substantial homework or lab workload, and significant time commitment."
CHEM131_468,CHEM131,Christiana Guest,2025,3,"Canvas is a little unorganized and yes the reflection quizzes are hard, but your experience really depends on how good your TA is. I've never met Guest, but there are a lot of typos in Canvas and in the quizzes. The TA's are not super hard graders when it comes to lab reports, and I had a really good TA, so I enjoyed lab and did pretty well on it. Busy work and needs to be more than 1 credit, but not that hard.",0,1,1,1,0,0,0,0,"a little unorganized and yes the reflection quizzes are hard, but your experience really depends on how good your TA","The review indicates heavy or difficult exams, substantial homework or lab workload, and significant time commitment."
CHEM132_018,CHEM132,Christiana Guest,2021,3,"This class was okay if you stayed on top of the work. However, it still seemed very excessive for something only worth one credit.",0,0,0,0,0,0,0,0,,No clear workload signal.
CHEM135_375,CHEM135,Andrei Vedernikov,2025,2,"I mean... he could be worse. He's better than Mignerey, but he's incredibly boring, and his accent is kind of rough until you get used to it after a few weeks. Lectures are kind of pointless; I didn't really go to any. He posts all his lecture slides online, and they are really useful. He posts previous exams that are basically the same as his exams. I wouldn't recommend taking him unless he's your only option.",0,1,0,0,0,0,0,0,He posts previous exams that are basically the same as his exams.,The review indicates heavy or difficult exams.
CHEM231_367,CHEM231,Sonia Hirschauer,2025,2,"She is a good lecturer most of the time, although it can sometimes be easy to get lost in what she is discussing. She is a nice person to talk to, but it's important to approach her at the right time; if you don't, she may make you feel like you're are dumb for not understanding the basic concepts. he class is not designed for you to fully succeed. The practice problem sets are not reflective of the exam, which makes it harder to know what to focus on for the test, especially since there are no practice exams available. You won't know how to time yourself effectively. One helpful thing she does when covering difficult topics is record the lectures, which can be beneficial for reinforcing the concepts when you listen to them a second time. My advice is to come to class already familiar with some of the content that will be covered, and to make sure you are consistently practicing each topic, as everything builds upon what you've learned. Similarly, Praha isn't very effective at explaining the concepts. He often relies on pKa, which is important, but he tends to assume that students already have a lot of knowledge about the topic instead of providing a general understanding suitable for first-year students.",0,1,1,0,0,0,0,0,"problem sets are not reflective of the exam, which makes it harder to know what to focus on for the",The review indicates heavy or difficult exams and substantial homework or lab workload.
CHEM232_009,CHEM232,Monique Koppel,2021,2,"Lab coordinators are usually barely involved with the actual lab, so I can't really fault Koppel for that. However, she still made this lab far more difficult than it needs to be. She's essentially the only person who teaches CHEM232, so there isn't really a chance of avoiding her, it's more about knowing how to approach her lab. The number one thing is that her post-lab questions are ridiculously difficult. These are the questions that she will post on ELMS in addition to the post-lab questions that are already in the lab manual. They will ask hard questions that barely relate to the content of the lab and ask about content that most students don't learn in lecture. Usually, it's not hard to get full points on every other part of the experiments. Those are always graded by your TA (so it's pretty nice to have a chill TA in the class). A lot of times, the pre-lab component is only graded on completion. The post-lab questions (PLQs) are graded on rotation, so they're graded by different TAs every time. Every TA grades a little bit different, and they all grade at different paces, so do not expect to receive your labs back periodically/be able to use your graded labs to help with the future ones. If you want to ensure that you do well on the PLQs, GO TO OFFICE HOURS. Or find a friend who does. A lot of the questions are near impossible to answer unless the TAs tell you the answer. Also, the TAs for my class (Fall 2021) had the answer keys for each lab, so the literal answers were given out at office hours. Koppel eventually realized this and stopped giving them the answer keys, and so the TAs stopped being as helpful, but they were still better than nothing. I always saved doing my lab stuff until the night before, which I really regret. This lab has SO much more work than a one-credit course should have, and it's a good idea to get started on that stuff early so you have time to go to office hours. Also, try and find a TA you like or that other students like, they're likely to be more helpful. I never personally found the pre-lab videos that helpful, but definitely try to watch them, especially for the more complicated labs. Just read the manual closely for each lab and know the directions, it'll make everything go a lot faster (you're gonna wanna get out of those labs as fast as possible, some of them WILL take the full three hours). Besides the lab, there are a few additional assignments, which aren't hard. The midterm in this lab is excessively difficult. There is simply no way to study for it. Koppel published a review guide and it didn't help in any single way. As for the final, Koppel, hosted a review session for the exam, and it was so, so helpful. If she does that again, GO TO IT!! The final felt a lot easier than the midterm for me, and it also wasn't cumulative (just on the second half of the experiments in the course). In a way, there isn't a way to control your grade in this lab. It's impossible to answer questions exactly how Koppel expects. You just have to get through it, unfortunately, there isn't really a way to avoid Koppel.",0,1,1,0,0,0,0,0,The midterm in this lab is excessively difficult.,The review indicates heavy or difficult exams and substantial homework or lab workload.
CHEM241_201,CHEM241,Lyle Isaacs,2025,1,"Has a very old style teaching. Literally just lectures in class, he seems very passionate about what he does however the class only has exams no homework. And our class average was so low, however he wont drop nor curve. Only take if he is the ONLY option, otherwise just postpone to next semester. As well as the TA, he seems like a nice guy however his teaching style was not suitable for anyone.",0,1,1,0,0,0,0,0,"just lectures in class, he seems very passionate about what he does however the class only has exams no homework.",The review indicates heavy or difficult exams and substantial homework or lab workload.
CHEM271_172,CHEM271,Alice Mignerey,2024,3,"this class is for SELF-LEARNERs / STUDIERS. I'm not gonna lie I immediately knew from the first 3 lectures that her teaching style was not going to be useful for my learning so I basically skipped most of the classes. (I become more confused going to her lecture). However, she gives you the resources that you need to get an A. She uploads her lecture slides every class, though I recommend using the textbook along side because her slides don't really make sense without the textbook. Lectures aren't recorded but they wouldn't really help anyways. If you have the capacity to self study, then take this class because her lectures are not necessary. Her practice exams + answer keys are very accurate to how she will test you on her real exams. If you want to be successful in her class then... - review her lecture slides and do all the practice problems - do the discussion sheets (this is absolutely necessary) - do the practice exams (also absolutely necessary) - do the homework (a ""free"" 20% of your grade). Homework is ~20% of your grade (100 / 475). It is done through the ALEKS homework system which is an online software. It is a hunk of junk and barely makes you learn stuff. I've spent 50 hours doing it throughout the whole semester which is horrendous. At least it is just completion based. As a self studier I see no problems with this class, just don't expect the professor to feed you information. Also, she has a handy dandy summary sheet for what you need to study for the upcoming exams. - Good luck, not that luck has any factor into your academic performance anyways. happy learning.",0,1,1,0,0,0,0,0,Her practice exams + answer keys are very accurate to how she will test you on her real exams.,The review indicates heavy or difficult exams and substantial homework or lab workload.
CMSC131_354,CMSC131,Pedram Sadeghian,2024,5,"I loved Pedram. Very kind and definitely cares about his students. He explains things very well, and his lectures are very useful. His tests are apparently harder than other cs professors but they're not unreasonable.",0,0,0,0,0,0,0,0,,No clear workload signal.
CMSC132_407,CMSC132,Larry Herman,2025,4,"I like Larry, he prepares you really well for the exams because he gives very accurate practice exams. He is pretty good at lecturing (concepts are explained very well and thoroughly) but you need to make sure to pay attention because his slides aren't that helpful. Not gonna lie I fell asleep in class almost every lecture due to his monotonous voice (and saw many of my classmates doing the same), and due to that I had to spend extra time studying. I got an A regardless, but if you actually stay awake you should be pretty well-prepared. The project descriptions are very thorough, and if you read them fully you should get a 100% on every one. The extra credit on projects and class participation points are good grade boosters, but majority of your grade relies on your exam scores. Definitely take Larry if you have to pick between him and Burkhauser -- we had much higher exam averages and I've heard Burkhauser's teaching style is not the best.",0,1,0,0,0,0,0,0,"I like Larry, he prepares you really well for the exams because he gives very accurate practice exams.",The review indicates heavy or difficult exams.
CMSC320_137,CMSC320,Maksym Morawski,2024,5,"Took this class in Fall 2023 and it's one of my favorite CS classes I've taken. Prior to this class I had no experience in Data Science, Machine Learning, or even Python. I think a lot of the negative reviews are because Max isn't a conventional teacher, which is understandable if that's what you're looking for. However, if you believe this is a subject that you might be interested in, then I think Max is the perfect teacher for it. Compared to Fardina's class, Max was much less concerned with the math and specific details behind many of the topics we learned. What he cared about what your conceptual understanding of the topics and how you would apply them to real applications like a true data scientists would. It's certainly hard to break out of the traditional test taking mindset, however I found that the projects were a great way to learn how to apply the topics. TLDR: Unconventional teaching style in a good way, but if you have no desire to learn data science, do not take him.",0,0,0,0,0,0,0,0,,No clear workload signal.
CMSC414_003,CMSC414,Jonathan Katz,2009,4,"He's on OK professor. I didn't really go to class because it was boring (not the prof's fault). But he put up the slides online. Exams are actually pretty easy but everyone does badly on them (trust me, I'm no genius). The projects/homeworks are awesome and entertaining (best part of the class). The course gives you a good overview of things, although a good 25% of the course seems common sense.",0,0,1,0,0,0,0,0,The projects/homeworks are awesome and entertaining (best part of the class).,The review indicates substantial homework or lab workload.
CMSC420_115,CMSC420,Hanan Samet,2023,2,"Very hard to follow his lectures, lost track of slides frequently. Quadtree project was written in C and guidance for it was in the book he wrote, very difficult. I felt like the whole class was a trial by fire due to the lack of support and difficulty of understanding lectures.",0,0,0,0,0,0,0,0,,No clear workload signal.
CMSC424_017,CMSC424,Amol Deshpande,2020,3,"It's a good course but I don't know if its transition to online has been best. As many other reviewers have noted, there's a definite disconnect between the lecture/slides/textbook and the homework at times. Most coding assignments are fairly easy, but worksheets can be very vague and often require office hours for clarification. Projects/worksheets take up about 75% of your overall grade and there is probably a minimum of a solid 8 hours of homework each week. It seems like the curve will be fairly generous and I believe this class is pretty hard to fail, but it's also far from a piece of cake. Also, there's simply way too much material involved in this course. You jump from topic to topic week after week while it feels like you're really just skimming the surface.",0,0,1,0,0,0,0,0,"As many other reviewers have noted, there's a definite disconnect between the lecture/slides/textbook and the homework at times.",The review indicates substantial homework or lab workload.
MATH140_441,MATH140,Jonathan Fernandes,2025,1,"This is by far the worst professor I have ever had. He does not accept questions about the subject and, on several occasions, has told students that they were stupid or that “I didn’t expect this class to be such idiots” during lectures. Take another professor: DO NOT TAKE HIM",0,0,0,0,0,0,0,0,,No clear workload signal.
MATH141_478,MATH141,Jaime Paradela,2025,4,"Language barrier, messy chalkboard writing, blocks his writing until he moves onto the next thing, no lecture recordings. Despite all this, I still enjoyed his class, though my discussion TA carried hard for certain topics. The professor himself is a pretty funny guy once you get to know him, and he does want you to pass, despite what you might think. He has multiple ways to explain concepts if you don't understand. This is a class where I'd recommend sitting at the front, but it's manageable.",0,0,0,0,0,0,0,0,,No clear workload signal.
MATH240_299,MATH240,Shin Song,2024,2,"Pros: Nice person and I at least think she cares about students Responds to emails most of the time within a couple hours Gives Practice Exams Will Most likely curve Cons: -Shin straight up cannot teach, every single lecture consists of her reading off of her phone which contains a copy of the textbook. The whole time she just writes complex definitions from the textbook without much further explanation. She ""answers"" questions but most of the time her answer leaves you with more questions then you had before. I have learned about 95% of the class material from youtube and other outside sources. I personally stopped going to lecture after the second exam because it was such a waste of time as I was teaching everything to myself anyways. I actually scored higher on the third exam then I did the previous 2 after I stopped going to lecture. -While I was studying for the final I did all the practice exams she gave, which she did not really give she just took yashinskis old exams and answer keys and gave them to us. I did all of them and felt very prepared and despite all of this scored a 71 on the final. The average was a 70 which is about 6-7% lower then both wong and yashinski from what I have heard. I think this speaks to how much less her class was prepared in comparison to other profs. There was a question on the final that I had straight up never seen before in my life. Given all of this it was her first semester teaching so hopefully she can take this feedback and improve for next semester, I also have to give her credit because she said she would curve.",0,1,0,0,0,0,0,0,"time within a couple hours Gives Practice Exams Will Most likely curve Cons: -Shin straight up cannot teach, every single",The review indicates heavy or difficult exams.
MATH241_468,MATH241,Jiwoong Jang,2025,3,"Prof. Jang is a pretty nice guy, but unfortunately just comes off as inexperienced with teaching at the very least. One of the things I didn't expect to play a decent role was a slight accent and subpar microphone skills, which meant that lectures often included heavy static from him breathing into the mic, as well as an accent that was a bit difficult to follow. However, his exams seemed to be significantly easier than past exams from other professors, and thus if you self-study the course instead, you'll have decently easy exams. If you're confident with self-studing, take this guy; If you want a more traditionally show-up-to-lectures-and-discussions-and-be-fine experience he might not be the guy. TLDR: Not great lecturer, but decently easy tests and quizzes means it won't be too hard to get a decent grade with some outside effort",0,0,0,0,0,0,0,0,,No clear workload signal.
MATH246_303,MATH246,David Hamilton,2025,1,"HAMITLON!!!!!!!!!!! WHY DID YOU HAVE TO DO THIS TO ME TO GET A C IN MY OVERALL GRADE??? Honestly, his notes are useless and don't help, I don't even recommend his office hours. One of the most nonchalant math professors at UMD I have had so far.",0,0,0,0,0,0,0,0,,No clear workload signal.
MATH310_011,MATH310,Steve Halperin,2013,1,"Halperin made efforts to be friendly to students, but was a horrendous teacher. Never in my career as an undergraduate have I such a terrible learning experience. When presented with problems from the exam, he was unable to solve some of then. Yet, on this same exam, he claimed that it was OUR fault for not learning the material- yet every single person failed this same test. Avoid Steven Halperin at all costs.",0,1,0,0,0,0,0,0,"When presented with problems from the exam, he was unable to solve some of then.",The review indicates heavy or difficult exams.
MATH401_045,MATH401,Tamas Darvas,2022,5,The course is easy and Prof Darvas explains the material well. I would recommend him.,0,0,0,0,0,0,0,0,,No clear workload signal.
MATH410_053,MATH410,Denny Gulick,2022,5,"Professor Gulick is amazing! He is a clear, funny, organized lecturer. He is very knowledgeable and passionate, which always helps. I had always heard of 410 as a nightmare course for math majors, but it was honestly not bad at all for me with Professor Gulick. I obviously still had to work hard, but his homework and exams were very fair and doable from reading the textbook and attending lecture. He always holds review sessions for the exams and takes any questions that students may have. He is very sweet and accommodating and it is clear how much he cares for his students.",0,1,1,0,0,0,0,1,"to work hard, but his homework and exams were very fair and doable from reading the textbook and attending lecture.","The review indicates heavy or difficult exams, substantial homework or lab workload, and challenging but fair expectations."
PHYS121_024,PHYS121,Edward Redish,2008,3,"Very good lectures. The homeworks took up most of my free time during the week, you have to get help on them or work with others. Tests are difficult but there is a generous curve. The lab and discussion are a waste of time.",0,0,1,0,0,0,0,0,"The homeworks took up most of my free time during the week, you have to get help on them or",The review indicates substantial homework or lab workload.
PHYS260_125,PHYS260,Michelle Girvan,2024,5,"Dr. Girvan is a great lecturer, she really emphasizes the conceptual aspects of this course, like equation derivations, which are more difficult than just learning how to use the equations, but more interesting and better in the long-run. She allows a full page equation sheet for each exam, which is incredibly helpful, and the questions were very similar to those presented in class or given through homework assignments or practice exams. She is very transparent about curving each exam and the final class grade, as well. I felt that I truly understood the concepts she taught, which is not always the case for challenging physics classes, and that can all be attributed to her teaching style. She is also incredibly helpful, good at explaining concepts, and accommodating.",0,1,1,0,0,0,0,0,"a full page equation sheet for each exam, which is incredibly helpful, and the questions were very similar to those",The review indicates heavy or difficult exams and substantial homework or lab workload.
PHYS270_015,PHYS270,Hailu Gebremariam,2010,3,"This guy isn't that bad, but he isn't that good. He should illustrate some more example problems. Instead, he primarily just uses Power-Point slides which are identical to the book, so if the book confuses you Bantu won't help that much. Also, I didn't like that he gives no sample exams whatsoever; on Fri. before a Mon. exam he just tell us ""3 problems 1 is on Chap 35, 2 is on 36, 3 is on 37"". However, his exams were really straightforward, everything was an example in the book or an assigned homework problem - no curve balls.",0,1,0,0,0,1,0,0,He should illustrate some more example problems.,The review indicates heavy or difficult exams and harsh or unfair grading.
STAT100_162,STAT100,Matthew Griffin,2024,1,"Seems like a nice enough guy outside of class but man does he suck during lectures. What you'll get out of this class is knowing formulas and test taking technique, you will not understand a lick of statistics or what its really used for past the 2nd week of the semester. His lectures are boring beyond belief, boiling down to him reading off the slides without explaining where formulas come from, and why certain concepts are the way they are. His policies make his class even more insufferable. Attendance is his biggest one, get ready to spend the first 10 minutes of every lecture listening to him whine about how important attendance, and god forbid you are even a single minute late he will call you out and make a big deal out of it for no reason. If I ever expect to be late to his class I just don't even bother showing up to avoid his wrath. Oh yeah he grades attendance as well which is just the real cherry on top, I guess its to force people to show up because if he didn't have mandatory attendance then nobody would show up since you could learn way better and faster by reading the textbook yourself. He treats the class as if we are in middle school, he has assigned seats and will stop lecture completely just to call you out if you've got a hoodie on or earbuds in. And if you talk just a little too loud to your friend he will bring the lecture to a halt and tell everyone to be quiet. It is unbelievable how much time he wastes every lecture, time that we are paying thousands for. We are all grown adults here so I don't understand why he thinks this is high school. When he does actually lecture, it is mind numbingly boring. You know it's bad when you get excited to do a worksheet just so you get to do something other than listen to his monotone voice. The only positive thing I can say about the class is that the assignments are relatively easy, its busywork more than anything so don't expect to learn anything from those either. Frankly speaking, he is seemingly unqualified to be a professor and I expected a much higher quality of education here. The only people I see enjoying this class are masochists.",0,0,1,1,0,0,0,0,when you get excited to do a worksheet just so you get to do something other than listen to his,The review indicates substantial homework or lab workload and significant time commitment.
STAT410_040,STAT410,Terence Long,2023,5,Super chill and very approachable. His exams were as fair as they could be. Lectures directly followed the textbook. He may seem 'unorganized' but I don't think there would be a reason to be thrown off as long as you are able to keep up with the lecture content. He seemed to really care about the content that he taught. Overall a great learning experience. Easily made this into one of my favorite math/stat courses.,0,1,0,0,0,0,0,0,His exams were as fair as they could be.,The review indicates heavy or difficult exams.
BSCI160_519,BSCI160,Bill Fagan,2024,2,"The positive reviews are really misguiding honestly. I have done everything in my power to do well in the class, exam reviews, ta office hours, Bill's office hours (which he cancels a lot), the extra readings with the Principle of Life book that he assigns in the syllabus, TA's for homework, laborious cheat sheets, rewritten notes, bubble maps, showing up to every lecture and all. It just wasn't enough to get a decent grade in the class which really sucks because I tried hard. The biggest killer for me was the tricky wording in his exams, I think that's really important to note. He's not an awful guy, but I really feel like I didn't have a chance from the beginning. I somehow just always did poorly on the exams, I would advise looking for other professors if you can.",0,1,1,0,0,0,0,0,"power to do well in the class, exam reviews, ta office hours, Bill's office hours (which he cancels a lot),",The review indicates heavy or difficult exams and substantial homework or lab workload.
BSCI170_241,BSCI170,Ji Young Choi,2025,5,Very sweet professor and is helpful when you ask her questions. You have to teach yourself but that wasn’t really an issue for me personally. If you put the effort in you’ll definitely do fine in the class.,0,0,0,0,1,0,0,0,You have to teach yourself but that wasn’t really an issue for me personally.,The review indicates required self-learning.
BSCI171_009,BSCI171,Swarna Mohan,2021,2,"Excessive work and harsh grading, especially considering it's a one-credit class. She is very inflexible with due dates and other possible concerns; she's inconsiderate of student's time. In the online format, there is no direct interaction with her and she discourages it. Her lectures are somewhat helpful, but very dry and did not really elaborate much on the content found in the lab manual we are expected to read. In general, unhelpful and harsh. Would not recommend her class at all.",0,0,1,0,0,1,0,0,dry and did not really elaborate much on the content found in the lab manual we are expected to read.,The review indicates substantial homework or lab workload and harsh or unfair grading.
BSCI201_048,BSCI201,Nelson Bennett,2023,5,"I personally really liked Bennett's teaching style. He is very entertaining and engaging. He draws things out for the class and explains things thoroughly. His exams are fair, but thorough as well. One of the best STEM professors by far.",0,1,0,0,0,0,0,1,"His exams are fair, but thorough as well.",The review indicates heavy or difficult exams and challenging but fair expectations.
BSCI207_144,BSCI207,Karen Carleton,2023,4,"Dr. Karen was an incredibly kind and intelligent woman, and a great teacher. Regardless, BSCI207 is a very difficult class (at least it was for me - I was a freshman who placed out of BSCI160 & 170, so I jumped straight in). There is SO much content that it gets very overwhelming. She drops one of three midterms, which is very nice though! I found it kind of hard to follow her lectures, but I am not sure if that had anything to do with her or if it's just because the class is hard. She also has office hours in person and on zoom! All lectures are recorded and posted on canvas as well.",0,1,0,0,0,0,0,0,"She drops one of three midterms, which is very nice though!",The review indicates heavy or difficult exams.
BSCI222_194,BSCI222,Kimberly Paczolt,2024,5,"I honestly was surprised to see paczolts rankings were this low. I thought she was a very fair and caring professor to have for genetics. It is a hard class no matter what, and even though I didn't end with an A, I still think she was one of the most accommodating professors I have had while at UMD. It is so clear that she cares about the success of her class and gives SO many resources. We had to make a study plan for every exam as an assignment. The fact that this was an assignment and we got points for it really shows she wants us to succeed. There are topic quizzes (about 1 a week) and homework (about 5 total for the semester) which I personally thought were really helpful to prep for exams (and she dropped our 3 lowest scores). and she has a personal website 222torial which I personally found sooo helpful to understand certain topics. Again, her creating that website for us just showed me how much she cares about our success. coming from stem classes where the only grades we basically get are exams, this class was great because it has so many small assignments to boost your grade and hold you accountable to learning it. The exams are definitely difficult and very specific. I would study for at least a week for each exam, and sometimes didn't even feel prepared. our first exam average was lower than she wanted so she gave us an extra credit opportunity to boost our grade. she also gave us an extra credit assignment at the end of the semester. and discussion was helpful for exam review (use your ta for guidance they can be so helpful). overall the class is definitely hard but I would 100% recommend paczolt I think she made a difficult class very fair.",0,1,1,0,0,0,0,0,We had to make a study plan for every exam as an assignment.,The review indicates heavy or difficult exams and substantial homework or lab workload.
BSCI223_024,BSCI223,Erin Tran,2022,5,"Dr. Tran is an amazing and nice professor. She is really clear at explaining things in her videos and lecture. This class may seem like a lot of work but many of the assignments are small and/or done in groups (and completion grades). A lot of the grading is done by the TA. As long as you keep up with the material, you can do well in the class.",0,0,1,1,0,0,0,0,seem like a lot of work but many of the assignments are small and/or done in groups (and completion grades).,The review indicates substantial homework or lab workload and significant time commitment.
BSCI330_099,BSCI330,Carmen Cantemir-Stone,2023,5,"Dr.Cantemir was a very good professor in my opinion. I thought her slides were great, and I was able to learn a lot by just looking at the slides multiple times. One thing I really liked was how I didn't need to refer to the book to understand things because her slides were very clear and she wasn't pulling exam questions from the book. Her exam questions are only what are covered in her slides, and she really does not throw curveballs or unexpected questions on the exams. She also had multiple extra credit opportunities that were a grade booster and she is very accommodating. Highly recommend you take her for this class.",0,1,0,0,0,0,0,0,the book to understand things because her slides were very clear and she wasn't pulling exam questions from the book.,The review indicates heavy or difficult exams.
BSCI410_051,BSCI410,Louisa Wu,2022,5,"Dr. Wu is one of the most responsive professors in the bio dept; she responds really quickly (and nicely!) via emails if you ever have a question. The course is pretty content-heavy and you learn a lot in a short amount of time, so office hours and reviewing lecture recordings are recommended. Exams are hard but fair- go to office hours early!",0,1,0,0,0,0,0,1,Exams are hard but fair- go to office hours early!,The review indicates heavy or difficult exams and challenging but fair expectations.
CHEM131_467,CHEM131,Lenea Stocker,2025,5,"I love Dr. Stocker for gen chem. She explains everything so clearly and uses such niche examples. She keeps it 100% real about what is expected of you and how to do well in the course. Gen chem is always going to be hard no matter what professor you take and you just have to know that. It is all about the work you put in! Dr. Stocker posts a bunch of problem sets and practice tests for you to do, and if you use these resources the more likely you are to succeed. Dr. Stocker doesn't record lectures, but you should be there anyway!! I highly recommend.",0,1,1,0,0,0,0,0,She explains everything so clearly and uses such niche examples.,The review indicates heavy or difficult exams and substantial homework or lab workload.
CHEM132_017,CHEM132,Christiana Guest,2021,1,"Genuinely bad professor who does not respond to emails and has put me at a disadvantage because of my disabilities. Blatant ableism. I took AP Chemistry in high school and got an A every quarter and a 4 on the final exam. Since I am a biology major, I decided to retake it as a review in preparation for organic chemistry. I can justifiably say that this was the most awful class I have taken thus far. Dr. Guest rarely responds to emails. The midterm was extremely unfair (average was below a 50%) and the final was similar. On top of this, I have ADS accommodations and have experienced ableism in this class that I will have to address with the College of Computer and Mathematical Sciences here at UMD. I was unable to use my accommodations during my midterm because we had a lab immediately after during the same class period. One of my accommodations enlists an increased time to take tests, so I would have missed this lab and been forced to do a make-up lab instead, taking more time out of my schedule. The final was online and I was at ADS taking my exam and noticed I did not have my time extension. The testing proctor contacted Dr. Guest with no response. I then was unable to complete the final and had to email her myself. She replied that she would ""get back to me"" but never did and instead released the grades for everyone's final, mine included. I have reached out to her again, but am leaving campus today due to COVID-19 protocol. Dont know what my final grade will be looking like because I have no idea what I am going to do for my final.",0,1,1,0,0,0,1,0,I took AP Chemistry in high school and got an A every quarter and a 4 on the final exam.,"The review indicates heavy or difficult exams, substantial homework or lab workload, and course disorganization."
CHEM135_373,CHEM135,Andrei Vedernikov,2025,2,"Can be very difficult to understand due to accent. Doesn't really teach at all during class just reads slides with a bunch of useless information, most of which you wont be tested on. Lectures are hard to follow along with as well. The only thing he does well is release old mid terms that are closely related to the test. I would recommend skipping class and teaching yourself using the textbook or AI. Not sure how our ""Public Ivy"" cant get better teachers. The class isn't impossible just need to put in a lot of work by yourself.",0,0,0,0,0,0,0,0,,No clear workload signal.
CHEM231_366,CHEM231,Sonia Hirschauer,2025,3,"Some of the other reviews are a bit harsh, but let me give my thoughts: - Spring 2025 Dr. Hirschauer is not the same as Spring 2024 Dr. Hirschauer. The exams are a lot more difficult, and the PP sets alone will not be sufficient for success in this class. Several questions on the midterm and even the final exam were not included in the PP sets nor discussed in enough detail in the lecture - I think Praha is a bit over-hated, but still not a very good TA. Talks way too fast, hard to understand at times, and doesn't do the greatest job at explaining. Discussions in general were useless in furthering my understanding of the content. - GSS was excellent. Aubrey if you read this: thank you. Best GSS leader I've had in my 4 semesters at UMD - Overall, Dr. Hirschauer is overhyped, but I still think she's a good professor with lots of energy and does well enough to explain a notoriously difficult course.",0,1,0,0,0,0,0,0,"The exams are a lot more difficult, and the PP sets alone will not be sufficient for success in this",The review indicates heavy or difficult exams.
CHEM232_008,CHEM232,Monique Koppel,2021,1,"the lab this semester was a mess, and she kept making decisions that made it more so. this class is meant to supplement what we're doing in 231, which is a great idea in theory. in practice, all of the professors are covering the concepts on a different timeline. which would be fine, but there is hardly an explanation of the concepts in the lab manual. sometimes you get videos to watch before the lab, which are really helpful, but they can range from being over 2 hours in total to maybe 5 minutes for the week. and sometimes they don't even cover theory, just how to do the actual lab. a ta also called the recommended textbook useless. which would be fine since we can just go to office hours. but halfway into the semester she's limited how much the ta's can say when they answer a question. which would be fine, you don't want your ta's just giving out answers. but it's to the point where i've seen people ask basic questions on theory and the ta's still can't answer. there's literally not a single source to find the theory we NEED to know, considering it's almost all of what's on the midterm/final/PLQ's, which are HUGE parts of the grade. the lab is ran so poorly, for being just 1 credit i find myself putting in a stupid amount of effort for disappointing results. if the lab manual that she wrote was just slightly more extensive, that would be so helpful. if the ta's weren't kept away from explaining even basic theory, that would be so helpful! i know there's no other choice for the lab, but be prepared for a really difficult, frustrating semester if you do have to take it.",0,1,1,0,0,0,0,0,"there's literally not a single source to find the theory we NEED to know, considering it's almost all of what's",The review indicates heavy or difficult exams and substantial homework or lab workload.
CHEM241_200,CHEM241,Jeffery Davis,2025,3,"Davis is a really nice guy, I didn’t get to know him very well but in lectures he seems very supportive and doesn’t hesitate to take up class time answering everyone’s questions. That being said, I felt very unprepared for all of his exams because it was so hard to learn from his lectures. Though he’s a great person, it was hard to stay awake in his class and maybe it’s just a me thing, but I had to fight tooth and nail to get an A- lol. The structure of the class is very straightforward, but thats also a negative because he has no support to help your grade other than 9 extra credit points which didn’t do much for me in the span of things even when I did all of the extra credit. The total points for the class when I took it was 300, and each exam is 100 points so he drops the lowest and you can add 9 to get a max of 309/300 if you’re a genius. The first exam was very straightforward, but I’d recommend to never take any of his exams for granted and study until you feel very prepared because only the exams make up the grade. He also didn’t curve for my class since he’s already dropping the lowest, but considering one of our class averages was 55% I wish he did :(. When he says the exams get harder over time he means it, our exam averages kept getting lower every exam. He lets you skip the final if you’re fine with your grade the first 3 exams, but then he also makes the final so hard that people who need to take it and show up still don’t get the grade they want because its so difficult (our average was 40%). I originally took this class because I heard his exams are really easy and he teaches well so you are prepared, but I realized it was the total opposite after the second exam. I think maybe in his last classes the exams were easier but definitely not for my class. His form of homework is textbook problems, but they aren’t assigned or graded. I’d recommend paying attention to what he says in class because he focuses more on application and chemical kinetics than mechanisms, so focus on why specific reactions happen while you memorize them, since both are tested. A few people in my class did get very good grades, so it’s very possible, but if you have a packed semester with a bunch of other classes its very hard to prioritize his class. Also by the time you read this he may have already retired lol.",0,1,1,0,0,0,0,0,"said, I felt very unprepared for all of his exams because it was so hard to learn from his lectures.",The review indicates heavy or difficult exams and substantial homework or lab workload.
CHEM271_171,CHEM271,James Rainbolt,2024,5,"I really liked Rainbolt. I never once talked to him or participated in class, so I was definitely not a ""favorite"" like other reviewers on here say but I still did really well and enjoyed his class. His modules are very thorough and contain all the information you need about a topic. He tries hard to keep students engaged in lectures and is a pretty funny dude. I felt like he genuinely cared about his student's understanding and success in the class. I went in very intimidated because of the rumors but ended up really liking him as a professor. He definitely has no tolerance for stupid questions but he does appreciate participation. I felt like his exams were fair if you studied the module practices and quizzes.",0,1,0,0,0,0,0,1,I felt like his exams were fair if you studied the module practices and quizzes.,The review indicates heavy or difficult exams and challenging but fair expectations.
CMSC131_353,CMSC131,Tiffany Lu,2024,5,She is very helpful during office hours and even stays extra time when people need help. Thanks to her and Pedram I got an A in the class!,0,0,0,0,0,0,0,0,,No clear workload signal.
CMSC132_406,CMSC132,Larry Herman,2025,3,"Larry is a good professor if YOU DO THE WORK. So his class isn't easy. His lectures aren't mandatory but some times he will pass out worksheets in lectures and will give posts based on completion(even if u didn't complete it u can get 100). I missed one worksheet and it dropped my grade by .8% which is a lot at the end of the semester. Second PLEASE GO TO DISCUSSIONS. Also his projects aren't hard just start early. They also have extra credit if u submit once and 2 days before the submit date. I suggest you go for these since it helps in the long run. Also you have to participate twice that's it. Third, the tests are like the practice tests. Please study the practice tests its so helpful and he does a amazing job making sure the practice test lines up with the real test. About larry as an instructor. His classes are fine but boring. He teaches the content well and explains it well but CMSC132 is just boring.",0,0,1,1,0,0,0,0,but some times he will pass out worksheets in lectures and will give posts based on completion(even if u didn't,The review indicates substantial homework or lab workload and significant time commitment.
CMSC320_136,CMSC320,Fardina Alam,2024,4,"Fardina Alam is very nice, but truthfully this class with her is so boring. But she gives lots of resources to do well even if you don't go to lecture.",0,0,0,0,0,0,0,0,,No clear workload signal.
CMSC420_114,CMSC420,Justin Wyss-Gallifent,2023,5,This class is easy for a 400 level. Dont have much to say about Justin that everyone else has not already said.,0,0,0,0,0,0,0,0,,No clear workload signal.
CMSC424_016,CMSC424,Amol Deshpande,2020,5,"good class pogchamp very hard - but lots of interesting material online environment is, if anything, just as good or better than in person lecture, as is the case with most computer science courses The coding homeworks are often straightforward, but the gradescope questions are usually relatively long. Overall not too bad of a class. The exams are hard, but everyone does terribly, and the grading is extremely flexible.",0,1,1,0,0,0,0,0,"The exams are hard, but everyone does terribly, and the grading is extremely flexible.",The review indicates heavy or difficult exams and substantial homework or lab workload.
MATH140_440,MATH140,Jonathan Fernandes,2025,5,"Im not someone who understands math very easily and jumping into this course from high school was a little difficult because Im used to my professor teaching me every little thing to know, instead of reading the textbook and studying on my own. That being said in the beginning I did not like this class at all, but I have actually come to love it! This is because I used to be someone who never studied and got away with it, but now through studying on my own time for a little bit, this class is actually extremely easy. The exams are just like the practice exams, and he pulls problems either from the worksheets you have already done or from the problems he goes over in lecture. The TAs are the ones who will walk you through how to do the problems. If you go to lecture and do the worksheets (which are very normally finished in class), and review for maybe 2 hours before a test, this class will be an easy A. The TAs are very generous with points on exams, if you show you know how to do a problem but have a wrong answer, you will recieve most of the points. Exams are normally curved, and worksheet grades and exam grades are adjusted at the end of the semester. This class is a very easy A, even for someone like me who doesnt really enjoy math, but can understand concepts after studying.",0,1,1,0,0,0,0,0,"The exams are just like the practice exams, and he pulls problems either from the worksheets you have already done",The review indicates heavy or difficult exams and substantial homework or lab workload.
MATH141_477,MATH141,Timothy Pilachowski,2025,1,"Genuinely and unfortunately a terrible professor. He just reads from slides and gives ""practice questions"" for you to do and expects you to understand them with no context and little to no explanation. It's basically like if you gave someone a pencil that has no lead and expected you to write them an essay. He also tries to make painfully unfunny jokes that never land well and his lectures (before I stopped going) had an incredibly awkward vibe. The only good thing about this course is he offers lecture videos that are higher quality than his actual teaching. I remember he did like a Dracula accent on the first day of class and dropped it halfway through with no acknowledgement. His exams are made to trick you, and he is crazily unhelpful & straight up creepy with some of the comments he makes. I wouldnt wish this course on anyone. I only got stuck with him due to the late registration dates that freshmen get, DO NOT TAKE THIS PROFESSOR!!",0,1,0,0,0,0,0,0,"His exams are made to trick you, and he is crazily unhelpful & straight up creepy with some of the",The review indicates heavy or difficult exams.
MATH240_298,MATH240,Wiseley Wong,2024,4,"Lecture is boring and hard to follow. But outside of that, the exams and quizzes are not bad if you make sure to not slack off during the semester. Made the mistake to slack off at the beginning and ruined my score even if I did better at the end. Just make sure to focus and not slack off and you will be fine",0,1,0,0,0,0,0,0,"But outside of that, the exams and quizzes are not bad if you make sure to not slack off during",The review indicates heavy or difficult exams.
MATH241_467,MATH241,Jiwoong Jang,2025,4,"Very consistent and by the book. Everything covered in lecture is almost directly from the textbook, to the point where alot of quizzes or exams were pulled right from the examples. His accent is a little hard to understand at times but use context clues and youll be fine. Very nice guy and answers questions very well. Only reason I dont give him 5 stars is I wish he would post some example problems to do for homework, because other than that practicing the math is completely on your own. His TA's are fine nothing crazy helpful. His exams aren't too hard either if you understand the weekly quiz",0,1,1,0,0,0,0,0,"almost directly from the textbook, to the point where alot of quizzes or exams were pulled right from the examples.",The review indicates heavy or difficult exams and substantial homework or lab workload.
MATH246_302,MATH246,Antoine Mellet,2025,5,"Mellet's pretty great. Fair exams and quizzes, he also lowered grade cutoffs by several percent. The MATLAB assignments were brainless but that's how it always is. This course has a lot of content and subtopics, but he did a good job of explaining everything and keeping the pace reasonable. Only knock is that the final was uncharacteristically rough but who knows if he even wrote it.",0,1,1,0,0,0,0,0,"Fair exams and quizzes, he also lowered grade cutoffs by several percent.",The review indicates heavy or difficult exams and substantial homework or lab workload.
MATH310_010,MATH310,Steve Halperin,2013,1,"His teaching style is horrible. His method of instructing is by telling the class to try as many problems as possible without actually teaching them how to prove anything. At one point, all of us failed an assignment and verbatim, he stated that ""[he] deduced that it was entirely [our] fault."" At one point he was asked to solve one of our test problems on the blackboard and he was unable to do it. I used to be a math major, but I dropped it because of this class. Nice guy, but avoid him at all costs.",0,0,1,0,0,0,0,0,"one point, all of us failed an assignment and verbatim, he stated that ""[he] deduced that it was entirely [our]",The review indicates substantial homework or lab workload.
MATH401_044,MATH401,Matthias Wellershoff,2022,5,"I had Matthias for the Fall 2022 Semester. He was a nice and well intentioned person. Although this was his first semester teaching at UMD, he really put in the effort to make the course enjoyable. He had prepared excellent class notes for the materials covered in class, which I really appreciate since it helped me learn better. I do, however, wish we could cover more applications of linear algebra instead of focusing too much on the theory. I'd 10/10 recommend him as a professor for MATH401.",0,0,0,0,0,0,0,0,,No clear workload signal.
MATH410_052,MATH410,David Hamilton,2022,4,"He isn’t bad at all. He just speaks to the class as if we all know exactly what he’s talking about. He is helpful and will help pass you if you put in the work by going to office hours. During office hours he breaks everything down for you. You have a 70% chance of passing his class if you show up, attend office hours, and try your best.",0,0,0,0,0,0,0,0,,No clear workload signal.
PHYS121_002,PHYS121,Douglas Hamilton,2008,5,Nice guy. Exams were fair. goes through a lot of demonstrations and example problems in class. class is curved.,0,1,0,0,0,0,0,1,Exams were fair.,The review indicates heavy or difficult exams and challenging but fair expectations.
PHYS260_124,PHYS260,Michelle Girvan,2024,5,"Don't be scared by the bad reviews! Girvan was super receptive to feedback and made changes during the semester to make the class easier, including reducing deductions on homeworks, extending deadlines, and providing helpful practice material. All the questions from the first midterm were covered in lecture or homeworks since she wanted to ""reward studying"" as we started off the semester. Curving might be different depending on different sections. Expect 20 minute timed conceptual/practice problem style quizzes which are a little stressful but you get to drop one.",0,1,1,0,0,0,0,0,"All the questions from the first midterm were covered in lecture or homeworks since she wanted to ""reward studying"" as",The review indicates heavy or difficult exams and substantial homework or lab workload.
PHYS270_011,PHYS270,Konstantinos Papadopoulos,2010,3,"Really boring, tests are pretty difficult, but curve is nice. Takes most of exam problems from what he says in class.",0,1,0,0,0,0,0,0,Takes most of exam problems from what he says in class.,The review indicates heavy or difficult exams.
STAT100_161,STAT100,Matthew Griffin,2024,1,"By far the worst person I have met in my life! All I can say is he’s an egotistical little man with no respect for students. The majority of class is just him complaining about attendance and students, but when he does go over the material it is rushed and disorganized. What to expect from this class: -Strict attendance twice a class -constant complaints about students -assigned seats -use of this stupid coding system Luckily the material is not too difficult, however this prof. makes the class way more painful than it needs to be. UMD please fire this guy",0,0,0,0,0,0,1,0,"just him complaining about attendance and students, but when he does go over the material it is rushed and disorganized.",The review indicates course disorganization.
STAT410_039,STAT410,Sandra Cerrai,2022,5,"I would recommend STAT410 with Cerrai, just make sure you're alright with a class that isn't as easy as STAT400. She teaches very well and I personally liked the style of lecturing - it's taught a bit more like the upper level math courses due to the focus on theory, as the course's name would imply. It might be a bit more difficult for those who aren't into math as she can use some notation and concepts that not everyone will necessarily be familiar with at first. However, she's more than happy to clarify this and did so as-needed when people asked and in the end I found it helped connect it better to other topics and made it better to understand. She follows the textbook pretty well, so if you do miss anything the textbook will be adequate at explaining it. Her exams are pretty fair in my experience, although not always the easiest. On the second midterm, the class generally did rather poorly and she just made up for it entirely by giving a take-home exam. During the exam she's also still receptive to questions, so if you're confused - just ask. There's also a rather large curve at the end. All in all, I'd highly recommend her if you aren't just looking for an easy class to fulfill a STAT4XX requirement.",0,1,0,0,0,0,0,0,"Her exams are pretty fair in my experience, although not always the easiest.",The review indicates heavy or difficult exams.
BSCI160_518,BSCI160,Emily Bruns,2024,5,"I'd say that this professor's high passion and enthusiasm definitely drives a lot throughout this whole course. She always looks forward to teach everyday and it shows when you attend her lectures. I feel like her coursework isn't as much compared to some of my other classes, but she does post weekly concept checks which aren't terrible. She also records her lectures and I feel like everything coming from her lectures, the concept checks, worksheets, and homework assignments are all straight forward and provide everything that you need to know for this class to prepare well for the exams. She drops the lowest exam grade including the final, and she is very reasonable with what she assigns to her students. This semester's final is online which is pretty convenient. On top of that, keep in mind that she cares about attendance and since she will recognize who you are within the first couple days of the start of the semester, participation will count towards your grade. Overall, I'd highly recommend her for this course.",0,1,1,0,0,0,0,0,all straight forward and provide everything that you need to know for this class to prepare well for the exams.,The review indicates heavy or difficult exams and substantial homework or lab workload.
BSCI170_240,BSCI170,Ji Young Choi,2025,5,"Ms. Choi is a very sweet lady she definitely just reads off the slides when she lectures but compared to other bio 170 teachers I would consider her to be easier. Her slides are very straight forward and you can easily teach the information to yourself. The midterms are very straight forward. No written response, only multiple choice true false and fill in blank/ diagram. There are online quizzes and problem sets as well as weekly worksheets that really cushion your grade. As long as you attend lecture and study the reviews before the exam you will be fine. I honestly really recommend her for bsci 170. She also ended up dropping our lowest midterm or allowing us to get extra credit points.",0,1,1,0,0,0,0,0,The midterms are very straight forward.,The review indicates heavy or difficult exams and substantial homework or lab workload.
BSCI171_008,BSCI171,Swarna Mohan,2021,1,Mohan straight up sucks. She gives way too much work for a 1 credit class and never really offers help to her students. Its so annoying how a 1 credit class has more work than some of my 3 credit courses. Do NOT take her class if you have the option to enroll in other professors' bsci171 courses.,0,0,0,0,0,0,0,0,,No clear workload signal.
BSCI201_047,BSCI201,Caitlin Fox,2023,5,"These reviews are not it. I have had Dr. Fox as a lab coordinator for multiple classes. If you pay attention, read the material, and study the powerpoints you will succeed. She runs the lab so well and teaches her TAs what needs to be emphasized in class (I have been her TA for multiple semesters.)",0,0,1,0,0,0,0,0,Fox as a lab coordinator for multiple classes.,The review indicates substantial homework or lab workload.
BSCI207_143,BSCI207,Nicholas Fletcher,2023,5,All his lectures are recorded and he never tests on anything that he didn't cover. Very good teacher who cares about his students. Definitely would take him again.,0,0,0,0,0,0,0,0,,No clear workload signal.
BSCI222_193,BSCI222,Kimberly Paczolt,2024,5,"Holy crap, you guys are so dramatic. Dr. Pazcolt is genuinely one of the best professors I've had here. Her canvas page is incredibly organized and easy to navigate and she goes out of her way to provide her students with as many resources as possible. It's clear that she wants her students to succeed, offering extensive exam reviews and structuring the class in a way that encourages students to stay on track for exams. I don't know what her reviews are talking about, she's clearly very passionate and knowledgeable about genetics and was never rude to her students, oftentimes encouraging them to ask more questions. My advice for this class would be to take advantage of all the resources provided (lab reviews, practice exams, 222utorials, topic quizzes) and you'll do fine",0,1,0,0,0,0,0,0,"wants her students to succeed, offering extensive exam reviews and structuring the class in a way that encourages students to",The review indicates heavy or difficult exams.
BSCI223_023,BSCI223,John Buchner,2021,4,"Loved taking Buchner's class. He is by far the coolest professor I've had yet. He seems like a very kind and understanding person and makes lots of accommodations due to COVID. His lectures can be helpful because he just goes over questions most students didn't understand. Many bad reviews I've seen said he gives too much busy work which I agree with but MOST of it is participation points. As long as you put in some effort, you will get full points for completion. For exams there are a few parts to it but you also get 1-2 weeks to complete it but some questions can be tricky. Lab was good in person. Very minimal effort. You just have to read directions and follow them. I had an awesome TA and he was very lenient with grading so lab helped bring my grade up. There are a few assignments where you have to present but they are very informal and less than 5 minutes as a group. I had to take this class for my major and was super worried about it but it was pretty straightforward. A good amount of effort but easy A for the most part.",0,1,1,1,0,0,0,0,For exams there are a few parts to it but you also get 1-2 weeks to complete it but some,"The review indicates heavy or difficult exams, substantial homework or lab workload, and significant time commitment."
BSCI330_098,BSCI330,Kenneth Frauwirth,2023,4,"What I appreciate about Dr. Frauwirth is that he didn't make this class harder than it needed to be. His exams were fair, as everything he tested on was outlined in the slides. In addition, there are a bunch of free points to boost up your grades, such as the lecture quizzes which are open note, participation tophat questions, cell biology in everyday life discussions, and the lab, which is essentially busy work, though Frauwirth doesn't run the lab. The only thing I wish Frauwirth did was provide a study guide for his exams, but if you study in advance, you should be fine.",0,1,1,1,0,0,0,1,"His exams were fair, as everything he tested on was outlined in the slides.","The review indicates heavy or difficult exams, substantial homework or lab workload, significant time commitment, and challenging but fair expectations."
BSCI410_050,BSCI410,Zhongchi Liu,2022,5,"I really enjoyed taking Dr. Liu's class! Her lectures are easy to understand and she records all of them so you can go back later to review any information you missed, which took a ton of pressure off trying to get everything down in your notes during class. We consistently get out of class 10-20 minutes early and I thought her exams were fair. Her accent is not really an issue at all and she obviously is very knowledgeable about the field. First 1/3 of the semester is basically a rehash of BSCI222 and the rest is about molecular techniques and model organisms, based on what she has told us. Would definitely take her again.",0,1,0,0,0,0,0,1,We consistently get out of class 10-20 minutes early and I thought her exams were fair.,The review indicates heavy or difficult exams and challenging but fair expectations.
CHEM131_466,CHEM131,Lee Friedman,2025,4,"Honestly, I enjoyed the class and didn't think the material was too hard. He can go a little fast sometimes and explain some things more complicated than they need to be, but if you go to class and the GSS sessions, you should be fine. I will say, taking AP Chem in high school gives you a HUGE advantage. I've done really well in the course because I am already super familiar with the material from AP Chem last year.",0,0,0,0,0,0,0,0,,No clear workload signal.
CHEM132_016,CHEM132,Christiana Guest,2021,1,"She was the only professor for gen chem lab this semester so its not like anyone had a choice to take her but if I had a choice I would definitely not take any class with her ever again. She wrote the lab manual that we use in class and it has so many typos and the experiments can be unclear I recommend looking at the pre lab video she posts under the modules and watching them do the experiment instead of following the book. My main issue with this class is not the labs themselves since they are definitely doable, its the two exams in a LAB course. Every exam is all multiple choice and each question is worth 6 POINTS which makes it almost impossible to get an A on them since the questions are so confusing and nothing like the lab manual. For some questions she would give 7 answer choices which is insane. Don't take her if you don't have to. If you do have to take her, pray your TA is nice and helpful",0,1,1,0,0,1,0,0,"this class is not the labs themselves since they are definitely doable, its the two exams in a LAB course.","The review indicates heavy or difficult exams, substantial homework or lab workload, and harsh or unfair grading."
CHEM135_372,CHEM135,Andrei Vedernikov,2025,2,"Don't waste your time going to his lectures, get your participation for 10 classes and then study the material on your own. His homework have nothing to do with lecture. The best thing you can do is wait until his old exam reviews come out and just study those. They are the EXACT same as the actual test, just different numbers.",0,1,1,0,0,0,0,0,The best thing you can do is wait until his old exam reviews come out and just study those.,The review indicates heavy or difficult exams and substantial homework or lab workload.
CHEM231_365,CHEM231,Sonia Hirschauer,2025,1,"Overhyped professor. Was on the edge of my seat looking to register for this teacher. Mistake. Should have taken stocker or koppel. The pp sets are easy and not similar to the exams. No practice exams. Speeds through content and talks fast. Lot of self-learning. Overcomplicates easy topics and makes it harder to understand (acid and bases, fischer projections, sub/elim...). TA's often do not grade exams correctly. The TA Praha was terrible (rambled about things that were not present on the exam, complicated explanations, bad explainer, discussion was basically useless, discussion tests were also nothing like the exams). Curve...not so good. Unsure of why she does not give practice exams like the other professors.",0,1,0,0,0,0,0,0,No practice exams.,The review indicates heavy or difficult exams.
CHEM232_007,CHEM232,Monique Koppel,2021,4,"The labs were generally fair and she modified them well to let us get out early. There were tons of office hours with the Tis, which are essential to getting the Post Lab questions answered. However, you should try to good really good on the lab reports, because the final is very hard. Since it is multiple choice (for chemistry), you can lose a lot of points quickly and it will bring your grade down. There was a pretty good curve at the end (4%) though, to account for this.",0,1,1,0,0,0,0,0,"However, you should try to good really good on the lab reports, because the final is very hard.",The review indicates heavy or difficult exams and substantial homework or lab workload.
CHEM241_199,CHEM241,Jeffery Davis,2025,3,"Davis is such a nice guy, but honestly a very mid teacher. The way he taught didn't really make sense and the best way to learn was through the discussion where the TA would go over every mechanism we needed to know. The exams fortunately were quite easy but on very random topics so it was difficult to study for them and required you to rely on intuition most of the time. The best part about this class is that one exam which include the final can be dropped. Overall, easy class but mid teacher.",0,1,0,0,0,0,0,0,The best part about this class is that one exam which include the final can be dropped.,The review indicates heavy or difficult exams.
CHEM271_170,CHEM271,James Rainbolt,2024,5,"take a moment to read my review. I think Rainbolt is a great lecturer, and generally engaging person. I believe he may have started out roughly which attributes to the poor reviews for orgo and previous gen chem classes, but honestly I think I made the right choice taking him for gen chem this semester. He's a very blunt person, but I don't think he's rude -- people just need to take his sense of humour lightly and move on with their lives. To be completely honest, he's actually very considerate to my class. His equation sheets are STACKED for exams (I mean like...he even provides units for every constant we need, everything is practically given, no need for memorization). When we asked for old exams as practice, he gave us old exams for practice. His modules, although inconvenient because they're on paper, are pretty decent for review and practice. When he grades, he gives huge partial credit as long as your thinking process is right. His exams are not as hard as people make it seem -- he cares more about the process/application of topics, rather than getting the correct answer, which I appreciate. He's ensuring that we learn. He doesn't even seem intimidating or rude like many others have said, just eccentric... but when you actually talk with him, he's pretty nice and overall a chill dude. I find that a lot of professors on terpplanet are rated by personality which is unfair; I would take Rainbolt any day over an overly nice professor who can't teach.",0,1,0,0,0,0,0,0,"His equation sheets are STACKED for exams (I mean like...he even provides units for every constant we need, everything is",The review indicates heavy or difficult exams.
CMSC131_352,CMSC131,Hana Chitsaz,2024,5,"She is an ABSOLUTE LEGEND of TA's. Her name should go on the Hall of Fame list. She was extremely helpful, and she tried to make sure everybody would understand the topics. Even if her time in discussion ended, she was still willing to help when I needed help. Sometimes, I did not understand what I learned in class, but after discussion, my doubts were easily cleared. With the new system, it may be difficult to judge which section she will be teaching, but if you have a choice to choose her as your TA, you won't regret it!",0,0,0,0,0,0,0,0,,No clear workload signal.
CMSC132_405,CMSC132,Larry Herman,2024,5,"Unsung hero of UMD. Anyone complaining about him is in for a rough ride for the rest of their major. His grading policies are a little nitpicky but valid. His lectures are very in-depth and will cover everything on the exam. Free points, and he genuinely cares about his students. He doesn't let students use tech in class, so just sit in the back if you use an iPad to take notes. Take Herman if you want to learn and can appreciate awkward and lowk autistic humor.",0,1,0,0,0,0,0,0,His lectures are very in-depth and will cover everything on the exam.,The review indicates heavy or difficult exams.
CMSC320_135,CMSC320,Mohammad Nayeem Teli,2024,3,"Midterm 1 practice was not similar whatsoever to the actual exam. Projects and quizzes are all fair, but exam was a joke.",0,1,0,0,0,0,0,0,Midterm 1 practice was not similar whatsoever to the actual exam.,The review indicates heavy or difficult exams.
CMSC420_111,CMSC420,Justin Wyss-Gallifent,2023,1,"take marsh, save yourself the pain of doing unnecessary proofs unless you absolutely love math",0,0,0,0,0,0,0,0,,No clear workload signal.
CMSC424_014,CMSC424,Amol Deshpande,2020,1,"The lectures are worthless, the homeworks take 10+ hours to complete and even then getting good scores on them is extremely difficult, the exam was terrible and poorly managed, and I don't think I learned a single thing this semester other than some useful surface level fragments of information",0,1,1,0,0,0,0,0,"scores on them is extremely difficult, the exam was terrible and poorly managed, and I don't think I learned a",The review indicates heavy or difficult exams and substantial homework or lab workload.
MATH140_439,MATH140,Frank McBride,2025,5,"Great TA, Frank McBride if you are reading this you are awersome and the only reason I will pass this class",0,0,0,0,0,0,0,0,,No clear workload signal.
MATH141_476,MATH141,Steven Chadwick,2025,5,"Definitely take him if you have the chance! Lectures are very straightforward, always extends homeworks, and very fair exams. I also had TA Lixin and he is great.",0,0,0,0,0,0,0,0,,No clear workload signal.
MATH240_297,MATH240,Allan Yashinski,2024,3,"Don't get me wrong, Allan is a great lecturer who wants to see every student succeed. His lecture videos from covid are amazing and make it so you do not have to go to lecture. Furthermore, I did bad on the second exam and final which tanked by grade, but Allan exam problems seemed to be easier than the final, which really screwed people over come the final, which asked more theoretical problems and give examples or explain why you can do the following. Similarly the sample exams he posted are similar but not like the problems you might face on the exam. Each exam is 15% and the final being 30% which is high but standard among the math department. His 15% weekly homework are good practice, but one should do the homework in the book, as it furthers helps you grasp understanding. (One thing that I did not do which I wish I did in hindsight). Matlab is not hard and he gives you a guide with most commands. He doesn't drop exams or curve. Most math classes at the 100-200 level have four exams and having three with no partial drop or curve doesn't help though exam averages were circa 80 percent. TLDR: Easy exams not great during final, do book suggested homework and look at finals exams and you will be fine.",0,1,1,0,0,0,0,0,"Furthermore, I did bad on the second exam and final which tanked by grade, but Allan exam problems seemed to",The review indicates heavy or difficult exams and substantial homework or lab workload.
MATH241_466,MATH241,Leah White,2025,5,"Amazing teacher, and incredibly kind. She explains topics so clearly, it's almost like you forget you're taking a hard math. She's incredibly understanding and accommodating, with her recording every lecture and giving ample time for each assignment. I wish I could have her teach me MATH246 like she's genuinely the best of the best.",0,0,1,0,0,0,0,0,"She's incredibly understanding and accommodating, with her recording every lecture and giving ample time for each assignment.",The review indicates substantial homework or lab workload.
MATH246_301,MATH246,James Conway,2025,4,"Professor Conway was a overall good and understanding professor. I wish he included more examples in class to help us understand but the topics weren't that difficult and he explained them in an understandable way. I had to do a lot of self study and working with others to truly understand this class but overall it wasn't that bad. The final exam kicked my butt though, so be ready for that.",0,1,0,0,0,0,0,0,I wish he included more examples in class to help us understand but the topics weren't that difficult and he,The review indicates heavy or difficult exams.
MATH310_009,MATH310,Steve Halperin,2013,4,"His teaching is not nearly as bad as the other reviews make it seem. I think it's just that the content can be difficult to grasp if you aren't used to writing proofs. If you spend a lot of time and make sure to fully understand what he is saying, the exams are not awful and his grading is very generous. He teaches through doing rather than by example, which can be very, very frustrating at first when nothing makes sense, but eventually you'll get the hang of it. I learned a lot in his class!",0,1,0,1,0,0,0,0,"make sure to fully understand what he is saying, the exams are not awful and his grading is very generous.",The review indicates heavy or difficult exams and significant time commitment.
