review_id,course,professor,year,rating,review_text,project_heavy,exam_heavy,homework_heavy,time_consuming,self_learning_required,harsh_grading,disorganized_course,fair_but_strict,evidence_snippet,label_rationale
CMSC417_023,CMSC417,Samrat Bhattacharjee,2022,5,"Best CS course I've taken in terms of knowledge learned. It's true this class is hard, and it will probably hurt your GPA. But once you overcome the class you become a much better programmer. I also enjoyed learning about how networking works, and this class has peeked my interest in learning of networking algorithms and protocols. It makes you think like a computer scientist. Bobby is sometimes hard, but it seems like he brightened up compared to previous semesters, and he does want his students to learn.",0,0,0,0,0,0,0,0,,No clear workload signal.
CMSC420_165,CMSC420,Narayanaswamy Narayanaswamy,2025,1,"Homework and projects poorly structured, unclear, not extremely relevant to the actual new course material taught compared to 351.",0,0,1,0,0,0,0,0,"Homework and projects poorly structured, unclear, not extremely relevant to the actual new course material taught compared to 351.",The review indicates substantial homework or lab workload.
CMSC421_046,CMSC421,Yantian Zha,2023,1,"Easily the worst class I've taken. Course is practically copied from Intro to AI classes at other universities (including provided material). Assignment 1 had incorrectly assigned code, and got postponed to over a month later, with all assignments/HW being graded only at the end of semester. The midterm was graded almost a month after being assigned, while the other section received their grades 3 weeks earlier. Moreover, no curve. We couldn't even see our own midterm without going to office hours, where we had to go to a different office hour to view each separate question of our submission (we couldn't see the whole exam at one time). The midterm average was a 66, with no curve. Multiple assignments were canceled due to the clumsy, unorganized nature of the class. That said, the grading policy was quite lenient for assignments and HW, and it was nice to be able to know which assignments can be dropped and otherwise.",0,1,1,0,0,1,0,0,"The midterm was graded almost a month after being assigned, while the other section received their grades 3 weeks earlier.","The review indicates heavy or difficult exams, substantial homework or lab workload, and harsh or unfair grading."
CMSC422_018,CMSC422,Soheil Feizi,2023,4,Pros: -He's pretty fun -Getting a good grade is doable due to him curving the exams if people do bad -Not very much work Cons: -The class was much more theory based than I expected. I don't feel any more prepared to implement machine learning algorithms than I did before starting the class -I've only taken the midterm so far but it was hard -Not very much work means there wasn't much practice content -Only one programming assignment and it was kind of a mess -He doesn't record lectures Overall I would recommend taking the class with Feizi though!,0,1,1,0,0,0,0,0,is doable due to him curving the exams if people do bad -Not very much work Cons: -The class was,The review indicates heavy or difficult exams and substantial homework or lab workload.
CMSC424_062,CMSC424,Daniel Abadi,2024,3,"I think we need to find a better way to teach students than just buying a textbook and reading off the textbook all the time. It's also a very very boring textbook and I think the author is trying to be the most boring they can be. There's also discrepancies between the slideshows and the textbook. The last two projects took way longer than they should have just because you have to look around to understand all of the surrounding code and the project description does a very poor job of giving context. So really, I spent more time reading and trying to understand code I didn't write than actually implementing the algorithms in class. Finally, I think the reading quizzes could be improved upon, I know they require extra thinking, but if that's the case maybe they should have two attempts each with the attempts showing what you missed. The point is to learn some material before coming to class, instead, it feels like time wasted after reading the boring textbook for 2 hours and getting a 50%.",0,1,0,0,0,0,0,0,"Finally, I think the reading quizzes could be improved upon, I know they require extra thinking, but if that's the",The review indicates heavy or difficult exams.
CMSC426_028,CMSC426,John Aloimonos,2023,3,"Interesting subject but not a very organized class. Not much material to prep for the midterm and near the end of the semester, they changed the syllabus from having a final exam and final project for extra credit to a choice between a final exam and final project. If you are one of those students that skips lectures, I wouldn't recommend it for this class, at least before the midterm, because they aren't recorded. The projects were very difficult and time consuming, although they were all in Python instead of MATLAB like previous semesters and we were given 8 free late days across the first 3 projects. The grading criteria was unclear, especially for the final project, but if you do your best to complete the projects and write good reports, it should be fine. There was a pretty big curve at the end. If you are interested in computer vision and are willing to put in the work for projects, I would overall still recommend the class.",1,1,1,1,0,0,0,0,"The projects were very difficult and time consuming, although they were all in Python instead of MATLAB like previous semesters","The review indicates intensive project workload, heavy or difficult exams, substantial homework or lab workload, and significant time commitment."
CMSC430_013,CMSC430,Jose Calderon,2021,5,Fall 2020 Semester. MVP. I'm not aware of another professor that makes the material so accessible.,0,0,0,0,0,0,0,0,,No clear workload signal.
CMSC434_012,CMSC434,Evan Golub,2021,1,"Was thinking this would be a fun course to take during my last semester as the thought of working on 1 single large project sounded fun, I was wrong. Lectures are very clear, everything else isn't really much so. The course has very vague descriptions of what was to be expected of the student and when grades are released, there is generally no explanation as to why points were removed. You end up not being to fight for points back since there no rubric. You essentially either did what he wanted or didn't, but he didn't tell you, so hopefully you guessed right. The assignments are graded based off personal bias and any attempts to put a creative twist leads to point reduction. I don't understand how a interface design class could be so close minded. Concepts can be applied in different ways. Considering all the concepts taught from lecture, he really need to redesign the course project and assignment descriptions and grading system as I'd rate them as a level 4 on severity because their catastrophic problems. I don't dislike Golub as a person, I however do dislike him as a professor.",0,0,1,0,0,0,0,0,The assignments are graded based off personal bias and any attempts to put a creative twist leads to point reduction.,The review indicates substantial homework or lab workload.
CMSC436_007,CMSC436,Peter Keleher,2021,3,"I'm not sure what grade I'm expecting since this was written before the final and the final is worth 20% of our grade so I could end up with a C if I bomb it. The lectures are very boring and aren't recorded. The projects were easy; Only one of the projects took me a long time to do. This class shouldn't take too much of your time so taking it with another project heavy class should be ok. The professor doesn't really listen to students' complaints. For example, someone asked the professor to record the lectures but he said ""no"" because he believed that people would stop coming to class and he also said recording through Panapto was difficult. Doesn't really make sense because only like maybe 20% of students come to class now and he doesn't record lectures so there isn't a difference. Project descriptions were pretty vague and TAs didn't seem to be much help. In general, this class is more of a teach yourself type of a class. I still recommend taking it but maybe not with Keleher.",1,1,0,0,1,0,0,0,This class shouldn't take too much of your time so taking it with another project heavy class should be ok.,"The review indicates intensive project workload, heavy or difficult exams, and required self-learning."
CMSC451_047,CMSC451,Andrew Childs,2023,4,He's a good teacher who's very organized. This class is tough. There are 5 HW assignments and he drops your lowest. Final is worth 40% so that's stressful. Class is curved. He is not the harshest grader. Stressful since you won't know your grade until its published.,0,1,1,0,0,0,0,0,Final is worth 40% so that's stressful.,The review indicates heavy or difficult exams and substantial homework or lab workload.
CMSC456_025,CMSC456,Dana Dachman-Soled,2022,5,She is nice and a clear lecturer. She teaches from slides which generally have everything you need to know and does examples on the projector. The exams weren't trivial but were often similar to examples which were heavily emphasized in class.,0,1,0,0,0,0,0,0,She teaches from slides which generally have everything you need to know and does examples on the projector.,The review indicates heavy or difficult exams.
INST326_040,INST326,Christopher Dempwolf,2024,5,Dr.Dempwolf is a really amazing and caring professor. He genuinely cares about his students and is really passionate about the subject. His class can be a bit disorganized at times but it doesn't hinder the clarity of his instruction for projects/deadlines.,0,0,0,0,0,0,1,0,His class can be a bit disorganized at times but it doesn't hinder the clarity of his instruction for projects/deadlines.,The review indicates course disorganization.
MATH140_490,MATH140,Mirna Pinsky,2025,1,"been waiting to leave this review all semester. all the other reviews are accurate. if i could leave no stars i would. she writes overly complicated proofs on the board, and when she rarely does practice problems she skips steps and then is offended if anyone asks a question. terrible professor absolutely do not take her. wait until you can take the class with someone else.",0,0,0,0,0,0,0,0,,No clear workload signal.
MATH141_523,MATH141,Xiaolu Li,2025,5,"GOAT TA for MATH141. She was always really kind to her students and offered a bunch of tips when solving difficult problems. At the beginning of the semester, she would talk really quickly and do the problems really fast, but after a couple of students asked for her to slow down a bit, it was perfectly fine. She offers a bunch of office hours and is available at other times as well if you ever have to make up a quiz or exam. Before the quizzes, she would always give our class sample questions that were really similar to the quiz. And before exams, she went over sample exams and always published her detailed notes in the ELMS class. 10/10 TA, would recommend.",0,1,1,0,0,0,0,0,hours and is available at other times as well if you ever have to make up a quiz or exam.,The review indicates heavy or difficult exams and substantial homework or lab workload.
MATH240_348,MATH240,Shin Song,2025,4,"Nice professor, she is relatively new to lecturing, so some of the lectures are a bit confusing in terms of formatting. I learned more from the TA office hours, discussions, and reading the textbook. Quizzes are super easy, she tells you exactly what is on it. Exams are of the same difficulty as the practice exams and do not contain trick questions. If you can self-study and ask questions, you'll do well.",0,1,0,0,0,0,0,0,Exams are of the same difficulty as the practice exams and do not contain trick questions.,The review indicates heavy or difficult exams.
MATH241_506,MATH241,James Conway,2025,5,"All the other reviews on Professor Conway are pretty much correct. Weekly quizzes, which are extremely easy + he drops the lowest 2 grades. Exams are also quite easy; he will tell you what to expect to be on the exam and what not to expect. There are 3 midterms, and the one you get the lowest grade on, will be weighted half of the other 2. The final was a bit hard; however, he wasn't the one who wrote it, so it's not really a reflection of him. As a first-semester freshman, he was a great professor to introduce me to college-level math.",0,1,0,0,0,0,0,0,"Weekly quizzes, which are extremely easy + he drops the lowest 2 grades.",The review indicates heavy or difficult exams.
MATH246_342,MATH246,Margaret Doucette,2025,5,"I think many of the reviews from the beginning of the fall semester were a little early. It was clear that the professor had anxiety while teaching, but has the course went on, she began to become more comfortable, which could be seen by her lecture style. This professor has the most organized Canvas page ever. For every lecture, notes are posted, a summary with additional resources is posted, practice problems are posted, and what the quiz is on is posted. This made the class very easy to navigate. For exams, the professor posted not only a practice exam but also a study guide, which clearly outlines the units being tested and the topics needed to ace the exam. She was also very clear in the fact that she wanted all midterms and even the final to be fair and not ridiculously hard. Although her lectures may be confusing, I think anyone could get a good grade in this class if they are willing to apply themselves inside and outside the classroom.",0,1,0,0,0,0,0,0,"For exams, the professor posted not only a practice exam but also a study guide, which clearly outlines the units",The review indicates heavy or difficult exams.
MATH310_049,MATH310,Jose Rigoberto Enrique Zelada Cifuentes,2024,5,"Super clear lecturer and provided very helpful notes. Helpful to students and a nice guy as well. Tests were not overly difficult. I just didn't study as hard as I should have for the final so I ended with a B+, but if you put in the work in this class you will be fine with Rigo.",0,0,0,0,0,0,0,0,,No clear workload signal.
MATH401_083,MATH401,Yaxiong Liu,2024,3,"If you're taking MATH401 with Liu, be prepared to learn most of the content on your own. The entire class is structured on Justin's notes (which are online at https://www.math.umd.edu/~immortal/MATH401/), and Liu basically reads the notes word for word and writes them on the whiteboard. No offense to the guy, but he can't understand English very well, so it's difficult to ask questions because he doesn't often understand what you're trying to ask. Because of this, I hardly showed up to class, as for me it was better to just read Justin's notes. That being said, the class is graded very fairly. A 90 is an A, and the grade breakdown is 40% two midterms, 30% final, 30% homework. The homework problems are taken directly from the notes, so they're not bad. The midterms and final are fair, and have the exact same format despite the final having a 2 hour time slot. I would recommend taking Liu if you're comfortable learning material on your own. If not, try someone else.",0,1,1,0,0,0,0,0,"A 90 is an A, and the grade breakdown is 40% two midterms, 30% final, 30% homework.",The review indicates heavy or difficult exams and substantial homework or lab workload.
MATH403_020,MATH403,Amin Gholampour,2020,4,This course is really difficuly and we had huge curve every exam since the averages were always really low. He is willing to explain everything as long as you ask. We had 3 midterms (the lowest one was droped) and homework every week.,0,1,1,0,0,0,0,0,This course is really difficuly and we had huge curve every exam since the averages were always really low.,The review indicates heavy or difficult exams and substantial homework or lab workload.
MATH405_014,MATH405,Jeffrey Adams,2021,5,"Great prof, very good instruction, reasonable homeworks and exams. A high-quality course where you'll learn a lot about advanced linear algebra.",0,1,1,0,0,0,0,0,"Great prof, very good instruction, reasonable homeworks and exams.",The review indicates heavy or difficult exams and substantial homework or lab workload.
MATH406_028,MATH406,Lutian Zhao,2022,5,"Just stop reading reviews and sign up now before his class gets filed up. Pros: - Clear teaching - Gives practice exams VERY similar to actual exam - Reasonable homework’s - Drops lowest exam - Final is presenting/ making a report on how to solve a theorem that you have weeks to prepare for (you choose the theorem from a list) - Good personality Cons: - (this one is very minor but) when explaining he looks mostly on at the board so if you have a question you either have to say so or you might need to wait a few minutes until he sees you Do yourself a favor, sign up now P.S. Thanks Lutian for a great semester :)",0,1,1,0,0,0,0,0,Pros: - Clear teaching - Gives practice exams VERY similar to actual exam - Reasonable homework’s - Drops lowest exam,The review indicates heavy or difficult exams and substantial homework or lab workload.
MATH410_093,MATH410,Huy Nguyen,2024,5,Second the previous review. He's very willing to help you out at office hours and it's clear he wants you to succeed. Would absolutely recommend.,0,0,0,0,0,0,0,0,,No clear workload signal.
MATH411_024,MATH411,Matei Machedon,2021,5,"I've taken this guy for several courses including an entirely in person class (math241). For 411 it was entirely online, but since I know this professor in person I'll base my review on that as well. First off he's a good dude for real. He genuinely cares abouts his students, you can tell in the way he interacts with students. He's also the nicest professor I've had my entire time at umd. The only real con with this guy is that he sometimes explains things poorly during lecture. If you read the book and do suggested problems/ homework problems you should be okay. Also he gives a generous curve every semester, and I've had him 3 semesters and it's been the same every semester, though he grades much less harshly in person. I knew one of the TlAs before quarantine and he told me that professor machedon always said not to grade too harshly. I guess if I had to summarize I'd say take this guy. He doesn't like to fail people unnecessary, and isn't too bad, for lower or upper level classes or math 411. Also he doesn't have much of an accent. Maybe if you ate a native English speaker you'd have trouble understanding him but otherwise his accent is mild at most.",0,0,1,0,0,0,0,0,If you read the book and do suggested problems/ homework problems you should be okay.,The review indicates substantial homework or lab workload.
PHYS121_043,PHYS121,Negar Heidarian Boroujeni,2023,5,"Her exams are very similar to the practice problems. If you are able to do everything on the practice problem sets, you should be fine for exams. You do have to study and put in the work, but it is a very fair class. She is also very generous with extra credit on her exams. She gives at least 10+ points on each exam.",0,1,0,0,0,0,0,0,Her exams are very similar to the practice problems.,The review indicates heavy or difficult exams.
PHYS131_032,PHYS131,David Buehrle,2023,3,"I definitely think Dr. Buehrle has the capabilities of being a good professor, but this course itself is just not well done in my opinion. The entire lecture is pretty much theoretical, with little to no emphasis on equations, when to use them, and the math needed to complete them. Therefore, when the exams come around that require this math, many cannot do it, and the average grades are in the 50s. Our final exam was so difficult and not reminiscent of content learned in class, that he didn't even release raw scores or conduct an exam viewing, leading me to believe the average was insanely low. Additionally, homeworks and labs have limited connection with what's covered in lectures, with labs not even providing solid instructions on how to complete the report. When I showed my pre-med friend (not a bio major) who is in PHYS121 what I was doing, he looked at me with confusion and said, ""why are you guys even doing that?"" The pros of this course are that there are a lot of free points offered, and the exams are curved heavily, therefore you should do pretty well overall when it comes to the final grade. However, if I did not have to take this course as part of being a biology major, I would have much rather taken PHYS121, and likely would have gotten more out of it.",0,1,1,0,0,0,0,0,"Therefore, when the exams come around that require this math, many cannot do it, and the average grades are in",The review indicates heavy or difficult exams and substantial homework or lab workload.
PHYS260_164,PHYS260,Wendell Hill,2025,1,"I've had this professor for literally 2 weeks, and I am in awe with how incompetent he is as a lecturer. He never does any applicable examples in class that relate to your homework. I would rather just read and learn from the textbook than listen to this guy speak for another hour. Unfortunately, he gives out POP quizzes during lectures forcing you to waste your time and be in his class every week. I've never had to write a review before, but I am astounded and frustrated sitting in this lecture hall. Do not take his course. Plus his handwriting is in hieroglyphs.",0,1,1,0,0,0,0,0,He never does any applicable examples in class that relate to your homework.,The review indicates heavy or difficult exams and substantial homework or lab workload.
PHYS270_053,PHYS270,Anson Hook,2024,3,"His lectures are significantly harder than any assignment you will do. The ExpertTA homework is not bad overall and the exam questions are very fair. You also get to make a formula sheet for every exam and the final. However, his lectures tend to lead astray from anything necessary (he shows you proofs that you just don't need to know for the exam) which can get confusing. He also scares you by doing in class problems that are miles harder than anything on his exams. Overall, he wouldn't be my first choice but he's definitely not a bad option.",0,1,1,0,0,0,0,0,The ExpertTA homework is not bad overall and the exam questions are very fair.,The review indicates heavy or difficult exams and substantial homework or lab workload.
STAT100_200,STAT100,Matthew Griffin,2025,5,Exams are almost exact same as practice exams except he’ll change around some questions. Class is easy just make sure u attend all classes for attendance and discussion. He kinda annoying sometimes when he rants but its ok since his class easy. He so cute and his head so shiny. He is the AURA KING,0,1,0,0,0,0,0,0,Exams are almost exact same as practice exams except he’ll change around some questions.,The review indicates heavy or difficult exams.
STAT400_438,STAT400,Sana Jahedi,2025,2,"I know this prof isn't at UMD anymore, but I decided a review might be useful for anyone who sees this in her future as a professor. I get all the positive reviews saying you really just have to try and talk to her, but that's the way she was the first semester. She was incredibly nice, and completely turned it around the second semester. I am not just saying that because it wasn't an easy A anymore. After talking with her, studying from past mistakes, taking notes and going beyond to understand content, and staying engaged in lectures—all things that should allow someone to do well in a course—it was still unreasonably difficult. Sana purposefully put questions that were of high difficulty, beyond what the course content really required (based on what other professors assessed who had been teaching for many more years). Her content was not aligned to any specific textbook, making it difficult to find additional practice problems that matched what she taught without lots of searching, as she provided no practice questions outside of the examples given in lecture. Also, during lecture, she'd spend a majority of the class talking about theory and derivations that we did not really need to know, while spending relatively little time on actually going over practice problems. Over an hour and 15 minutes, we could get through what another professor would've done in 20. She refused to curve, despite the averages being around 60% or lower (or around that, it's been a semester). Additionally, though she was nice during office hours sometimes, she was not a nice person. Her TAs, who were very helpful throughout the semester in discussions and supportive whenever we needed it, she accused of helping students cheat because they weren't collecting exams quickly enough in a 100+ person class where they needed to organize exams at the same time as receiving them. She promised extra credit to offset the poor performance in Exam 2, arguing that we should earn the extra points rather than be given a curve. She told us repeatedly that this would be applied to whichever assignment category this benefitted us the most, and if that were true, I would've earned an A. She ended up saying that was too complicated and just gave us a tiny amount of extra credit (the points we earned for extra credit were divided so that the grade increase wasn't too much) in an assignment category that affected our grades much less, relatively. Overall, unprofessional, petty, and seemed much more annoyed at having to teach than wanting to. If you see this in the future and have the opportunity to take a course she teaches, you should hope that she has grown as a person. I completely understand being annoyed at students taking advantage of your kindness in the first semester that you taught, but that is not a reason to be unfair to students the next semester. The second star is for recognizing that she did at least try to support us at some times, even though she did not do well at it.",0,1,1,0,0,0,0,0,"Her content was not aligned to any specific textbook, making it difficult to find additional practice problems that matched what",The review indicates heavy or difficult exams and substantial homework or lab workload.
STAT401_048,STAT401,Mestiyage Gunatilleka,2024,5,very good statistics professor that knows what he's talking about and is passionate about statistics. he makes the class very manageable as well. There are weekly quizzes which are very easy. the exams are pretty fair and the final as well. just review his previous exams and final and you'll be fine. he also allows you to bring note sheets. the only reason I ended up with a B+ is because I started skipping class a lot. if you go to class it should be an easy A.,0,1,0,0,0,0,0,0,There are weekly quizzes which are very easy.,The review indicates heavy or difficult exams.
STAT410_084,STAT410,Terence Long,2024,5,"Fantastic professor. Stat410 was definitely a challenging course but my favorite class I have taken so far, and it is thanks to Professor Long. If you have the chance, take him if he teaches Stat410 again and as long as you attend class, study his practice materials, and properly do the HWs, you'll be chillin. Even if you happen to miss a few classes (def recommend going to most thought in order to guarantee a good grade), he follows closely to textbook. Goated teacher who ignited my love for math and statistics!",0,0,0,0,0,0,0,0,,No clear workload signal.
STAT420_001,STAT420,Jian Lun Xu,2008,5,"Professor Xu definitely knew his stuff and was really clear in his explanations. He taught very methodically, writing down definitions, explaining them, giving an example, and repeating. His teaching was so clear there really was no need for questions. His tests were fair, the homework was definitely challenging. The only complaint I would have is that he never held office hours, which would make asking questions, if you had them, pretty tough. If you are into a more engaging class this professor is probably not for you, but he is a good teacher and I would take a class with him again.",0,1,1,0,0,0,0,0,"He taught very methodically, writing down definitions, explaining them, giving an example, and repeating.",The review indicates heavy or difficult exams and substantial homework or lab workload.
STAT430_015,STAT430,Susan Mazzullo,2021,5,"I loved Susan's STAT430 class. Super nice, accommodating, and really easy, with extra credit. I learned a lot too! Absolutely take her if you can.",0,0,0,0,0,0,0,0,,No clear workload signal.
BSCI160_559,BSCI160,Chloe Garfinkel,2025,4,"Garfinkel is a really good professor; she provides a lot of resources to make sure you understand the content well, including study guides, random links, and her office hours are so informative- she will definitely break things down and make sure you understand. She's very nice. My personal experience with her first exam was not great; it was lengthy, and I didn't answer everything, but you could honestly say that's because I didn't use enough of the resources she offered. If you intentionally study her exams become way easier to manage, so don't let the workload intimidate you because beyond that, the class is fine. It will surely humble you, though.",0,1,0,0,0,0,0,0,"My personal experience with her first exam was not great; it was lengthy, and I didn't answer everything, but you",The review indicates heavy or difficult exams.
BSCI170_281,BSCI170,Cordelia Weiss,2025,5,"Her exams are very relevant to what she teaches, and all of the homework’s, quizzes, and participation add up to make a pretty fair “grade boost.” Very down to earth and funny. She can be a little blunt, which could sometimes be perceived as condescending. But I’m not exactly neurotypical, so I doubt the vast majority of people would perceive it as such. I’m on the brink of an A to A-, but I probably could have been basically guaranteed an A if I didn’t overthink on the exam. What I mean by this is that the questions are not made to trick you AT ALL and you should always take them to mean the simplest thing you think it means. Overall, she is fair and you can tell she puts time and effort into her lectures. Definitely a safe choice if you need BSCI170.",0,1,1,0,0,0,0,0,"Her exams are very relevant to what she teaches, and all of the homework’s, quizzes, and participation add up to",The review indicates heavy or difficult exams and substantial homework or lab workload.
BSCI171_049,BSCI171,Swarna Mohan,2024,5,"I have never interacted with Professor Mohan, but my TA (Faran) was great; the workload isn't terrible, most weeks is just a pre-lab quiz with the occasional assignment having to be completed. Towards the end of the end of the semester, we had to write a research paper as well as a group poster project which was more work than at the start of the semester, but not terrible. Overall, the lab was easy and we would be let out an hour early more often than not out of the 3hrs allotted for lab.",0,0,1,0,0,0,0,0,"I have never interacted with Professor Mohan, but my TA (Faran) was great; the workload isn't terrible, most weeks is",The review indicates substantial homework or lab workload.
BSCI201_086,BSCI201,Justicia Opoku-Edusei,2025,3,She is hard to understand and only puts out study guides for the exams. It would be a little easier if there were more study resources put out because the GSS isn't very helpful. Overall though the class isn't the hardest thing ever.,0,1,0,0,0,0,0,0,She is hard to understand and only puts out study guides for the exams.,The review indicates heavy or difficult exams.
BSCI207_183,BSCI207,Chloe Garfinkel,2025,1,DO NOT TAKE HER. Lectures seem fine until the exam where they are extremely hard. All the GAE’s and HW you do BARELY boosts your grade. This class should not have been as hard as it was and I blame it all on her teaching. The exams are HARDER THAN THEY SHOULD BE and super specific considering in class you play with pipe cleaners….,0,1,0,0,0,0,0,0,Lectures seem fine until the exam where they are extremely hard.,The review indicates heavy or difficult exams.
BSCI222_233,BSCI222,Jessica Mutz,2025,1,"Avoid professor if possible. Her exams are ridiculously hard. The multiple choice questions go from A-H frequently which decreases your odds. The exam averages are between a 60/70% and she claims she will provide zero curve (makes zero sense)… The content on the exams are much more difficult and sometimes never practiced or seen before. The lab grades are the only thing that will help buffer your grade. Her lectures are just reading off of the slides. On multiple occasions she has messed up the “warm up” problems that she provides to then ask the class where she messed up because she doesn’t even know what she’s doing half of the time. If I haven’t expressed this enough, her class is miserable. If you have no choice but to take her course, make sure you study weeks in advance or get a tutor.",0,1,1,0,0,0,0,0,Her exams are ridiculously hard.,The review indicates heavy or difficult exams and substantial homework or lab workload.
BSCI223_062,BSCI223,John Buchner,2025,2,"bruh I took this class because I thought the exams were take home (based on previous reviews) but they were not. I felt like I worked really hard in this class but still fell a bit short. I hated the flipped-class style. having to watch 2 hours worth of lecture videos, go to 2 hours of lecture (which were unhelpful for exams), and then 3-4 hours of lab in one week ON TOP OF the insane amount of homework really sucked. the lab was cool though and loved my TA (kari). I think Dr. Buchner could be decent at teaching if he slowed down and restructured the lecture portion. first exam was hard af tho and we do not get any practice problems from him. the TAs and UTAs held this course down fr",0,1,1,0,0,0,0,0,I took this class because I thought the exams were take home (based on previous reviews) but they were not.,The review indicates heavy or difficult exams and substantial homework or lab workload.
BSCI330_138,BSCI330,Kenneth Frauwirth,2025,3,"Pros: - Lectures are recorded - Lots of extra points. He has HW quizzes, lab assignments, TopHat clicker questions, and Cell Bio in Everyday Life (assignments where you have a discussion about how cell bio relates to everyday life and then write a reflection about what you talked about). Some of these assignments felt like busy-work, but the extra points from them brought my final grade up to an A even though I got a B+ on most of the exams. - Frauwirth makes it clear what you need to know for his exams. In the middle of a lecture he'll sometimes say ""So if I were to ask you about this on an exam, you write..."" When he says that, that's your cue to pay extra attention because you know that whatever he's talking about is gonna be important. That said, a lot of his exams just boil down to memorization of small details which was a little annoying at times. Cons: - Frauwirth's lectures aren't great. He will absolutely bombard you with information non-stop the entire time. It will test the limits of your ability to pay attention and stay focused, and you probably won't be able to keep up with how fast he goes. When I watched his recorded lectures, I found myself needing to pause every single minute just to wrap my head around what he was saying. - Your grade depends a lot on how nice your TA grades. I was lucky to get a TA who graded as leniently as possible, but other students in different sections weren't as lucky. Frauwirth didn't do anything to fix this because he seems to believe in harsh grading himself. I've heard him say that starting next semester he'll have the exams cycle through different TAs to reduce this issue, but don't quote me on that. - The readings for his HW quizzes are super long and are about material he hasn't taught yet. This made it way harder than it needed to be.",0,1,1,0,0,1,0,0,the extra points from them brought my final grade up to an A even though I got a B+ on,"The review indicates heavy or difficult exams, substantial homework or lab workload, and harsh or unfair grading."
BSCI353_015,BSCI353,Melissa Caras,2021,1,"Overall, she did a poor job of teaching this course. Her lectures are very rushed and she tries to cram 25+ pages of content from each chapter, into one lecture. I realized too late that her lectures are really pointless to go too and I wish I could've just spent all that time reviewing the chapters on my own. She records the lectures but they are only reserved for people with ""excused absences"" like she even takes attendance. When someone asked if we could get a review sheet for the exams, she just said to use the quizzes and group worksheets. These quizzes/worksheets ended up being poor representations of the exam. I'm honestly surprised she managed to make this class more frustrating than mamm phys or biochem for me. If she would have two lectures each week (instead of one) and just make the group worksheets homework, that would have been better. Rushing through the worksheets made it difficult to intake the information, and almost all the time, we would just be using the textbook to find the answers, so it was pointless to force us to complete it and turn it in by the end of one class period. She was difficult to approach because she would just question if you read the chapter or not (sorry for not remembering every little detail from 25+ pages of content). I don't recommend taking her. I had high hopes for this class but it ended up being the most boring, frustrating class I've taken. And also, she doesn't post any exam key, because why would you ever need that right?",0,1,1,0,0,0,0,0,"if we could get a review sheet for the exams, she just said to use the quizzes and group worksheets.",The review indicates heavy or difficult exams and substantial homework or lab workload.
BSCI410_091,BSCI410,Louisa Wu,2024,2,"Dr. Wu is nice which is why so many people like her, not because she is a good professor. Many of the good reviews are from people that thought she was nice. She is slightly lenient with grading, but her grading is very confusing. Her lectures are extremely rushed and unconfident to the point where sometimes she won't even know her own lecture slides. There are times where she will shut down student questions in favor of completing the slideshow in time. She will also rush clickers in favor of time which seems to be more important than actually understanding the lecture. It just felt like very little was learned from her class. The tests are also extremely difficult and there aren't many practice problems to help and the open notes aspect doesn't really help. Her TAs were extremely hard with grading and it was almost impossible to get regrades through them. It just seemed like an extremely unorganized class.",0,0,0,0,0,0,0,0,,No clear workload signal.
CHEM131_507,CHEM131,Lee Friedman,2025,5,"I really enjoyed this class. Dr Friedman is a funny and kind professor who wants his students to do well. Yes it is a hard class but you just have to put in the work. He provides homework, old exams, and practice problems. The exams are challenging but if you look at his past exams you will be able to understand easily. I recommend going to GSS whenever it is offered, it helps 100%. The averages on tests are low but he curves generously with a 75 being an A.",0,1,1,0,0,0,0,0,"He provides homework, old exams, and practice problems.",The review indicates heavy or difficult exams and substantial homework or lab workload.
CHEM132_056,CHEM132,Christiana Guest,2024,2,ONLY THE TOP 35% OF STUDENTS TAKING THIS CLASS (in all of her sections) GET AN A. this class requires a lotttt of effort and dr guest is pretty useless in terms of helping students. she will not reply to emails so don't try. just try your hardest on the lab - and make sure the data looks correct with the ta - and pray you get into that 35%.,0,0,1,0,0,0,0,0,just try your hardest on the lab - and make sure the data looks correct with the ta - and,The review indicates substantial homework or lab workload.
CHEM135_414,CHEM135,Samuel Lascio,2025,5,"Pros: - Lascio really cares about his students and wants them to succeed. He's very nice, and responds to emails quickly. He was flexible when I needed an exam date moved. Compared to the horor stories I've heard of other 135 professors, he's definitely the CHEM135 teacher you want to have. - Tests are typically pretty similar to the practice tests he gives out before hand. He also made review sheets and study guides which were helpful. Tests were still hard though, averages for all of them were in the 60s. Cons: - CHEM135 has a lot of new material quickly. Lascio tries to cover everything well, but sometimes I didn't fully feel I got the concepts from lecture and needed the textbook. Especially near the end of the course he needed to rush through the last few chapters.",0,1,0,0,0,0,0,0,He was flexible when I needed an exam date moved.,The review indicates heavy or difficult exams.
CHEM231_406,CHEM231,Donald Hong,2025,3,"Okay. I will say that the Dr. Hong hate is relatively overstated, as he is pretty chill as a person and is willing to go over the worksheets with you during office hours. His office hours are pretty useful, as he's a pretty chill dude and seems to do better in the smaller groups than in the large lecture hall. He also gives LOTS of practice problems (another tip - do not go to discussion unless your TA is cracked, because orgo discussion is basically just glorified group office hours and he does give you the answer keys). Homework is graded on completion as well, and they can be pretty hard. The best thing is that he gives lots of practice problems. With that being said, the worst thing about this class is the GRADING. And the godforsaken curve...we haven't had our final yet, but the curve is actually ridiculous. As of rn you need around a 50% for a C- (which is pretty good), but you need an 85% for an A-, not even an A...which is pretty unfair given that the other classes have much lower thresholds to get an A. Also, all the comments on him SPEEDING through class are absolutely true. I once went to the nightly solving sections (done by any Orgo I prof), and during Koppel/Hirschauer's sessions they both mentioned that their classes are behind Hong's. He also does end topics WEEKS before the actual date of the exam, so sometimes you could be halfway through Unit 2 by the time the Unit 1 test rolls around. But really, if all else fails, go to the GOAT JG (better known as Organic Chem Tutor...for those of you who aren't on YT). To be fair though, Hong is new, so he might adapt his teaching a lot.",0,1,1,0,0,0,0,0,"And the godforsaken curve...we haven't had our final yet, but the curve is actually ridiculous.",The review indicates heavy or difficult exams and substantial homework or lab workload.
CHEM232_046,CHEM232,Monique Koppel,2025,1,"I have never had such a miserable experience with a professor. The stress that this ONE CREDIT course caused me was beyond ridiculous. She gave us TAQs for four of the assignments and most of them were unfair aside from like two. She also has a terrible lab manual that doesn't fully explain anything and left me having to google key things in order to do my in lab worksheets. Like the other reviews say, the post lab questions are RIDICULOUS. For two experiments she had us analyze and review very complex organic chemistry research studies that even the TAs had trouble with. Luckily, I was able to get a lot of help in office hours. If you need help, go to Didier, he is so nice and knowledgeable about this lab from hell.",0,0,1,0,0,0,0,0,She gave us TAQs for four of the assignments and most of them were unfair aside from like two.,The review indicates substantial homework or lab workload.
CHEM241_239,CHEM241,Sonia Hirschauer,2025,4,"Had for orgo 1 and 2 (1 in spring, 2 in summer). Class is hard but interesting. A shame bc I find it interesting but literally struggle so hard to barely pass. I would feel good on PP sets then bomb and exam. Felt like her final exam format was a throw off and overall unfair as literally the entire class ran out of time on the exam. Curve seemed to be ~10 points as a low 60’s is a C-. But since I took in the summer not sure how different the outcome would’ve been during a 15 week vs 6 week. I like her notes sheets and pp sets, just wish the exam formats were more consistent and achievable in a timely manner.",0,1,0,0,0,0,0,0,I would feel good on PP sets then bomb and exam.,The review indicates heavy or difficult exams.
CHEM271_210,CHEM271,Jason Kahn,2025,1,"Please do not take Kahn and do not be fooled by his reviews from past semesters. He made it clear on multiple occasions this semester that we can complain about him all we want but he is tenured and there is no getting rid of him. He talks in circles and the way he words his exam questions feels like a riddle. You can get a feel of his questions by looking at the test bank on his website, but the most recent are from 2017. He says not to rely on them to study since he has ""dumbed"" the class down - but this just means that its entirely conceptual and impossible to prepare for. The mastering chemistry homework takes forever and it is not helpful for the exams. His lectures are also not helpful: his slide decks have not been updated in years, he uses the chalkboard to repeat what is in the slides (but his handwriting is hard to read), he has not figured out how to use equations (ei. chemicals written as H2SO^4 which is hard to process when there are 20 lines of it), and he loves tangents.",0,1,1,0,0,0,0,0,He talks in circles and the way he words his exam questions feels like a riddle.,The review indicates heavy or difficult exams and substantial homework or lab workload.
CHEM272_023,CHEM272,Amanda Schech,2022,4,Had her for lab. She is a very clear lecturer and makes her expectations pretty clear most of the time. It's a very tough class though in the sense that you really have to put a lot of work into it. Enjoy!,0,0,1,0,0,0,0,0,Had her for lab.,The review indicates substantial homework or lab workload.
CMSC131_398,CMSC131,Ilchul Yoon,2025,1,I bet there's thousands of reviews that don't actually make it but if you're still considering taking Yoon even after the very many horrible reviews you deserve what's coming at you. He is a good guy always in a good mood like a nice huggable panda but omg I'd sooner slurp pasta off the floor at the Y than take his classes ever again. This was a truly a mentally draining semester with him. Take him at your own peril.,0,0,0,0,0,0,0,0,,No clear workload signal.
CMSC132_452,CMSC132,Pedram Sadeghian,2025,4,"I second that the exam averages for all the midterms were low (around 60s) but to me it didn't really affect me. At the end he did a curve by changing the grade ranges for letter grades and gave as a quite generous detailed outline of the content on the final which was really helpful. It did seem towards the end he was doing a lot of help to boost everyone's low averages although I think it would've been better for this to be something focused on throughout the semester instead of the last weeks. For the content of the class, it is not too complicated but there will be a lot of memorization (which I personally dislike). Like memorization of the time complexities and just a bunch of terms/definitions. Great professor when it comes to the way the content is taught, more oriented to learning than just to passing the class.",0,1,0,0,0,0,0,0,I second that the exam averages for all the midterms were low (around 60s) but to me it didn't really,The review indicates heavy or difficult exams.
CMSC216_418,CMSC216,Larry Herman,2025,5,"Extremely engaging lecturer and will make sure you remember concepts. Frequently reviews material and common misconceptions. Will not let anyone use their laptops during class, which is great since I always get distracted when nobody else pays attention and the vibe is distracted. Bad if you need to take notes on it, but honestly taking notes is useless in this class since A) he posts everything on the slides online B) he really makes sure you remember stuff by explaining things many times. His projects are actually fun and he ACTUALLY PROVIDES material on how to use grace and unix unlike some teachers. Every concept has a resource and detailed explanation online. He does password protect his project pdfs, which I found annoying at first but appreciated since it made me have to type out commands for a few seconds and thus learn what to do. Has graded assignments in class but based on completion and guaranteed free points as long as you show up. The assignments really help since he goes over it and its much more easy to remember than just listening for hours. Participation is also free points as long as you ask a question or answer a question.",0,0,1,0,0,0,0,0,Has graded assignments in class but based on completion and guaranteed free points as long as you show up.,The review indicates substantial homework or lab workload.
CMSC250_470,CMSC250,Fawzi Emad,2025,3,"Mediocre professor. He seems to be so passionate about the topic that he races through his slides and never gives enough time to understand the content. He also doesn't really ""teach"", always just feels like he's simply reciting his slides. This made the class just feel like a memorization game instead of learning the content. So if you do bunch of practice and memorize you'll be fine, but just not a great teacher if you're trying to learn, but also doesn't seem like there's any better alternative professor for 250.",0,0,0,0,0,0,0,0,,No clear workload signal.
CMSC320_185,CMSC320,Fardina Alam,2025,5,"I really enjoy Dr. Alam's class! I've learned so much, and it’s made me seriously consider a future career in machine learning. The course covers a lot of material, but Dr. Alam keeps it engaging. She's super interactive, always responsive, very organized, and easy to talk to. I just wish she taught more upper-level CMSC courses!",0,0,0,0,0,0,0,0,,No clear workload signal.
CMSC330_225,CMSC330,Anwar Mamat,2024,4,"For the Fall 2024 semester, Dr Mamat and Cliff cotaught using Cliffs resources, course organization, and exam styles. Dr Mamat got rid of the clicker quizzes our semester and stopped recording lectures, which I didn’t mind because I went to almost every lecture. Dr Mamat was funny, but his lectures tended to be disorganized. I found them to be very intuitive when he was typing examples into emacs, but he was flipping through his slides, I felt lost. The projects are hard but they teach you the content very well. The exams are fair. Overall, Dr Mamat is a solid choice for this class.",1,1,0,0,0,0,1,1,The projects are hard but they teach you the content very well.,"The review indicates intensive project workload, heavy or difficult exams, course disorganization, and challenging but fair expectations."
CMSC351_311,CMSC351,Clyde Kruskal,2025,2,"very hard professor, but u wont learn jacks**t if u dont even do the work and u don't have any knowledge about cs, bigger fish to fry for u signed - amazing-abalone-660",0,0,0,0,0,0,0,0,,No clear workload signal.
CMSC411_014,CMSC411,Michelle Hugue,2020,1,"Meesh is an awful teacher. I went in knowing that the class was at least a little disorganized, but it was beyond that. Grading was slow, the tests (6 of them) were all about 20 pages long and take home over three days, and the questions were always somewhere between confusing and trivia. Course materials weren't much better, and piazza responses to fair questions were rude, if they were answered at all. I don't recommend you take any class with Meesh.",0,0,0,0,0,0,1,0,"I went in knowing that the class was at least a little disorganized, but it was beyond that.",The review indicates course disorganization.
CMSC414_050,CMSC414,Michelle Mazurek,2023,5,"Great professor, lectures were easy enough to understand and engaging enough for me. Some projects were kinda hard, but i learned a lot. Also late days were great, she gave us 6 to use for any project to distribute as we like. Made it much lower stress. She was generally nice and answered questions well. Class was consistent, organized well.",0,0,0,0,0,0,0,0,,No clear workload signal.
CMSC417_022,CMSC417,Samrat Bhattacharjee,2022,3,"Although I have a W, I have decided to audit this class and do the projects at my own pace. I was struggling with finding a job and made the mistake of taking another extremely programming-heavy course and I wasn't confident enough in C to finish the projects without error. I hope whoever reads these reviews knows that the 5-star reviews are not given by ""normal"" people. They're either really good at C, very passionate about networking, or just don't care about red flags. These are people who are not bothered by Bobby's demeanor or attitude and fail to realize that although they had a good experience, there are many people in the class who don't. I want to give a rather detailed review. I think Bobby's teaching philosophy can be somewhat debatable, so I'll mention what can be done better: [-]: negative or can be improved upon. [?] Depends on your perspective. [+] Undisputable good quality [-] Not recording lectures or office hours: I think the whole idea behind this is that when people know a lecture is being recorded, they stop attending class. Although this is true, we have to see if this is a good thing or a bad thing for the students. It might be demoralizing for the professor since he might not be able to interact with a class and you could argue this is bad for the students since some students are lazy and fall behind schedule because ""everything is recorded"". So let's analyze this in detail: [+] Bobby provides OH ""relectures"" for people who missed the class. [-] Bobby does not record OH even if people have other classes during the time of OH and sometimes refuses to discuss what was mentioned in detail because he ""discussed it many times in OH"". [-] Some students like me usually will rewatch lectures to fill in missing gaps in our knowledge, not having lectures recorded means we have to go on Piazza but given the next bullet points this isn't so ""smooth"". Overall, I think if Bobby wants people to attend lectures, he should find a way to take attendance and leverage it in part with the participation grade. [-] Being demeaning to the students: This is an area Bobby needs to work on for sure. You can't go out there and call people stupid or get annoyed when people can't grasp concepts easily. I've seen instances where he literally said ""this is a stupid question"" even when the question was somewhat relevant. Maybe this might be why he doesn't record....... [?] Not giving previous exam solutions: This is probably a blessing in disguise. You are forced to learn where and how to find the information you need instead of having them given to you and just learning through pattern matching. I think this is a good thing but you can easily argue this is a bad thing. [?] Projects take up too much time: The tradeoff is that the projects are cool and useful on your CV. If you take this class, you should be informed that it is hard and a lot of work. Don't make the mistake of taking this with other hard classes. [+] Great Lecturer: Bobby can explain concepts well and you get engaged rather easily Overall, Bobby is your stereotypical grandiose narcissist who has a valid reason to be narcissistic. I rate him 3 stars because I feel like Bobby is an amazing lecturer but the 2 [-] are what makes him rather unpleasant. I have a feeling that even if he is given similar feedback from other students, he might not listen to them and continue with his current ways.",0,1,0,0,0,0,0,0,[?] Not giving previous exam solutions: This is probably a blessing in disguise.,The review indicates heavy or difficult exams.
CMSC420_164,CMSC420,Narayanaswamy Narayanaswamy,2024,4,Challenging class but he is very understanding and does the most to help students. Things could be disorganized at times but I think he really figured things out by the end and made sure everyone was with him. Switching form 5 projects to 4 and adding a project drop during the semester for example. Exams were definitely the most difficult part. There is an end of semester curve as well.,0,1,0,0,0,0,1,0,Switching form 5 projects to 4 and adding a project drop during the semester for example.,The review indicates heavy or difficult exams and course disorganization.
CMSC421_045,CMSC421,Tianyi Zhou,2023,1,"This was an absolutely awful course. You can probably find a synopsis of what happened online on Reddit or Piazza, but in summary, Tianyi Zhou managed to run the most disorganized class I have ever seen or heard of in the CS department. His lectures were terrible; they over-complicated every topic beyond the point of understanding. Even as somebody who scored comfortably in the upper quartile in the only exam we had in the class (and also on every assignment), the little content I did learn was entirely on my own and from resources he did not provide, and studying for the exam was an unpleasant experience that felt like searching for a needle in the haystack in terms of what I had to learn. Additionally, his projects/homework assignments were extremely vague and looked like they were put together in about 15 minutes. The first coding project he released had so many bugs and the code base was so unworkable that it was extended by 6-7 WEEKS. When we eventually did have to submit it, the average grade was around 75% because the write-up questions (which had extremely unclear instructions at best) were graded extremely harshly by the TAs. The other assignments, while not as bad, were also graded quite harshly even though the questions were unclear. The one slightly redeeming part of this course was the group project, but him and the teaching assistants (my group's TA was Hongyu Zhao) managed to completely butcher that as well. I will spare you the details of our project, but in summary after working on it for the entire semester and submitting weekly reports outlining our progress and methodology (which Hongyu admitted to not have read at all in office hours during the last week of classes), several of our group members talked to Tianyi after class about our project (keep in mind this was after the final lecture), and he told us that a core component of our project was being done completely incorrectly the entire time. This project was quite advanced and was adapted from actual AI/ML research in the field, so there was no way for us to know that we were doing this wrong, especially considering this was our first exposure to almost all of the topics involved in the projects. I don't understand how we only got notified of the issue around finals week when we have been writing our methodology consistently and in-detail throughout the semester. Hongyu Zhou also completely ignored our messages to him in the CMSC421 discord server asking for advice on this group project, even though he was assigned to us specifically to help us with the project. This was completely unacceptable behavior. Don't get me wrong, Tianyi Zhou is a nice guy, very knowledgeable, and can provide good advice if you talk to him one-on-one. He would be a great research mentor. But to run a class where people actually learn, these are the minimum qualities you need to have, you also need to be able to prevent the things above from happening. He seemed to be completely oblivious to the chaos unfolding throughout the entire semester, I suspect he doesn't even realize at all the experience his students had in his class. He consistently acted like nothing was wrong. Tianyi Zhou cannot be allowed to teach undergraduates anymore. I don't doubt he is very smart and valuable to the research department, but he is incapable of transferring that knowledge to his students. Just have any other professor teach this class and it will probably be ok. I have also heard the other section (taught by Yantian Zha) was not any better.",0,1,1,0,0,0,1,0,"in the upper quartile in the only exam we had in the class (and also on every assignment), the little","The review indicates heavy or difficult exams, substantial homework or lab workload, and course disorganization."
CMSC422_016,CMSC422,Furong Huang,2022,5,"Incredibly caring professor. She makes an effort and it shows. Take her class and you won't regret it. It's by no means an easy A, but also not too difficult.",0,0,0,0,0,0,0,0,,No clear workload signal.
CMSC424_061,CMSC424,Daniel Abadi,2024,2,"He's really knowledgeable about databases and his topics, but he is the type of professor to enjoy creating hard exams and projects. When reviewing his exam where the average score was very low (he also said several times in class that the exam was ""not trivial"" with a smug smile every time), he seemed proud of the toughest questions that he concocted. I think this course has traditionally been on the easier side, but I'm not sure what happened here.",0,1,0,0,0,0,0,0,"knowledgeable about databases and his topics, but he is the type of professor to enjoy creating hard exams and projects.",The review indicates heavy or difficult exams.
CMSC426_027,CMSC426,John Aloimonos,2023,3,"In short, Professor Aloimonos gave us a decent idea of some of the fundamental theory involved in computer vision, but when it came to coursework and projects he was pretty much uninvolved and we were on our own. If you want information about the course syllabus, you can just search up ""cmsc426 prg"" and you should see the Perception and Robotics Group which has links to all of the syllabi from when this course was taught. Pros: - The lectures were helpful for doing well on the midterm, and marginally helpful for the projects. I went to most of the lectures, and I would say they were better for getting a conceptual idea about certain topics. He also writes stuff on the board (equations, diagrams, derivations) that are not in the slides so I would suggest going because just reading the slides alone is pretty confusing. They did help me in some of the projects, and going to them likely boosted my score on the midterm. The professor also did some review before the midterm which was pretty helpful. The lectures also became very close-knit after a few weeks since most people didn't bother coming to them, so if you had questions it was pretty easy to ask. - The projects were at least about interesting topics in computer vision. The last project even involved using a machine learning model for a practical application, so I think they were probably the most interesting and helpful part of the course. Also, we had 8 late days total to use for the first 3 projects, so that we could get full credit even if we used a few late days. - Grading was lenient in my opinion (The professor says he ""doesn't believe in grades""). The median grades for all projects besides the last one were all 100%, producing some output and writing a good report was good enough to get a good score. The midterm exam was a little difficult (median 80%). Also, we had a ""participation"" grade where all you had to do was say something in the Piazza at least 15 or so times, which literally everyone got full credit for. The final project had a median of 75%, that was definitely one that they graded more harshly, since your grade depended on the performance of your model. I heard the final exam was tough, but I can't speak to it since I decided to do the project instead. The overall average course grade was an A- according to the TAs. This semester, 90% was an A, 76% was a B, and 66% was a C+. - The professor is pretty nice and friendly. He is also very involved in computer vision and robotics research at UMD if that's something you are interested in. Cons: - I said the lectures were helpful, but they definitely could have been much better. The professor had a habit of skipping over some details and that could sometimes make things hard to understand. You also better remember your linear algebra or else you won't be able to follow this class. The lectures also barely covered anything about the projects, he NEVER went over any actual code, so you had to figure out how to implement the things he's saying in Python on your own. - The TAs completely ran as far as projects, exams, and grading go. We had a piazza that the professor probably was not even a part of, the TAs were responsible for responding to questions there. Sometimes they only provided clarification for projects ON THE DAY THEY WERE DUE, which was very stressful. Sometimes they would even provide conflicting information. I would highly suggest starting these projects early especially if you don't know what you are doing. Otherwise, you will struggle. - We did not have great preparation for the midterm besides the lectures and all of their slides. At the very least, the slides, our notes, and the projects were decent material to study. The TAs provided a practice midterm, which would have been helpful had they also given us the answer key. They couldn't properly answer the questions in office hours either, rendering that practice midterm basically useless. There was no practice final, however the professor covered some questions in class that he indicated would be on the final. - Grading took an extremely long time and was not organized at all. We were split onto groups in ELMS, and somehow the TAs were always confused on who was in it what group. Project 1 was due in late September but I'm pretty sure we only got our grades in early December for that one. I'm pretty sure some people didn't even get project 3 grades by the time they submitted grades to Testudo. The midterm exam was multiple choice, because according to the TAs it would be ""faster to grade."" It still took several weeks to grade and when we got that back, there were numerous grading errors and confusions. I'm almost positive the TAs didn't have an answer key when grading that test. After all of the regrading, my score went up by 17%. - This course barely scratches the surface of computer vision. He introduces some research in computer vision, but we are barely given any understanding of it as it is very brief in the lecture. Overall, this Professor was decent for this subject but the way he ran this class had several flaws. If you choose to take him, my suggestion is to go to lectures, take some notes, get a decent project group, and start early.",0,1,1,1,0,0,0,0,"Pros: - The lectures were helpful for doing well on the midterm, and marginally helpful for the projects.","The review indicates heavy or difficult exams, substantial homework or lab workload, and significant time commitment."
CMSC430_012,CMSC430,Jose Calderon,2021,5,Such a great professor. Literally so sweet and makes the best lectures ever. Actually gets me excited to learn about compilers. Lectures are really well put together and fun to watch.,0,0,0,0,0,0,0,0,,No clear workload signal.
CMSC434_011,CMSC434,Scott Gilkeson,2021,5,"This was an insightful and relatively easy class, and the professor was very nice and receptive to feedback. His lectures were interesting and included a lot of interaction with the audience, so they were never too boring. The group project is the bulk of the work in the class, and the deadlines were generally fairly set to space out the stages of design work you need to do. I don't remember the feedback from the professor or TA being insanely helpful, but they were always available during class work sessions to answer any specific questions you had. When I took the class, there was one midterm exam, but it was open book and pretty easy since most of the questions came directly from the textbook. There were reading homeworks that included a few simple questions to answer about the readings, so if you did them, you would recognize on the exam which sections to look for, and even if you didn't remember the readings, it was simple to search the textbook and find the answers you needed. The readings were never too hard and talked a lot about the details of the human-centered design process, and the lectures were good at reinforcing the reading material and introducing real world applications/examples. Also the professor goes by Scott Gilkeson, so you will probably find more information about him by searching that name.",0,1,1,0,0,0,0,0,"did them, you would recognize on the exam which sections to look for, and even if you didn't remember the",The review indicates heavy or difficult exams and substantial homework or lab workload.
CMSC436_006,CMSC436,Peter Keleher,2021,3,"Lectures were very boring, but projects were pretty easy. We didn't really know what was going to be on the test. Not a hard class to get a good grade in however.",0,0,0,0,0,0,0,0,,No clear workload signal.
CMSC451_045,CMSC451,Andrew Childs,2023,3,"I came into this class with high expectations due to his ratings and reviews, but honestly think he is a bit overhyped. He speaks so fast during lectures that I physically wasn't able to keep up with notes, and had to stop coming to class and watch the videos instead so I could actually understand what was happening. Additionally, this may be subjective to each individual, but for me personally I felt that his lectures lacked structure which made it especially difficult for me to take organized and digestible notes. These are minor issues though-- my biggest disappointment was that he is not the kind of teacher that recognizes and reciprocates effort. I had hoped to TA this class in the future, and made a substantial effort to build a rapport with him, but he is simply just not the kind of professor that you can build a rapport with. He is not approachable in a way that makes you feel comfortable asking him questions, and I've seen/experienced several instances of him responding a bit curt/rudely to questions on Piazza. Overall, I feel that the way he communicates with students is not conducive to learning. TLDR: Very smart professor that really knows his stuff, but his expertise in algorithms does not exactly translate to an expertise in teaching.",0,0,0,0,0,0,0,0,,No clear workload signal.
CMSC456_024,CMSC456,Justin Wyss-Gallifent,2022,4,"as we all know Justin is a great professor and that was the case with cryptography. definitely learned a lot and he didn't make it harder or easier than it needed to be, which is amazing considering it's his first time teaching the course. as a teacher, there is nothing that I can complain about. there is a fair amount of work but I think it's reasonable for a 400 level course. I'm giving him 4 stars because I felt there were instances where he was rather curt/rude when responding on Piazza. maybe that wasn't his intention because he's always very kind in class, but that is how it came across on Piazza. also no recorded lectures which was kind of annoying (i think he just really hates anything to do with online school) but at least he posts his notes from class online. overall, great in terms of teaching so I would recommend",0,0,0,0,0,0,0,0,,No clear workload signal.
INST326_035,INST326,Matthew Patrick,2024,4,Reviews don't accurately represent this course in my opinion. The concepts were understandable with a little bit of effort on the student's part. He held live sessions to answer questions and explain concepts and even gave us a pass on some of the quizzes where we would get free points. I enjoyed it. Just wish there were recorded lectures for students to view.,0,0,0,0,0,0,0,0,,No clear workload signal.
MATH140_488,MATH140,Anna Szczekutowicz,2025,5,"Her lessons are clear and focus on enough theory that you can easily understand what you're doing. She also makes sure the cover every problem type in class, so that provided you do that and the homework you'll never be jump scared by an exam problem which requires a technique you've never used before. She's also started making her own homework this semester, and while they're optional they correspond very well with in class work and the unit exams. I highly recommend doing it, and i never needed to seek out additional resources to study. She also posts class notes after each lecture, which is a useful reference on the occassion that she runs through a topic quickly. Her teaching is succinct, but very thorough and you get plenty of practice problems provided you show up to discussions and do the homeworks. She's a very good teacher and I would definitely recommend her.",0,1,1,0,0,0,0,0,and the homework you'll never be jump scared by an exam problem which requires a technique you've never used before.,The review indicates heavy or difficult exams and substantial homework or lab workload.
MATH141_522,MATH141,Jonathan Fernandes,2025,5,"Jonathan is an extremely knowledgeable professor! He provides a lot of practice problems for the quizzes and exams, which makes it so much easier to know what to expect on the actual exams. His exams are very similar to the practice exams that he and his TAs go over in class and discussion, so if you put in the work, you'll be well prepared. His TA's this semester were amazing as well. They were super helpful and always gave a bunch of tips and tricks on how to solve some difficult questions. They held a bunch of office hours throughout the semester and closer to the final. The TAs every discussion went over the worksheets thoroughly and the notes were posted after the worksheets were due. Jonathan himself is a very chill guy. He had office hours throughout the week and you can always pop in to ask questions about the class and even just to chat about random things. He curved the midterms a LOT, which helped everyone's grades. He genuinely cares for his students performance and our mental health, especially around exam time. He also shares a lot of words of wisdom and funny remarks in lecture, which makes the class entertaining sometimes. The only downside is that he sometimes goes on small tangents or starts deriving random formulas, but overall I'd say that the lectures were pretty organized and easy to follow. He also had a zoom each class, so you could always join if you were not able to make it to a lecture. The zooms were recorded each time as well so you can always look back on them as a resource later in the semester. And he always posted his notes from lecture on canvas.",0,1,1,0,0,0,0,0,"of practice problems for the quizzes and exams, which makes it so much easier to know what to expect on",The review indicates heavy or difficult exams and substantial homework or lab workload.
MATH240_347,MATH240,Abba Gumel,2025,5,"Excellent professor. Very passionate about the course material and deeply cares about student success. He remained my mentor afterwards, and guides me to consider going to grad school. Really wonderful professor and mentor.",0,0,0,0,0,0,0,0,,No clear workload signal.
MATH241_505,MATH241,Jiwoong Jang,2025,5,"He is super nice and does his best to make sure that everyone understands, he will answer questions in class but his teaching style may be difficult if you are not a big fan of him writing on a whiteboard and explaining concepts. His exams are pretty easy and are very similiar to the weekly quizzes he gives as well. He will also skip sections that don't appear on the finals so that is super nice too. If you do his recommended practice and really pay attention in class his class will be fun and valuable. There are also a lot of practice exams posted and the best way to prepare for exams is to do full length practice exams. All together an accomidating and great professor.",0,1,0,0,0,0,0,0,His exams are pretty easy and are very similiar to the weekly quizzes he gives as well.,The review indicates heavy or difficult exams.
MATH246_341,MATH246,Pablo Cedillos,2025,5,"If pablo has a million fans, then I am one of them. If pablo has ten fans, then I am one of them. If pablo has only one fan then that is me. If pablo has no fans, then that means I am no longer on earth. If the world is against pablo, then I am against the world.",0,0,0,0,0,0,0,0,,No clear workload signal.
MATH310_048,MATH310,Kathryn Truman,2024,5,"Highly recommend taking Kate for 310. She's super nice and her lectures are extremely clear. Just start your homeworks as early as possible since they do admittedly take a while and go to office hours/email her as often as possible. The homeworks are only partially graded and 2 out of 10 points of each one are based on completion. It might feel weird to have so many questions and only have some of them graded but trust me when I say it works better that way. If you're anything like me, then unless you're a genius or you already know how to write proofs, you really need the basically forced practice or you'll probably fail or at least not get a very good grade, since I know for sure I wouldn't have done nearly as many problems if they weren't required. Definitely make sure to memorize and understand your definitions or you'll get cooked by the timers. Other than that, quizzes and exams are extremely fair and are more or less just slight variations on homework/quiz/groupwork questions.",0,1,1,0,0,0,0,1,"Other than that, quizzes and exams are extremely fair and are more or less just slight variations on homework/quiz/groupwork questions.","The review indicates heavy or difficult exams, substantial homework or lab workload, and challenging but fair expectations."
MATH401_082,MATH401,Yaxiong Liu,2024,1,This guy is an elitist asshole that thinks applied math is on par with being a street sweeper and he teaches the class like that he gives 0 fucks just reading justins notes word for word except its worse cause he's completely understandable too. I just stopped going to lecture as trying to pay attention to his made me feel like I was unlearning avoid this guy for math401 at all costs you will left to self teach it all.,0,0,0,0,1,0,0,0,like I was unlearning avoid this guy for math401 at all costs you will left to self teach it all.,The review indicates required self-learning.
MATH403_019,MATH403,Justin Wyss-Gallifent,2020,1,lots of hw sets every week. Cant understand why he has good reviews. The worst instructor at umd That ive ever met.,0,0,0,0,0,0,0,0,,No clear workload signal.
MATH405_013,MATH405,Yihang Zhu,2021,2,"I took him when he was new. Wasn't very interesting or engaging in lecture. 2 midterms were easy, but he made a very difficult final to ""compensate"", and the curve hurt me (I was on the borderline). He's very slow to respond to emails if you have these kinds of issues.",0,0,0,0,0,0,0,0,,No clear workload signal.
MATH406_027,MATH406,Lutian Zhao,2022,5,"He cares a great deal about lowering the pressure of getting a good grade. He is very generous in his grading scheme and teaches the material in such a way that makes it interesting. There were some moments when the material was hard to understand, but not once did I feel stressed about it since he made sure that only what we knew was on the exam or homework. One of the best professors I have ever had.",0,1,1,0,0,0,0,0,I feel stressed about it since he made sure that only what we knew was on the exam or homework.,The review indicates heavy or difficult exams and substantial homework or lab workload.
MATH410_092,MATH410,Huy Nguyen,2024,5,"Great at teaching, great person & very understanding. Homeworks are very relevant and not at all unfair, if at times difficult. I enjoyed this class a lot, and you can't go wrong with him if you really want to learn the material rigorously. Taking this class with Prof. Nguyen has reinvigorated my love for math and made me want to further pursue pure math, which is great because I had gotten bored with it a while ago. I wish I hadn't waited until my last year to take this class, so that I could have had more time to take 411 & the 600-levels with him. My one personal gripe is that the exams got too easy, and I was not even a particularly dedicated math student. Maybe he was trying to make the final grade distribution better this time, I don't know. There were 3 midterms and a final. The first midterm was the hardest exam, but it was not terrible. I guess he tried to compensate for the low-ish average by literally telling us before each of the next 3 exams that they would mostly just be homework questions. It seems a lot of students didn't heed this advice. Somehow, the score distributions did not improve, except for the 3rd midterm. He ended up adjusting the grade cutoffs a lot, too.",0,1,1,0,0,0,0,0,"Maybe he was trying to make the final grade distribution better this time, I don't know.",The review indicates heavy or difficult exams and substantial homework or lab workload.
MATH411_023,MATH411,Justin Wyss-Gallifent,2021,5,He lives up to the hype! Lectures were interesting and he was super understanding about due dates & exams given that everything was online.,0,1,0,0,0,0,0,0,Lectures were interesting and he was super understanding about due dates & exams given that everything was online.,The review indicates heavy or difficult exams.
PHYS121_042,PHYS121,Negar Heidarian Boroujeni,2022,5,"Prof. Boroujeni is nice and helpful, she gives curve so that the average grade is around 80. However, this course is not easy at all. It has too much knowledge for you to learn within one semester. I've learnt all the things in China many years ago and I always solve these questions easily. I still think the midterm exams are so time-limited.",0,1,0,0,0,0,0,0,I still think the midterm exams are so time-limited.,The review indicates heavy or difficult exams.
PHYS131_031,PHYS131,David Buehrle,2023,1,"This is not an easy A like everyone says, the year I took this class he stopped completely giving out A's. You need to get at least B+ avg on all the exams and absolutely crush lab and hw which are not as easy as they look. Maybe the worst teacher I have ever had lecture is pointless.",0,0,0,0,0,0,0,0,,No clear workload signal.
PHYS260_163,PHYS260,Hailu Gebremariam,2025,5,"I thought this was a good course and Hailu did a great job. I understand he talks slow, but that doesn't matter as long as you pay attention. He went over good examples in class and I thought the exams were fair. The exams usually had one question that was more simple, and two that were more challenging. It's meant to be a difficult course, so you can't blame that on him. Trust me, I definitely struggled a lot, but as long as you put in the work especially before exams it's okay. If you are having a hard time with his teaching don't hesitate to use other resources like youtube because that helped me with harder topics.",0,1,0,0,0,0,0,1,He went over good examples in class and I thought the exams were fair.,The review indicates heavy or difficult exams and challenging but fair expectations.
PHYS270_052,PHYS270,Anson Hook,2024,5,"Hook is a young teacher and says things how it really is. He feels free to express emotion during lecture and explains the concepts in basic terms, saying things such as ""yea physics people just make up all these variables because they're too lazy to write the same thing over and over"". For me, Hook makes this class really enjoyable, and I am able to understand the concepts completely. He personally cares about his students, trying to keep the average of each exam around an 80, which is something I do not find many UMD professors doing in their classes. I would say Anson is the best physics or math teacher I have taken at UMD quite honestly. If you put in the work to Expert TA, pay attention in lecture, and study for each exam, you should have no problem succeeding. At times Hook will derive an equation for a while, but it usually ends with some sort of lesson of what physicists or mathematicians found. Would take again, does not deserve the 3.33 rating.",0,1,0,0,0,0,0,0,"trying to keep the average of each exam around an 80, which is something I do not find many UMD",The review indicates heavy or difficult exams.
STAT100_199,STAT100,Matthew Griffin,2025,4,"This class feels like a high school class. The coursework is straightforward, and he shows students how to solve problems well. I barely studied for the class and got an A in it. He can be a control freak in making people stay quiet and may draw attention in class; he made one person leave because they wouldn't stop talking. So make sure you stay on his good side. During class, he makes you either worksheets or quizzes that will count for attendance and part of your grade, those aren't that mad. In discussions, he gives you problem sets to do, but it's just a simple copy and paste from the tutorial PDF that he gives you. You'll need to change a couple of things here and there. He makes you do homework problems on Pearson. However, he will never tell you when you have to do them. However, he gives you a lot of time to complete them, which are very easy. Overall, this class was one of the easiest classes I have ever taken.",0,0,1,0,0,0,0,0,"During class, he makes you either worksheets or quizzes that will count for attendance and part of your grade, those",The review indicates substantial homework or lab workload.
STAT400_437,STAT400,Amin Gholampour,2025,5,"One of the GOATs here at UMD! As one of my very first professors here at College Park, I'm glad to have had Professor Gholampour for STAT 400 this summer. I'm still in the middle of the class, but I quite like it so far and want to post my review early. His lectures were every day, but he made them engaging and recorded the videos for us to review if we needed to study for the exams. There are also extra credit opportunities for struggling students, and the grading system is very lenient (whichever is lower: WebAssign homeworks or short quiz-like homeworks average, will be replaced by 0.9 times the difference; whichever is lower: midterm average or final average, will be replaced by 0.9 times the difference). Plus, the exams were pretty flexible, leniently graded (by a TA), and could be done from home.",0,1,1,0,0,0,0,0,he made them engaging and recorded the videos for us to review if we needed to study for the exams.,The review indicates heavy or difficult exams and substantial homework or lab workload.
STAT401_047,STAT401,Jonathan Fernandes,2023,4,"Stat400 and Stat401 have changed in difficulty with Jonathan. If you are reading the reviews about his practice exams being exactly the same as his actual exams, that is not the case anymore (for Stat401 at least). So if that is the reason why you want to take him, then it's not gonna fly in Stat401. He is a really great professor though and the homeworks are done by the TA in discussion. I will say that the first part of the course up to midterm 1 will be a little daunting but once you get through all of that and really study the notes and do the homework, it will get better and you don't really have to worry that much about all the things in the beginning of the course once you get to Hypothesis testing, ANOVA, and Linear regression (Although if you didn't understand anything from the first part then you're gonna be lost on some topics that will be considered trivial by then). Content wise, this class was much more interesting than Stat400. I really enjoyed learning the content because it was really applicable whereas in Stat400 it was ""Here's a bunch of distributions and find the cdf"". I really didn't understand what a majority of the concepts and symbols in Stat400 were used for until taking Stat401 when that actually had to be used for something. His exams sometimes have poor wording which is pretty stressful in a timed environment. However, if you study the notes and understand them and make a good note sheet for the exam, then you should be okay and you'll figure out what's being asked. If you are studying last minute and not putting time into this class thinking you can do the practice exam and be good then you're taking a big risk. There are conceptual questions on the exams that you'll only really know if you study the notes and pay attention to things he emphasizes in lecture. The TA this semester was not very good so I ended up using ChatGPT as my personal TA who could answer a majority of my conceptual questions so I didn't have to deal with her. Also, argue points back on exams if you think the TA took points off for wrong reasons. Jonathan will give you the points back, especially when the answers that were marked wrong are word for word quotations from what he said in lecture. So if you were ever wondering what the point of all these jargon terms like ""CDF, Chi-Square Distribution, Degrees of Freedom, etc.. "" are used for, you'll learn in Stat401. It'll show that Statistics is a pretty interesting field of study.",0,1,1,0,0,0,0,0,"are reading the reviews about his practice exams being exactly the same as his actual exams, that is not the",The review indicates heavy or difficult exams and substantial homework or lab workload.
STAT410_083,STAT410,Jonathan Fernandes,2024,3,"[Taken Fall 2024] This class is very time-consuming and requires a solid understanding of Calculus II, Calculus III, and some Linear Algebra. Make sure you are comfortable with these subjects before taking. His office hours is great for clearing any confusion with any concepts covered in lecture. He posted all his notes online on Scribble and uploaded recordings of lectures. Homework assignments were assigned weekly and graded leniently, though they were very time-consuming and often contained typos. Quizzes were also weekly and proved challenging, often requiring memorization of formulas introduced in that week's notes. The exams were very manageable if you actively reviewed the notes and diligently worked through the homework problems. I just wished he would release answers to the homework problems. It's difficult to fully understand what you've done wrong from just a grader's note and having access to the correct answers after the homework has been graded would be beneficial. I also wished for some practice exams or study guides to help focus our preparation on specific topics. Even a study guide that altered homework or quiz problems slightly would have been beneficial. Not having any study guides is what made the course harder than it should have been. The course also did not have any R projects, which was nice. Fernandes, I know you're reading this, so here's a cat for your due diligence in reading these reviews: /\_/\ ( o.o ) > ^ <",0,1,1,1,0,0,0,0,I also wished for some practice exams or study guides to help focus our preparation on specific topics.,"The review indicates heavy or difficult exams, substantial homework or lab workload, and significant time commitment."
STAT430_014,STAT430,Susan Mazzullo,2021,5,"I mean, I'm not even sure that anyone needs to review her anymore; absolutely phenomenal teacher and person. You almost have to try to get less than a B in her class. Not only is she a great grader but you'll actually learn a lot from her and she's a sweetheart.",0,0,0,0,0,0,0,0,,No clear workload signal.
BSCI160_558,BSCI160,Jessica Mutz,2025,5,"Have had a good experience in this class overall. Easy assignments (study plan and reflections) and simbio quizzes (online), and exams are pulled straight from lectures. She explains well but moves fast sometimes, but all lectures are recorded and posted (really helpful when you want to go over content before exam) so you can always watch again. 3 midterms (one is dropped) and one final, the midterms are very straightforward.",0,1,0,0,0,0,0,0,recorded and posted (really helpful when you want to go over content before exam) so you can always watch again.,The review indicates heavy or difficult exams.
BSCI170_280,BSCI170,Michael Keller,2025,5,"LOVE this professor! Dr. Keller is great and helps so much! The grades are mostly the exams, take home quizzes, and in class worksheets that the TAs help you on. The take home quizzes are very similar to the questions on the exams. He also gives extra credit for doing clicker questions. Mostly easy class and if you study you will be fine.",0,1,1,0,0,0,0,0,"The grades are mostly the exams, take home quizzes, and in class worksheets that the TAs help you on.",The review indicates heavy or difficult exams and substantial homework or lab workload.
BSCI171_048,BSCI171,Swarna Mohan,2024,4,"Solely reviewing the lab course. Overall, it was a simple class. Yes, at times the workload could be much so make sure to keep on top of the syllabus. Weekly prelab quizzes due before the lab where you have a prelab reading to do (2 attempts). Occasionally there were pre and post lab assignments which could be a lot (read the rubric so you don't lose points!) and sometimes lab group presentations. The content was quite simple and easy to grasp. Everything is graded by the TA you have so it depends on them. Loved my TA, she accommodated the students needs very well and always went over concepts we were confused about. A great into lab to take for bio.",0,0,1,0,0,0,0,0,Solely reviewing the lab course.,The review indicates substantial homework or lab workload.
BSCI201_085,BSCI201,Justicia Opoku-Edusei,2025,3,"She is really nice and funny but her class moves very quickly and is hard to stay on top of. I recommend attending lecture as she tells you what problems WILL be on the exam and how to get them right. Her exams aren't necessarily difficult, but the wording and question array will trip you up if you aren't careful. Overall a decent course, just a lot to stay on top of and difficult to keep track of.",0,1,0,0,0,0,0,0,recommend attending lecture as she tells you what problems WILL be on the exam and how to get them right.,The review indicates heavy or difficult exams.
BSCI207_182,BSCI207,Chloe Garfinkel,2025,5,"Dr. G is so sweet and helpful. The content covered in 207 was definitely not my favorite, but Dr. G honestly made the class bearable. The midterms usually cover 7 lectures and 3 GAE's -- the content is A LOT. I suggest going to office hours because she usually explains topics and it's much more digestible then. She will also not include stupid small things on the midterms, like how does this protist move etc., because she isn't trying to test how well you memorized the content; rather, she is testing how well you understand it. There are 11 homeworks in total, and yes, some are really confusing, but she will literally go through it with you in office hours. The GAEs are very easy too, she doesn't actually want you to submit a worksheet, instead it's a Google form you fill out at the end so she can gauge how well the class understood the content. I highly suggest taking her for 207 because she was a student not too long ago and she knows how we feel as students!",0,1,1,0,0,0,0,0,The midterms usually cover 7 lectures and 3 GAE's -- the content is A LOT.,The review indicates heavy or difficult exams and substantial homework or lab workload.
BSCI222_232,BSCI222,Jessica Mutz,2025,1,"Avoid her at all costs. She’s an awful professor - her exams are extremely tricky, there’s no curve, and her lectures are terrible. I really wish I had waited for a different semester; she makes the class absolutely miserable.",0,1,0,0,0,1,0,0,"She’s an awful professor - her exams are extremely tricky, there’s no curve, and her lectures are terrible.",The review indicates heavy or difficult exams and harsh or unfair grading.
BSCI223_061,BSCI223,John Buchner,2025,1,If I could give Buchner a 0 I would. After attending lectures this semester I'm convinced he doesn't actually know anything about microbiology and escaped from some mental facility. He provides outdated and messy videos for the flipped-style lecture and during actual lectures rambles on about random unrelated stuff. Only thing that's nice about this class is the lab section and your TAs.,0,0,1,0,0,0,0,0,Only thing that's nice about this class is the lab section and your TAs.,The review indicates substantial homework or lab workload.
BSCI330_137,BSCI330,Kenneth Frauwirth,2024,2,"Dr. Frauwirth is probably a nice guy outside of class, but I found his teaching style and his overall course design to be pretty bad. It feels like he's shouting at you throughout the entirety of his lectures and they are so incredibly boring. You also have to go to every single class (even though he posts recordings) because he is very strict about clicker questions. He's also a mess and never really tries to make students' lives easier-- he arrives late to everything, doesn't respond to emails quickly, double-books appointments, doesn't address points missed due to excused absences until finals week, doesn't give exam practice questions, does no curving/rounding, and refuses to give up even a minute of teaching time by always going past the end of lecture. His exams are probably the worst part-- they are so memorization-based and always focus on the nitty-gritty details from his slides or like 1 sentence he said during class. I feel like we're missing the big picture of what's actually important in cell biology when all we do is memorize enzymes involved in pathways and such while preparing for exams. He also has a very strict rubric for TAs to follow while grading and if you don't say an exact phrase you don't get points on a short-answer question. It feels like he's trying to trick you on every multiple choice question too. Overall, you'll learn cell biology with Frauwirth but it won't be a particularly enjoyable experience.",0,1,0,0,0,0,0,0,"points missed due to excused absences until finals week, doesn't give exam practice questions, does no curving/rounding, and refuses to",The review indicates heavy or difficult exams.
BSCI353_014,BSCI353,Melissa Caras,2021,1,"If giving a professor 0 stars was an option, I would in a heartbeat. I wish I was kidding when I said that this is probably my most dis-liked professor at UMD, and I’m a senior pre-med student so that says a lot. The structure of this class is ridiculously poor; you have basically one lecture PER WEEK to retain information that corresponds to 25-35 pages of textbook material. And this isn’t a normal “textbook”; this is almost a graduate student level textbook. For many students that are not neuro majors like myself, this was the first time taking a neuro class. However, the professor teaches at an unreasonable, insane pace where she thinks you’re quite literally a neurologist yourself. You’d think for a course that sounds this challenging (and i’m not exaggerating), she would show some empathy — No. She has 0 empathy. Despite it being the first time she has taken this class, you would think she might ask other neuro professors who are experts at teaching this class for advice, tips, etc. Nope. She is an extremely prideful professor, which I’m sure in HER LINE OF WORK, she has every reason to be. But teaching a course this challenging and having no regard to help her students really showed our class that she simply does not care about us or want the best for us. Their were moments throughout class where I genuinely thought she was making it harder for us on purpose. I can’t emphasize this enough — do not take her. You will regret it SO MUCH.",0,0,0,0,0,0,0,0,,No clear workload signal.
BSCI410_090,BSCI410,Louisa Wu,2024,4,"Dr. Wu is really nice and wants her students to succeed. I wasn't really accustomed to her teaching style, I feel like she doesn't explain concepts clearly in lecture, but the good part is all her exams are open note, including the final and you get to drop your lowest exam. To do well in this class I recommend focusing on making a good cheat sheet for the exams, and especially focus on experimental techniques as those are often the free response questions. She does give extra credit and sort of free points from clickers and short written assignments as well so in the end it does boost your grade.",0,1,1,0,0,0,0,0,"but the good part is all her exams are open note, including the final and you get to drop your",The review indicates heavy or difficult exams and substantial homework or lab workload.
CHEM131_506,CHEM131,Lee Friedman,2025,3,"It is very evident Dr. Friedman is knowledgeable on the subject. He also teaches with interest which is nice especially since it was at 8 in the morning. I found exams to be a lot more difficult than what I saw from other professors teaching the same course but the curve really helps. Also, the exams are a lot like the practice he offers! I would recommend doing practice problems after each lecture, going to GSS, and asking him for help the second you get confused.",0,1,0,0,0,0,0,0,I found exams to be a lot more difficult than what I saw from other professors teaching the same course,The review indicates heavy or difficult exams.
CHEM132_055,CHEM132,Christiana Guest,2024,2,"VERY unclear with instructions, made us buy a 40 dollar flashdrive we never used. TERRIBLE communication with lab TA. never really saw her but I can tell she does not care about all her students. Prelab quizzes are ungraded until after the due date even when they have multiple attempts so your answers are hidden until the submissions are closed and the second attempt means nothing (got myself a couple 4/10s cause of this stupidity). I should also say it was my TAs first year teaching the lab, so thats probably why it was so bumpy.",0,0,1,0,0,0,1,0,TERRIBLE communication with lab TA.,The review indicates substantial homework or lab workload and course disorganization.
CHEM135_413,CHEM135,Alice Mignerey,2025,1,"The only reason a person would choose to take any course with Mignerey was if there were no other options. This is typical with STEM courses. However, Mignerey may be one of the few professors where LITERALLY NOT TAKING THE CLASS would be a BETTER OPTION. If you have no experience with Chemistry, meaning you haven't taken AP Chem in highschool or some equivalent course, you will regret taking this professor. To summarize: -Her lecturing is horrible, and she often has difficulty with technology that will completely ruin your ability to take the class seriously -You will fall asleep in lecture (I went to every single one, I think I only listened for 1/3 of them) -She will rush course content, the first exam included 7 chapters (other sections had 4) -Her slides are terrible, they offer little explanation on course material, and aren't very good to study with -Her exams sometimes just aren't congruent with the practice material she provides regarding the difficulty of questions (But the exam content somewhat predictable) -The curve for the class is absolutely huge, and you will not know what your actual grade is until the final exam (People will be trying to figure out their class standing the whole semester) -The program used for homework, ALEKS, sucks. It will take you around 2 hours per weekly homework assignment, and you will not learn anything. (oh and she likes to give like 3 of these right before and exam) -Her average exam scores are about 20-30% LOWER than other CHEM135 professors. You will have a 50% in the class in November, and you will not know if that is passing (it probably is) -The final exam typically erases a lot of course content, and she picks and chooses (sometimes from material that was taught very briefly) very unfair imo... Some good: -The TA's for Discussion are good (shoutout King Wrotny) I wouldn't exactly know bc I never went tho -Curve is big, but very mysterious, you will be worried about failing the entire time I studied the textbook for the class extensively. I wrote detailed notes to share. The textbook is good, but I spent probably 50% of my time on this class. Before you brush off this rating saying ""oh it can't be that bad..."" just know, it is that bad. You're not going to enjoy CHEM135 regardless, but please do not take Mignerey for any class ever. Remember you are paying thousands, do not settle for this level of teaching.",0,1,1,1,0,0,0,0,"-She will rush course content, the first exam included 7 chapters (other sections had 4) -Her slides are terrible, they","The review indicates heavy or difficult exams, substantial homework or lab workload, and significant time commitment."
CHEM231_405,CHEM231,Donald Hong,2025,2,"He's a funny guy and I bet he was a good TA previously but he is lacking as an instructor. I feel that his instruction was just way too fast and it was hard to digest information at the rate we were going, additionally he would assign a worksheet on Monday due Friday but a lot of the times we didn't learn all of the information required for the worksheet until that Friday morning, making the worksheet very hard. All 3 of his midterms were incredibly difficult so make sure to go to GSS or tutoring.",0,1,1,0,0,0,0,0,All 3 of his midterms were incredibly difficult so make sure to go to GSS or tutoring.,The review indicates heavy or difficult exams and substantial homework or lab workload.
CHEM232_045,CHEM232,Monique Koppel,2025,1,I think I'm abt to crash out. Like literally. I'm sitting here doing her post lab questions that has me pulling out my hair. I'm going to tweak out. This class shouldn't be that hard considering it is a ONE Credit class. Tf the lab itself is fine and assuming you have good partners throughout the semester you can be in an out of those labs. But be warned some of the labs take a very long time so you're just waiting around. I lowkey loved the people in my lab and the TA but the class itself is pointless. She makes her questions impossible answers making you have to go to office hours. But even still each TA is different. If you have friends that are also in Orgo and lab deff create a group to study and stuff where you guys can help each other find the answer. Bc doing this shiii alone is not fun. There is no reason I should be stressed over this lab of all things. She's just playing with our feeling at this point. This class also made me realize maybe pre-med aint for me. Good luck little troopers if your still pre-med after this but I've fallen and can't get back up. I'm not joking. This class is not for the weak. Professors like seeing students fail or something. And I don't think it's a funny joke.,0,0,1,0,0,0,0,0,I'm sitting here doing her post lab questions that has me pulling out my hair.,The review indicates substantial homework or lab workload.
CHEM241_238,CHEM241,Sonia Hirschauer,2025,5,"The best professor for chemistry at UMD BY FAR!!! Coming form a student who has never done well in any of the chemistry classes at Umd, barely passing with Cs, this was the first professor where I actually felt confident in what I was learning. She is the nicest human, and she is always willing to help or answer any questions. I truly have never had a better experience with a professor, so if you get the chance to have her- TAKE HER. HWs: She gives you 7 attempts at 4-6 conceptual questions. I honestly didn't feel like they helped but easy grade boost. Lectures: I would definitely attend all of her lectures because I got more out of being present and hearing her explain stuff rather than copying her posted notes/lectures. Her lecture guides are also so helpful and organized. PP Sets: Do these. These are her specific problem sets she gives, so they replicate the types of problems she puts on exams. I did these for each chapter, and they helped so much. Do not look over this resource she gives you. Exams: Her exams are compromised of conceptual, synthesis, mechanistic, etc kinds of problems. The exams are extremely fair. Something to take into consideration: the averages are going to be high because she is such a good teacher, so the class performance is going to reflect that. Overall, I would take her over any professor, and you are doing yourself a disservice if you choose anyone else to take.",0,1,1,0,0,0,0,1,"These are her specific problem sets she gives, so they replicate the types of problems she puts on exams.","The review indicates heavy or difficult exams, substantial homework or lab workload, and challenging but fair expectations."
CHEM271_209,CHEM271,Jason Kahn,2025,1,"The other reviews sum it up nicely. I just need to help lower his rating because no one should ever be fighting to get into this class. He has mentioned multiple times how the reviews don't matter and that he'll just teach again if the department asks. Just know you're a terrible professor, retire already. Too much effort necessary for a petty ahh 2 credit class.",0,0,0,0,0,0,0,0,,No clear workload signal.
CHEM272_022,CHEM272,Amanda Schech,2021,3,"If you are a transfer student and asked to retake the lab course of Gen Chemistry II, I would recommend you retake CHEM271 as well. The CHEM272's lecture really only covers the procedure of the lab as well as related calculations for the lab report. But on the exam, there will be unfamiliar questions that she never really went over nor was it on the lab report. The prelab walkthroughs and the exam reviews are helpful but it does not cover the whole content of the exam.",0,1,1,0,0,0,0,0,"But on the exam, there will be unfamiliar questions that she never really went over nor was it on the",The review indicates heavy or difficult exams and substantial homework or lab workload.
CMSC131_396,CMSC131,Ilchul Yoon,2025,1,"Some of these bots are giving him a five-star rating for no valid reason, which is misleading to others. I hope that if it’s Yoon himself, he sees this and changes his teaching methods. I want to emphasize that I have no personal animosity toward Yoon; however, his teaching style has genuinely made me not go with computer engineering as a major. Please stop misleading people, whoever is behind that burnout account and being specfic like the one that was recently posted.",0,0,0,0,0,0,0,0,,No clear workload signal.
CMSC132_451,CMSC132,Pedram Sadeghian,2025,5,"I ended with a 91% and got an A so honestly I'm happy. In the middle of the semester, I was gonna give him a lower rating but honestly my performance on the 2nd exam was completely my fault. I kinda hated some of the projects though bc they were hard to figure out. He talks slow and isn't that engaging in class. So if u decide to skip lecture, watch his recorded lecture videos!!!!! DONT GET BEHIND!!! That was my main problem I just let the lecture and discussion videos pile up and did so bad on the 2nd exam bc I watched 3 weeks of lecture in the week leading up to the exam. His teaching isn't bad just search up extra help or explanations if u need. Also discussion sucks I only went to the first week lol I also had him for CMSC131 and gave him 5 stars as well. Maybe it's because I ended up doing really well but he's not terrible. Use all the resources u can: TAs and office hours, online videos, ask AI for practice problems, etc idk",0,1,0,0,0,0,0,0,I was gonna give him a lower rating but honestly my performance on the 2nd exam was completely my fault.,The review indicates heavy or difficult exams.
CMSC216_417,CMSC216,Christopher Kauffman,2025,5,"It's all been said already, but he's amazing. However, don't mistake the high rating as meaning that he gives out free A's. If you want that, take Nelson. Kauffman challenges you to actually learn and because he's an excellent lecturer I was happy to do that. Felt like I learned a lot in this class and the work is fair if you put in the effort.",0,0,0,0,0,0,0,0,,No clear workload signal.
CMSC250_469,CMSC250,Atharva Sharma,2025,5,Absolute gigachad lecturer. Bro knows how to be funny and actually teach. Review sessions slayed hard.,0,0,0,0,0,0,0,0,,No clear workload signal.
CMSC320_183,CMSC320,Aishani Mukherjee,2025,5,"Aishani's so nice!! She really enjoys helping people, and she does it well. She's also super approachable, so you're def in good hands if you have any problems. Also, CMSC320 with Dr. Fardina is super informative, and the professor/TAs actually care about what students have to say. I learned a lot and actually liked working on one of their homeworks (the detective one LOL).",0,0,1,0,0,0,0,0,I learned a lot and actually liked working on one of their homeworks (the detective one LOL).,The review indicates substantial homework or lab workload.
CMSC330_224,CMSC330,Anwar Mamat,2024,5,"I really liked the class, Anwar is super fun and engaging even if the content can be kind of boring at times. He doesn't do clicker quizzes anymore and now its lecture quizzes that you can do in groups that are assigned over the weekends (they're basically a free 100). There is also a lot of extra credit, 1% for participating in discussion, and 1% if 90% of students do the course evals at the end of the semester. Projects are also worth almost half of your total grade which is great cause it makes it a lot easier to get a good great. I got a 70 on the first exam and still ended up with an A because of all the stuff I just mentioned. If you're choosing between cliff and anwar it won't really matter too much, both are decent teachers",0,1,0,0,0,0,0,0,I got a 70 on the first exam and still ended up with an A because of all the stuff,The review indicates heavy or difficult exams.
CMSC351_310,CMSC351,Clyde Kruskal,2025,4,"I was scared shitless before starting this class because of all the reviews I read on here. I thought this class would destroy me and...it didn't?? I'll start with this: his exams are *not hard*. For reference, I got A's on the first two exams (before the curve), and like 60 something on the final (I didn't really study so that was on me). His midterms were largely just homework problems with some minor modifications. His interview questions weren't actually that bad, although I think we got easier interview questions than usual. I didn't show up to lecture until like halfway through October, and I did just fine. I didn't start going to lecture until after midterm 1 (because I needed to get out of the dorm more). His lecturing is honestly really good. His in-person lectures were a little disorganized but that doesn't really matter much because none of the assignments are on the in-person lectures; just the video lectures. He's also very nice. He's not perfect, but he's much better than most people make him out to be. Also the TA's were pretty awesome. The homework difficulty varied a lot. Around half of the homeworks were very easy (you could knock them out in 45-60 minutes), the other half were quite tough. Don't worry that much about Kruskal's class. I would actually recommend taking Kruskal. I think a lot of people get it in their heads, before even beginning the class, that the class is going to be really hard and whatnot. It's not. Don't freak out. Just watch the videos, understand them (and they're pretty easy to understand because Kruskal is very good at explaining), and you'll be fine.",0,1,1,0,0,0,1,0,"I got A's on the first two exams (before the curve), and like 60 something on the final (I didn't","The review indicates heavy or difficult exams, substantial homework or lab workload, and course disorganization."
CMSC411_013,CMSC411,Michelle Hugue,2020,1,Don't take this class unless your a fan of 20 page exams full of poorly taught information that take literal days to complete.,0,1,0,0,0,0,0,0,class unless your a fan of 20 page exams full of poorly taught information that take literal days to complete.,The review indicates heavy or difficult exams.
CMSC414_049,CMSC414,Michelle Mazurek,2023,5,"Dr. Mazurek is a clear lecturer with enthusiasm for the topic. Lectures are recorded and slides posted. The content itself includes memory safety, web security, password stuff, cryptography, network security, privacy, and human factors stuff, with a couple guest lectures as well. Exam questions closely follow the material from slides and the projects: if you make a good cheat sheet you're golden. Grading is only based on the 2 midterms, the final, and 4 projects. The projects take time but are very doable with 6 late days to use as you please. 414 with Mazurek is definitely one of the easier 41Xs.",0,1,0,0,0,0,0,0,Exam questions closely follow the material from slides and the projects: if you make a good cheat sheet you're golden.,The review indicates heavy or difficult exams.
CMSC417_021,CMSC417,Michael Marsh,2021,5,"I took this course Spring 2021. CMSC417 is definitely not trivial and the projects take time, but I also enjoyed it and learned a huge amount. Marsh uses flipped classroom but the lecture videos he posts are broken into short sections and are very clear. The projects and homeworks help you learn the material well and the tests were open-note on Gradescope.",0,0,1,0,0,0,0,0,The projects and homeworks help you learn the material well and the tests were open-note on Gradescope.,The review indicates substantial homework or lab workload.
CMSC420_163,CMSC420,Narayanaswamy Narayanaswamy,2024,2,"The worst professor I have had in the cs department. The lectures are awful with bad explanations and most of the time him just reading slides. The homework’s are easy enough but had a very odd timeline for most of the semester as they were released on thursday but due on tuesday. The projects were relatively ok but most of the difficulty stemmed from the logic of the problem rather than creating the data structures ourselves. The exams were absolutely awful, it was almost impossible to know what was on them and when it came to take the test there was nowhere near enough time to complete the problems. Overall the course was one of the least organized i’ve ever seen and was just not very good in general. IF YOU HAVE THE CHOICE DO NOT TAKE THIS PROFESSOR.",0,1,0,0,0,0,0,0,"The exams were absolutely awful, it was almost impossible to know what was on them and when it came to",The review indicates heavy or difficult exams.
CMSC421_044,CMSC421,Tianyi Zhou,2023,1,"After a semester of this class, I can definitively say this is one of the most miserable courses I have taken. While it used to be the Berkley course, they have tried to 'update' it with new projects and a different order of the concepts we learn. Some of my main complaints with this class were: - Releasing the first assignment after the drop date for the class, this first assignment was new and was so bug-ridden it was extended for over a month. It seemed to have been designed primarily by 1 TA and when attending office hours or trying to get help the other ones would tell you to do something and the TA that made the project would be like why are you doing that - Deciding midway through the course to make attendance graded and surprise pop quizzes to force people to come to the lectures - Using piazza but the TAs and prof cherry-picking which questions to answer and leaving some unanswered for the entirety of the semester, regardless of whether multiple students ask the same question - Lack of coding examples in slides and lectures, throughout this class the only exposure to any code at all that we had was in the projects, and those were extremely vague and lacking documentation until the whole class was in anarchy and the profs and tas were forced to rewrite and clarify the project Overall I have thoroughly been frustrated and exhausted by this course in various ways. While I can tell that Prof. Zhou is extremely intelligent and passionate about the field of AI and his research, I would urge everyone to avoid this class with him as it has been nothing short of a complete and utter trainwreck. They did make some adjustments throughout the course to try and help out the students like re-releasing the projects with more documentation and a lot of extensions but it seemed to be too little too late as the class had already spiraled to the point of no return. do not take CMSC421 with prof zhou.",0,1,1,0,0,0,0,0,It seemed to have been designed primarily by 1 TA and when attending office hours or trying to get help,The review indicates heavy or difficult exams and substantial homework or lab workload.
CMSC422_014,CMSC422,Furong Huang,2022,2,"Decent instructor but the course is planned very poorly. She gives a decent curve but the homework quizzes were quite difficult and the exams were very abstract. The study material never seemed to help and i spent a lot longer than I should have on the assignments. Shes a good professor, but the class is going to be a challenge",0,1,1,0,0,0,0,0,She gives a decent curve but the homework quizzes were quite difficult and the exams were very abstract.,The review indicates heavy or difficult exams and substantial homework or lab workload.
CMSC424_060,CMSC424,Herve Franceschi,2024,4,"It's easy to get lost and overwhelmed because he uses a lot of slideshows. Otherwise, he's fair (our final had no trick questions) and understanding (responds to student emails) and wants you to succeed.",0,1,0,0,0,0,0,0,"Otherwise, he's fair (our final had no trick questions) and understanding (responds to student emails) and wants you to succeed.",The review indicates heavy or difficult exams.
CMSC426_026,CMSC426,John Aloimonos,2023,1,"The professor seems to ramble about material related to the field but unrelated to the exams and projects, which sounds cool until you realize there are also hundreds of slides to look through for projects. On top of that, the administration was horrible, with grades for most assignments and projects released right before finals. In previous semesters, students would be allowed to use libraries like OpenCV on their projects. Still, this professor decided to have us implement those algorithms by hand, increasing the difficulty of this class significantly. Overall, I would avoid this professor at all costs as this was my least favorite course during my entire undergrad.",0,1,1,0,0,0,0,0,"to the field but unrelated to the exams and projects, which sounds cool until you realize there are also hundreds",The review indicates heavy or difficult exams and substantial homework or lab workload.
CMSC430_010,CMSC430,Jose Calderon,2020,5,"Fantastic professor. Knows his stuff and he clearly cares about making sure the students understand the material and do well in the class. For 430 specifically, we had 6 projects and they each took a fair bit of time (5-7 hours), but over the course of a semester that really isn't so bad. Definitely a reasonable amount of work for the class.",0,0,0,0,0,0,0,0,,No clear workload signal.
CMSC434_010,CMSC434,Evan Golub,2021,1,"Super nitpicky/strange grading, can be frustrating as it feels like he's desperate to lower the class average. Would honestly prefer a down curve instead.",0,0,0,0,0,0,0,0,,No clear workload signal.
CMSC436_005,CMSC436,Adam Porter,2019,2,"436 was a fun class for me due to the subject matter but it was poorly run. The class was not difficult but TA's/professors were not very responsive in Piazza and Porter gave off a vibe that he did not really care about the class that much. My biggest gripe is with the midterm and final, where no practice material or quizzes were given beforehand, and we were not given the midterm back. The class was not hard but throughout the semester it was unclear what my grade in the class was as the weekly labs were only worth 25% of my grade, and the average for the first midterm was 65%, which indicates the class should be curved (Although Porter never talked about us or assured that a curve would happen). I went into the final not knowing what 50% of my grade in the class was going to be due to the final project being graded, and a week after the final I am still unsure what my final grade is. This uncertainty and poor administration made an otherwise fun course a source of minor anxiety for me.",0,1,0,0,0,0,0,0,"My biggest gripe is with the midterm and final, where no practice material or quizzes were given beforehand, and we",The review indicates heavy or difficult exams.
CMSC451_044,CMSC451,Laxman Dhulipala,2023,1,"Homeworks take extremely long, no consideration for students, doesnt respond to emails, condescending, take someone else if at all possible. biggest regret of my life.",0,0,1,0,0,0,0,0,"Homeworks take extremely long, no consideration for students, doesnt respond to emails, condescending, take someone else if at all possible.",The review indicates substantial homework or lab workload.
CMSC456_023,CMSC456,Jonathan Katz,2022,5,"Dr. Katz is pretty good. He is world renowned in cybersecurity and he literally wrote the book (one of them at least). That being said while he does a good job explaining, he does move a bit fast and covers more material than many of the other professors. Whether that is a pro or a con is for you to decide. His exams are a bit on the tough side also. Much of our class did pretty poor on the midterm and final, although only about 1/4 of the class actually came to lecture, so maybe that factored into it as well. The only real gripe I have is that he comes off as a bit rude via email and piazaza. Though in person and in office hours he isn't like this. Overall I'd say Dr Katz is a solid choice if you're willing to put in the effort and study the material.",0,1,0,0,0,0,0,0,His exams are a bit on the tough side also.,The review indicates heavy or difficult exams.
INST326_033,INST326,Matthew Patrick,2023,5,Python course is straightforward with helpful resources and clear assignment expectations. Very reasonable workload.,0,0,0,0,0,0,0,0,,No clear workload signal.
MATH140_485,MATH140,Shin Song,2025,5,"Professor Song was an amazing calc 1 professor. I'm in her calc 2 class as of now and it has been an amazing journey. Learning about the history of where the math came from gives context and makes math less boring, and not just plug and chug. She's really caring and tries her best to help students understand concepts. No curveballs also since her practice exams are like her actual exams. Which is good because you're applying what she taught you. SHE ALSO PREPARES YOU VERY WELL FOR THE FINAL. I recommend Professor Song because of her contextual teaching style and how well you're prepared for her exams and final. You get tons of practice and ta's could also help you understand concepts more. And if you ever run into roadbumps she explains stuff even better in her office hours",0,1,0,0,0,1,0,0,No curveballs also since her practice exams are like her actual exams.,The review indicates heavy or difficult exams and harsh or unfair grading.
MATH141_521,MATH141,Kendall Williams,2025,5,"Literally a great instructor, his tests are very hard but he gives you all the material you need. Is ALWAYS more than happy to answer questions and help students, you can tell he’s very passionate about his job and teaching. Great upstanding guy and good lecturer, despite the demanding class.",0,0,0,0,0,0,0,0,,No clear workload signal.
MATH240_345,MATH240,Elijah Kin,2025,5,So goated. Makes discussions fun and teaches really well. Highly recommend him for any discussion he teaches,0,0,0,0,0,0,0,0,,No clear workload signal.
MATH241_504,MATH241,Gengzhi Yang,2025,5,"He is an abosolutely great TA, he really does care about your success in the class and does a great job of making sure that you are ready for the weekly quizzes. If you have him as a TA and you pay attention and focus in class he will help you succeed.",0,1,0,0,0,0,0,0,success in the class and does a great job of making sure that you are ready for the weekly quizzes.,The review indicates heavy or difficult exams.
MATH246_340,MATH246,Margaret Doucette,2025,4,"Doucette is an extremely nice teacher and genuinely cares about each and everyone of her students. Her exams are very fair, and she posts helpful reviews for each midterm. There are also weekly quizzes, which sounds bad, but I actually liked these because they were a good checkpoint to see how you were doing on the content. I would highly recommend taking Doucette for Math 246 if you get the chance. The only reason I didn't give 5 stars is that I would have liked to do more examples during lectures.",0,1,0,0,0,0,0,1,"Her exams are very fair, and she posts helpful reviews for each midterm.",The review indicates heavy or difficult exams and challenging but fair expectations.
MATH310_047,MATH310,Steve Halperin,2023,4,"This class was the easiest course I've ever taken at UMD. Exam questions were taken from the textbook, so as long as you prepared for it, you would get high grades. The grading scheme was generous too. However, his teaching style was hard to follow and understand what he was explaining in the lectures.",0,1,0,0,0,0,0,0,"Exam questions were taken from the textbook, so as long as you prepared for it, you would get high grades.",The review indicates heavy or difficult exams.
MATH401_081,MATH401,Jose Rigoberto Enrique Zelada Cifuentes,2024,5,"I'm afraid he's going to get negatively reviewed by others this semester when he taught Math 401 because I feel like I was one of the few who genuinely enjoyed the course and liked his teaching style. I agree that sometimes he tends to choose the most complicated way to explain something or introduce very weird notation that doesn't make sense at first. But like scrambled eggs, it comes together eventually. You just have to be patient and not interrupt the guy like every two seconds. He's very funny during lectures and is extremely patient when answering students' questions. I don't have many things to say but that's because I really enjoyed the course and loved his lectures. I would take him again if he teaches something I haven't taken yet. My advice if you're taking this class with him: be sure to brush up on your linear algebra before the semester starts. It's technically a prerequisite so don't expect him to review anything you already learnt in 461/240. Some things you must know before the first class: what are bases, linear transformations, eigen vectors/values, gaussian elmination, taking inverse of matrices, ...",0,0,0,0,0,0,0,0,,No clear workload signal.
MATH403_018,MATH403,Roohollah Ebrahimian,2020,4,Prof. Ebrahimian is a good professor. His grading is clear and his exams are not so hard.,0,1,0,0,0,0,0,0,His grading is clear and his exams are not so hard.,The review indicates heavy or difficult exams.
MATH405_012,MATH405,Yihang Zhu,2021,3,"New professor at the time, midterms and homeworks were fair but final was incredibly hard. Perhaps he is better now but at the time there was nothing too special to write home about",0,1,1,0,0,0,0,0,"New professor at the time, midterms and homeworks were fair but final was incredibly hard.",The review indicates heavy or difficult exams and substantial homework or lab workload.
MATH406_026,MATH406,Nathan Manning,2022,5,"Nathan is one of the best professors I have had. Don't be fooled by the low reviews; they're probably from 240 students who were upset that they couldn't get an easy A. He is very knowledgeable and cares a lot about his students. His tests are sometimes tricky but definitely doable if you go to lecture, study, do the homework, and go to office hours. He encourages students to ask questions and is always accessible via office hours and email. I have also had him for 240 and 310 and my math thinking and appreciation has grown so much thanks to him!",0,0,1,0,0,0,0,0,"are sometimes tricky but definitely doable if you go to lecture, study, do the homework, and go to office hours.",The review indicates substantial homework or lab workload.
MATH410_091,MATH410,Huy Nguyen,2024,5,"Huy is by far the best math professor I’ve ever had. Real Analysis was a tough class for me, but his teaching style made it so much more manageable. I skipped MATH310 and I struggled very much early on (less than 50% on midterm 1 and 2) but I really turned things around with a high A on both midterm 3 and the final, which ended up curving to an A for the course. He’s super helpful during office hours, and instead of just giving you the answer, he gives little hints to guide you in the right direction. He really makes sure you understand the material, which is something I truly appreciated. He does move pretty fast in lecture, but he answers all questions and thoroughly explains the concepts. Plus, he posts solutions to everything after they are due.",0,1,0,0,0,0,0,0,much early on (less than 50% on midterm 1 and 2) but I really turned things around with a high,The review indicates heavy or difficult exams.
MATH411_022,MATH411,Matei Machedon,2021,5,"Knowledgeable professor. He almost never makes mistakes. Took the class during a pandemic, exams are slightly easier than usual. Exams are similar to practice problems. If an exam question is not on the practice, it is usually either an application of the proved theorems or a modification of some proving process. However, he does expect you to read the textbook on your own, otherwise, his classes are too fast to follow.",0,1,0,0,0,0,0,0,"Took the class during a pandemic, exams are slightly easier than usual.",The review indicates heavy or difficult exams.
PHYS121_041,PHYS121,Negar Heidarian Boroujeni,2022,5,"she's good. exams are straightforward, just practice problem set questions. she drops the lowest exam score too. take her",0,1,0,0,0,0,0,0,she drops the lowest exam score too.,The review indicates heavy or difficult exams.
PHYS131_030,PHYS131,David Buehrle,2023,3,"Spends too much class time teaching the very basic fundamentals, and then leaves us with relatively difficult homeworks and exams. Coming from someone who has taken previous physics courses, if I didn't have that background intuition to begin with, I would've struggled a lot more in this class. Buehrle is a pretty decent and jolly class lecturer but for some reason, he seemed standoffish and intimidating when interacting with him one on one. Overall, class exams are severely curved. I would go to course center office hours to get help with homeworks, and you should be fine in this class.",0,1,1,0,0,0,0,0,"Spends too much class time teaching the very basic fundamentals, and then leaves us with relatively difficult homeworks and exams.",The review indicates heavy or difficult exams and substantial homework or lab workload.
PHYS260_162,PHYS260,David Buehrle,2025,4,"Dr. Buehrle is very friendly and enthusiastic in class. I definitely learned a lot from this class and enjoyed physics this summer. Sometimes the material we were learning/ needed for the exams wasn’t super clear to me, but i thought all the exams were fair and tested us in things he went over in class. We could bring a front and back equation sheet for each exam and he curves each exam which helps a lot.",0,1,0,0,0,0,0,1,"material we were learning/ needed for the exams wasn’t super clear to me, but i thought all the exams were",The review indicates heavy or difficult exams and challenging but fair expectations.
PHYS270_051,PHYS270,Hailu Gebremariam,2024,1,His lectures are entirely worthless. You will be teaching yourself all of the course content.,0,0,0,0,0,0,0,0,,No clear workload signal.
STAT100_198,STAT100,Matthew Griffin,2025,1,"This course is simple, you can learn it on your own, but the policies that he hold in his class is extreme. No airpods, hats, hoods, or even banter. He does not hesitate before calling students out in class just to humiliate them. I've watched professor griffin kick people out of class for sitting in with their friend, he is an insane control freak. Working with him was incredibly painful especially because he elongates short classwork and makes them longer and complicates them than they need to be. Do not take this class if you're looking for a simple prerequisite for your major unless you want to show up to class 3 days a week for attendance points. If you miss class, you will be marked absent and lose points.",0,0,0,0,1,0,0,0,"This course is simple, you can learn it on your own, but the policies that he hold in his class",The review indicates required self-learning.
STAT400_436,STAT400,Mengting Chao,2025,5,"She taught really well. The exams were very fair and similar to what you'd find on the homework and practice exams. There are plenty of good resources to do well in this class. She uses the same material as most other stat400 profs. For the summer session, the grade breakdown was 22% per exam (3 of them), and 34% for 6 homework assignments. She applies a very slight curve(5%) to each exam. Exam averages and medians were all above 90.",0,1,1,0,0,0,0,1,The exams were very fair and similar to what you'd find on the homework and practice exams.,"The review indicates heavy or difficult exams, substantial homework or lab workload, and challenging but fair expectations."
STAT401_045,STAT401,Mestiyage Gunatilleka,2023,5,"DANUL IS THE MOST UNDERRATED PROFESSOR I HAVE EVER HAD!!!! If your put in effort, even if you are checked out for weeks, if you put in the effort you will get a good grade. He is intentional in helping students earn good grades and does everything possible to do that. He is also very well spoken, its not common to have a professor who communicates the instruction effectively while helping students get the grade they want. Must take him, you will never regret not taking him.",0,0,0,0,0,0,0,0,,No clear workload signal.
STAT410_082,STAT410,Hatice Sahinoglu,2024,5,"Amazing teacher, I am honestly surprised that she has such a low rating. She knows her stuff and she articulates it in a way that makes intuitive and conceptual sense. The accent is really a non-issue. She is very fair with the midterms and final, they were a lot easier than the homeworks. In fact, the first midterm was take home! Ignore the negative reviews, if you have an opportunity to take her, take her! You will not regret it one bit.",0,1,1,0,0,0,0,0,"She is very fair with the midterms and final, they were a lot easier than the homeworks.",The review indicates heavy or difficult exams and substantial homework or lab workload.
STAT430_013,STAT430,Christine Nickel,2021,5,"Great course and an easy A if you have any type of programming experience. Still shouldn't be hard if you don't have any coding knowledge either. She gives weekly homework and in-class assignments, both are easy variations of the examples in her slides. Fair exams too! Overall, a super kind prof that cares about her students.",0,1,0,0,0,0,0,0,Fair exams too!,The review indicates heavy or difficult exams.
BSCI160_557,BSCI160,Mary Ann Rankin,2025,1,"The instructor is terrible. In every single aspect of teaching, I would give her a 0/10. I had a horrible teacher last year (senior year of high school) for calculus, and I would complain about her all the time at home, and I remember thinking she was the worst teacher possible. I could not be more wrong. Dr. Rankin is the worst of the worst. But before I trash her in this essay, I want to say a few good things. 1. She is very nice and genuinely cares about your learning. 2. She tries very hard to be accommodating to everyone 3. She is very knowledgeable 4. She provides a study guide The tests are extremely difficult, even though they're all multiple choice (except one, which had short answers), with each answer many times having all of the above or two of the above or none of the above as answer choices, making each question extremely time-consuming and unnecessarily challenging. Now, with such confusing answer choices, surely the questions were easy, right? Nope. But I get it right, it's a college-level class, you should be prepared for difficulty. But the sheer amount of material you must not just understand, but master, in this class is inconceivable. I'm gonna try to explain it, but I don't think I can truly put it into words. Let's take the second exam, for example. This one unit (unit 2) had more material than YOUR (yes, your) high school bio class by about 3 fold. The study guide she made was 13 pages long, and she didn't finish it because it was ""taking her too long"". I'm not joking, she literally couldn't finish the study guide, which is just a list, a list, a fricking list of things we need to not just know, but master. I kid you not, one of the bullet points on this 13-page list was ""Know the general changes that happened over the history of the Earth"", and that's just an example, we also had to know basically every single organism that has ever existed and the phylogenetic tree they are a part of. And there's much more (which I won't get into, because it would take 13 pages of writing). And that's just unit 2 (there are 3 units) Now, let's talk about lectures. I went to every single lecture and every Monday, Wednesday, and Friday at 1:00 PM. When my lecture ended, I was furious. Her slides are extremely wordy, and she talks very slowly, and her sentences are often broken with frequent stutters and pauses. You might be thinking, Oh, that sucks. She must be so slow. Wrong. She goes through these slides at light speed, often going through 50-80 slides per lecture (in 50 minutes). I don't know how it's possible to talk so slowly and go through slides so quickly. I honestly can't explain it; you just have to see it for yourself. There's also a fun little aspect of her lectures called PointSolutions, which is essentially an app we were required to purchase (cost $60 for a subscription, I believe) where she can quiz us randomly during lectures. You have 30 seconds to answer, and the questions are graded. It's like Kahoot but from hell. It is often super buggy, and she forgets to give us the access code, like once every two lectures, so most people ended up with like a really bad grade on point solutions (which is supposed to be a grade booster). Now, let's talk about homework. This class uses a website called SimBio, where sections of a textbook or interactive experiments/games are assigned for homework. It's pretty organized and makes sense, except they are extremely time-consuming. Most classes get these assignments very infrequently and are given a lot of time to complete them, but not Rankin's class. We had one assigned after every single lecture. Oftentimes, it was more than one, even getting up to three sometimes. I spent about 70% of this semester working on nothing but this class, and it was still my worst grade by far Wow, that is a lot of horrible stuff. But I didn't even get to the worst part yet THERE IS NO CURVE. Please, for your sake, do not take this professor. Not even the most pain-crazed masochist would. But if you get stuck with her, here is some advice: Don't take notes in class; instead, just listen to what she is saying and go back over the lecture slides and take notes then. Lecture notes are much more important than SimBio assignments. Do the SimBio's if you can, but prioritize the class notes. Use the study guide she provides. Good luck, and may God have mercy on your soul, because she won't.",0,1,1,1,0,1,0,0,"Let's take the second exam, for example.","The review indicates heavy or difficult exams, substantial homework or lab workload, significant time commitment, and harsh or unfair grading."
BSCI170_279,BSCI170,Eric Haag,2025,4,"Professor Haag is an extremely passionate and kind person. He is really into biology and his love for it really comes across in lectures. However, his lectures can seem like he is just reading off of a 65 page slideshow everyday, so make sure that you are studying/taking notes in your own time. I'm not sure why his rating is so low because if you just study the content from the slideshows you will do fine on your exams. Also, if you ever email him with a question, he is happy to help and enjoys talking to his students. The one thing is that midterms count for a very large portion of your class and they are never curved (worst midterm is dropped though).",0,1,0,0,0,0,0,0,The one thing is that midterms count for a very large portion of your class and they are never curved,The review indicates heavy or difficult exams.
BSCI171_047,BSCI171,Swarna Mohan,2024,4,"Dr. Mohan is not the nicest person by far but to be honest, you're probably never going to see her since her class is taught by TAs. Despite her being kind of mean, she is pretty understanding if you talk to her directly over email. The class itself was very easy. The TAs grade everything so if you have a good TA, you should be fine. Assignments are pretty easy and straightforward and if your lab group is good than it makes the class a lot easier.",0,0,0,0,0,0,0,0,,No clear workload signal.
BSCI201_084,BSCI201,Justicia Opoku-Edusei,2025,4,Opoku is pretty chill. Everyone stops showing up to lectures halfway through as attendance isn't required. Though she does give lots of hints about what questions will be on the test and highlight specific aspects. Her powerpoints are the test and anything on them is fair game. Being in a big lecture hall her microphone isn't loud enough to hear but she does randomly google things relevant to the class which can be interesting but also funny. Ultimately just study the PowerPoint and try your best to go to class. I usually did other work during the time but made sure to listen when she would say test questions.,0,0,0,0,0,0,0,0,,No clear workload signal.
BSCI207_181,BSCI207,Karen Carleton,2025,5,"Dr. Carleton is a pretty good professor and is very sweet. Her class isn't too hard but the content isn't very useful to other classes. She allows you to bring a cheat sheet to exams which is very helpful and she sometimes gets bored of the content she's teaching and you can tell, would definitely recommend her though.",0,1,0,0,0,0,0,0,you to bring a cheat sheet to exams which is very helpful and she sometimes gets bored of the content,The review indicates heavy or difficult exams.
BSCI222_231,BSCI222,Thomas Kocher,2025,1,"One of the absolute worst professors I have ever had during my time here at UMD. Doesn't know how to teach AT ALL. He puts slides that make no sense on the screen and then proceeds to talk for minutes (none of it making any sense). Sometimes he even looks at the slide and says ""not sure why I put this slide here, what did I want to say about it?"" His exams make no sense. He says that there will be multiple choice on the exam and it ends up being only short response/essays and definitions. His clues about how the exam will be are always misleading, then later sends us an announcement that exam scores were much worse than what he had hoped. When you go to ask him about exam grading, he will just tell you that he wants you to think ""outside of the box"", even when your answer was exactly what he taught. His curve for the class is also just whatever he wants, and he truly does not care about students. Take any other professor if you can, Mutz had much higher averages and the exams were much better compared to Kocher's.",0,1,0,0,0,0,0,0,"sure why I put this slide here, what did I want to say about it?"" His exams make no sense.",The review indicates heavy or difficult exams.
BSCI223_060,BSCI223,John Buchner,2025,1,"I learned the most from my TA. She was exceptional and understanding and clarified concepts kinder and better than Dr. Buchner. Honestly, Dr. Buchner was condescending in emails and just assumed students knew all the material. I felt like there was a power imbalance, and it often discouraged me from doing my best in class. He also didn't teach during lectures, he'd crack unprofessional jokes and state facts without reason then move on. All our learning was expected to be done from pre-recorded videos from years ago that contained outdated information and did not always align with the exam content. He also emphasized asking previous students who took the class for exams or notes, which is really unfeasible for a lot of students who don't have this kind of access or connection-making it a severe disadvantage for a vast majority. I liked the content of this class, and I read the textbook for my own personal learning, which is why I can say I learned a good amount of information. But this credit cannot go to Dr. Buchner, it goes to my TA and maybe him providing a nice textbook. An unnecessary amount of assignments, they taught me nothing.",0,1,1,0,0,0,0,0,done from pre-recorded videos from years ago that contained outdated information and did not always align with the exam content.,The review indicates heavy or difficult exams and substantial homework or lab workload.
BSCI330_136,BSCI330,Kenneth Frauwirth,2024,4,"I have very mixed feelings about this professor. first of all the class its self requires little to no effort- there are weekly quizzes that are online and easy and then 3 midterms and then 1 CUMULATIVE final. the final is the kicker as at the end of the semester we were of course very behind so he just tried to get in as many slides as possible before the end. he is not very organized and my number one complaint Ould be that he would say what seems to be the most irrelevant thing in class once super quickly and never mention it again and that was fair game for the exam so your notes basically have to include every sentence he has ever uttered, the slides are not enough- of course using just the slides you will do fine but not great. also he records his lecture which is a huge plus since he does something go really fast and make no sense so at least you can go back and rewatch it. the annoying part is that since he records class you would think that class is optional...NOPE. he makes you come by assigning clicker questions which he gets really tight about if you do them without actually showing up. its annoying to have to go to class and watch him speed talk for 50 mins and then just anyways have to rewatch the lecture, all for 1 or 2 partition points per day. overall though class isn't terrible and the material itself isn't that hard its just alot and for some reason some times super specific memorization. the tests ar made up of multiple chpice- which is usually really hard and he is trying o trick you short answers which are usually doable and then an essay which is also pretty chill. overall if you premed or this is a major option for you, there are worse classes than this for sure",0,1,0,0,0,0,0,0,no effort- there are weekly quizzes that are online and easy and then 3 midterms and then 1 CUMULATIVE final.,The review indicates heavy or difficult exams.
BSCI353_013,BSCI353,Melissa Caras,2021,1,"Professor Caras is a nice person on the outside, but she does not accommodate for students whatsoever. My issue with her is that she thinks that she is doing a good job of preparing us for exams, but the structure of the class has made it difficult for me to retain information in an engaging way. I'm sure the other reviews attest to this too. Perhaps worst of all, her exam questions are not straightforward and her grading is EXTREMELY harsh. She also refuses to curve the class, despite the averages for this class being at a historic low according to planetterp data. One of the worst experiences I've had at umd (only second to Dodson for online chem271)",0,1,0,0,0,0,0,0,"a good job of preparing us for exams, but the structure of the class has made it difficult for me",The review indicates heavy or difficult exams.
BSCI410_089,BSCI410,Louisa Wu,2024,1,"not very good, i was not a fan of the teaching style, she was not a good communicator and did not handle student feedback well",0,0,0,0,0,0,0,0,,No clear workload signal.
CHEM131_505,CHEM131,Amanda Schech,2025,5,"Dr. Schech is a MUST for CHEM131. From the beginning of the semester, Dr. Schech sets a very generous curve: 94.5 = A+. 89.5 = A. 84.5 = A-, and so forth. This curve does not rise throughout the semester even if the class is performing above average. Additionally, her exams are extremely fair. All you have to do is go to lectures (or watch her Panopto recordings: there is no class attendance), do the homework (which is basically a free weekly A), and complete her practice exams before each assessment, and I can almost guarantee you will succeed. Another note, her practice exams are very similar to the exams she gives in class, and she is not the type of teacher to ""throw in surprises."" Another note: I really enjoyed Dr. Schech's teaching style. She uses fun analogies to help you understand content and takes her time to explain each topic. Whenever I was asked which chem professor I had, and I responded Dr. Schech, I would always receive a ""bruh, lucky, I wish."" Overall, I would definitely recommend taking her course.",0,1,1,0,0,0,0,1,"Additionally, her exams are extremely fair.","The review indicates heavy or difficult exams, substantial homework or lab workload, and challenging but fair expectations."
CHEM132_054,CHEM132,Christiana Guest,2024,1,"I never even saw this professor for the entire semester. While that may be normal for lab classes, she is also incredibly disorganized and half of the challenge of this class was just figuring out what was going on. The lab book you are forced to buy is full of typos and the questions rarely made any sense, to the point where even the TAs at office hours did not have answers or could not explain them. While I had a decent TA so I got through the labs, the lab reports and other assignments were a different story because it is often hard to even figure out what the lab is accomplishing and answer questions about it. If you don't have to take this class then don't.",0,0,1,0,0,0,1,0,"While that may be normal for lab classes, she is also incredibly disorganized and half of the challenge of this",The review indicates substantial homework or lab workload and course disorganization.
CHEM135_412,CHEM135,Shane Collins,2025,5,"He is a good professor, I feel like the other reviews make him seem just meh or fine. He knows what he is talking about and explains it well enough. When he does read of the slides he tries to go beyond it explaining the content more than just through the text written on them. He also throws in a joke every now and then which is appreciated. His tests are fair (I mean if you just look at the practice tests he posts it's like half the same with different numbers). He also gives you a note card on both sides and a reference sheet for all tests including finals so as long as you study (and it's a hard class you will have to) you will be fine. The textbook he uses is also good so if the way he lectures isn't for you the textbook is easy to read and digestible and has practice questions similar to the tests.",0,0,0,0,0,0,0,0,,No clear workload signal.
CHEM231_404,CHEM231,Donald Hong,2025,5,"My goat, genuinely one of the best proffesors i've ever had makes ochem a lot of fun and interactive. I think it should come without question that this is a difficult course but i've taken this class while taking 2 other higher level major courses and had no problems with it. It was not easy by no means and it took time to understand, i think you should know at this point you need to put time in outside of class to understand the work and he stresses that. Tests are not too bad and often reflect exactly what was on the homework's, also atleast 10 points of extra credit each test. Anyways great teacher and tries to make ochem at least a little enjoyable.",0,0,1,0,0,0,0,0,"Tests are not too bad and often reflect exactly what was on the homework's, also atleast 10 points of extra",The review indicates substantial homework or lab workload.
CHEM232_044,CHEM232,Monique Koppel,2025,3,"I have been through 2 breakups and 2 deaths in the family and taking this class was still my most miserable life experience (yet. This was only my second chem lab after all.) Every time I think I do perfectly well on lab reports and the other assignments I'm hit in the face with routinely some of the worst grades I might get in my time at school. If you're reading this you're probably some sort of natural sciences major who has no choice but to be put through all the chemistry labs and well, you're in for hell. The TA I had for this class was wonderful so the time *during* lab wasn't bad but the assignments are still so awful and the lab manual is often insufficient for what we need to know. They give quizzes for things that you don't learn in lecture and expect you to just know it since they don't put anything in the manual or post any kind of information on ELMS to teach you about it.... average for the first quiz in my semester was 7/20.",0,0,1,0,0,0,0,0,This was only my second chem lab after all.) Every time I think I do perfectly well on lab reports,The review indicates substantial homework or lab workload.
CHEM241_237,CHEM241,Sonia Hirschauer,2025,5,"Session: Summer Overall: She's a kind professor who's willing to let students make mistakes. She doesn't belittle you for not knowing something, and she's willing to go over steps again when needed. She is attentive towards the class and gives everyone breaks when needed. If you're looking for a professor who is understanding and approachable, she's the way to go :) Pros: - her notes are very well structured and organized. Everything can be found very easily, and she ends up posting her notes at the end of the day, so you can always look back and go over what you missed. - she had Practice Problem (PP) sets that help you a lot and prepare you for the exam. She has some tough problems, but they can easily be solved if you look back at her notes and see a similar problem. - her exams are what you'd expect based on what you did for your HW, PP, discussion, and in-class practice. She isn't someone who will throw a random curveball. The only tough problems you'd see on her exam would be the extra credit, but it's built so that you would encompass all that you learned within that unit all into one problem. - her grading system is very nice, as your grade isn't dependent on an exam, as she puts in HW, attendance, and exams. Attendance isn't really that serious, but still, I would attend her class when I can, since she adds small ideas/comprehension that can't be written down in her notes unless you're there. She had a generous curve as well. Cons: - sometimes she goes on a mini rant about subjects she likes or a compound that is relevant to the subject, but it really doesn't take away much. It's just a time you can spend catching up on some notes or doing some practice if you're not interested. When she goes on these rants, sometimes it can help you understand a topic better, but it really doesn't take away too much from the class. - she doesn't have any prior practice exam posted, so you're stuck with your PP, HW, and prior exam experiences with her - sometimes the HW can be confusing, but as others have stated, you have 7 attempts, so it's alright, and she'll even drop the lowest HW grade, so you'll be fine Neutral: - usually teachers don't have to release curves/grades, so don't be too surprised when she only gives a really REALLY generalized idea of a curve",0,1,0,0,0,0,0,0,- she had Practice Problem (PP) sets that help you a lot and prepare you for the exam.,The review indicates heavy or difficult exams.
CHEM271_208,CHEM271,Jason Kahn,2025,2,"If you're reading this and deciding who to take for CHEM271 please do yourself a favor and take anyone else. Dr. Kahn is a nice guy but terrible at teaching undergrad level general chemistry. While his knowledge and expertise are apparent in his teaching, unless you're taking his class as a graduate chemistry student, you will have absolutely no idea what he's talking about for majority of the class. His exams are far harder than anything I have ever taken and they are 90% conceptual questions. You can do well on the first two exams if you learn from the textbook however Dr. Kahn does not teach the material on the final exam from the textbook. I recommend reading the chapters he covers and building off of that knowledge. To give an example on the difficulty of Khan’s exams, on the last question of our final exam he introduced a new concept that he didn’t have time to teach and expected us to answer questions on it. If you can self study and memorize formulas then I highly recommend taking Migneray. I’ve heard that she is a poor lecturer but if you read the textbook and can complete her practice exams then you don’t even need to attend lectures. However if you want to learn high level general chemistry/biochemistry in a conceptual manner then Kahn is the perfect professor for you. He’s a funny guy and pretty nice but I would not recommend him for the average student.",0,1,0,0,1,0,0,0,His exams are far harder than anything I have ever taken and they are 90% conceptual questions.,The review indicates heavy or difficult exams and required self-learning.
CHEM272_021,CHEM272,Amanda Schech,2021,5,Literally the best ever. She is super helpful and answers questions pretty fast. She really knows what she is talking about and makes the class 10x easier. The class isn't bad if you ask questions and watch the videos she posts. Also the mid term was super fair- everything we had learned.,0,0,0,0,0,0,0,0,,No clear workload signal.
CMSC131_395,CMSC131,Ilchul Yoon,2025,5,"Keep in mind that 131 is a hard class no matter who you take it with, and some of these reviews are because people did not put in the effort. Yoon is an incredible teacher, sure his exams are hard, but they are not off topic. He really cares about his students and if you ask him a question or for advice he will go out of his way to help you. He is a very humorous person and this makes his lectures very enjoyable. When preparing for exams, make sure to go through all the relevant slides and examples because some of the questions he gives are either on there or very close to it. Sure, I had a hard time in this class, but I ended up learning and understanding more about the subject then I would with any other teacher. He does not deserve all of the hate that he gets, and I would 100% take him again now that I know what to expect.",0,1,0,0,0,0,0,0,"Yoon is an incredible teacher, sure his exams are hard, but they are not off topic.",The review indicates heavy or difficult exams.
CMSC132_450,CMSC132,Pedram Sadeghian,2025,1,A course that has no curve with consistent 60 averages on exams lol. Teaches you how to drive a car and expects you to know how to build it.,0,1,0,0,0,1,0,0,A course that has no curve with consistent 60 averages on exams lol.,The review indicates heavy or difficult exams and harsh or unfair grading.
CMSC216_416,CMSC216,Christopher Kauffman,2025,5,"I want to start by saying that this course is hard. This was personally my first time having to go through learning about systems in depth and using some of the most barebone languages in coding. But Prof Kauffman is one of the best lecturers I have ever had. He is very understanding and communicated great with us students. Assignments such as quizzes and labs are the easiest grade boosts. The organization of the class with all of the labs, projects, and his websites were very useful. I rarely was engaged with lectures, but the recordings and slides were very detailed and easy to catch up with. In terms of the exams, I believe they were very fair. Along with being open note, they coincided heavily with his lecture examples and practice exam, but most with the labs and projects associated with the class. As long as you put in just a little effort for the things that matter like exams and projects, you should pass this class perfectly fine.",0,1,1,0,0,0,0,0,"In terms of the exams, I believe they were very fair.",The review indicates heavy or difficult exams and substantial homework or lab workload.
CMSC250_468,CMSC250,Maksym Morawski,2025,4,"I found Max's class to be very entertaining as he is a fun lecturer who operates with a complete go with the flow structure. Considering 50% of our grade was from hw & discussion wkshts, the 4 exams with weights (12%,12%,12%,14%) did not create any ridiculous stress even if they are on the more difficult size. Where there is fault in Max's class is the lack of structure -- some better basis of this should be implemented without changing the core of the way Max teaches-- and the apparent miscommunication between prof Max and the TA's. Overall his rating I fear has been doxxed by very angry 320 students who did not understand his type of teaching before singing up and I would definitely recommend his 250 class if you despise the strictness/rigidness of Fawsi's class the way I did. Also yes technology is completely allowed in lecture and discussion, there are no surprise quizzes, and the discussions depending on the TA are helpful and usually manage to only last around 30 minutes which is great.",0,1,0,0,0,0,0,0,"from hw & discussion wkshts, the 4 exams with weights (12%,12%,12%,14%) did not create any ridiculous stress even if they",The review indicates heavy or difficult exams.
CMSC320_182,CMSC320,Fardina Alam,2025,4,"Getting an A in this class is utterly trivial. None of the graded work is really that challenging, and there’s just such an insane amount of extra credit offered throughout the course that you’d honestly have to be pretty negligent to receive a low grade. Fardina is a very kind professor but I wasn’t really a big fan of the lectures–they were kind of boring and there were just way too many slides (much more than necessary to teach the material). Exams were pretty fair (though some questions were worded confusingly) and the final project does not take much time at all to meet the bare minimum requirements. Overall wasn’t the biggest fan of this course, but it was easy and gives a good overview of all the data science subfields.",0,1,0,0,0,0,0,0,Exams were pretty fair (though some questions were worded confusingly) and the final project does not take much time at,The review indicates heavy or difficult exams.
CMSC330_223,CMSC330,Cliff Bakalian,2024,5,"DO NOT WORRY ABT THIS CLASS Cliff is my goat. Yes, sometimes lectures can be a bit messy, but he's really good at explaining things one-on-one AND his notes are fantastic. If going to lecture isn't doing it for you, I suggest going through his notes instead. Projects are actually great, and complement/reinforce what was covered in lecture. Finally, he provides basically every quiz or exam for the class from the past 5 years, and assessments this semester were always similar to those in the past. So, grind those past quizzes and exams and you'll be chilling. And if that wasn't enough, he gave us 2% extra credit for basically free (filling out the course eval survey and attending discussion). The 75th percentile was a 95. That means more than 25% of people got an A. You do not have to worry about 330 if you're taking it with Cliff. Just sit back and enjoy learning without stressing about your grades!",0,1,0,0,0,0,0,0,"Finally, he provides basically every quiz or exam for the class from the past 5 years, and assessments this semester",The review indicates heavy or difficult exams.
CMSC351_309,CMSC351,Ting Jiang,2025,2,"Setting aside the co-teaching with Justin, Ting did next to nothing to help me learn anything. It was quite difficult to follow her and understand her thought process when going over any topic within the course. The best thing you can do is not go to the lecture and just read Justin's notes and pray that the exam isn't too hard.",0,1,0,0,0,0,0,0,do is not go to the lecture and just read Justin's notes and pray that the exam isn't too hard.,The review indicates heavy or difficult exams.
CMSC411_011,CMSC411,Ilchul Yoon,2020,1,"I thought CMSC351 with Kruskal was the worst class at UMD, but CMSC411 with Yoon over Summer makes a close second or possibly #1. The way the class is taught, organized and graded is a joke and I learned nothing because of this professor's teaching style. The syllabus describes having up to 5 homeworks with NO due date. We ended up with 4 homeworks released randomly during the semester, one of which was released the last week of class with 3 days notice - Mean. The class project also did NOT have a release date or due date on the syllabus and it takes half the semester to get even a few points (most of the class couldn't score more than 50% on the project). How are we supposed to plan for a semester with NO DUE DATES???? Finals week was unnecessarily stressful. Last homework was due, the month-long project was due, and the final exam were due all one day after another. My mental health took such a hit with this bombardment of assignments and inadequate teaching from lectures that I couldn't study for the final at all. Somehow if you just write something down you get partial credit? But did I learn anything? Absolutely not. The only way I passed was because the class had an average of 59% +/- 20%. Nobody had a clue what their grade was going into finals week. I somehow passed but I honestly did not care if I failed, this class was garbage and I feel it took more out of me than what it offered. I wish I had seen a review like this that would have made me change my 4-year plan to avoid this garbage, but at least I can graduate a semester sooner.",1,1,1,0,0,0,0,0,"Last homework was due, the month-long project was due, and the final exam were due all one day after another.","The review indicates intensive project workload, heavy or difficult exams, and substantial homework or lab workload."
CMSC414_048,CMSC414,Michael Marsh,2023,5,"do yourself a favor and take any class marsh teaches. ive had him for 414, 436, and 420 - his teaching style is extremely chill and fair. highly recommend, one of the goats.",0,0,0,0,0,0,0,0,,No clear workload signal.
CMSC417_020,CMSC417,Samrat Bhattacharjee,2021,5,"Was my favorite class at UMD, really learned a lot about not just Networks, but about low level programming in general. That said, other reviews about Bobby is fair. He's been in the field so long (he once told us in class that he's seen networks composed of single copper wire that people poke in needles to connect to, which is at least before 1985) that he kind of lost touch with what students already know/not know. I enjoyed the lectures (he's a pretty funny person). I learned a lot from projects too, despite it being very time consuming and often very underspecified. (There are no public tests to test the output formats against) I do really recommend this class with Bobby, but only if you you have some previous knowledge in computer networking and/or have strong C/C++ programming skills.",0,0,0,1,0,0,0,0,"I learned a lot from projects too, despite it being very time consuming and often very underspecified.",The review indicates significant time commitment.
CMSC420_162,CMSC420,Narayanaswamy Narayanaswamy,2024,2,"Lectures were disorganized and confusing. Programming projects were doable but you should start them early. Mid Term was hard since he doesn't give a study guide or practice problems so you have to study all the contents. Final was take home, open note. Was still relatively difficult, avg was about 66%. Prof Nara was a nice teacher overall. However logistics were poor, the way he types makes things more confusing. Lecture slides were poorly made and explained. He does try to help and did give a huge curve (A- was 79 and C- was 55) meaning it shouldn't be too hard to pass the class. Personally, I don't think I got much out of the class and there was unnecessary stress at times. Overall, I can't recommended him for this class (Especially when the other teacher is Justin) but if you are stuck with him, you will probably be fine.",0,1,0,0,0,0,1,0,"Final was take home, open note.",The review indicates heavy or difficult exams and course disorganization.
CMSC421_043,CMSC421,Tianyi Zhou,2023,1,"Avoid. Even if you have a passion for the topic. The explanations given in class for topics is too brief and lacks clarity, anything I've taken away from this course has been reinforced through outside learning. Even though this is an Introductory course, there is a large amount of information they assume you already know. I'd say class time would be a 2/5, but the assignments and course structure deserve a 0/5. It has been nothing short of a nightmare, the course is structured so your group project grade or your individual assignments average is 60% of your overall grade. Which sounds nice, but if you're like me and your group decides to just focus on their individual assignments and stops doing the project mid-way through the semester, there is ZERO incentive to stop them from just leaving you high and dry. It encourages an environment where you have pre-existing friends that you trust to not just desert you. Also, I could spend forever explaining the failures of the assignments, but to keep this shorter, essentially the assignments are all new and not tested at all. For example, our first assignment has been extended 7 WEEKS because it was so difficult to comprehend and complete. Just do not take this course, self-teach if you really wish to learn, it's not worth the loss of sanity, time, and GPA.",0,1,1,0,1,0,0,0,"For example, our first assignment has been extended 7 WEEKS because it was so difficult to comprehend and complete.","The review indicates heavy or difficult exams, substantial homework or lab workload, and required self-learning."
CMSC422_013,CMSC422,David Jacobs,2021,4,"Generally a good professor for ML. Pretty responsive to student questions and very helpful/accessible especially during OHs. Overall, the class covered what I thought to be a pretty good range of different topics in ML appropriate for an introductory course, providing a solid foundation on the fundamentals including multivar calc, inner product, supervised learning, bayesian reasoning, and neural networks. Also, there were lectures on special topics(eg. GANs, transformers, CV, ect) that were really interesting. Although, the class/lectures did feel a bit unstructured/disconnected at times due to 2 professors coteaching the course. Also, especially for those with a background in ML, the class material did feel a bit shallow and didn't rigorously cover some of the algorithms eg. SVMs to the level I would have liked But overall, Prof Jacobs is a pretty solid choice and CMSC422 does offer what I think to be a good primer into the ML field that can be easily built upon through more advanced ML/DL courses.",0,0,0,0,0,0,0,0,,No clear workload signal.
CMSC424_059,CMSC424,Herve Franceschi,2024,5,"I would suggest taking 424 with Herve! This was his first time teaching this course, and he provided study guides and practice material for quizzes and exams. There was one midterm, and one final. There were 5 quizzes throughout the semester. Quizzes and exams were easy to get a good grade on as long as you keep up with the content (there were no weird trick questions). There was weekly homework, but they are straightforward, and they rely on the slides (which he records and posts) and most can be completed in about 1 hour if you understand the content. Class was dull at times, but it was nice to come and support Herve since he genuinely seems knowledgable about SQL and databases.",0,1,0,0,0,0,0,0,"This was his first time teaching this course, and he provided study guides and practice material for quizzes and exams.",The review indicates heavy or difficult exams.
CMSC426_025,CMSC426,John Aloimonos,2023,1,"This man cannot teach. His lectures honestly put me to sleep and had nothing to do with the projects or exams. I went to class for a few weeks before realizing that his lectures are not helpful in any way. He does not record lectures by the way. The exams are multiple choice but are nothing like the ""practice"". I say ""practice"" because they were just a few questions thrown together by the TAs. The TAs do all the work from handling the exams to answering questions on Piazza. I'm pretty sure the professor isn't even on the Piazza. And don't bother emailing the professor about something, just email the TAs. I have never seen a class more run by the TAs. Also, I hope you or someone in your group knows something about image processing before taking this class or are really good at googling, or else you are not completing those projects.",0,1,0,0,0,0,0,0,His lectures honestly put me to sleep and had nothing to do with the projects or exams.,The review indicates heavy or difficult exams.
CMSC430_009,CMSC430,Jose Calderon,2020,5,"Jose is super nice and understanding of students concerns and needs. Assignments were super interesting and pretty fair, if you have a good understanding of the course material and Racket. Online class consisted of asynchronous YouTube videos with corresponding lecture notes on the website. Really learned a lot from the class and he was great!",0,0,1,0,0,0,0,0,"Assignments were super interesting and pretty fair, if you have a good understanding of the course material and Racket.",The review indicates substantial homework or lab workload.
CMSC434_009,CMSC434,Evan Golub,2021,3,"I had Professor Golub for CMSC434. The biggest weakness from the course is the lack of directions and the grading. A lot of the assignments that are given have very vague instructions, so it can be frustrating to see the feedback when you never knew that you were suppose to include something. However, the class is not really that difficult. The most important thing is making sure that you have a good group because a majority of your grade will rely on the assignments that you complete as a team. I would recommend to take this class in the same section as a few of your friends so that you will at least know who you are working with and that they will contribute equally.",0,0,1,0,0,0,0,0,"A lot of the assignments that are given have very vague instructions, so it can be frustrating to see the",The review indicates substantial homework or lab workload.
CMSC436_004,CMSC436,Adam Porter,2018,1,"Porter responds to few, if any questions asked on Piazza, and will often read off the slides instead of actually lecturing. TAs are nonexistent on the online forum as well; many will often cancel office hours last minute, screwing over people who have questions on course content. Porter will often release the slides a few days late after lecture as well; while you can read previous semester's slides to study, this is still annoying nonetheless. I was and am extremely disappointed in this class' organization and content. Based on the past reviews of this class and Porter, I was expecting a learning experience, not a power-point reading club.",0,0,0,0,0,0,0,0,,No clear workload signal.
CMSC451_043,CMSC451,Aravind Srinivasan,2023,4,"Very nice guy, always believes in his students. The class is more organized than 351, so it's easier in that way. It's also harder than 351 in that the homeworks are unbelievably difficult and time consuming, and the exams do not have anything to do with the homeworks (or even the practice exams). The 40% final exam is also scary. At least there is a massive curve. Definitely one of the harder CS classes, plan accordingly.",0,1,1,1,0,0,0,0,"unbelievably difficult and time consuming, and the exams do not have anything to do with the homeworks (or even the","The review indicates heavy or difficult exams, substantial homework or lab workload, and significant time commitment."
CMSC456_022,CMSC456,Justin Wyss-Gallifent,2022,5,"Unsurprisingly a great class. Nothing less expected from Justin. Pros: + Outstanding lectures + Reasonable homeworks and coding assignments + Fair exams + Good grade distribution - nothing is too heavily weighted + Responsive on Piazza + Helpful overview of materials, was an appropriate amount of breadth Cons (these are really meant to be constructive feedback): - There were some nontrivial mistakes on homeworks/notes/exams, which wasn't the end of the world, but did cost me time while taking the exam - Some of the Piazza responses could have been more civil Take a class with Justin if he's teaching it!",0,1,1,0,0,0,0,0,Reasonable homeworks and coding assignments + Fair exams + Good grade distribution - nothing is too heavily weighted + Responsive,The review indicates heavy or difficult exams and substantial homework or lab workload.
INST326_031,INST326,Aric Bills,2023,5,"I love this guy lol. Aric really does care about all his students developing Python skills and provides enough resources for everyone to leave the class able to program proficiently. He provides video lectures and practice to be watched and done from wed-sun so that on Monday you come in ready to use the lecture skills on an in-class exercise. I stress that everyone comes to class on Mondays as he gives practice points simply for being present in class and doing the exercise, if you don't finish the exercise you have until the start of class on Wednesday to submit. If you run into trouble he and his TAs have so many office hours available and they're all mostly online through Discord so you really have no excuse to not go to office hours to get help. I really wouldn't have done so well in his class if it weren't for office hour help sessions. Other tips for success: - For lecture vids, have your screen split half vid, half jupyter lab to take notes (highly recommend taking notes in jupyter lab as the graded practices are jupyter notebooks) - In class don't just sit and watch him go over concepts, take notes during this time. I recommend doing them in jupyter or on an ipad or physical pen and paper as his whiteboard doodles sometimes contain things like tables and little diagrams and generally you remember more by writing. Also his exams are pen and paper so the more you get used to writing code by hand the better you'll do on the exams. - Do his practice exam several times over and take his practice pages seriously!! His practices are quite similar to his actual exams, he never does things to purposely confuse you he is quite clear on what is going to appear on the exam. - Do all work ahead of time, especially homeworks!! Office hours are your best friend. - Try to scout out people you want to work on the final project ahead of time, (would recommend sitting closer to the front of the class and finding people who are always present in class and work hard) - Do his whiteboard activities, it's kinda embarrassing to go up and participate but the social anxiety-provoking aspect of it helps you remember better I swear.",0,1,1,0,0,0,0,0,Also his exams are pen and paper so the more you get used to writing code by hand the better,The review indicates heavy or difficult exams and substantial homework or lab workload.
MATH140_484,MATH140,Matthew Wilson,2025,5,"Professor Wilson is awesome! He is very patient, and loves to answer any and all questions you have. He is SOOO passionate about math and it is so evident he wants everyone to succeed. I went to office hours and they were very helpful and I definitely recommend going. In terms of content - he made it clear what was going to be on the tests. They were pretty similar to the practice exams he provided us. Homework could be annoying I am not a fan of web assign, but we expressed this to him and he's thinking of changing it for next semester. Overall, great professor and take him if you can!",0,1,1,0,0,0,0,0,They were pretty similar to the practice exams he provided us.,The review indicates heavy or difficult exams and substantial homework or lab workload.
MATH141_517,MATH141,Weimin Jiang,2025,5,"You can't really ask for much more out of a Calc 2 professor. He posts notes after every lecture and has weekly surveys so you can let him know what was going well and what wasn't. I could really tell that he cared about teaching and wanted the best for us. He is a very generous grader and probably makes Calc 2 the most ""enjoyable"" it can be at this school.",0,0,0,0,0,0,0,0,,No clear workload signal.
MATH240_344,MATH240,Archana Khurana,2025,5,"Dr. Khurana is an amazing professor. One of the hardest-working professors I've had. She holds 2-hour Zoom review sessions the day before each exam, going over problems on topics that the exam will cover. Lectures are also great. She makes complex topics very understandable based on what you already know. She also posts raw lecture notes on ELMS before each lecture, and posts the updated lecture notes shortly after lecture. This is really helpful for grasping the concepts before lecture and having a strong understanding after lecture. Genuinely cares for students' learning. Highly recommend.",0,1,0,0,0,0,0,0,"holds 2-hour Zoom review sessions the day before each exam, going over problems on topics that the exam will cover.",The review indicates heavy or difficult exams.
MATH241_503,MATH241,James Conway,2025,5,"Professor Conway is a great professor for MATH241! I really enjoyed his lectures and the content of MATH241. All his lectures are very easy to follow and if you have questions he always stops and takes time to answer them. His lectures are also recorded and notes are posted, so it is easy to go back and review materials. I would 100% recommend going to his office hours, he is able to answer more individual questions there, and every time I went, I felt like I understood the material much better. His quizzes and exams are all fairly written, with review from previous exams available to get a scope of the exam format. He makes sure we have been over the content that will appear on the exam.",0,1,1,0,0,0,0,0,"His quizzes and exams are all fairly written, with review from previous exams available to get a scope of the",The review indicates heavy or difficult exams and substantial homework or lab workload.
MATH246_338,MATH246,Margaret Doucette,2025,5,"This course was not made to be one that students struggle through. Professor Doucette made it as lenient as possible, and made it clear that she is willing to help whenever. The quizzes and tests are very straightforward, and there is plenty of material for preparing. My TA, Sanghoon, made discussion extremely helpful, as he would cover what we needed to know. Sanghoon prioritized our learning and made the weekly quizzes a good opportunity for that.",0,1,0,0,0,0,0,0,Sanghoon prioritized our learning and made the weekly quizzes a good opportunity for that.,The review indicates heavy or difficult exams.
MATH310_046,MATH310,Jose Rigoberto Enrique Zelada Cifuentes,2023,4,"Good professor. Lectures were pretty good for this class, although they did get confusing at times. Homeworks weren't bad at all and often saved the grade. Quizzes were somewhat hard, however, he did provide answers or the quiz questions ahead of time if the topic was particularly difficult. Exams were difficult to say the least. Make sure you study a lot and know your definitions! Overall, nice professor and does try to help the students as much as he can. Would take him for 310. The transition from computational math to 310 is hard, but just keep practicing and eventually things will come into place.",0,1,1,0,0,0,0,0,Exams were difficult to say the least.,The review indicates heavy or difficult exams and substantial homework or lab workload.
MATH401_080,MATH401,Raluca Rosca,2024,2,"Difficult to follow lecture; I would have preferred to read directly from the course notes. We did not finish all of the course's chapters. Finals are in a couple weeks, and I am still waiting on our midterm grade.",0,1,0,0,0,0,0,0,"Finals are in a couple weeks, and I am still waiting on our midterm grade.",The review indicates heavy or difficult exams.
MATH403_016,MATH403,Roohollah Ebrahimian,2019,3,"If you take this class with any other remotely difficult or time-consuming classes, you are doomed. He has homework due every class and weekly quizzes. As well, he will go very quickly through the material and if you take time to ask questions, he will just skip some material and say he will go back to it later (which he won’t). However, I believe I would have had a much better time in this class had it not been for the rest of my schedule also being rigorous. He is very friendly and tries his best to help everyone succeed, but only if you approach him. His grading is unforgiving but some of his policies help mitigate that (only if you do well enough in most of the course). Overall, a rough class that I wish I was more prepared for, but Ebrahimian is a good professor if you have too much time on your hands.",0,1,1,1,0,0,0,0,He has homework due every class and weekly quizzes.,"The review indicates heavy or difficult exams, substantial homework or lab workload, and significant time commitment."
MATH405_010,MATH405,Nathan Manning,2021,5,"Fantastic professor. You will need to be comfortable with abstractions should you decide to take his course because he is (surprise!) an abstract algebra researcher. Can be difficult to get an A but the grades themselves are fair and apt. Handled going online very well and uses ELMS/Gradescope in a good way. Based on the MATH240 students it sounds like he cares more about upper level classes than lower level ones, so it might be worth being careful about that, too.",0,0,0,0,0,0,0,0,,No clear workload signal.
MATH406_024,MATH406,Harry Tamvakis,2022,4,"Very straightforward and easy-to-understand lectures, but he gets angry at the American education system (he's Greek) sometimes and takes it out a little on you.",0,0,0,0,0,0,0,0,,No clear workload signal.
MATH410_090,MATH410,Huy Nguyen,2024,5,Love this guy. Funny and good explainer. Gave some interesting homework problems and made exams relatively low-stress. I highly recommend Huy!,0,1,1,0,0,0,0,0,Gave some interesting homework problems and made exams relatively low-stress.,The review indicates heavy or difficult exams and substantial homework or lab workload.
MATH411_021,MATH411,Kendall Williams,2020,5,"He is one of the best professors in math department. One reason is he follows every step, and make clear explanation to it. Another reason is he sticks to the purview of the textbook, so you will not meet anything unexpected in the assignment or exam. However the exam could be a little challenging and the amount of work is not light at all",0,1,1,0,0,0,0,0,"he sticks to the purview of the textbook, so you will not meet anything unexpected in the assignment or exam.",The review indicates heavy or difficult exams and substantial homework or lab workload.
PHYS121_040,PHYS121,Negar Heidarian Boroujeni,2022,5,"I didn't show up to a single lecture after the first week, except for exams. All exams are curved, lowest exam grade is dropped. All the problems are very reasonable for a class of this magnitude. Can't really speak to her lecturing abilities since I never went, but her slideshows have all the information that you need to do well in the class. Labs often come across as incredibly pointless, but put in the time and you'll get a decent grade on the lab reports.",0,1,1,0,0,0,0,0,"I didn't show up to a single lecture after the first week, except for exams.",The review indicates heavy or difficult exams and substantial homework or lab workload.
PHYS131_029,PHYS131,David Buehrle,2023,2,"Ok so I personally hate physics which is already a bit of a bias against Buehrle, but he really doesn't teach anything. The whole ""flipped class"" model is useless and you can't learn anything from it. Lectures are so abstract and conceptual that you can't do the math that's expected for the exams. The only reason that I have been doing well on exams is because I took AP Physics in high school but I was forced to take 131 because I'm a bio major. If you have little to no physics background you will do poorly on his exams, and that's why the averages are consistently 50% that have to be curved to 80%. I don't think it is hard to get a passing or even a good grade in thsi class but you will not learn enough physics for the MCAT from this class (I don't think this is specific to just Buehrle) so be ready to self-study physics if you're pre-med. Homework is mind-numbingly long, labs are hardly related to course material, and the worksheets you do for the first hour of lab don't even have answer keys for you to know if you're doing them right. Basically all I have to say is: you will not learn anything in this class but getting a good grade won't be that hard.",0,1,1,0,1,0,0,0,Lectures are so abstract and conceptual that you can't do the math that's expected for the exams.,"The review indicates heavy or difficult exams, substantial homework or lab workload, and required self-learning."
PHYS260_161,PHYS260,Michelle Girvan,2025,4,"The previous reviews for Girvan are honestly insane because she was a great professor. I took her for Fall 2024 and her lectures were well taught and informative. She prepared students well for exams and her examples in class were representative of the homework and exams. I just thought her homeworks were very hard but doable I guess, and she would sometimes miss student's questions in class.",0,1,1,0,0,0,0,1,She prepared students well for exams and her examples in class were representative of the homework and exams.,"The review indicates heavy or difficult exams, substantial homework or lab workload, and challenging but fair expectations."
PHYS270_050,PHYS270,Anson Hook,2024,3,"Lectures suck so bad. The homework is pretty good, though, and tests are miles easier than anything else.",0,0,1,0,0,0,0,0,"The homework is pretty good, though, and tests are miles easier than anything else.",The review indicates substantial homework or lab workload.
STAT100_197,STAT100,Clarke Safsten,2025,5,"Great professor. Most lectures came with a class activity/exit ticket. There were two midterms, one final. As long as you study and practice before the exams, you'll be alright. There were some extra credit opportunities, too.",0,1,0,0,0,0,0,0,"There were two midterms, one final.",The review indicates heavy or difficult exams.
STAT400_435,STAT400,Mengting Chao,2025,5,"One of the best TAs I've seen teaching. Took STAT400 over the summer taught by Mengting, not a hard class but concepts can be made too overcomplicated than needed but she explains most things very well. Very precise and put together class, one of the goats. Only nitpick is sometimes her accent makes certain words hard to understand and occasional errors while watching lectures/hw recordings confuses me, but she usually catches most of them in a few moments (we are only human after all). Solid teacher, better than most actual professors.",0,0,0,0,0,0,0,0,,No clear workload signal.
STAT401_044,STAT401,Mestiyage Gunatilleka,2023,5,"Literally my favorite professor at this school and I've taken two different classes with him. He's so smart and you can genuinely tell he cares and puts a lot of time into the course, but at the same time he's so accommodating of students. He literally could not be nicer. He also teaches super well and is happy to clarify any concepts!",0,0,0,0,0,0,0,0,,No clear workload signal.
STAT410_081,STAT410,Sana Jahedi,2024,3,"She is a very nice person and thinks from the perspective of students. But to be honest, she DOESN'T CARE much about stat410 students. For example, she often cancels office hours or forgets to give us practice questions for the exam. Moreover, we are just a small class of 30 or so people. Before the first midterm exam, she promised to give us an exercise on distribution, but she didn't upload it in the end. The first two quizzes were very simple, almost like lecture notes, but the difficulty of the quizzes in the following few times was very high. Some students in stat410 had participated in stat400, so the pressure was relatively small, but many people were also exposed to advanced statistics for the first time. The questions she gave were completely irrelevant to what she taught in class. And the quizzes account for 30% of your total score. If you mess up once, good luck. The homework is not particularly difficult, but sometimes she will provide us with some questions that she thinks are ""interesting"". I know that some questions are from Harvard University. However, because of the performance of most students in the second exam, she should give a good curve, and the final exam is similar to the practice exam. She also said that she doesn't want to put too much pressure on students. In general I don't think she is a bad teacher, but she really should change the content of the exams and quizzes. The questions you give should be closer to the lectures you give, instead of adding some so-called interesting questions.",0,1,1,0,0,0,0,0,"For example, she often cancels office hours or forgets to give us practice questions for the exam.",The review indicates heavy or difficult exams and substantial homework or lab workload.
STAT430_012,STAT430,Christine Nickel,2021,1,Worst teacher I have ever met in my college life. Arrogant and selfish. Please take Susan’s 430 if possible.,0,0,0,0,0,0,0,0,,No clear workload signal.
BSCI160_556,BSCI160,Chloe Garfinkel,2025,3,"All the past reviews? They stay in the past. Participation points? Dropping your lowest midterm grade? Not anymore. So don’t go in trusting old reviews (Spring 2025 was her first semester teaching, which is why she was SUPER lenient with grading back then). That being said, her exams are very conceptual, so make sure you truly understand the material rather than just memorizing it. Her recommended study methods include making concept maps and using ChatGPT to generate practice exams, since it can create questions similar to the ones she may ask. She does a really good job making new information more digestible, so I’d recommend going to her office hours if you feel like you’re falling behind. While it’s not impossible to get an A, it is quite difficult and requires extensive studying outside of class. Lastly, if I were to take this class again, I’d choose Garfinkel’s class again. The third exam was much more direct compared to the first two and was truly reflective of the difficulty expected in a 100-level course. She also mentioned in her office hours that she wouldn’t be including some of the math questions on the final exam. This shows how receptive she was to the feedback she received about improving the course.",0,1,0,0,0,1,0,0,Dropping your lowest midterm grade?,The review indicates heavy or difficult exams and harsh or unfair grading.
BSCI170_278,BSCI170,Cordelia Weiss,2025,3,"She makes the class pretty easy. Fair exams, lots of information on each slide, and its a chill lecture (and sometimes kinda funny). Only problem is that she just reads off of slides, and sometimes lectures are very disorganized. If you want a good grade in the class then take her, but I feel like Im not learning as in depth information as I should for my future bsci classes.",0,1,0,0,0,0,1,0,"Fair exams, lots of information on each slide, and its a chill lecture (and sometimes kinda funny).",The review indicates heavy or difficult exams and course disorganization.
BSCI171_046,BSCI171,Swarna Mohan,2024,1,"Horrible. Didn’t accommodate misunderstands and was not lenient. Rude and dismissive in emails. Luckily, TA was amazing. Only plus. Wouldn’t recommend",0,0,0,0,0,0,0,0,,No clear workload signal.
BSCI201_083,BSCI201,Maira Goytia,2025,5,"The absolute best teacher at UMD. Lectures are clear and straightforward, she fosters an engaging community during office hours, and exams are fair especially with the cheat sheet you are allowed to give. She is very approachable and humble when you ask her any questions, even when they are off topic. More professors need to adopt her attitude.",0,0,0,0,0,0,0,1,"an engaging community during office hours, and exams are fair especially with the cheat sheet you are allowed to give.",The review indicates challenging but fair expectations.
BSCI207_180,BSCI207,Karen Carleton,2025,5,"took this class last sem, and carleton is a great prof. her slideshows are very easy to read and get information from. she gives a decent amount of examples, but not too much. tests weren't bad and pretty easy to do good. the cheat sheet was helpful for studying but I barely used it on the actual test. some of the material from 207 is boring and not very applicable to life, but if you can get over that it's a chill and fun class. i'd highly recommend taking her",0,1,0,0,0,0,0,0,"she gives a decent amount of examples, but not too much.",The review indicates heavy or difficult exams.
BSCI222_230,BSCI222,David Straney,2025,5,"Dr. Straney made BSCI222 funnier, easier, and focused on application of concepts heavily. He is very easy to talk to and ask questions after lecture or in office hours. I always found his exams to be very fair. The 2nd and 3rd exam were definitely more difficult than the first. The other main difference with 222 (at least with Straney) is that this class is much more applied than 170 or 330. You will do a lot of practice of concepts in class, on homework problems, and in discussion, which makes memorizing the material much easier. Old exams are on canvas for practice, and there are plenty for each exam. He posts lectures on Panopto which is helpful, but this caused probably 75-80% of our large lecture to skip class by the last couple weeks of the semester. All of the non-exam and discussion assignments are pretty straightforward and easy; you might get a couple points off on some of them if you study and use the slides/in-class example problems (because some are meant to be challenge problems), but they are overall not too bad (most of the time, diligently doing the busywork in discussion will earn you 90-100%). Another con worth mentioning is that Straney often won't answer questions of people raising their hand if they're sitting further back in the lecture hall (at least in Bioresearch building lecture hall). This just means that you should sit in the front couple rows if you feel like you need your questions answered during class, but I don't know if this ignoring is accidental or intentional. Overall, he's an amazing professor and I would recommend taking him for BSCI222 if you have the option.",0,1,1,1,0,0,0,0,I always found his exams to be very fair.,"The review indicates heavy or difficult exams, substantial homework or lab workload, and significant time commitment."
BSCI223_059,BSCI223,Aiswarya Suriaprakash,2025,5,"so amazing. aiswarya is super engaging and applied lecture concepts into the lab. she also gives a brief overview of the lab protocols and certain lab skills (which is relevant for the exams) before the lab sessions. she also hosts and records review sessions before the exam, and generally super helpful. she also checks her emails frequently and is quick at responding. overall, she just wants you to succeed and she's super fun! i'm excited for her to become a professor in the future because any student who has her can consider themselves lucky.",0,1,1,0,0,0,0,0,brief overview of the lab protocols and certain lab skills (which is relevant for the exams) before the lab sessions.,The review indicates heavy or difficult exams and substantial homework or lab workload.
BSCI330_135,BSCI330,Kenneth Frauwirth,2024,3,"He was okay overall. I have a few peers who were very passionate about their dislike for the professor - mainly about his lateness - but honestly, I found that the class itself wasn't bad at all. The content is okay and the professor is fine, he's not the best but he definitely is not the worst. Cons: He nearly showed up to every single class late (though he did get better towards the end of the semester), and then would go over time. His lectures aren't extremely engaging, primarily because he sometimes went on a tangent over specific subjects and would reexplain the same thing over and over. Additionally, he would sometimes do the exact opposite and would go a little too quickly covering some topics. He also tends to be a bit of a slow grader and is slow to respond to makeups or emails (especially towards the end of the semester), though he always makes sure to respond at some point. Pros: Because he tends to be late and overexplains sometimes, he doesn't get through all the PowerPoint slides he has posted on Canvas by the end of the semester. That means there technically is ""less"" content on the final, since it is cumulative. He doesn't grade you on the content he didn't cover, so there is no need to study the PowerPoint he didn't lecture about. Additionally, he gives quite a bit of extra credit points, by adding additional tophat questions and adding an extra quiz. Also, I found that the content was not that difficult, especially since his questions on the exams were very straightforward. I also found the short answer and long essay questions fair. As long as you knew the material, you would do well on the exams, there were not that many confusing or tricky questions.",0,1,0,0,0,0,0,0,"That means there technically is ""less"" content on the final, since it is cumulative.",The review indicates heavy or difficult exams.
BSCI353_012,BSCI353,Melissa Caras,2021,4,"I have to go against the grain here and say that Dr. Caras has been a relatively normal teacher in my experience at UMD. This is an upper-level bio class, so I had high expectations with the workload and textbook dependency of this class. Her lectures aren't that bad, but IMO, what worked for me was doing the textbook in its entirety before viewing the lecture. The information is a lot, but it is doable and certainly not impossible. I had a lot of other obligations at home due to COVID and the stress of medical school applications and other upper-level classes. However, I still managed to (hopefully) squeeze out an A or A-, but you have to maximize how to study for this class because it is a lot of work and it is hard. She has been very receptive and kind to me when I ask her questions and such, so I don't think some of these reviews are entirely fair. Sure the COVID situation was pretty bad on her part, but she has not made the class impossible to pass. It may be more challenging than the other BSCI353 course, but I definitely had to readjust and refine my study habits to keep up with this rigorous class, so I do not regret taking this, even if I don't get the grade I want. Overall, her class was fairly standard in my experiences with upper-level bio classes. Usually, the upper-level bio classes I have taken never got curve, so I didn't feel cheated there either.",0,0,0,0,0,0,0,0,,No clear workload signal.
BSCI410_088,BSCI410,Louisa Wu,2024,2,"Nice professor; literally cannot teach, although there's extra credit it doesn't meamn you'll get a good grade",0,0,0,0,0,0,0,0,,No clear workload signal.
CHEM131_504,CHEM131,Samuel Lascio,2025,4,"Dr. Lascio is a very kind and approachable professor who responds to emails very quickly (for the most part) and is always willing to help students. His tests were relatively fair. He doesn't curve exams, only your final grade so its difficult to know how you're doing in the class. Overall, I recommend him.",0,1,0,0,0,0,0,0,"He doesn't curve exams, only your final grade so its difficult to know how you're doing in the class.",The review indicates heavy or difficult exams.
CHEM132_053,CHEM132,Christiana Guest,2024,1,"They don't teach you any of the math for the calculations in the lab report. The TAs do all the grading and take off way too many petty points. There wasn't always enough time to finish the labs, and the reflection quizzes you would fail if you got one wrong. The way labs are done needs some major revamping, especially for a Gen Ed that literally everyone is required to take. The TAs all have different preferences of approaching the problems, and they aren't the one grading so it is impossible to get good grades on the lab reports unless you go to the TAs office hours and literally fight for points.",0,0,1,0,0,0,0,0,They don't teach you any of the math for the calculations in the lab report.,The review indicates substantial homework or lab workload.
CHEM135_411,CHEM135,Sophia Brandon,2025,5,She is a really great TA and her annotated slides will really help you to understand the course content. She is always available to answer questions after class and will have a number of review sessions before the exam that are also really helpful. All together an awesome TA,0,1,1,0,0,0,0,0,answer questions after class and will have a number of review sessions before the exam that are also really helpful.,The review indicates heavy or difficult exams and substantial homework or lab workload.
CHEM231_403,CHEM231,Donald Hong,2025,1,"I think many of the positive reviews of Dr. Hong are of him as a TA, and much has changed in his first semester as a professor. He's teaching style is extremely disorganized, as it is impossible to keep up in class with how quietly he speaks and how quickly he writes. He tries to pack what would be a whole week of teaching in another professor's orgo class into one lecture and expects us to stay on pace with him. His worksheets are impossible to do but theyre completion, however his exams aren't much different so if you don't understand the worksheet you wont have much better luck on the exams. I think it is telling that his lecture had one of the lowest averages of all the orgo classes, with 48% on the most recent midterm exam. Its bizarre how these can be the averages on the exam yet he still has the worst curve of all the orgo classes, where you practically need a natural A to earn an A in the class. It was such a waste of time having to watch videos and teach this entire course to myself while other people I knew taking orgo had countless resources from their professors to thoroughly prepare them for exams. Save yourself the hassle of wasting time trying to decipher this guy's teaching in addition to committing yourself to an already extremely difficult class and take someone else.",0,1,1,0,0,0,1,0,"to do but theyre completion, however his exams aren't much different so if you don't understand the worksheet you wont","The review indicates heavy or difficult exams, substantial homework or lab workload, and course disorganization."
CHEM232_043,CHEM232,Monique Koppel,2025,1,"This lab is full of inconsistencies and very disorganized. Dr.Koppel is extremely hostile when you go to her for help. Like the other reviews have mentioned, we have post-lab questions that are ridiculous. For the post lab questions, she does not provide the TAs with a rubric or key in advance, so it is extremely difficult to get help from your TA when they do not even know what Dr.Koppel expects out of answers. This has resulted in numerous grading inconsistencies, where some weeks could get a 45/50 and the next week a 30/50. As someone in a Monday lab section (DO NOT TAKE A MONDAY LAB!), she always waits later in the week to post the post-lab questions, so I wouldn't have time to go to office hours to get help if she posted them on the weekend. When I asked her to post them earlier, she said ""Well that's your fault for picking a Monday lab."" Additionally, she does not post the prelab information until Sunday night or often Monday morning, which puts Monday lab students at a huge disadvantage. Extremely unprofessional behavior, and I would give this 0 stars if I could. Your success in this class heavily depends on how your harshly your TA grades. You definitely need to go to office hours to answer the worksheet questions. I had a great TA and he was the only reason this class made some sense.",0,0,1,0,0,0,1,0,This lab is full of inconsistencies and very disorganized.,The review indicates substantial homework or lab workload and course disorganization.
CHEM241_236,CHEM241,Lenea Stocker,2025,4,"I really liked stocker and compared to the other professors that taught orgo 2 this past semester, she was the most fair. Her curves are generous and her exams are very fair and are super similar to the format of the past exams she gives you for practice. she does go very fast paced with notes in class and the only thing that determines your grade are exams. But she will also give a lot of practice and homeworks with answer keys. Honestly, as long as you review the material after each class, not cram and attend discussion you should be fine. I was most scared for this class and it ended up being my favorite so just make sure to put in the work and you are good!",0,1,1,0,0,0,0,1,Her curves are generous and her exams are very fair and are super similar to the format of the past,"The review indicates heavy or difficult exams, substantial homework or lab workload, and challenging but fair expectations."
CHEM271_207,CHEM271,Jason Kahn,2025,1,Absolutely horrible his final exam dropped me from an A- to a C+ half of the material on his final was not taught,0,1,0,0,0,0,0,0,Absolutely horrible his final exam dropped me from an A- to a C+ half of the material on his final,The review indicates heavy or difficult exams.
CHEM272_020,CHEM272,Amanda Schech,2021,5,"Cannot say enough good things about Dr. Schech. She's a great lecturer, extremely organized, grades fairly, and is super nice! I took her for both gen chem labs and feel like I understood her material better than the actual lecture material.",0,0,1,0,0,0,0,0,I took her for both gen chem labs and feel like I understood her material better than the actual lecture,The review indicates substantial homework or lab workload.
CMSC131_393,CMSC131,Ilchul Yoon,2025,1,"To add to my last review of him, he also made a coding project that is due during finals week. Like yeah that's not the worst thing ever for a teacher but considering every other aspect about how bad he is the programming assignment is just the cherry on top for why you should avoid his class.",0,1,1,0,0,0,0,0,"To add to my last review of him, he also made a coding project that is due during finals week.",The review indicates heavy or difficult exams and substantial homework or lab workload.
CMSC132_449,CMSC132,Pedram Sadeghian,2025,2,"Curve used for final grading seemed to only benefit a small majority of the class. It also didn't help that this semester, he was re-arranging the entire curriculum, meaning past practice exams weren't all that helpful.",0,1,0,0,0,0,0,0,Curve used for final grading seemed to only benefit a small majority of the class.,The review indicates heavy or difficult exams.
CMSC216_415,CMSC216,Ilchul Yoon,2025,2,"Professor Yoon is a laid-back guy, but not the best teacher. He tends to go off on long tangents that don't add much value and mostly teaches directly from the slides, which can feel pretty slow and unengaging. The practice exams and projects he provides don’t really align with the actual tests, which can be frustrating. On the bright side, the test averages are usually in the 60s, so there’s a generous curve. I ended with a 74% and got a B so if that's the kind of thing you're into this is the guy for you.",0,1,0,0,0,0,0,0,"The practice exams and projects he provides don’t really align with the actual tests, which can be frustrating.",The review indicates heavy or difficult exams.
CMSC250_466,CMSC250,Maksym Morawski,2025,4,"He's a pretty good lecturer if you can stay with him through a few mistakes and quirks here and there. Material is really not that hard and exam questions are tough but usually pretty straightforward. Also gives out extra credit for taking notes and asking good questions. Biggest gripe everyone has is that he and the class are very disorganized which I get but personally haven't experienced so I can't really speak on it. Also homeworks are graded for accuracy and make up 40% of your grade which can get annoying. Overall, you'll learn the material well and have a memorable professor who's relatively young and has experience in big tech.",0,0,1,0,0,0,1,0,Also homeworks are graded for accuracy and make up 40% of your grade which can get annoying.,The review indicates substantial homework or lab workload and course disorganization.
CMSC320_181,CMSC320,Maksym Morawski,2025,2,"He's not bad, his lectures are sometimes interesting or hella boring. Some reviews say he's arrogant and condescending, but I didn't feel that. He's just so lazy. On the first day of class, his syllabus on the homepage added up to 97%. Then he had a slideshow where two back-to-back slides had 2 different syllabi, one adding up to over 100% and one to 100%. His homework is put together lazily, the instructions are minimal, and there are mistakes like a link saying ""SQL"" leading to Pandas and a ""Pandas"" link leading to ""SQL"". He is not active on Piazza, and neither are his TAs, except for every week to announce that he's throwing up and office hours are cancelled. The first two exams weren't hard and the third one was hard. The harder the exam, the higher the grade, because any BS answer is marked as correct. Also, Exam 3 was not graded before the final. The final was not bad either, I struggled on the coding parts though, since they were a little tricky. The practice exams are kind of useless, like we were only given answers to half of the practice exams, and the answers are useless. I question like ""name 3..."" has the answer of ""any 3 is fine"", and some of the answers are like ""take points off if they did xyz"" instead of answering. The homework is kinda fun, sort of. You get hella extra credit, so all the averages were above 100,% and there is hella extra credit outside of the homework. This class is literally just a free A.",0,1,1,0,0,0,0,0,The first two exams weren't hard and the third one was hard.,The review indicates heavy or difficult exams and substantial homework or lab workload.
CMSC330_222,CMSC330,Cliff Bakalian,2024,2,"Lectures are terrible, but I highly recommend attending Anwar's lectures. The material covered in class is often straightforward, but he tends to overcomplicate it and deliver ineffective lectures. When he taught a concept like ""NFA to DFA,"" I realized I wouldn’t be attending his lectures anymore. The TAs, on the other hand, do a much better job explaining topics. They use a table-based approach for concepts like NFA to DFA, making it simple to understand. Unfortunately, Cliff skips such practical explanations and complicates the material unnecessarily. While it might seem easy to grasp once you already understand the topic, he doesn’t adequately cover the basics, which is crucial for students learning it for the first time. The 330 projects were often quite challenging, but I understood their importance since it’s a project-based class, and I was okay with that. However, if you're trying to learn effectively, I strongly advise avoiding Cliff and opting for Anwar instead. They also offered a 2% grade boost if you completed the course evaluation and attended at least eight discussions, which was a nice. Additionally, my discussion section leader was extremely helpful. They covered critical topics that were essential for quizzes and midterms, so I recommend attending those sessions. Some of the coding questions from previous finals were ridiculously difficult, almost as challenging as the projects. However, in Fall 2024, we got lucky, as the difficulty seemed more reasonable.",0,1,0,0,0,0,0,0,"They covered critical topics that were essential for quizzes and midterms, so I recommend attending those sessions.",The review indicates heavy or difficult exams.
CMSC351_308,CMSC351,Herve Franceschi,2025,1,"Tl;DR: I would not recommend taking Herve for 351 Pros: - He's a nice guy. I went to his office hours after exam 2, and we went through my exam together, going through the things I did correctly and incorrectly. - He's very coding and programming focused, so if that's your thing, you're in luck. - Our semester, he co taught with Justin and Ting, so the homeworks and the quizzes were fine. - It was a common final Cons: - He just can't teach well. He talks a lot, but it's hard to piece together what he says in a way that logically makes sense. You have to be giving 100% brainpower to try and understand what he's saying. It's not that he has a strong accent, it's that he explains things in a very convoluted way. - Compared to Justin's lectures, Herve's lectures feel like they have no organization or flow. He kinda just jumps right into a topic without really prefacing it. He just starts talking and kinda prays that we understand it. - A lot of his slideshows have transitions, but that means that as standalone slideshows for review, a lot of them will just have random lines or blocks all over the place, and this makes the slideshows unreadable if you're studying on your own. - The biggest con of the class was his exams. As another review mentioned, our first exam averages hovered around Justin's and Ting's averages at an 85, but his exam 2 and exam 3 averages were significantly lower than Justin's and Ting's averages.",0,1,0,0,0,0,0,0,"I went to his office hours after exam 2, and we went through my exam together, going through the things",The review indicates heavy or difficult exams.
CMSC411_010,CMSC411,Michelle Hugue,2020,4,"Pros: * prof answers questions on piazza * prof provides good practice problems * easy to get an A in the class (or at least very difficult to fail) because there's five different grading methods (your final grade in the class is max of all five possible final grades) and you will get at least one point for each question that is answered on an exam (ie you can only get a zero for a question if you leave it completely blank). * class is curved Con: * in lieu of lectures, the prof provides several links to mostly relevant material so this course is purely self-taught",0,0,0,0,0,0,0,0,,No clear workload signal.
CMSC414_047,CMSC414,Michael Marsh,2023,3,"Used the flipped classroom model with every assignment due at the end of the semester. Personally wasn't a big fan of this. If you do take the class, take it with one or two of your friends so you can do work with them and stay up to date. Also don't wait to start projects or challenge problems. TAs were very helpful for projects. You definitely don't learn as much as you would with a normal class, but you still learn a decent amount nonetheless. Also its an extremely low-stress class due to there not being any exams which is nice.",0,1,1,0,0,0,0,0,Also its an extremely low-stress class due to there not being any exams which is nice.,The review indicates heavy or difficult exams and substantial homework or lab workload.
CMSC417_019,CMSC417,Samrat Bhattacharjee,2021,3,"Taking 417 with Bobby is the Dark Souls of CMSC You know what you're getting into if you take this course Bobby is a great lecturer, the only thing I think he could improve on is recording his lectures so that you can go back to watch them later. The programming projects are intense and will consume all your time. I agree with Bobby's methodologies for choosing C over other languages for the projects. I wish that we had fewer projects and more time to work on them, as they would often be a matter of ""write until time is over"" instead of ""write until your project is working/complete"". I think I would have learned more if I had the time to actually focus on getting some of the implementations working instead of having to move onto the next project.",0,0,0,0,0,0,0,0,,No clear workload signal.
CMSC420_161,CMSC420,Narayanaswamy Narayanaswamy,2024,3,"Challenging class that is pretty heavy on analysis (most similar to Kruskal's 351). Exams were pretty hard (mainly because it felt like we did not have enough time on them), but homeworks and programming assignments were fair and pretty doable. Lectures can be a mixed bag because of disorganized some of the earlier lecture slides were, but he records almost every class so if you are ever confused you can always go and rewatch them. TAs didn't hold office hours until half-way through the semester, and even then they maybe had them once a week, however the Prof Swamy had them almost every weekday. Also, grade cutoffs were just announced and an A+ was an 88%.",0,1,1,0,0,0,1,0,"Exams were pretty hard (mainly because it felt like we did not have enough time on them), but homeworks and","The review indicates heavy or difficult exams, substantial homework or lab workload, and course disorganization."
CMSC421_042,CMSC421,Tianyi Zhou,2023,1,"He changed the entire course curriculum from the previous semester. TAs were no help with the assignments on Piazza and gave contradictory advice. The first project wasn't released until the day after course lock in, so we were stuck in the class. He also made the first and only exam AFTER the withdrawal period. He never responded to any of my emails, and was extremely unhelpful with addressing ADS accommodations. He also required attendance which I believe is against the CS department policy, so he changed it to an attendance sheet + daily lecture quiz after finding out it was against policy. Overall horrible experience. Learned nothing going into lecture each day and now I'm scrambling to figure out how to graduate on time.",0,1,1,0,0,0,1,0,He also made the first and only exam AFTER the withdrawal period.,"The review indicates heavy or difficult exams, substantial homework or lab workload, and course disorganization."
CMSC422_012,CMSC422,David Jacobs,2021,1,"I don't usually do reviews, but I really wish someone would have warned me about this class before I took it. It is quite possibly one of the worst taught classes I have ever taken at UMD, mostly because of how its run. 1. Class Structure - This class is the most disorganized class in the CS department. Jacobs and Duraiswami co-teach, so even if you are in Jacobs's section you'll still have to deal with lectures from Duraiswami (and vice versa if you're in the other section). For some reason the professors thought it was okay to essentially add another ""period"" of mandatory content. We had in-person lecture on Tuesday, and Thursdays were reserved for ""discussion"" where we would do actual practice problems instead of theory. However, before the next week's Tuesday lecture, you were expected to watch the recorded lecture from the other section. So basically, even though you only registered for two 1 hr 15 min periods, you effectively had to complete 3 to make the most out of the class. Another issue is that none of the resources are centralized. They post the jamboard from lecture in the resources section of piazza, but discussion problems and jamboards are lost within the sea of piazza questions. Some of them were missing, and in general it was extremely difficult to access the content in a systematic way. 2. Content - I ended up self teaching a lot of the content in this class. During lectures, both professors tended to ramble and never really seemed to hit the point. Rather than using structured slides, they taught freely while writing things on a Google Jamboard (essentially a virtual whiteboard). This is fine if you know exactly what you want to talk about, but unfortunately Jacobs had a tendency to make a lot of mistakes and get confused while teaching. I never retained anything from lecture until I googled things on my own to learn them. I also felt like the general flow of topics could have been a little better. 3. Responsiveness & Grading- This class had one of the worst Piazza response rates. There were times where I would have questions that went over 4 days unanswered. This was especially problematic when a project was due the same week. A lot of times responses were also not that helpful. For example, I remember someone asked for clarification on one of the questions from the final review, and a professor responded with ""I don't see what's unclear with this solution,"" and then did not respond to the student's followup. The grading in the class was also extremely slow. Problem sets and quizzes from the middle of october were only graded in the last couple weeks of the semester. Solutions were not released until the last week either, which made it very difficult to study or even know where you stand in the class before the withdraw deadline. I understand that grading of written problem sets takes time, but in general it felt like there was no communication between instructors and TAs. Overall I was extremely disappointed with the class, especially given that I love machine learning. Some pros are that the professors were nice and generally approachable. There was also a decent curve at the end which helped boost a lot of grades. I'm sure both Jacobs and Duraiswami are smart people, but I think they did a pretty bad job teaching. I would take 422 with different professors if you can.",0,1,1,0,1,0,1,0,"For example, I remember someone asked for clarification on one of the questions from the final review, and a professor","The review indicates heavy or difficult exams, substantial homework or lab workload, required self-learning, and course disorganization."
CMSC424_058,CMSC424,Herve Franceschi,2024,5,"He's such a kind and understanding professor with the ability to teach well. The only negative remarks I would give about Herve is that lectures can sometimes be a tad boring and occasionally there are errors on the homework. Besides that, I thoroughly enjoyed taking 424 with him, and I definitely learned a lot. In particular, I appreciated how well he structured the course in order to balance both *practical* and *academic* topics. I'm glad that not only did we focus on the internal workings of db's in B+ trees, etc., but we also learned a lot about relevant technologies in the industry and how to use them such as MongoDB, php, et cetera. Would 100% recommend 424 with Herve, no doubt about it.",0,0,1,0,0,0,0,0,give about Herve is that lectures can sometimes be a tad boring and occasionally there are errors on the homework.,The review indicates substantial homework or lab workload.
CMSC426_024,CMSC426,John Aloimonos,2023,1,"Terrible course which is unfortunate since it could be an amazing course offered by UMD. TAs aren't helpful, lecture material is irrelevant for projects, projects take about 40-60 hours to somewhat complete. Professor thinks repeatedly showing formulas on a board for 15 seconds with 8 variables, 4 matrices, 3 coordinate systems, and a picture of a pinhole camera is how students learn. This class has been the biggest regret of my UMD CS track and I am an above average student (not that it really matters much).",0,0,0,0,0,0,0,0,,No clear workload signal.
CMSC430_007,CMSC430,Jose Calderon,2020,5,"honestly the coolest dude i've ever met, really knows his stuff and is super laid back. incredibly accommodating for the whole distance learning thing, too.",0,0,0,0,0,0,0,0,,No clear workload signal.
CMSC434_008,CMSC434,Evan Golub,2020,3,"The course is fairly interesting, simple, and mostly theory/definition based. Golub is very engaged in the course and answers questions quickly but his assignment descriptions are vague and because of that, he grades harshly if he feels like a group/student did not follow what he wants (even though it wasn't really specified in the description.) If you go over the Panopto lectures (which are divided into small video sections) and work well as a team, you should be fine. Ask Golub questions if you are doubting anything because of his description vagueness.",0,0,0,0,0,1,0,0,"are vague and because of that, he grades harshly if he feels like a group/student did not follow what he",The review indicates harsh or unfair grading.
CMSC436_003,CMSC436,Adam Porter,2018,1,"Totally ineffective as a lecturer. He reads from the slides that are literally just text and bullet points. Lecturers are not engaging, and because the emulator on android studio is laggy and takes forever, he cannot demonstrate how apps work but instead shows you the code in fragments on his slide which are of no help. His labs are relatively easy because they are ""fill in the blank"" style. These weekly labs were slightly annoying because they did not offer anything substantial to teach you. You could easily look up how to do something on stack overflow and it was normally a one liner. But I guess it is harder to make normal cs projects that involve making an application on android from scratch so personally I do not know what other alternative there could be. Now about the big group project: I feel this was managed horribly. The teams were not assigned until after the first midterm in mid October along with the potential project ideas to pick from if you didn't have an original one of your own. This left students 6 weeks to build an android application from scratch, while balancing weekly labs and other coursework. 6 weeks was not an adequate time frame to do a group project. You are normally a team of 6 people but thats still hard to manage during the roughest part of the semester. When it came to the midterm, students felt they got steam rolled. It was all short answer with a few true/false mixed in. the average was around a 64%. Fortunately the labs and the group project will weigh more than exams in the long run. Several students who took the midterm felt railroaded but that is partially due to Porters ineffective teaching. I learned the most about android dev doing my own outside research on youtube and stack overflow and most importantly during the group project. That is where the real learning starts. I understand this class will be switching over to iOS development for handhelds but whether or not that is a permanent thing or if it will alternate from fall to spring semester from android to iOS i am not sure. If Porter is teaching 436 again don't worry. The class is not too hard and its pretty manageable to get a high passing grade. Just don't expect much from Porter. Or his incompetent TA's that never show up to office hours. In fact, it felt like both instructor and TAs just didn't give a damn this semester...",0,1,1,0,0,0,0,0,were not assigned until after the first midterm in mid October along with the potential project ideas to pick from,The review indicates heavy or difficult exams and substantial homework or lab workload.
CMSC451_042,CMSC451,Laxman Dhulipala,2022,5,"Had the other section, but I watched his lecture videos instead. Beast. Never left me hanging on Piazza. As far as the class goes, the homeworks made me want to cry. The dynamic programming homework was so hard for me that I started to resent the course.",0,0,1,0,0,0,0,0,"As far as the class goes, the homeworks made me want to cry.",The review indicates substantial homework or lab workload.
CMSC456_021,CMSC456,William Gasarch,2021,5,"This was probably the easiest class I've ever taken. I literally only ever lost 10 points on one homework assignment all year; it is so easy to do super well in this class that I'm not even sure how you review it. I never went to lecture, so I'm not sure how much ill retain if anything, but got an easy A so take that as you may.",0,0,0,0,0,0,0,0,,No clear workload signal.
INST326_030,INST326,Matthew Patrick,2023,2,If you are great at Python you should be fine in his class. If you are bad or mediocre at python he won't do you any favors. Choose Aric Bills.,0,0,0,0,0,0,0,0,,No clear workload signal.
MATH140_481,MATH140,Mirna Pinsky,2025,1,"Not a great professor, but I was forced to take her because I was a Freshman Connection student and had no choice, as it was the only class available. However, if you end up like me and have to take her here's my advice: I had previous Calculus knowledge, which helped a lot if this is your first time taking Calculus, be prepared to do a lot of out-of-class studying, you won't learn anything from her. Use youtubers like OCT that helped me and many others. Go to the discussions because there are quizzes there that are graded I missed one and if you miss it you get a 0. (TA's are slightly better but still bad). We literally got a free redo on the first exam because the average was a 30?? Only happened once and I think the average got higher not because it was getting easier but further along half the class dropped. The more self studying the better you will be.",0,1,1,0,0,0,0,0,We literally got a free redo on the first exam because the average was a 30??,The review indicates heavy or difficult exams and substantial homework or lab workload.
MATH141_516,MATH141,Foivos Chnaras,2025,5,I have no words. It brings tears to my eyes that people like him still exist. He revived my passion for Math. He truly wants you to do well. TAKE HIM,0,0,0,0,0,0,0,0,,No clear workload signal.
MATH240_342,MATH240,Archana Khurana,2025,2,"prof. khurana was an incredibly nice person in my (few) 1-1 interactions, but in general i came out of her class not feeling i gained much from her lectures (having most of it saved by my TA) pros: uploads lecture notes lots of practice exams available solid weekly quizzes that tested my understanding of current topics, but w/o atrbitary/'gotcha' questions crafted solely to trip up students textbook used (linear algebra and its applications by lay) was really well-written, and was a much better use of my time than attending lecture cons: lectures were formatted as follows: ~15 minutes of standing at the front of lecture hall, verbally reciting what had been covered previously (w/o any visual cues or worked examples to apply to - literally just her talking), followed by reading out of textbook/working textbook problem on her ipad w/o any real attempt to develop intuition (p much j ""see how i did that? that's how you solve these types of problems""), which was projected onto a screen. would frequently ask vague/rhetorical questions, pausing lecture until somebody answered very easy exams, to the point it felt that she was teaching to a 'lowest common demoninator' rather than giving any sort of challenge (ie the whiny kids in lecture asking ""will this be on the exam???"" ""do we really need to know this?"" ""that's too hard!"" ad nauseam) (looking at you cs majors) questions in lecture were often misunderstood or given unsatisfactory/vague answers (""because!"") if you end up taking her, my recommendation would be to skip lecture, skim through notes to get an idea of what might be on upcoming assessments, and j read the textbook - everything you need is right there, in an easy-to-understand format",0,1,1,0,0,0,0,0,"pros: uploads lecture notes lots of practice exams available solid weekly quizzes that tested my understanding of current topics, but",The review indicates heavy or difficult exams and substantial homework or lab workload.
MATH241_502,MATH241,Junyan Zhao,2025,1,"I thought he was going to be a better teacher based on all the previous reviews, but he really isn’t. He writes all the class notes on the chalkboard, and half the time you can’t even understand his handwriting. His notes also come word for word from the textbook, and he doesn’t know how to explain math concepts. His lectures are boring, and I feel like he doesn’t really know the content he is teaching. His exams are somewhat fair. There is always one question that is based on content you learn after the exam, but all the other questions are not meant to trick you. The only thing I didn’t like about this course is that exams are worth 90% of your total grade, and the other 10% is quizzes. Therefore, your entire grade is based on assessments, which is really annoying. With the final being worth 40% of your grade, there is no safety in this course, and this year the final was extremely hard, and Zhao did not prepare you for it whatsoever. If you think you are good at math (like me), you are mistaken. Zhao will make this course harder than it already is. Try taking any other teacher before you take him.",0,1,0,0,0,0,0,0,His exams are somewhat fair.,The review indicates heavy or difficult exams.
MATH246_337,MATH246,Margaret Doucette,2025,4,"Since this was MATH246, taking her felt fine - her lectures were sometimes improperly paced or didn't cover required material, and were sometimes difficult to follow - she still seems pretty new to lecturing. However, she gave many online resources, including alternative notes and additional review materials, which made the class content easy to catch up on. Halfway through the semester she changed the format of her lectures for the better, so she might be even better next semester.",0,0,0,0,0,0,0,0,,No clear workload signal.
MATH310_045,MATH310,Kathryn Truman,2023,5,"One of my favorite professors of all time. You must go to office hours if you need help because there is no TA, but Prof Truman is so sweet, approachable, and funny. She makes the content as easy as possible, and if you genuinely try she will genuinely help. Definitely start homework well in advance, all of the exam questions come from homework, group work, or lecture/quiz questions, so it exams are pretty fair. If you are not afraid of hard work, the class will go well. As for Professor Truman, she is a really nice person and a caring professor.",0,1,1,0,0,0,0,0,"homework well in advance, all of the exam questions come from homework, group work, or lecture/quiz questions, so it exams",The review indicates heavy or difficult exams and substantial homework or lab workload.
MATH401_079,MATH401,Jose Rigoberto Enrique Zelada Cifuentes,2024,2,"Studying MATH401 with Professor Rigoberto had its ups and downs. Rigoberto knows his stuff, but explaining it can be tough. His lectures often left me confused, but luckily, I found help in Justin's notes and online videos. One good thing about the class was no regular homework, but the group work sessions felt like busywork. The exams were tricky. They focused a lot on theory and proofs, even though the class is supposed to be about practical applications. Rigoberto did cover some of it in class, but it wasn't enough, and most people got low scores. Overall, MATH401 with Rigoberto was okay. He's smart, but his teaching could be better, and the exams were tough.",0,1,1,1,0,0,0,0,The exams were tricky.,"The review indicates heavy or difficult exams, substantial homework or lab workload, and significant time commitment."
MATH403_015,MATH403,Nathan Manning,2019,5,"Tough as nails but he knows the material inside and out. Obviously passionate about algebra. Proofs are well motivated and he is very good at understanding questions you may have during lecture. Many times after class ended, he would stick around to give advice on both hard and soft problems that arise in the math major. Would highly recommend.",0,0,0,0,0,0,0,0,,No clear workload signal.
MATH405_009,MATH405,Allan Yashinski,2020,4,Dr. Yashinski is a very good professor at upper-level math courses. You learn a lot in his lectures.,0,0,0,0,0,0,0,0,,No clear workload signal.
MATH406_023,MATH406,Antoine Mellet,2021,4,"He is a good professor and this class isn't too hard if you have prior experience with proofs. However, Mellet's accent can sometimes make it hard to understand what he is saying as he talks quickly and mumbles sometimes. Luckily, he follows the textbook to a T so if you miss something, it's in the textbook. He uses the same examples and everything. He also goes pretty quickly in class in general, so you have to be a quick notetaker-- he starts wiping down the board the second he is done a proof or example. There also was a small curve at the end-- I walked into the exam with an 84 and ended up with an A- in the class, and it was not possible for me to get an A- even if I got 100% on the final. I definitely would have done better in this class if I had studied overall more. He has no quizzes, only weekly homework, 2 tests, and a final. So if you're like me and you do homework in 1-2 days, you may struggle a bit to catch up when it's time for exams.",0,1,1,0,0,0,0,0,He uses the same examples and everything.,The review indicates heavy or difficult exams and substantial homework or lab workload.
MATH410_089,MATH410,Terence Long,2024,4,"It is a difficult course, but considering the class is Math410, it isn't unreasonable. Homeworks are reasonable, relevant, and only graded for completion and effort. Exams are challenging, but again, it's Math410, so they are supposed to be hard, and given this, they are reasonable. Also, they weren't time-sensitive, so you could take your time which was nice. He's a nice guy and a solid professor. Answers all questions. I think my section also got bailed out because we had a really easy grader for midterms, but Terence graded the final and he didn't grade it unfairly. Also, there was a nice curve at the end of the class that bumped me up a letter grade. Would recommend it.",0,1,1,0,0,0,0,0,"Exams are challenging, but again, it's Math410, so they are supposed to be hard, and given this, they are reasonable.",The review indicates heavy or difficult exams and substantial homework or lab workload.
MATH411_018,MATH411,Leonid Koralov,2020,5,"Koralov is nice and is always available to answer questions. He'll try to go deeper into the material and make sure you really understand the course. His exams are fair, and although he grades them a bit tough, he will curve the class to make up for it.",0,1,1,0,0,0,0,1,"His exams are fair, and although he grades them a bit tough, he will curve the class to make up","The review indicates heavy or difficult exams, substantial homework or lab workload, and challenging but fair expectations."
PHYS121_039,PHYS121,Negar Heidarian Boroujeni,2022,5,"I took her 121 last semester and now am working on her 122. She is a great professor even though she just started teaching at UMD since 2018 I got A+ for 121 and it's near the final of Spring2022, I'm also expecting an A+ for 122 The advantage of her course is that her lecture is clear and you can feel that she really wants you to understand. She gave two extra problems that account for 20 extra points for each exam(and these problems are not difficult, I can say that it's totally the same level as the other free-respond questions). Besides, she has three midterms and she drops the lowest one, you can see that she gives you chances to make mistakes. She sometimes curves the grade if she thinks the average is below her expectation(usually around 80) but there's no guarantee. You can ask questions on piazza or just directly email her/send a message on elms, she usually responds very soon. She also provides enough materials for you to review before each exam. The disadvantage is that they didn't grade exams very fast, usually takes 2 weeks or 3 three weeks. But on this point, I didn't care at all. Nevertheless, she will never curve/change your grade(for example if you are like 0.1 point below and get a B+ not an A-) on a personal basis because she already gives you chances to earn extra points at exams.",0,1,0,0,0,0,0,0,"A+ for 121 and it's near the final of Spring2022, I'm also expecting an A+ for 122 The advantage of",The review indicates heavy or difficult exams.
PHYS131_028,PHYS131,David Buehrle,2023,3,"Can't learn anything in this class. Teaches kinda abstract but then tests are long, only 50min, and very hard. Luckily he drops a test and 60% of points is from lab/HW/participation. Huuuuuuge curve is only reason why I'll get a B+ (maybe a B if I fail this final). I'm pre-med bio major so I was required to take it. Get your credits and move on.",0,1,1,0,0,0,0,0,Huuuuuuge curve is only reason why I'll get a B+ (maybe a B if I fail this final).,The review indicates heavy or difficult exams and substantial homework or lab workload.
PHYS260_160,PHYS260,Hailu Gebremariam,2025,2,"Take Professor Heiderian's class. She has a rating of 4.43, and she is an excellent professor. She is super accomodating and makes this challenging easier to understand. I agree that the finals were terrible, however, most of her questions ended up being the one's that helped increase, rather than decrease our grades. Hailu is ok, since many of us wanted to skip lecture. Also, alot of content was not even covered on time for the final, so keep that in mind.",0,1,0,0,0,0,0,0,"I agree that the finals were terrible, however, most of her questions ended up being the one's that helped increase,",The review indicates heavy or difficult exams.
PHYS270_049,PHYS270,Hailu Gebremariam,2024,2,"[Taken Spring 2024] I do not like Hailu Gebremarium. His lectures are psychological torture if you attempt to pay attention, as the man has the voice and cadence perfectly crafted to induce a deep, restful slumber. In conjunction with the incredibly boring, perplexingly convoluted (mainly referring to diffraction and quantum mechanics here), and ridiculously impractical material, his lectures diminish your will to follow along and take notes (if you care to do so only bother copying the example problems- the theory does not help). It will feel manageable at first, but that hour and fifteen minutes is an eternity and will chip away at your mental fortitude. You will likely give up taking notes or even showing up at some point and this is understandable if not the norm. As far as the exams go, from my experience all except the first one resulted in an absolute dumpster fire of an experience (ESPECIALLY the final). Assuming the course remains the same, you will be given zero practice material prior and will have to cram as many homework problems and lecture examples as possible to give yourself a fighting chance. You are also encouraged to practice using former quiz problems, but they are of no service as they are insultingly easy. Like I alluded to previously, aside from the first exam, which included especially easy material, you will be racing against the clock to conjure up any semblance of work (in an attempt to garner partial credit) that you can conceive of. What makes the exams terrible is the time limitation (in a cruel twist of fate you are given an hour to complete said exams despite having to sit through hour and fifteen minute lectures) and the fact that Hailu commonly attempts to insert questions that are either unnecessarily difficult variations that you have not seen before or are simple but require incredibly niche equations that exist outside your knowledge (since they are never emphasized anywhere and are thus easy to neglect on a formula sheet). Another thing about the exams that I hated was the very strict grading. Partial credit was handed out incredibly sparingly and you could even lose points for not including units on intermediate answers! The final was the cherry on top. Hailu showed up at the last minute and looked incredibly ticked off for no reason at all before giving us the holy grail of horrible final exams. Every problem was a hard variation of what we had learned and everybody ended up BS'ing the entire thing, especially the quantum mechanics which I don't think a single soul figured out. The only saving grace of this class is that there is enough of a curve so that if you are close to the average on each exam you will succeed no matter how bad things are. I would also like to add that my review has been undoubtedly influenced by the fact that I had this man for two semesters in a row and thus had to deal with him for an entire year, but I'm sure you will find enough commonalities between my review and others to validate what I am saying. Avoid him if possible. Having him is not the end of the world but you will be absolutely sick of him by the end.",0,1,1,0,0,1,0,0,"In conjunction with the incredibly boring, perplexingly convoluted (mainly referring to diffraction and quantum mechanics here), and ridiculously impractical material,","The review indicates heavy or difficult exams, substantial homework or lab workload, and harsh or unfair grading."
STAT100_196,STAT100,Matthew Griffin,2025,1,"The course is the same material as your high school AP Stats. The problem is with Professor Griffin, he has every problem in the book. Egocentric, self-centered, bossy, rude, and a control freak. He doesn't allow hats in his 300+ person lectures. Attendance is mandatory every day. I watched him yell at students for laughing at how ridiculous he acts. The asshole middle school teacher somehow got a college professor position and doesn't deserve it. A fish could teach the course curriculum. Get any other professor if possible.",0,0,0,0,0,0,0,0,,No clear workload signal.
STAT400_434,STAT400,Jonathan Fernandes,2025,5,"I really enjoyed this class! The coursework wasn't necessarily conceptually challenging, but there is a volume of it, as other reviews mention. Personally, I felt like Fernandes provided a lot of resources, such as posting notes, lectures, the textbook (which was provided, though rough) and his video lectures from 2020. Besides this, him and my TA were extremely accessible via office hours and email. Before taking this class, a lot of reviews mention that he has a lot of R projects. The past semester, there was only one project, and I spoke with him about how it was pretty difficult as a non-coding intensive major. He understands, and he mentioned he's looking into other methods of visualizing the concepts so if the R projects are a concern, there's that. In terms of other classwork, sometimes the homework feels a bit longer than necessary/tedious, specifically when it comes to listing out outcomes. Other than that, they felt pretty fair. Quizzes mirrored the main concepts in lecture, so as long as I paid attention, I did well. I also felt the exams were fair as well, never felt like there were any insane curveballs. Class averages were consistently high (90's range). My grade can only be attributed to my personal choices, and I definitely recommend him if you want a professor who cares about you succeeding.",0,1,1,0,0,0,0,1,"I also felt the exams were fair as well, never felt like there were any insane curveballs.","The review indicates heavy or difficult exams, substantial homework or lab workload, and challenging but fair expectations."
STAT401_043,STAT401,Matthias Wellershoff,2023,1,"Worst grading scheme of any class i’ve taken, you can get all the right answers and still get a B because you didn’t write it the specific way he wants you to. The expectations for the class are really ambiguous because you usually get a 100 on all the homeworks but exams are graded harshly. The content of the class is not too hard but you end up spending more time on figuring out the little details of the exact procedures he wants you to do than actually learning stats.",0,1,1,0,0,0,0,0,the class are really ambiguous because you usually get a 100 on all the homeworks but exams are graded harshly.,The review indicates heavy or difficult exams and substantial homework or lab workload.
STAT410_080,STAT410,Terence Long,2024,5,"Terence is awesome! I found his lectures pretty engaging and easy to follow; although his handwriting can be quite difficult to decipher at times, he goes pretty slow so it's easy to keep up anyhow. His exams were very fair, especially considering that he uploads practice exams that tend to be very similar to the actual exam questions. He didn't give much homework throughout the semester; it would usually be one every two weeks or so. The Final Exam had two parts, one of which was a take-home portion (5 questions) and an actual exam that had around 7 questions, but still rather short for the 2-hour testing period. Overall he's a cool, kinda nerdy guy but he makes the class pretty chill.",0,1,1,0,0,0,0,1,"His exams were very fair, especially considering that he uploads practice exams that tend to be very similar to the","The review indicates heavy or difficult exams, substantial homework or lab workload, and challenging but fair expectations."
STAT430_011,STAT430,Ayushi Saxena,2020,5,Ayushi was an awesome TA. She is so smart and helpful with questions. I really like learning statistics from her so I would recommend taking her class.,0,0,0,0,0,0,0,0,,No clear workload signal.
BSCI160_555,BSCI160,Chloe Garfinkel,2025,3,"Professor Garfinkel herself is really nice, and she is super sweet. The content though, is another story. There are 70 slides each class, with about 10 review questions for each lecture as well. The exams are not curved, and really hard. Although, I will say if you go to her office hours it helps SO MUCH. If you take her it won't be the end of the world, you will just have to make sure to review the lectures after every class if you want an A.",0,1,0,0,0,0,0,0,"The exams are not curved, and really hard.",The review indicates heavy or difficult exams.
BSCI170_277,BSCI170,Swarna Mohan,2025,2,"I do think Mohan is a so-so professor overall. She is very nice as a person and I think is welcoming if you need help, want your exam returned etc. But I do think she is a robotic lecturer which can be boring quick and you'll have to review her lecture recordings in all honesty. Sometimes she can be kinda snarky but it's not really that serious. You have weekly problem sets due on fridays, participation questions every class (9 are dropped), 3 exams, and a end of the week lecture quiz thats review. I think this is truly the only pro on her class, it's really organized and structured so props to her. This unfortunately does not override how difficult she has molded her exams. The exams are directly derived from the lectures, class problem sets, and lecture quizzes. However the real caveat is your exams (the main dictator of your grade) and problem sets are all written out, there is no multiple choice what so ever. This means you must remember the steps, definitions, and essentially I feel like it is not the most forgiving on top of grading. Even if you get the mark they want and happen to over explain, you'll lose points because it is not exact. Meaning you could really know your stuff but potentially missing one mark or a word will lose you an entire section.",0,1,1,0,0,0,0,0,"is very nice as a person and I think is welcoming if you need help, want your exam returned etc.",The review indicates heavy or difficult exams and substantial homework or lab workload.
BSCI171_045,BSCI171,Swarna Mohan,2024,3,"I am only reviewing the lab. I had no interactions with this professor, but I can tell you her emails for the lab are rinsed and repeated. It is overall pretty easy and the experiments are straight forward. The rubrics for the bigger assignments are terrible and I had points constantly taken off by my TA for things that I did not know I needed. The practical is very easy and there were no + or - for final grades.",0,0,1,0,0,0,0,0,I am only reviewing the lab.,The review indicates substantial homework or lab workload.
BSCI201_082,BSCI201,Maira Goytia,2025,3,"Dr. Goytia is a genuinely kind and supportive professor who truly wants her students to succeed. She provides all assignments and lecture slides at the beginning of the semester, which is helpful for planning your studies. However, her lectures can feel a bit unorganized, and the slides are difficult to follow on their own without her explanations. Fortunately, Dr. Goytia records all her lectures, allowing you to replay them while reviewing her slides, which is a great resource. She also offers a practice exam before each test and gives students the opportunity to earn three extra credit points for test corrections after every midterm. While ""extra credit"" might sound exciting, keep in mind that these points only add up to 9 out of 1,000 total class points, so their impact is minimal. On the plus side, you're allowed to bring a one-sided cheat sheet for each exam, including the final, which can be incredibly helpful. Study every diagram on her lecture slides thoroughly, as two of them will appear on each midterm, requiring you to label them. You can even print these diagrams and include them on your cheat sheet. Pay close attention to the wording of her True or False questions—they can be tricky. For the lab, which makes up 42% of your grade, memorize every diagram on the lab slides. Using Anki for this is highly effective.",0,1,1,0,0,0,0,0,She also offers a practice exam before each test and gives students the opportunity to earn three extra credit points,The review indicates heavy or difficult exams and substantial homework or lab workload.
BSCI207_179,BSCI207,Karen Carleton,2025,5,"Carleton is so sweet and genuinely cares about her students. I love her as a professor. With that being said, BSCI207 was pretty heinous. I gave up on learning anything and just fit all the lectures on my cheat sheet for my exams. The class itself was interesting, but it was just information overload. Don't take 207 unless you have to.",0,1,0,0,0,0,0,0,I gave up on learning anything and just fit all the lectures on my cheat sheet for my exams.,The review indicates heavy or difficult exams.
BSCI222_229,BSCI222,Thomas Kocher,2025,1,"Worst professor I have had in my first two years at this school. invented his own unit that should be a 400's level genetics class and taught it as the first unit of bsci222. Inconsistent and unexplainable grading, very bad at answering questions in class and even worse in office hours, and one of the worst lecturers I've had at this school. He has moved on to real genetics content now after wasting a month of the semester and the teaching has not improved at all. Half his slides are paragraphs and the other half are just ripped out of the textbook. He literally looked at his slide today in class after skipping ahead a lecture and went: ""hmmmm I am a bit lost, I am trying to figure out what this slide means."" I cannot put into words how bad this guy is right now, maybe he was better in the past, but he's taken a sharp downhill and even if he improves the rest of this semester I would avoid taking him again at all costs.",0,0,0,0,0,0,0,0,,No clear workload signal.
BSCI223_058,BSCI223,Erin Tran,2025,4,"curriculum & lecture: the curriculum is separated into 3 modules, with several small assignments (PAKs) that are graded based on completion. the course subjects were simple enough, and the lecture is flipped, so we are required to watch a series of videos before coming to class. if you can hold yourself accountable for that, this class would be perfect. the lectures themselves were basically reviewing the videos through a bunch of clickers (basically short quizzes graded on completion). while the information itself was interesting, the lecture was okay, the lab was fun. the exams focuses on both the application of lecture materials and lab materials. lab: love, love, loved this lab. my ta, aiswarya, is a godsend for this class. her presentations on the lab procedures and importance of each practice was super informational and entertaining. she's super sweet and understanding, and she keeps the lab really fun. some of it was incredibly hard to perfect (for the lab practical), such as the gram stain, but it wouldn't drop your grade much at all. the group you are with also matters alot because while there are no lab reports, there are several group assignments that must be completed. random complaint but almost 80% of the microscopes were dysfunctional before the midsemester point though. grading: there are several assignments but it's not unmanageable. the grading is reasonable but it takes a lot of time for them to get it in.",0,1,1,1,0,0,0,0,the exams focuses on both the application of lecture materials and lab materials.,"The review indicates heavy or difficult exams, substantial homework or lab workload, and significant time commitment."
BSCI330_134,BSCI330,Kenneth Frauwirth,2024,3,"If you want to be able to do the bare minimum and get by, this is the professor for you. There weren't a lot of assignments (in lecture) that required effort other than studying for exams. However, he was very disorganized and tended to either over-explain concepts into the ground or breeze by them. We were so behind this semester that at the end he just flew through as many lectures as possible, all of which he said would be fair game for the final. It was also a bit confusing what to expect on exams because he seemed to emphasize the specifics in class, but there was always a couple of multiple choice questions that came out of nowhere. Overall, this class was easy in terms of getting the grades, but I would not recommend Dr. Frauwirth for actually learning the content to prepare for a career in research or medicine .",0,1,1,0,0,0,1,0,There weren't a lot of assignments (in lecture) that required effort other than studying for exams.,"The review indicates heavy or difficult exams, substantial homework or lab workload, and course disorganization."
BSCI353_011,BSCI353,Melissa Caras,2021,1,"""There will not be an exam review sheet, you have quizzes and worksheets to use to study"" **Worksheets and quizzes end up being a poor representation of the exam Her lectures are pointless to go to. I realized too late I could've just spent that time reviewing the textbook chapters more. She rushes through the topics in her lectures so it's hard to grasp what's going on. The only reasons you would need to come to class are these annoying worksheets you have to rush through and exams. And also, NO EXAM ANSWER KEYS BECAUSE WHY THE HELL WOULD YOU NEED THAT? gg",0,1,1,0,0,0,0,0,"""There will not be an exam review sheet, you have quizzes and worksheets to use to study"" **Worksheets and quizzes",The review indicates heavy or difficult exams and substantial homework or lab workload.
BSCI410_087,BSCI410,Louisa Wu,2024,1,"To be honest, I'm quite confused by all the high ratings. I agree that Dr. Wu is super nice, but she is not a great lecturer. Class was always very disorganized (she often seemed like it was her first time looking at the slides) and would result in tangents. Dr. Wu would also push to finish her lecture slides in one class, even if there are over 50 slides, so she would end up rushing through slides (she once got through roughly 10 slides in 2-3 minutes). Her exams also weren't based on class material, so the exams being open-note didn't help that much. She briefly explained the concepts (very surface-level understanding), but the exams would have some random, niche question on it that was completely out of nowhere. The homeworks also did not relate to class material and would be based on some random research paper that was not provided to us. Her questions on the hw were very vague but then she'd take points off when you didn't write the answer she had down. Dr. Wu also tries her best to sympathize with the students but would take away point opportunities (exam-wrappers) on a whim because she didn't think some people were doing them correctly. I think this class would have been fine, but Dr. Wu made the class much more tedious and hard.",0,1,1,0,0,0,1,0,"Her exams also weren't based on class material, so the exams being open-note didn't help that much.","The review indicates heavy or difficult exams, substantial homework or lab workload, and course disorganization."
CHEM131_503,CHEM131,Lenea Stocker,2025,4,"I liked her a lot as a professor, i can see why many don’t however. She is kind of unapproachable and goes pretty fast in lecture lol. However she is definitely one of the better chem professors out of the options available. She gives plenty of old practice exams which will tell you how heavily weighted certain topics are going to be, my one complaint is that the final had a lot of new material on it that was recently learned which seemed disproportionate and i felt as if there wasn’t enough time to practice it. Curve is also good",0,1,1,0,0,0,0,0,"She gives plenty of old practice exams which will tell you how heavily weighted certain topics are going to be,",The review indicates heavy or difficult exams and substantial homework or lab workload.
CHEM132_052,CHEM132,Christiana Guest,2024,1,"If I could give -1 stars, I would. This is a poorly organized class, you would barely see the professor at all not even an introduction. The TAs run the class, and can not even grade properly. Twice now there has been errors in grading lab reports, graded as 0 which is so confusing. Whoever that puts the grades in clearly have no idea how to work canvas. Also grades have cut offs so if you have an A, you could get a B. This is not fair because all your hard work is clearly not appreciated. This class is not worth it all considering the work load and also spending 3 hours in the lab weekly. This is a horrible class, just pray your TA is good enough at least.",0,0,1,0,0,0,0,0,"Twice now there has been errors in grading lab reports, graded as 0 which is so confusing.",The review indicates substantial homework or lab workload.
CHEM135_410,CHEM135,Andrei Vedernikov,2025,2,"Not a great lecturer. He posts lectures on canvas, most of the time I was better off self studying. You pay $30 for 3% off your grade in the form of clicker questions. Although he was not great, he is better than Mignerey, and i would 100% recommend to take him over her. As long as you dont fall behind, you will do fine.",0,0,0,0,0,0,0,0,,No clear workload signal.
CHEM231_402,CHEM231,Donald Hong,2025,1,"To an extent that isn't understandable he holds a strong disdain for students that miss lecture. Has given information that will be on test as extra credit in class, would remove them from the notes post class and tell students not to tell those who missed the class. Notes are can get hard to go through after lecture because he doesn't really document them and talks through them more. Compounded with the fact that he doesn't record lectures makes understanding effectively difficult. Class is extremely fast paced and often time you wont be able to effectively write down notes without missing out on new topics. Last bit also make jokes in the middle of class which are funny to him but often leave the lecture hall silent because people are struggling to keep up.",0,0,0,0,0,0,0,0,,No clear workload signal.
CHEM232_042,CHEM232,Hannah Zhu,2024,5,"Though you don't get to choose your TA for CHEM232, if you know which section Hannah is TAing for, choose her! She's really chill in labs and will tell you straightforward when you are doing something wrong and explains things well. If you don't have her, go to her office hours because she's really good at explaining post-lab questions so that they are less confusing. Please go to office hours for CHEM232 though, or you will fail.",0,0,1,0,0,0,0,0,"If you don't have her, go to her office hours because she's really good at explaining post-lab questions so that",The review indicates substantial homework or lab workload.
CHEM241_235,CHEM241,Bonnie Dixon,2025,1,"Worst class I've taken so far at UMD. It's honestly baffling how much I struggled through this class, but was fine with Orgo 1. If your schedule if flexible, aim for another professor. I am not a crier and have never in my life cried because of a course, but I have with this one. Her office hours are so full, it's hard to get to her. The homework is ridiculously hard, but at least you can drop one. There's extra credit, but those are difficult too. The TA is very helpful, though, and so her nightly ""CAN"" tutoring sessions, however, even with that, I would not recommend this professor.",0,0,1,0,0,0,0,0,"The homework is ridiculously hard, but at least you can drop one.",The review indicates substantial homework or lab workload.
CHEM271_206,CHEM271,Jason Kahn,2025,1,"I took this class because I thought he was the lesser of the two evils, and oh my goshh I was so wrong! He makes this class way harder than necessary. His class is heavily conceptual! He goes over slides in class and goes on tangents. He loves MATLAB and will spent a lot of the classes just playing around with it to make a point, he doesn't go over any of the math that you'll see on his exams at all. He expects you to learn this math in discussion or GSS. Discussion is not even helpful at all, the TA does not know how to guide you when it comes to his exams and does a bad job answering emails with questions. The homeworks he gives takes long and you're not penalized for getting anything wrong, but its so timely and it does not help at all when it comes to his exams. He gives you his past exams to help but they're just so different from his current exams. One of our exams looking at his past ones, you would think they were heavily on math for once, but we got 2 pages full of conceptual questions. I went to his office hours and he is a nice guy and has expressed he wants his students to do well but he does not make it easy and he knows it. His exams are difficult to finish in 50 mins. This is definitely the hardest chem course I've taken by far.",0,1,1,0,0,0,0,0,"to make a point, he doesn't go over any of the math that you'll see on his exams at all.",The review indicates heavy or difficult exams and substantial homework or lab workload.
CHEM272_019,CHEM272,Amanda Schech,2021,5,"One of the best lab professors I have had in my time at UMD. Her lectures are super straightforward and she is great at simplifying all the topics and making them understandable. Her exams were very fair and she actually gave reasonable practice exams in comparison to other professors (ex. I had Dodson for lecture, whose practice did not at all reflect exam content). The only thing that sucks is lab reports take an insane amount of time to complete (I got an A on every one but I spent probably 10-15 hours on each report), and you NEED TO ATTEND OFFICE HOURS. I cannot stress that enough- if you want an A, go to office hours!! Additionally, to prepare for exams make sure you redo all of the pre lab walkthroughs and other pre-lab materials, since she creates questions that are often very similar to those. Overall, I enjoyed this class and learned a lot, and felt I was fairly assessed for my knowledge.",0,1,1,0,0,0,0,1,Her exams were very fair and she actually gave reasonable practice exams in comparison to other professors (ex.,"The review indicates heavy or difficult exams, substantial homework or lab workload, and challenging but fair expectations."
CMSC131_392,CMSC131,Ilchul Yoon,2025,1,"If you can avoid him please do, his lectures are an absolute snooze fest, he explains a concept on Wednesday then it's on the quiz on Friday. Not to mention he gives one practice quiz/exam and then it has little to do with the actual exam/quiz. I took this class at my previous university and I still could not understand what he was trying to teach even with the background knowledge that I had on Object oriented programming. The projects really aren't that bad as the instructions that he gives are really in depth on what he is expecting but the amount of projects he gives might make you go insane. I know that compsci classes give a lot of coding projects but I'm talking like he'll give a project, then 2 days into the project he'll give a lab coding assignment, and then 3-4 days before the first project is due he'll assign the next one. Please avoid him if you can.",0,1,1,0,0,0,0,0,Not to mention he gives one practice quiz/exam and then it has little to do with the actual exam/quiz.,The review indicates heavy or difficult exams and substantial homework or lab workload.
CMSC132_448,CMSC132,Pedram Sadeghian,2025,5,"Course: Despite the name, this is really more 25% Objected-Oriented Programming, 75% Data Structures and Algorithms. So don't go into this course thinking it'll be more of the same stuff as CMSC131. Any of the Java you learn in this course is really taught in order to understand the ideas and implementations of the Data Structures and Algorithms you use throughout the course. Lectures: I'd say it's very important to attend lecture. Pedram records so there's really no excuse to not go through it, especially since he does a really good job highlighting how the various Data Structures and Algorithms he covers works. He even goes over many of the algorithms that you'll need to implement in the projects step by step, so attending lectures will make the projects much easier. Discussion/Lab: These were weird because they were more like a second lecture than an actual lab. These are generally miscellaneous Java topics that may or may not appear in a project/test. These are not as worth attending, with the only exception being when the TAs cover sorting algorithms. These are also recorded and you can also watch any TA's recording so if you didn't get a good TA for your section you can just watch the other TA's discussion. Projects: Most of the projects in this course focus on implementing functionality of data structures/algorithms. Again, attending lecture helps a lot with these projects. Implementing the projects is fairly easy and shouldn't take more than a day or two. The main thing is to make sure you know how to debug your code and write student tests as secret tests are usually weighted around 10-20% of the grade. Main thing I'd recommend is writing student tests as you work on the project, I felt that helped me a lot with making sure my projects were good. Also try to maintain good style and write comments as you go so you don't have to deal with doing it all at the end. Quizzes: There are 5 quizzes of varying formats. 2 of them were ""write code"" quizzes. When Pedram asks you to write code he expects you to know how to write an algorithm that solves a problem from scratch. The main way you can practice this is through the practice tests and projects. He recommends you write the algorithm out on paper and then code it up on Eclipse. I'd recommend knowing how to trace out algorithms, pay attention to the specific details of the question, as well as practicing material that relates to what Pedram says the quiz will focus on. Another one was a ""debugging"" quiz where you sat with a TA and showed them that you can use the debugger. Just know how to use the debugger and it's a free 30 points. Last 2 quizzes are take-home ""project"" quizzes which simply involved you having to write a code piece on Eclipse, which are also free 30 points each since there are no secret tests with these quizzes and lecture + lab gets canceled that day so you can work on those quizzes. Exams: Exams generally consist of 3 parts, Fill-In-The-Blank, Short-Answer, and Code Writing. For code writing my advice is the same as the code writing involved in the quizzes. For short-answer questions, I'd recommend knowing the slide material and knowing how to trace out any of the algorithms that you learn in class/implement in projects. Understand how the Java compiler works as that'll be important for understanding some of the concepts you need to know for these exams. For fill-in-the-blanks, again just review the slides thoroughly and use a tool like Quizlet to memorize key terms. Other Random Advice - I didn't go to office hours (didn't really need to) but if you are struggling I'd recommend it. The TA's this semester were very good and helpful. If you have small questions, use Piazza, the TA's (and even Pedram at times) will respond quite quickly. - Pay attention to Pedram's posts on Piazza, especially when he releases details about the Quizzes/Exams. He gives away a lot about what the test will focus on which will help you guide your studying. - Don't rely on the practice exams for your studying. While they offer some good material for practice they rarely if ever cover everything you'll need to go over for the test. Instead, try to create your own practice questions based on the slide material as well as study how you implemented the projects. If Pedram recommends you do a project before a test then make sure to do that project for practice. I'd also recommend practicing questions on the site Leetcode. Some of the questions are a bit advanced but the site offers good practice for questions related to certain data structures (especially LinkedList and Trees). Other Information - Exam averages in order were 66.96%, 67.05%, 78.31%. Final average was around 72%. Overall class average was 81.1% (this combines exams, quizzes, projects). Curve is unknown but I had a 96.28% and got an A+. Class Review: This was a great class and probably my favorite class this semester. Grew a real love for data structures and algorithms thanks to Pedram's teaching and the projects he gave. Exams are on the tougher side but are 100% doable if you pay attention to what Pedram posts about them and make sure to practice all the material instead of just relying on practice exams. Due to CMSC132 being a gateway class I can't say I'd 100% reccomend him if you are trying to get into the major (which has become even harder this year). If you want to ensure a good grade without putting a big effort it might be better to go with a prof like Elias Gonzalez or even Nora Burkhauser. If you have to go with Pedram though just know he isn't nearly as bad as most of the below reviews make him out to be and you'll definitely come out of this class both knowing and understanding a lot of really important material for CS.",0,1,1,0,0,0,0,0,Quizzes: There are 5 quizzes of varying formats.,The review indicates heavy or difficult exams and substantial homework or lab workload.
CMSC216_414,CMSC216,Ilchul Yoon,2025,3,"To whom it may concern, Yoon's exams can be challenging. To do well on them, make sure you really play around with edge cases on the compiler, modify the lecture example code. Do not think about this class as a class about C, just how bits and such are set. Assembly will inevitably feel hard, just practice and it should be ok. For projects, many of the hidden test cases are decently predictable, make sure your program can handle what the spec says it should handle. For example, if you are making a playlist program and the spec says the number of songs will never exceed 80, make sure you test how the program handles an empty playlist or a completely full one. They can really take a chunk out of your grade, but these hidden tests are usually just testing small edge cases. Make sure you check gradescope for the lab assignments as they aren't always announced. He sets cuttoffs at the end, I think they were lowered by around 3% for my specific scenario. He is a really nice guy.",0,1,1,0,0,0,0,0,"To whom it may concern, Yoon's exams can be challenging.",The review indicates heavy or difficult exams and substantial homework or lab workload.
CMSC250_465,CMSC250,Maksym Morawski,2025,1,"whyyyyyy just whyyyy??? this guy can't teach material, he makes mistakes in his slides and lectures, he is super lazy and disorganized and he gaslights his students into thinking that their regrade requests don't make any sense. DO NOT TAKE THIS PROFESSOR TAKE IT WITH ANYONE ELSE!!!!! His slides, bad, his exams bad, class overall is bad.",0,1,0,0,0,0,1,0,"His slides, bad, his exams bad, class overall is bad.",The review indicates heavy or difficult exams and course disorganization.
CMSC320_180,CMSC320,Maksym Morawski,2025,4,"I swear hes not that bad, would give 3.5 but rounding up to 4 seems fair Pros: EXCELLENT LECTURER (besides having bad slides) I learned so much from them Didn't dive into the inner workings of the ML stuff which I appreciated, really focused on what you would use in the real world Projects were interesting and pretty easily graded Class itself is hard but its not hard to get a good grade I liked the exams! instead of just cramming information for me to forget 2 hours after, I felt like I had to really understand the material to answer the questions Cons: Disorganized yes, this will be annoying Exams are all over the place and vague Sometimes would let us out of class early because he didn't plan lectures out well? This was annoying and felt like a waste of time At the end of the day, hes a good lecturer who you will learn a lot from and its relatively easy to get a good grade. I really don't know what much else you can ask for, if you wanted to be spoonfed an A maybe take someone else but if you actually wanted to learn about DS/ML take Max",0,1,0,0,0,0,1,0,"Cons: Disorganized yes, this will be annoying Exams are all over the place and vague Sometimes would let us out",The review indicates heavy or difficult exams and course disorganization.
CMSC330_221,CMSC330,Cliff Bakalian,2024,3,"This course was co-taught this semester with Anwar Mamat, but Cliff was okay as a teacher. His teaching didn't work for me, perhaps because he often doesn't explain how things connect too well or motivate the topics we're doing in class. Often, I'd feel more confused about a topic after hearing Cliff explain it in a lecture. Thus, after finding lectures futile, I just used the posted slides and notes, which proved to be more helpful. For logistics, he gives weekly take-home quizzes, which are meant to be collaborative—but they can basically just be seen as forced studying material, or like homework. Moreover, he gives four quizzes throughout the semester, which take place in discussion and are good for forcing us to study material, aside from exams. The exams were pretty fair, admittedly they were probably easier than they could've been (which I appreciate). The Final, however, I found pretty challenging overall. Ultimately, this class is quite confusing and Cliff didn't ever really help clear any ambiguity of this sort, but if you can learn the material through the slides or notes then it's rather easy from there.",0,1,1,0,0,0,0,0,"throughout the semester, which take place in discussion and are good for forcing us to study material, aside from exams.",The review indicates heavy or difficult exams and substantial homework or lab workload.
CMSC351_307,CMSC351,Herve Franceschi,2024,3,"hervé is hella nice (and lowkey has fire fits), but imo his lecture style isn't great because it seems like it's more him mumbling to himself. this semester, he co-taught with justin (& ting), and they had weekly homeworks and 5-question mcq quizzes on canvas. the mcq quizzes were fine, and the homeworks were generally straightforward although sometimes they threw in some tricky questions. honestly, my biggest complaint about herve is his exams. our first exam had a median around 85, which was pretty good, but our other two exams had medians in the low-mid 70s, which was significantly below both justin and ting's medians. luckily, each professor set their cutoffs differently (i had a 79 and ended the class with a b-, so i'm not certain how much herve curved), so while herve's students definitely had significantly lower grades than justin's or ting's, at least our final grades didn't depend on theirs",0,1,1,0,0,0,0,0,"honestly, my biggest complaint about herve is his exams.",The review indicates heavy or difficult exams and substantial homework or lab workload.
CMSC411_009,CMSC411,Michelle Hugue,2020,2,"Meesh is an enigma. This was the first semester that 411 was fully taught online. We weren't able to learn anything in the first week of classes because she didn't know how to hyperlink her files in ELMS. All Piazza questions were answered vaguely and in long mistyped formats that usually included her having conversations with herself before arriving at an ""answer"" which was usually copied and pasted from the syllabus (which was also confusing and vague). She had weekly worksheet assignments that you would submit on Gradescope. All her weekly ""lectures"" were readings from the book and YouTube videos. She never actually lectured or recorded herself lecturing and when students asked about this and if she could lecture she would respond with a very long and confusing post ultimately saying that she didn't think it was necessary and we should use our skills as students to use our resources (YouTube) to teach ourselves. If you actually watch the YouTube videos, you will learn something. I found it interesting and actually learned a bit but there was no real use for it as the exams were almost copy and paste from her practice exam and the weekly worksheets. However, you won't have enough time to finish the exams because they are 30 pages long. She doesn't expect anyone to finish the exam and grades it based on the highest score. She also drops an exam including the final. You won't fail this class, but you might not learn from it and more than likely will be confused and get a headache if you actually have questions for her. I spent a solid 4 weeks not knowing what was going on and I'm pretty sure she didn't know what was going on either.",0,1,1,0,1,0,0,0,no real use for it as the exams were almost copy and paste from her practice exam and the weekly,"The review indicates heavy or difficult exams, substantial homework or lab workload, and required self-learning."
CMSC414_046,CMSC414,Michael Marsh,2023,5,"As you may have seen in other reviews, Marsh used a flipped classroom model for this course and made all deadlines soft for assignments. This made all assignments have a hard deadline on the last day of finals with no late penalties on assignments. I definitely appreciated this classroom formatting, as it made it a lot less stressful to get the grade you're working towards. This class was graded off of 3 core modules: Basic Objectives, Challenge Problems, and Projects. The basic objectives were simply canvas quizzes you had to get a 5/5 on based off of recorded lecture material, and the Challenge Problems were written response prompts graded out of 3. Although you had to get at least a 2/3 on many of the challenge problems, everything was resubmittable, thus making it easy to improve upon any bad grades. The projects of this class were not like standard CS projects you'd typically face. Most of these projects required MUCH more thinking rather than physical coding. I personally spent a majority of the time on these projects thinking it out rather than typing out lines of code/debugging. You will most likely be completely lost at first when starting projects, but one you get it, its a no brainer. To get an A or B in this class, you MUST score 100% on these projects, which is daunting at first, but the ability to resubmit as well as the fact that the projects are graded mostly off of functionality and not things like secret tests makes them more bearable. There is also a group project... and lets just say you can do it individually but finding a good group really helps with it's completion. Lastly, there is a final that is 4 extra challenge problems. It is only required if you want an A or B, and isn't much more difficult than the standard challenge problems. I would say the hardest thing about this class is staying motivated. Because the deadlines are soft, it is easy to brush assignments away and let them pile up throughout the semester. I'd say 3/4ths into the semester, only about half the class had finished the FIRST project (note that by this time you should've been done with the THIRD). This will make this class BEYOND stressful for the end of semester, so if you do take this class, do yourself a favor and STAY ON TOP OF YOUR WORK. Other than that, Marsh truly is an understanding professor, and his lectures are typically helpful practice on project concepts and/or Q&A sessions regarding projects/course topics.",0,1,1,0,0,0,0,0,This made all assignments have a hard deadline on the last day of finals with no late penalties on assignments.,The review indicates heavy or difficult exams and substantial homework or lab workload.
CMSC417_018,CMSC417,Samrat Bhattacharjee,2021,1,"If I could rate 0 stars, I would. He's definitely an entertaining and exceptionally intelligent professor, he'd be cool to have lunch with, TA for or do research under - but all that aside, he is a TERRIBLE instructor and should be avoided at all costs. Throughout the semester he has been very passive aggressive & sometimes just flat out mean with his responses to other students in class, on Piazza, and answering student questions on zoom, claiming that his goal is for us to ""learn"", and yet he refuses to straight up give an answer to a homework/exam question a student asks without making the student look like an idiot for not knowing first. An example of his unpleasant demeanor: on the first day of class he literally said ""I do not expect you to come to class"" yet time and time again he expresses passive aggressive frustration with those who do not attend class or office hours. To make matters worse, for some reason he REFUSES to upload recordings of lectures, nor any coherent powerpoint slides (instead he uploads drawings and scribbles he does during lecture that only someone who went to lecture would really understand) - either forcing students to join the Zoom call live or show up to class to stay on top of the material. This is the first course I have taken at UMD that does not provide at least some form of slides or an outline on the material covered in class. The problem with this practice is that his exams, while open note, are 100% based on content he covers in class so if you miss class and office hours & do not take detailed notes in class you're basically screwed. While all my other professors have been uploading recordings of their lectures, Bobby refuses. He will likely claim that because people joining on Zoom do not give their express consent to be recorded he won't do it or something to that effect, but if he actually cared he would use Panopto or some other solution. Coming back to in person after 3 semesters of remote learning is tough, and since I am still used to asynchronous learning it has been a particular struggle for me to stay on top of projects and study for exams in this course. TLDR: Bobby's attitude and expectations for the course leave a lot to be desired, and his teaching skills are not that of a professor who should be making a $200,000/year+ salary (which is likely due to his research and tenure at the university but still). He should stick to research or graduate level courses but for the good of future CS undergraduate students, he should NOT BE TEACHING UNDERGRADUATE LEVEL COURSES.",0,1,1,0,0,0,0,0,Throughout the semester he has been very passive aggressive & sometimes just flat out mean with his responses to other,The review indicates heavy or difficult exams and substantial homework or lab workload.
CMSC420_160,CMSC420,Narayanaswamy Narayanaswamy,2024,3,"Definitely a challenging class as compared to others. The homework and projects he gives are pretty tough and require a lot of time to do so I would suggest to start early. He is a boring lecturer but all of the lectures are still recorded and he posts them consistently. However, the class structure was very painful to deal with because he would often change deadlines and push out a lot of things late with expectations to be on time. He also was very vague about many things and would not announce them till last minute.",0,0,1,1,0,0,0,0,The homework and projects he gives are pretty tough and require a lot of time to do so I would,The review indicates substantial homework or lab workload and significant time commitment.
CMSC421_040,CMSC421,Tianyi Zhou,2023,5,"Professor Zhou is truly dedicated to the success of his students. I do know that this semester he has changed the layout of the course and its not like the Berkley course anymore. However, I think his reasoning behind is to equip his students with the most up-to-date knowledge in the rapidly evolving field of AI. Professor Zhou aims to ensure that his students not only grasp AI concepts but also witness their practical implementation. Granted, it would have been beneficial if he had started with the basics and gradually introduced programming aspects. Nevertheless, Professor Zhou is putting in a tremendous effort to simplify the material for his students. He has generously extended deadlines for assignments and even reduced the weightage of programming tasks. It would be unjust to undermine his abilities as a teacher. I think he is just learning how to teach and wants his students to successfully understand the class concepts. In my opinion he is a really good teacher and an amazing person. All it takes is a bit of patience and open communication to make the most of his guidance.",0,0,1,0,0,0,0,0,He has generously extended deadlines for assignments and even reduced the weightage of programming tasks.,The review indicates substantial homework or lab workload.
CMSC422_011,CMSC422,David Jacobs,2021,3,"I took this course in Fall 2021 Pros: + Generally nice guy + Pretty good curve + Pretty good lecturer Cons: - Some lectures, especially towards the end, seemed irrelevant to the course, only for them to appear on the final. This seemed unfair, especially when it was alluded that the topics were auxiliary to the course - Lecture notes are not easily available in one place, they were on Piazza but not readily organized, and half of them weren't even there. - Lecture barely helps with coding assignments - THE CLASS IS VERY DISORGANIZED! Along with what I've already said, lectures were delivered during the Tuesday morning section and the Thursday afternoon section. However, since you are only scheduled for either the morning or afternoon section, you would either have to find some way to get there in time, or (most likely), watch the lecture videos which are extremely long. They did not make it clear how exactly content was split up between both of those classes, or what quizzes were on what concepts, and it took me about a month and a half to figure out how the class was organized. - Workload is very high, even for a 3 credit CS class",0,1,1,0,0,0,1,0,"- Some lectures, especially towards the end, seemed irrelevant to the course, only for them to appear on the final.","The review indicates heavy or difficult exams, substantial homework or lab workload, and course disorganization."
CMSC424_056,CMSC424,Peter Keleher,2023,2,"Very bad lecturer. He simply reads off slides and does not record lectures either. You will have to teach yourself the whole class. Assignments are not explained well and some are difficult to implement. Exams all had huge standard deviations. These exams and weekly quizzes have lots of material not covered in class, which you are expected to teach yourself from the textbook. Some of the material expected for you to learn is not even covered in the textbook and lots of the material in the textbook is very confusing.",0,1,1,0,1,0,0,0,Exams all had huge standard deviations.,"The review indicates heavy or difficult exams, substantial homework or lab workload, and required self-learning."
CMSC426_023,CMSC426,John Aloimonos,2023,1,"He seems like an interesting guy, but the course is completely unorganized and extremely difficult. Lectures are barely relevant to the projects, forcing students to teach themselves how to complete them.",0,0,0,0,0,0,0,0,,No clear workload signal.
CMSC430_004,CMSC430,Nick Petroni,2018,5,Down-to-earth and personable guy who really knows his subject. Definitely learned a lot from his class.,0,0,0,0,0,0,0,0,,No clear workload signal.
CMSC434_007,CMSC434,Evan Golub,2020,1,"Avoid taking this course with Golub at all costs. Grading is based purely on his opinion, which is impossible to predict. Project descriptions are absolutely useless. You put in a lot of work and are not rewarded.",0,0,0,0,0,0,0,0,,No clear workload signal.
CMSC436_002,CMSC436,Adam Porter,2018,1,"Easy class but awful professor. He is frequently absent to nonexistent on the student forum Piazza, and many questions are left unanswered or answered only affer they aren’t relevant anymore (i.e. exam/project questions after the deadline). A couple examples: 1. For our midterm we were learning stuff up to the week before the exam. Porter confirmed that the exam material may include what was taught in lecture that week, but neglected to upload the slides for that material. Many students asked on the forum for the slides, frequently (13 hours before the exam, 9 hours, then 5 and then 2 hours before the exam, all on the same thread). One hour before the exam the professor finally responds saying “Sorry for the missing slides” but still neglects to upload them 2. On the Tuesday a week before Thanksgiving break Porter assigned us another lab, to be due the following Monday (2 days before break). Again, students posted on the forum asking for an extension on the lab due date as many people were traveling for break and as the lab was also longer and more difficult than any other. Once again, no response from the professor, even after over 30 people “good questioned” it on Piazza. The day after, he assigned another lab due the Monday after break. 3. The semester project was not brought up again until midterm season, and he waited an extra week to release the project idea bds, and then ANOTHER week to release the project signups (this wasn’t intentional, he released them late), which left us about a month to start and finish a priject from scratch in addition to the weekly labs and our other classes. Overall, this class was a huge disappointment and made me reconsider never doing Android dev ever again. Other reviews say Porter grows bitter as more and more students stop going to class, but he also grows really unresponsive and irresponsible. He doesn’t do a good job teaching; he just reads off the slides, which by themselves are just screenshots of sample code. Most of our labs we finished with a mix of stack overflow and just copying the sample code.",0,1,1,0,0,0,0,0,exam/project questions after the deadline).,The review indicates heavy or difficult exams and substantial homework or lab workload.
CMSC451_041,CMSC451,Laxman Dhulipala,2022,5,"New professor from industry, but has an excellent handle on a few areas that other professors struggle with. First of which is relating abstract material to real life. He manages to do this most often by incorporating the history and intuitions from which algorithms were developed into the introduction to learning them. Second of which, he takes time to engage with the class ALL THE TIME, and will not often leave a question unanswered. If he does, he usually clears it up after class. Exceedingly responsive on Piazza and ridiculously welcoming in office hours. Prof Dhulipala is a wonderful and passionate teacher, and I urge you not to take the kindness for granted nor take advantage of it, but instead take this opportunity to learn! The course material is rough, no doubt, but it is not for lack of teaching skill. The homeworks take a LONG time. I waited until far later in the semester than I should have to get assistance with them, so I will say this: do not push this class to the backburner to focus on other easier assignments first. I would say the best strategy would be to take some time to at least write questions you have about the homeworks at face value, early on, so you have something concrete to bring to office hours, and then go early to get guidance and intuition. Getting even a little bit of help goes miles.",0,0,1,0,0,0,0,0,The homeworks take a LONG time.,The review indicates substantial homework or lab workload.
CMSC456_020,CMSC456,Charalampos Papamanthou,2021,4,"The grading in this class is significantly harsher than Washington's Cryptography section (class average was 79.5% while Washington historically averages ~87% and we did not get a curve. In addition, Dr. Papamanthou did not hold us back from the mathematical rigor that a cryptography course should have. Homeworks and course content are proof-based and taught rigorously. Having a good understanding of proofs will likely make this course much easier. That being said, I felt like Dr. Papamanthou was a very good professor. He frequently stopped to ask questions in class and carefully answered all of them, trying to make sure everyone understood the material. The course content reflected content in corresponding chapters of the textbook, but his lectures definitely condensed the material and made it more digestible. Overall good professor, but I would suggest having a good understanding of proofs before taking this class. In addition, taking MATH406 Number Theory before or alongside this course makes the group theory part of the course much more understandable, in addition to helping you get used to proofs.",0,0,1,0,0,0,0,0,Homeworks and course content are proof-based and taught rigorously.,The review indicates substantial homework or lab workload.
INST326_029,INST326,Gabriel Cruz,2023,3,"He's ok. No exams so that's a nice thing. You have weekly exercises during discussion and there's 4 big homework assignments. He says he will help, but he's usually busy, so you got to rely on the TAs. Lectures are not mandatory but they're also not helpful, so you have to teach yourself a good portion of the content.",0,1,1,0,1,0,0,0,No exams so that's a nice thing.,"The review indicates heavy or difficult exams, substantial homework or lab workload, and required self-learning."
MATH140_480,MATH140,Brooke Guo,2025,5,She was my TA for MATH140. Though a little quiet she was great and helped me when I was struggling with content. Definitely my favorite TA I've had this semester by FAR!,0,0,0,0,0,0,0,0,,No clear workload signal.
MATH141_515,MATH141,Shin Song,2025,5,"Really good teacher, all notes are well organized and are uploaded online after every class. Tests are easier than other professors, worksheets are lenient as the TA only grades a few questions rather than the entire worksheet. Also for quizzes, Dr. Song basically tells us the exact question type that will be on the quiz so there is very minimal studying that is needed to be done.",0,0,1,0,0,0,0,0,"Tests are easier than other professors, worksheets are lenient as the TA only grades a few questions rather than the",The review indicates substantial homework or lab workload.
MATH240_340,MATH240,Ran Tao,2025,5,"i'm pretty sure she's leaving umd, as she just got her phd, but i wanted to write this review as an indirect thank you note. ran was my ta for linear algebra, and although the class was a bit confusing at first, ran's discussion sections were largely responsible for much of the concepts beginning to ""click"" for me. she would often give students extra time if they were struggling and would take time to explain a mistake if you got something wrong on a quiz. all in all, she was a great ta. her discussion section genuinely reshaped the way i studied for math (i actually started trying lol) and has motivated me to go past 200 level classes to take more advanced math. ran made getting an A in 240 extremely manageable, and i wish her the best in her endeavors post-umd.",0,0,0,0,0,0,0,0,,No clear workload signal.
MATH241_501,MATH241,Junyan Zhao,2025,4,"I would say he's a pretty alr professor. He is a smart guy and he cares about you. his teaching style is more oldschool, where he only writes on his chalkboard. It can be very difficult to see his handwriting alot, so do sit in the front and center. He teaches directly from the textbook and goes over example problems in it. I would recommend having the text book (which is free and provided to you in LMS) while u go in lecture. I skipped like half of his class to self teach myself using justin videos, and I recommend watching him. My TA was the goat (shoutout to Sudheer) so he helped me a lot having a good understanding in the class. Dr. Zhao is also just a pretty funny person. Also he gives optional hw, but do them cuz midterms are similar to the practice problems. He does a linear curve at the end of the exam (highest person get rounded to a 99, everyone else grades increase by that much). It helped me get a A- in this class.",0,1,0,0,1,0,0,0,He teaches directly from the textbook and goes over example problems in it.,The review indicates heavy or difficult exams and required self-learning.
MATH246_336,MATH246,Margaret Doucette,2025,5,"Dr. Doucette is very nice; lectures can at times feel very dense / rushed, but that is more due to the amount of DiffEQ content rather than a fault of the professor. Ask a question literally any time during lecture, and she'll answer it immediately. Exams are very fair and build off of weekly quizzes, first exam average was 94%. At least with my TA, weekly quizzes were in the discussion section and mostly served as attendance. If you attend the lectures, the quizzes are a breeze, I think the average for the quizzes was 95%+ and they count for 15% of the grade. She also provides a lot of external resources and handouts, yeah you'll probably just cheg or organic chemistry tutor a concept you dont understand but its nice that its there.",0,1,0,0,0,0,0,1,"Exams are very fair and build off of weekly quizzes, first exam average was 94%.",The review indicates heavy or difficult exams and challenging but fair expectations.
MATH310_044,MATH310,Steve Halperin,2023,3,"It's not often that a professor is THIS middle-of-the-road. He was *fine*. Not too easy, not too hard, not too fast, not too slow, etc etc. He was acceptable but not exceptional on almost every axis. The main two exceptions were that he was super available in terms of office hours, and the homework grader we got was really bad (hopefully that was just this semester). Plus, all the test questions come from the textbook, which is nice (though maybe not quite as nice as it initially seems). Would recommend, but not strongly.",0,0,1,0,0,0,0,0,"The main two exceptions were that he was super available in terms of office hours, and the homework grader we",The review indicates substantial homework or lab workload.
MATH401_078,MATH401,Raluca Rosca,2023,5,"Teaches directly from Justin's notes, to the point where going to class was only necessary for the groupworks. Also writing this a week and a half after finals, and I STILL DON'T HAVE THE MIDTERM/FINAL GRADES!",0,1,0,0,0,0,0,0,"Also writing this a week and a half after finals, and I STILL DON'T HAVE THE MIDTERM/FINAL GRADES!",The review indicates heavy or difficult exams.
MATH403_014,MATH403,Patrick Brosnan,2019,5,"Super chilled prof, thinking of him makes me giggle. I learned so much from him! What's really cool about his teaching style is that he's pretty personal about the stuffs he teaches, so the emphasis on the material is heavily flavored with an algebraist's perspective. The whole class was keen and fun and backed by solid motivations. Wish we had a longer semester to cover more. If you're taking classes with him, please take good care of him. Go to class and envision his brilliancy.",0,0,0,0,0,0,0,0,,No clear workload signal.
MATH405_008,MATH405,Patrick Brosnan,2020,4,"He's a really nice guy, but he has this really annoying habit of deciding he's ""bored"" halfway through a proof during lectures. Harsh grading in exams but curves at the end of the semester. I would recommend him overall for 405 since he's an algebraist so he has a lot of interesting things to say about the subject.",0,1,0,0,0,1,0,0,Harsh grading in exams but curves at the end of the semester.,The review indicates heavy or difficult exams and harsh or unfair grading.
MATH406_022,MATH406,Yanir Rubinstein,2021,2,"Actually really bad. I had taken this class by mistake and didn't realize it was a mistake until after add/drop, and he was the only available professor. He didn't have any reviews yet; just one from like 5 years ago that said he was awful. I said ehh, it's only 1 bad review, but I should've listened. So far the mean exam grade has been a 60 and he says he isn't going to curve it. Lectures are painful. He does zero prep and reads VERY slowly through the book, and if you ask a question he will either barely answer it or talk down to you. Probably just here for the research. The grade distribution is nice, HW's aren't graded and you get points for making a study guide, but seeing how the exams (basically the only source of a grade: 5 quizzes, ~10% each and he drops the lowest one) it's not looking great. Unless you are really good at Math and it's like your passion/you do Math research for fun, this class is gonna be the death of your GPA. I've taken up to Calc3 and LinAlg, and this class could be interesting, but he makes it tedious to sit through and gets mad when students don't show up to lecture.",0,1,1,0,0,0,0,0,So far the mean exam grade has been a 60 and he says he isn't going to curve it.,The review indicates heavy or difficult exams and substantial homework or lab workload.
MATH410_088,MATH410,Jaime Paradela,2024,5,"Regardless of who you take 410 with, it's gonna be really hard, but I think Jaime did a great job teaching it for the first time. Although he lectures straight out of the textbook, his lectures are easy to follow and fast-paced. He is very approachable and will explain things really well during office hours. He has great handwriting and his accent is very understandable. He gives out suggested practice problems that will help develop your understanding of concepts. There were two midterms and one final, all weighed together as 85% of the grade. The first midterm was pretty fair but the second midterm was very unexpected. There were 3 quizzes and 3 homeworks that were all weighed very little. He wants his students to do well as he will curve the assessments based on the average. Additionally, he will curve at the end of the semester as well. Overall, a wonderful person and decent professor.",0,1,1,0,0,0,0,0,"There were two midterms and one final, all weighed together as 85% of the grade.",The review indicates heavy or difficult exams and substantial homework or lab workload.
MATH411_016,MATH411,Giovanni Forni,2020,1,DO NOT TAKE THIS PROFESSOR He is the worst professor I have had during my undergrad studies and he should not be teaching classes. His exams were totally unfair and unrelated to the material he was supposedly teaching and his teaching was totally incoherent. I made the mistake of taking this professor but I hope others avoid making this mistake.,0,1,0,0,0,0,0,0,His exams were totally unfair and unrelated to the material he was supposedly teaching and his teaching was totally incoherent.,The review indicates heavy or difficult exams.
PHYS121_038,PHYS121,Negar Heidarian Boroujeni,2021,3,"Honestly I feel like it is absolutely do-able to pass the class, but this professor/course bothers me a lot. Maybe just not translating well to an online course, I'm not sure. Don't get exam grades back until the week before the next test (almost a month later). You have to rush so much on the exams that it definitely took a toll on my grade, prof blames it on poor time management when we are not able to finish. I am generally an A student with over 4 years of college behind me, I've always been a good test-taker and never have I struggled to complete a test in the allotted time this way. Cutoff for an A is a 95. All of this compounded with the fact that she very specifically outlines how to succeed in the class and get the grade you want, yet I do every single thing she says (plus my own tried and true methods), do just about every single practice problem supplied, and I still have a low B in the class rather than the A that I wanted. Makes me hate physics which is sad bc I was excited for physics and to learn some of the concepts behind calculus, which I enjoyed despite the difficulty (and did well in). Also since the TA's grade the exams, and we pay for the expertta homework which is autograded, I'm not sure what exactly the professor does for our class besides record lecture videos with the textbook powerpoints. I do not feel that this class provides value compared to what I am paying for the course",0,1,1,0,0,0,0,0,Don't get exam grades back until the week before the next test (almost a month later).,The review indicates heavy or difficult exams and substantial homework or lab workload.
PHYS131_027,PHYS131,David Buehrle,2023,1,"This class is horrid, the prof doesn't teach you anything during lecture and the exams are graded without any sort of feedback to help you understand what you did wrong. The homeworks are insanely long and the labs are also pointless. Everything about this class is a joke, at least each exam is curved by 20%.",0,1,1,0,0,0,0,0,teach you anything during lecture and the exams are graded without any sort of feedback to help you understand what,The review indicates heavy or difficult exams and substantial homework or lab workload.
PHYS260_159,PHYS260,Aria Heidarian,2025,5,"Heidarian is an amazing teacher. I had Bei-Lok Hu for phys161 and got an A-. The thing that sets her apart is the sheer amount of practice material she gives for exams and the length of the homeworks. For the homeworks, really try your best to understand the questions and answers even if you look up the answers. Also, I made sure to do all the practice problems she provides for each exam. Overall, one of the best professors I have had at umd.",0,1,1,0,0,0,0,0,sets her apart is the sheer amount of practice material she gives for exams and the length of the homeworks.,The review indicates heavy or difficult exams and substantial homework or lab workload.
PHYS270_048,PHYS270,Michael Crescimanno,2024,5,"I was going to give him three or four stars. His exams are insanely hard and seem almost like he did not prepare us nearly enough for the exams in class. However, he said at the beginning of the year that his class is very hard, but nobody has ever been disappointed by their grade in the class. Since the grades have been posted, everybody, including myself, have been more than content with out grades. Also, unlike some other professors who teach this class, Dr. C actually seems to care and goes out of his way for his students. Every other class there was some sort of demonstration, he made practice problems before exams, he considered each students' situation and tried to help accommodate them, and he is super friendly. My favorite things were when he brought up what seemed to be random examples, like the ""grandma bench,"" and related it perfectly back to the topics. I find that he spent the class making sure to teach at a conceptual level, even if that meant not many examples, because that is the foundation of learning any further in the course. Also, he curves so so much.",0,1,0,0,0,0,0,0,His exams are insanely hard and seem almost like he did not prepare us nearly enough for the exams in,The review indicates heavy or difficult exams.
STAT100_195,STAT100,Matthew Griffin,2025,3,"I honestly didn't have much problems in the class during the semester. However, I will say that the class lectures can be very bland as they do not provide actual information on STAT100 material. The class content is relatively simple, and you can honestly pick it up on your own. HE IS A PRICKLY GUY ABOUT ATTENDANCE AND LISTENING IN HIS CLASS. It can be very annoying because sometimes he will pause class even if there is little to no noise that would BOTHER NOBODY. Assignments are very manageable as long as you are paying attention to due dates, but the PROBLEM SETS can be a HASTLE. You have to use an app called Rstudio and you essentially have to code for this class. It is cool once you get used to it, but it can become very tedious.",0,0,0,0,0,0,0,0,,No clear workload signal.
STAT400_433,STAT400,Amandeep Chanda,2025,5,"Best TA I've had at Maryland. Always looked forward to his discussions. Explained everything step by step until everybody in the room was able to understand. Was kind, understanding, and overall exactly what you would want from a TA. Love this guy!",0,0,0,0,0,0,0,0,,No clear workload signal.
STAT401_042,STAT401,Matthias Wellershoff,2023,1,"The material is so easy that he looks for things to deduct points on for exams, and he doesn't grade homeworks the same way as exams even though it can literally be the same problems. You can't do problems your own way, you have to guess his contrived steps that are each worth 0.5 pts for each question. Getting all the right answers doesn't mean you get anywhere close to a good grade. I literally spend more time doing his steps than actually solving the questions.",0,0,0,0,0,0,0,0,,No clear workload signal.
STAT410_079,STAT410,Sandra Cerrai,2024,4,"Cerrai is a fairly alright teacher! She's definitely not the easiest teacher you could take for STAT410 (but STAT410 definitely isnt the easiest class anyways), but you definitely learn a lot from this class. As previous reviews said, it really goes far into probability and the abstract applications past it: before this point I thought it was just counting and fractions but you go way past that into honestly interesting concepts. Her teaching style is alright, though it could be improved. Especially at the start of the semester, it felt way too fast and lost in notation, though it definitely got better as time went on. I understand what the previous review said about her getting annoyed when students get confused on concepts, but I also think she got better about this as time went on. I will definitely say a gripe I had throughout the class, though, was the lack of example problems for some of the concepts in class. This isn't all the concepts, but some really lacked enough focused problems to drill down on how to apply stuff. This is more a personal thing, but I really suck at doing problems without practice and just the theoretical knowledge, so it definitely led to me spending time relooking at what I learned. The homework also helped me learn how to apply concepts; there was 7 homeworks, and each was quite difficult, taking 5+ hours usually for me. However, it is definitely really helpful to do the homeworks to learn how to solve problems, so it's definitely worth the effort. One homework was also made partially extra credit, mostly due to everyone not learning the material in class. Speaking of extra credit, all but the last test had some bonus questions worth about 6-10 points. Although I get what the previous review mentioned about her not clarifying questions well, I will still say she got better, especially for the final, as she directly clarified to the class the intent behind the first question. Each test themself was scarily consistent in difficulty (literally for both midterms and the final, median mid 70s, lower quartile high 50s, upper quartile low 90s). Testbank was personally the best way I studied for her tests. There was also a fairly large curve at the end: not sure personally how much because it hasn't been announced, but from what I can tell, at minimum 3-4% to the final grade. Overall, I'd say that despite some problems, Cerrai was a fairly nice experience, and I would say she's definitely better than what I expected from her old reviews.",0,1,1,0,0,0,0,0,"I will definitely say a gripe I had throughout the class, though, was the lack of example problems for some",The review indicates heavy or difficult exams and substantial homework or lab workload.
STAT430_010,STAT430,Susan Mazzullo,2019,5,"She is very kind and understanding, classwork is pretty chill for the most part...she now uses Zoom to conduct online lectures on Friday (as a way to practice coding in SAS), and uses Mondays and most Wednesdays (some Wednesdays we also have online lectures) for lectures. Her lectures are pretty dry though and the slides are very long, but she posts them on ELMS, so it has all the info you need.",0,0,0,0,0,0,0,0,,No clear workload signal.
BSCI160_554,BSCI160,Vadim Karatayev,2025,5,"His lectures were easy to follow and the exams were fair. One exam was dropped and another was curved, so many students didn’t even need to take the final.",0,1,0,0,0,0,0,1,"One exam was dropped and another was curved, so many students didn’t even need to take the final.",The review indicates heavy or difficult exams and challenging but fair expectations.
BSCI170_276,BSCI170,Cordelia Weiss,2025,5,This class is super easy if you review the slides because ethe exams are based on the slides. The workload is basically nothing just some weekly review quiz and an occasional graded module. Honestly such a good class and very interesting. Dr. Weiss is a great professor and funny too. Just take her class. The exam format is consistent so you know what to be prepared for.,0,1,0,0,0,0,0,0,The exam format is consistent so you know what to be prepared for.,The review indicates heavy or difficult exams.
BSCI171_044,BSCI171,Swarna Mohan,2024,5,"Honestly, as long as you read the prelabs and submit everything on time, the class is not bad at all. I get that it is too much work for a 1 credit class, but that is just expected for labs. Ask your TA for help, make sure you stay on top of tasks, and go into your TA office hours if needed. Your TA is the one grading most (if not all) of your work so as long as you follow the rubric, lab manual, and syllabus, you should be fine. Do not take the syllabus and policies as a joke. I saw some comments about how she is not good at grading, but again, the assignments are graded by TAs and there is a rubric for every assignment that basically lays out everything you need to get an A. Reread the assignment instructions and rubrics, make sure your assignment has all its components, and you will get the A.",0,0,1,0,0,0,0,0,"Honestly, as long as you read the prelabs and submit everything on time, the class is not bad at all.",The review indicates substantial homework or lab workload.
BSCI201_081,BSCI201,Maira Goytia,2025,5,"Absolutely love this professor! Works well with students about their questions, offers tons of support for the students, and grade boosts well. After each exam, there's extra credit on the multiple choice, and the quizzes are straightforward. I would always use chatgpt to get the answers and then use my own information to double check the information within the quizzes. I would always suggest going to class, even if it is to listen. Pros: Very good explanations, well designed assessment of knowledge, funny person, enjoyable class! Cons: (and this is very nit picky) over explains some topics, which limits the depth of information about other content on exams. TLDR; 10/10, very good introduction into anatomy and biological systems",0,1,0,0,0,0,0,0,"this is very nit picky) over explains some topics, which limits the depth of information about other content on exams.",The review indicates heavy or difficult exams.
BSCI207_177,BSCI207,Chloe Garfinkel,2025,5,"Dr. G is incredibly kind and a great professor. Her lectures are interesting and exams and assignments in the class are perfectly fair. Be warned that if you take her lecture, you have to socially interact with people about once a week in lecture hall, but it's not so bad. Overall totally recommend for 207. As for the class itself, it's really quite easy. It just contains massive amounts of information that you have to know. There isn't a lot of hard thinking and there are no puzzles or tricks, it's really more like listening to a long story.",0,1,1,0,0,0,0,0,Her lectures are interesting and exams and assignments in the class are perfectly fair.,The review indicates heavy or difficult exams and substantial homework or lab workload.
BSCI222_228,BSCI222,Thomas Kocher,2025,4,"Dr. Kocher has changed the course, the first 10 lectures to reflect new ideas and the shift away from DNA-centrism, such as the role of environment and non-genetic inheritance in discussions of heredity. While I find the topic fascinating, I believe it might be taking away from topics that may appear on the MCAT. While the next units will be closer to the traditional genetics class, so I cannot definitively measure the impact of changing our first 10 lectures. While people might complain about the topic change, it reflects an important and new way to view life and heredity.",0,0,0,0,0,0,0,0,,No clear workload signal.
BSCI223_057,BSCI223,Erin Tran,2025,2,"Honestly the content material itself wasn’t too difficult, but how the class was taught and tested was horrible. A flipped classroom design where there were probably around 6-10 videos a week with an absurd amount of content that was barely mentioned in class. There was truly no way to prepare for exams because Dr. Tran refused to discuss what would be on the exam, provide a guide, and wouldn’t have the layout of the exam done by the lecture before. The issue was then that the at home videos gave so much information, however there only 15 questions on an 150 point exam. Lecture is solely based on clickr questions, which for me was alright sometimes but other times 20% (of probably a 200+ lecture) would get the question right and she would take that as the class understanding the subject and move on. Lecture was truly a waste of time you were not taught anything really and would rely on students to explain complex topics and not further explain them herself. I personally watched the lecture videos and found them helpful, but I found others did not. Lab was easy because essentially you do the same thing every week and there are no lab reports to be graded. However there are numerous group assignment and presentations, if you have a good group and a good TA these assignments should be easy A’s and are probably the reason I am ending with an A-. Overall just a poorly structured and set up class with a professor who is kind but doesn’t really seem to care about the success of students.",0,1,0,0,0,0,0,0,There was truly no way to prepare for exams because Dr.,The review indicates heavy or difficult exams.
BSCI330_133,BSCI330,Kenneth Frauwirth,2024,3,"Nice guy, teaches thoroughly, and does keep to his promise of only testing what he covers in lecture. He does genuinely appear to be doing his best to make sure we learn. My only issues were these: - his MC questions are rough, because they sometimes require hyper-specific knowledge of a single thing he said in lecture - he doesn't post practice exams in a timely manner (although this may be because of personal issues he has going on) - doesn't respond to emails in a timely manner (you will likely need to talk to him in person) - slides are weirdly organized, and do NOT contain a lot of the info that will be on the exam. He says this info in lecture, so be prepared for that. - isn't very clear when lecturing as to how what we're learning fits into a larger picture. But, to be fair, that's easily resolved if you spend time with the material. Overall, biggest tips are to - keep track of which slides he does go over vs which he doesn't. Cross them out or something - bother him in person if you need something - try to review slides ahead of time so that you have a rough understanding of how the things on there work. Otherwise, sometimes you'll be completely lost during lecture (just because he does ramble and go out of order)",0,1,0,0,0,0,0,0,in lecture - he doesn't post practice exams in a timely manner (although this may be because of personal issues,The review indicates heavy or difficult exams.
BSCI353_010,BSCI353,Melissa Caras,2021,5,"These fools trippin. Professor Caras was straightforward with what she expected. You have one quiz and one worksheet per week, two midterms and a final. If you just go to lecture, read the book and review your notes before the exam you will know everything. There are no trick questions but this class does have a lot of material. Professor Caras answered all questions as best she could but she couldn't get to everything because there's a lot to get through.",0,1,1,0,0,0,0,0,"You have one quiz and one worksheet per week, two midterms and a final.",The review indicates heavy or difficult exams and substantial homework or lab workload.
BSCI410_086,BSCI410,Louisa Wu,2024,5,"I loved Dr. Wu! She's amazingly kind and wants you to succeed in her class! The material in BSCI410 can be very dense at times, but her slides helped a lot (especially if they are downloaded since there are notes at the bottom of the slides). The class consisted of three open-note exams, with the lowest one being dropped. There were also some homework assignments, short quizzes, and one-minute essays here and there, but they were not too difficult to complete. If you need help, she is VERY responsive on Piazza and through email. At the end of the semester, she offered an extra credit opportunity. If you need to take BSCI410, I encourage you to take it with Dr. Wu!",0,1,0,0,0,0,0,0,"The class consisted of three open-note exams, with the lowest one being dropped.",The review indicates heavy or difficult exams.
CHEM131_502,CHEM131,Lee Friedman,2025,1,"He is not a good lecturer and does not take the time to solve questions or clarify things for students. He answers every question he receives in class with attitude and makes it seem like the student is completely dumb for asking whatever it was. His method of presenting is not very good in my opinion, he just scribbles on a blank page for 50 minutes and it would be a lot more helpful if he had like pre-written slides that he just expanded on in class. His exams were nothing like the homework or lectures (coming from someone who didn't miss a single one) and he always said if you go to every class then you'll be fine, which was not true at all because I was always taking notes and still had to study for hours just to do mediocre on each test. Also, I find it really weird how he wants the averages for each test to be around a 55% because it just seems like he is expecting everyone to fail and instead of making the exams more like his teaching, he just doesn't care. His TA for this semester was also completely unhelpful, the discussion session was maybe 5-10 minutes long with answering 2-3 questions that were barely related to lecture and there was never any review for exams or any extra resources. I would avoid taking him if you don't have a PhD in chemistry.",0,1,0,0,0,0,0,0,"he is expecting everyone to fail and instead of making the exams more like his teaching, he just doesn't care.",The review indicates heavy or difficult exams.
CHEM132_051,CHEM132,Christiana Guest,2024,1,"This is the most god awful lab coordinator I have ever seen at UMD. She is extremely disorganized, will randomly remove and add grades back into the gradebook, and she obviously does not know how canvas works because even though all her pre-lab quizzes give you two attempts, they are muted so you won't even know if you need the second attempt. She is terrible at her job and given these reviews I don't know how she is still employed as the lab coordinator. This is the stupidest and most poorly designed class I have ever taken at UMD. Good luck.",0,0,1,0,0,0,1,0,This is the most god awful lab coordinator I have ever seen at UMD.,The review indicates substantial homework or lab workload and course disorganization.
CHEM135_409,CHEM135,Andrei Vedernikov,2025,2,"only take him if you want to spend all your time self-studying from the textbook, because the lectures do not help you at all for exams (i stopped going after getting all my clickers anyway, and a lot of people do too). on the plus side, all 3 of his midterms and the final were almost an exact copy of the practice exams he gave right before. if you read the textbook and practice those, you'll pass. but remember that chem135 IS a weed-out course so it takes a significant amount of time to study, no matter who your prof is, especially if you haven't take chem before.",0,1,0,0,0,0,0,0,"do not help you at all for exams (i stopped going after getting all my clickers anyway, and a lot",The review indicates heavy or difficult exams.
CHEM231_401,CHEM231,Bonnie Dixon,2025,5,"I'm back yet again to review my queen... I took her in CHEM131 for freshman connection and continued to take her for CHEM231. I will say, Orgo 1 was more work and much more learning than Chem 131, in my opinion. However, because it's all relatively new information, you can start orgo with a blank slate and not be weighed down if you got a bad score in gen chem. The only real thing that transferred over was electronegativity. Moreover, if you pay attention to her lectures, you will 110% never need to open a textbook or watch a YouTube video: her lectures are THAT thorough and helpful. I will repeat what I said for CHEM131 with her: if you are premed or are genuinely interested in grasping the material, PLEASE take her. I am currently taking Orgo 2 under another professor, and JUST USING Dixon's Orgo 1 knowledge, I can maintain a 97% with VERY MINIMAL studying. I literally cried at the beginning of this semester because I realized how much better of a lecturer she is than most other chemistry professors at this uni, and I would need to wait for another year or so to take biochemistry with her. Those who have been leaving one-star reviews just sound hella salty about their skill issues. It is not uncommon to struggle with bchm or orgo or any of these topics, but if you don't lock in or study when you're behind, you literally would have done badly with ANY professor. I took notes on a poopy laptop with GOOGLE DOCS and drew out the mechanisms with my mousepad on MS Paint. If you have a decent method of note-taking and the slightest willingness to engage with the class, you will do fine. There is essentially a 30-point boost on every test, such that even if you got a 90/130 (a D on the exam), you still had a 90-something in the class. Ultimately, Dr. Dixon is my goat. she is a horse among sea horses. the morning light that shines on fresh dew. the first buds of spring. the light in my eyes.",0,1,0,0,0,0,0,0,"that even if you got a 90/130 (a D on the exam), you still had a 90-something in the class.",The review indicates heavy or difficult exams.
CHEM232_041,CHEM232,Monique Koppel,2024,3,"A lot of work outside of lab. Definitely a huge step up from 132. Labs aren't terribly complicated but you have to do the prep work to get what's going on. Post lab questions were awful and graded by rotating TAs so sometimes I got 15/20 and sometimes got 5/20. Overall course grade - my 86 ended up being an A- so curve is nice. Other reviews said it's disorganized?? It's definitely well organized. Koppel sends out weekly announcements and the weekly assignment structure never really changes. (Before lab, do the pre lab assignments. In lab, do in lab sheets. After lab, do PLQs, and prep for next lab.) It was just a lot of volume of work to keep up with. Thank god I had a fantastic TA otherwise the lab would have been miserable - having a great TA helps so much.",0,0,1,0,0,0,1,0,A lot of work outside of lab.,The review indicates substantial homework or lab workload and course disorganization.
CHEM241_233,CHEM241,Bonnie Dixon,2025,1,"for one of the exams dixon put nearly 40% of the test on one question. There were 8 questions total, she put 40% on the last page. Woman is nuts. Whats the point of extra credit if theres not even enough time to get to it?? Not enough time for exams, basically no partial credit given. Multiple instances of going to office hours and her saying one thing, then next office hours she says something different, She makes many mistakes on the hws and quizzes, and will not give an email or class announcement.The only way you find out about these mistakes is through office hours. I enjoyed the content of the class, and spent many hours studying, and I actually enjoyed it. That being said I don't think Dixon is a fair grader. She is harsh, condescending, does not give back points on exams, bad at communicating, overall not a nice lady. Take another professor if you can.",0,1,0,0,0,1,0,0,for one of the exams dixon put nearly 40% of the test on one question.,The review indicates heavy or difficult exams and harsh or unfair grading.
CHEM271_205,CHEM271,Jason Kahn,2025,1,"While he is knowledgable about chemistry and especially biochemistry, he tries to incorporate other course topics into gen chem 2 that don't have much relation to the class. This makes all his exams unnecessarily difficult and significantly brings down the average. The homeworks seem easy enough but their topics are like almost never incorporated into his actual exams, which are all concept-based towards physics and biochemistry. Only thing somewhat helpful when studying are the old practice exams, because the lecture notes don't go deep enough into each topic to properly help you on the exam. Another thing, he goes through Matlab multiple times during each lecture that nobody knows what is happening or even properly follows, but he still does it anyway. The way he curves it is insane too, as it is based on how you do compared to everyone in the class, which is useless because then it becomes entirely based on tests since almost everyone does the homework and gets full points. Y'all are stuck in between a rock and a hard place with him and Migneray.",0,1,1,0,0,0,0,0,This makes all his exams unnecessarily difficult and significantly brings down the average.,The review indicates heavy or difficult exams and substantial homework or lab workload.
CHEM272_018,CHEM272,Amanda Schech,2021,4,"Dr. Schech's lectures are very helpful in providing the necessary background information and calculations needed for the lab. Her answers to email questions are pretty clear. Her answer on Piazza can be a little unclear and frustrating since she tells you to refer back to lectures a lot. The lab reports are the worst part of the class since they take hours (I took at least 4-5 hours on them) to complete since you have to analyze data and be very careful with significant figures. Overall, the materials were not hard but can be confusing sometimes. I suggest having a friend you know so you can ask quick questions about the lab and utilize office hours/Piazza/TA's and Dr. Schech's email.",0,0,1,0,0,0,0,0,Schech's lectures are very helpful in providing the necessary background information and calculations needed for the lab.,The review indicates substantial homework or lab workload.
CMSC131_391,CMSC131,Ilchul Yoon,2025,2,"Yoon is nice person, but should not be teaching this class especially. Projects are easy but exams are unfair and completely unrelated to any other work we do in the class. Most multiple choice questions are on random niche things that he talked about for 30 seconds and have one bullet point on a random lecture slide. He tests on things beyond the scope of 131, such as sorting algorithms. He also gets into convoluted explanations of topics that do not help with understanding the topic add hand. Avoid yoon if possible, especially for 131. If you have him be sure to go over all the lecture slides before exams/quizzes and do your own research on things that are not fully explained in the slides.",0,1,0,0,0,0,0,0,Projects are easy but exams are unfair and completely unrelated to any other work we do in the class.,The review indicates heavy or difficult exams.
CMSC132_447,CMSC132,Pedram Sadeghian,2025,2,"There is no curve. English 101 and this course will have the exact same grading scale. Good luck. Pedram is a very nice guy and I have absolutely nothing against him it's just kind of insane that our grade averages were barely 60's and other professors had 88's consistently, along with no curve for the final grade. good luck",0,1,0,0,0,1,0,0,"our grade averages were barely 60's and other professors had 88's consistently, along with no curve for the final grade.",The review indicates heavy or difficult exams and harsh or unfair grading.
CMSC216_413,CMSC216,Christopher Kauffman,2025,3,"I wasn’t a huge fan of this class overall. The projects were challenging, but they were also very effective in helping me understand the concepts covered in lectures and I liked that they were all public tests. My biggest tip for future students is to focus on fully understanding the projects and not just finishing them, as this will help a lot on exams. Many exam questions required implementing a function as an extension of a recent project, which I found a bit unfair. Projects are designed to take time and allow collaboration with TAs, so having similar tasks on timed exams felt unrealistic. On the other hand, the homeworks and labs were helpful for reinforcing concepts. However, one thing I didn’t like was having to complete them before those concepts were taught in lecture a lot of the time. This often made them feel pointless initially, and I ended up revisiting the labs and homeworks closer to exams to actually learn from them. What I struggled with most were the exams. Despite being open note, they were extremely difficult, and the single practice exam provided by Kauffman was significantly easier than the actual exams, making it less useful for preparation. Even though I reviewed all the labs, homeworks, projects, lecture slides, and attended or watched every lecture, I still found the exams to be tough.",1,1,1,0,0,0,0,0,"The projects were challenging, but they were also very effective in helping me understand the concepts covered in lectures and","The review indicates intensive project workload, heavy or difficult exams, and substantial homework or lab workload."
CMSC250_462,CMSC250,Mohammad Nayeem Teli,2025,5,"250 is really easy and do able with Teli. And he teaches really well in my opinion too. He dumbs down the concepts really well, and I love his recordings, it's good quality. Quizzes and exams are also really easy with Teli. It does require decent amount of studying for it, but you should do well on his exams in the end. Homeworks can be a bit challenging but that's do able too. Overall, TAKE TELI! He really teaches well, he's knowledgeable, plus easy class overall with him.",0,1,1,0,0,0,0,0,"It does require decent amount of studying for it, but you should do well on his exams in the end.",The review indicates heavy or difficult exams and substantial homework or lab workload.
CMSC320_178,CMSC320,Maksym Morawski,2025,3,"Max is one of those younger instructors that curses during class so people know hes chill. - Did you think the exams or other major assignments were fair? This class had some good homeworks. They are pretty open-ended and feel like something you might actually do in the real world. I felt like I learned a lot from them. Exams, on the other hand, were kind of annoying. They were not difficult, but max tries to be different and ask questions that ask you to apply your knowledge instead of just memorizing stuff. I think that is actually a pretty noble goal, but in practice, a lot of the one-part questions are memorization anyways, and the longer questions are often poorly worded and kind of confusing. Overall I think he tries too hard to make be different from the other instructors. He also gives a lot of extra credit opportunities. - Did you think the professor had reasonable expectations of the students in the course overall? Yea - Were you a fan of the professor's teaching style? Max is pretty disorganized. A lot of the time he will leave notes for himself in his slides, forget about them, and fix them on the fly during lecture. There was also an approximately two week stretch where he gave the 75 minute class 50 minute lectures. He's a pretty good speaker, but I didn't really pay attention and still did fine. Lecture recordings weren't posted, you had to email him if you missed a class for the lecture for some reason. He got tired of this in the middle of the semester and posted them though. The due dates for assignments were also all jacked up and always needed clarification on piazza. Also Exam #3 was on the last day of class???? It was more difficult than the other ones and was literally a week before the final, which I thought was stupid. - Was the workload appropriate for the number of credits? Yes - Was this course a waste of time or was it beneficial in some way? The homework projects were very good. - How much support were you given throughout the semester (office hours, extra resources, etc.)? He is a pretty hands-off professor. Piazza presence could be higher. He kind of expects you to figure a lot of stuff out, but it is totally manageable. Overall, class is pretty easy.",0,1,1,0,0,0,1,0,- Did you think the exams or other major assignments were fair?,"The review indicates heavy or difficult exams, substantial homework or lab workload, and course disorganization."
CMSC330_220,CMSC330,Cliff Bakalian,2024,5,"He's a cool professor. Average at lecturing and boring at times but he'll crack jokes and answer student's questions very well. The course content itself is boring. Probably the most boring CS class I've taken (but not Cliff's fault lol). Medium difficulty and easier than 216 IMO. I'd recommend taking cliff and think his more recent reviews reflect him better than the old ones. Seemed like he wasn't too good at lecturing as a fresh grad I guess, but he worked out the kinks from his previous course mishaps and lecturing style. Also lectures are not recorded but his slides are detailed and he gives a ton of extra practice. There's easy weekly lecture quizzes, and he posts all the previous semester's exams and quizzes so there's a TON of study material.",0,0,0,0,0,0,0,0,,No clear workload signal.
CMSC351_304,CMSC351,Clyde Kruskal,2024,2,Does not give syllabus for class. Does not tell you date of exams until the week before.,0,1,1,0,0,0,0,0,Does not tell you date of exams until the week before.,The review indicates heavy or difficult exams and substantial homework or lab workload.
CMSC411_008,CMSC411,Michelle Hugue,2020,1,"Meesh is not a teacher. Meesh is a course coordinator. She sends students on a scavenger hunt looking for course material and then expects them to complete massive exam packets as if we learned enough from her to be able to complete even a portion of them. Instead of providing recorded lectures or even lecture notes, she links to other professors' lectures (I don't think she got permission), and random articles that are completely irrelevant to the questions she asks on examinations. She is very lazy and refuses to answer small questions because she answered them before, and you have to find them on her out of date ELMS pages. When I asked her a question about how things were being handled due to the move online (COVID-19), she gave an extremely rude response, giving the excuse that these things should be obvious when they are clearly not. Just the worst experience I have ever had in a class at Maryland. In fact its not a class, its paying close to 2000$ for the right to take exams.",0,1,0,0,0,0,0,0,and then expects them to complete massive exam packets as if we learned enough from her to be able to,The review indicates heavy or difficult exams.
CMSC414_045,CMSC414,Michael Marsh,2023,2,"Marsh used a flipped classroom model with soft deadlines for 414, which based on other reviews is something that he does frequently. As a lecturer he is pretty good and engaging, however, I disliked pretty much every other thing about his teaching style and class structure. Soft deadlines is great on paper, until you realize that they provide absolutely no motivation to get any work done before the end of the semester, which is something that every other student I've talked to has also struggled with in this class. Additionally, it is much harder to be motivated to watch an hour worth of lecture videos than it is to attend lecture. Finally, his instructions for the projects are essentially completely useless and don't give any guidance at all. I legitimately do not believe I learned a single thing from this class.",0,1,0,0,0,0,0,0,"Finally, his instructions for the projects are essentially completely useless and don't give any guidance at all.",The review indicates heavy or difficult exams.
CMSC417_017,CMSC417,Samrat Bhattacharjee,2021,2,"Please do yourself a favor and take any other professor for this course if you can. Don't get me wrong, he's an incredibly smart professor, but he is just incredibly mean and his courseload is suffocating.",0,0,0,0,0,0,0,0,,No clear workload signal.
CMSC420_159,CMSC420,Narayanaswamy Narayanaswamy,2024,4,"Like many have said this class is not easy, but I felt Narayanaswamy wanted to help the students whenever he could, and although the class seemed a bit disorganized since this is his first semester teaching at UMD and it is apparent he is still making adjustments to his teaching style and course structure I think it is understandable. Exams are not easy but if you read his notes and the text they are manageable. Projects are also pretty challenging with very strict time requirements which I found made them more interesting to do. He is also very willing to give extensions and partial credit when asked which I also appreciate.",0,0,0,0,0,0,1,0,and although the class seemed a bit disorganized since this is his first semester teaching at UMD and it is,The review indicates course disorganization.
CMSC421_038,CMSC421,Tianyi Zhou,2023,1,"I do not know how this mans average rating is a 3.43. Maybe cuz he seems nice? This class is terrible and he is the worst professor I have ever had at UMD. The class has no structure, the assignments are off things he has never taught us, and 20% of our grade is for attendance. I would never reccomend this class or Mr. Zhou to anyone. He is the worst professor I have ever witnessed in my academic career. He should be fired.",0,0,1,0,0,0,0,0,"The class has no structure, the assignments are off things he has never taught us, and 20% of our grade",The review indicates substantial homework or lab workload.
CMSC422_009,CMSC422,Ramani Duraiswami,2021,3,"Lectures are handwritten, which is horrible. They request you read the textbook before the lecture, but then review it verbatim, therefore making reading the textbook feel a little frustrating. However, he is quite knowledgeable and communicates content pretty effectively. He combines his lectures with the other professor, and it just ended up being really annoying. Especially since the other professor was significantly worse at teaching than he was.",0,0,0,0,0,0,0,0,,No clear workload signal.
CMSC424_055,CMSC424,Peter Keleher,2023,1,"He could be the worst professor in the entire CS department. Boring lectures, useless slides, and generally dishonest. He promised a curve for the class in the very first lecture and completely ignored it. He also reiterated that there would be a curve before taking the final, saying last semester's A- was about an 86 and that this semester would be similar. He then gave no partial credit on the final and the A- was a HARD 90 (89.9 does not go). Awful professor, communicator, and generally dishonest. AVOID HIS CLASS AT ALL COSTS",0,1,0,0,0,1,0,0,"would be a curve before taking the final, saying last semester's A- was about an 86 and that this semester",The review indicates heavy or difficult exams and harsh or unfair grading.
CMSC426_022,CMSC426,John Aloimonos,2023,1,"The professor simply does not cover content that is pertinent to the exams or to the projects. The course lecture slides are not ordered and you are expected to just know which ones are which? We also had to pressure him for an exam guide because he said ""the lectures are your review"" (not really sure how that works?). When we got the exam guide they (teaching staff) refused to put out an answer key and we were expected to dig through the unorganized notes to find the answers (again, why?). He banned a ton of the functions that previous semesters were allowed to use and it truly made the projects excessively difficult to do--seriously, look them up. Make sure you know your linear algebra skills because any misrememberance will be met with ""you should've internalized this information"" in a truly incomprehensible accent.",0,1,0,0,0,0,0,0,The professor simply does not cover content that is pertinent to the exams or to the projects.,The review indicates heavy or difficult exams.
CMSC430_003,CMSC430,Thomas Gilray,2017,5,"I think this was Gilray's first time teaching CMSC 430, and he did a really good job. The content is quite tough and some projects are very challenging, but Gilray held office hours right after class to answer any questions. If you weren't able to catch him then, he's very active on Piazza and is really knowledgeable on the content. He's also very understanding and knows that his class is tough, and as such he gives out extensions on the projects on a case by case basis. Some of the lectures themselves are very heavy, but Gilray does a good job explaining the material and don't be afraid to ask questions! Overall a great instructor and just a great guy in person.",1,0,0,0,0,0,0,0,"The content is quite tough and some projects are very challenging, but Gilray held office hours right after class to",The review indicates intensive project workload.
CMSC434_006,CMSC434,Evan Golub,2020,1,"The professor is nice, but the lectures are kinda boring. You don't really need to go to class, especially when they are zoom meetings. The grading of the exams seems strict to me. The average of the exams is also lower than I expected. The group project really takes some amount of time, if you have bad teammates then good luck on dealing with them.",0,1,0,0,0,0,0,0,The grading of the exams seems strict to me.,The review indicates heavy or difficult exams.
CMSC451_040,CMSC451,Laxman Dhulipala,2022,5,"Lectures are written on iPad. He keeps lectures interesting by relating algorithms to the history and intent of them in the past. His explanations focus on building intuition for algorithms and he answers questions thoroughly. The class is good for building general algorithms intuition which may help in other coursework. The class is a decent amount of work, the homeworks each take 6-8 hours and are quite difficult. The exams are reasonable. He is open to suggestions since he is new at teaching but he is doing a good job already.",0,1,1,0,0,0,0,0,The exams are reasonable.,The review indicates heavy or difficult exams and substantial homework or lab workload.
CMSC456_019,CMSC456,William Gasarch,2021,2,Very WEIRD profesor who typos a lot. Not sure why he is a computer science professor when all he does is MATH. After 5 months he still doesnt know my NAME. I am surprised he is alowed to make bets with students.,0,0,0,0,0,0,0,0,,No clear workload signal.
INST326_028,INST326,Aric Bills,2023,5,"Aric and his class are fantastic. His coursework can be tough, but you get some valuable learning out of everything you do in Python. Although you learn a good chunk of the course content online for homework, The lecture videos he posts every week are nice and easy to follow and make examples out of for homework and projects. His exams are tough but reasonable, and they follow the structure of the practice exams almost to a tee. The cherry on the top is that his office hours are very open-ended and are online, too, so you can drop in whenever they're open (they're open quite frequently and even go pretty late some nights) and get some big help with anything you're having issues with. Overall, coming from comp sci, his course structure is definitely a league above any other programming class I've taken here so far.",0,1,0,0,0,0,0,1,"His exams are tough but reasonable, and they follow the structure of the practice exams almost to a tee.",The review indicates heavy or difficult exams and challenging but fair expectations.
MATH140_479,MATH140,Anna Szczekutowicz,2025,5,"Fall 2025 Professor S is a very kind and knowledgeable professor. Her lectures are 3 times a week, with TA-led discussions twice a week. In lecture, she uses her iPad and writes the notes to upload to ELMS after class. She will introduce a new concept and explain it, then do several practice problems on it. The lectures are well paced-and she explains every concept very well. She provides past exams along with plenty of homework problems (ungraded) to give you more practice with each section. She will sometimes teach things out of order, but that is for the better, as often things will come up later in the textbook that really should have been explained earlier, and she recognizes that. The bi-weekly discussions are led by the TAs, who are all wonderful as far as I can tell. You get a worksheet every Thursday on the previous few lectures' content. Every Tuesday (except after exams and breaks) you get a one-question quiz during the last ten minutes of discussion, but you get the rest of the time to ask homework questions and work on content. The TAs are super lenient, and are all very knowledgeable on the subject. I'd say overall, Professor S is the best choice you can take for MATH140, and I highly recommend.",0,1,1,0,0,0,0,0,She provides past exams along with plenty of homework problems (ungraded) to give you more practice with each section.,The review indicates heavy or difficult exams and substantial homework or lab workload.
MATH141_514,MATH141,Roohollah Ebrahimian,2025,5,"Dr. Ebrahimian is a very passionate and caring professor, and you can really tell that he loves what he does. He has a good sense of humor and is really helpful, so I would 100% recommend taking him. The class consists of weekly quizzes and hw submissions, 3 tests, and a final (30% of your grade). The class itself it honestly hard and fast paced, but I don't blame that on the professor, its more of the nature of Math141.",0,1,0,0,0,0,0,0,"The class consists of weekly quizzes and hw submissions, 3 tests, and a final (30% of your grade).",The review indicates heavy or difficult exams.
MATH240_339,MATH240,Sudheer Shukla,2025,5,"no idea why his ratings are so low. sudheer was my ta for linear algebra and was genuinely so sweet and encouraging. i knew a lot of the questions i asked him during office hours were lowkey stupid, but he still answered them regardless--often giving follow-ups to ensure i actually understood the material. you can tell he truly cares about his students. he asks you what your name is and actually remembers it, which is extremely rare for any instructor to due in a class as large as 240. he also would check up on us, provide extra study material, and take hours out of his week to host exam review. not really much more you could ask from a ta. if you end up having sudheer as an instructor, know that you are in good hands.",0,1,0,0,0,0,0,0,"would check up on us, provide extra study material, and take hours out of his week to host exam review.",The review indicates heavy or difficult exams.
MATH241_500,MATH241,James Conway,2025,5,"Good notes, lectures are all recorded, and notes are posted; exams are very fair, so no complaints at all. Very understanding and nice professor as well.",0,1,0,0,0,0,0,1,"Good notes, lectures are all recorded, and notes are posted; exams are very fair, so no complaints at all.",The review indicates heavy or difficult exams and challenging but fair expectations.
MATH246_335,MATH246,Manoussos Grillakis,2025,2,"I didn't attend his lectures, I just used Justin's notes. But discussions were helpful. He has a really good curve. (Spring '25)",0,0,0,0,0,0,0,0,,No clear workload signal.
MATH310_043,MATH310,Steven Chadwick,2023,5,"Professor Chadwick is a awesome. His lectures make sense and if they don't he'll answer any questions in a way that will make sense for you. He's also super helpful during office hours if you have any homework or general questions. In addition, his exams and due dates are very reasonable, you won't find any question on exams that you haven't already covered in class prior to the exam.",0,1,1,0,0,0,0,0,"In addition, his exams and due dates are very reasonable, you won't find any question on exams that you haven't",The review indicates heavy or difficult exams and substantial homework or lab workload.
MATH401_077,MATH401,Rodrigo Trevino,2023,5,"Great class, Dr. Trevino was very fun and the examples made the class fun to be in.",0,1,0,0,0,0,0,0,Trevino was very fun and the examples made the class fun to be in.,The review indicates heavy or difficult exams.
MATH403_013,MATH403,Patrick Brosnan,2019,5,"An awesome professor. Although MATH403 is a hard class, Patrick made the content enjoyable and easy to understand. He is super helpful during office hours and is looking out for his students.",0,0,0,0,0,0,0,0,,No clear workload signal.
MATH405_007,MATH405,Matei Machedon,2020,3,"Professor Machedon is by far one of the nicest professors one could ever take at the university. I think he really takes time to help you succeed if you ask for it. Even so, there were some things that could be improved about the course. I think he lectured a little too slowly. The exams were also really easy, which concerned me, both the people who scored abysmally on them and the people who did well on the exams and did not understand anything that went on in the class. The textbook he uses for 405 (Curtis) I feel is pretty crummy as well.",0,0,0,0,0,0,0,0,,No clear workload signal.
MATH406_021,MATH406,Nathan Manning,2020,5,"Great guy, knows the material well and makes jokes in the class. First exam was too long, he listened and vastly improved exam 2.",0,1,0,0,0,0,0,0,"First exam was too long, he listened and vastly improved exam 2.",The review indicates heavy or difficult exams.
MATH410_087,MATH410,Arka Adhikari,2024,5,"Professor Adhikari is a very nice and organized professor. We have weekly homeworks that are often pretty straight-forward and prepare you for the exams. The exams were pretty straight-forward as well, however the fourth question was always a bit of a harder question. He has made MATH410 feel like a pretty ""easy"" class (as easy as 410 can be). As someone who was scared to take 410, that feeling has gone away since being in this class. I highly recommend professor Adhikari for any math class.",0,1,1,0,0,0,0,0,We have weekly homeworks that are often pretty straight-forward and prepare you for the exams.,The review indicates heavy or difficult exams and substantial homework or lab workload.
MATH411_015,MATH411,Giovanni Forni,2019,4,"He's a funny guy, really smart too. His lectures are ok, but you doesn't follow the textbook very strictly, so oftentimes I had no clue what was going on. His midterms are ridiculously hard, while the final is somewhat more reasonable. That said, he curves to a B average, which is pretty generous. His style of teaching is different from others, but the way his exams destroy your self-confidence gives you great perspective on how little you really know.",0,1,0,0,0,0,0,0,"His midterms are ridiculously hard, while the final is somewhat more reasonable.",The review indicates heavy or difficult exams.
PHYS121_037,PHYS121,Ki-Yong Kim,2021,2,"I had never taken a Physics class before, and the amount of knowledge he expected you to know ahead of time didnt seem fair. He has a very thick accent, which I feel like isnt that big of a problem, but his way of explaining does not come off as very helpful. In my eyes, he's almost TOO smart to be teaching a basic physics class.",0,0,0,0,0,0,0,0,,No clear workload signal.
PHYS131_026,PHYS131,David Buehrle,2023,4,He's a very engaging professor but the exams and grading is hardddd. Thankfully theres a nice curve and a bunch of additional assignments to help you cushion your grade. Just study the hw problems and practice exam to prep for the exams. Make use of tophat too.,0,1,1,0,0,0,0,0,He's a very engaging professor but the exams and grading is hardddd.,The review indicates heavy or difficult exams and substantial homework or lab workload.
PHYS260_158,PHYS260,Matt Bravo,2025,4,"He's extremely knowledgeable in the subject, is extremely good at explaining things and really wants students to succeed. The only reason he doesn't get 5 stars is because he explains the most complicated scenarios that weren't ever on any midterms or tests.",0,1,0,0,0,0,0,0,doesn't get 5 stars is because he explains the most complicated scenarios that weren't ever on any midterms or tests.,The review indicates heavy or difficult exams.
PHYS270_047,PHYS270,Hailu Gebremariam,2024,4,"Had Hailu for 270 and 260; he can definitely be a bit boring during lecture but he generally explains things pretty clearly and is happy to answer questions. Quizzes were generally very easy, and exams were pretty fair(moreso in 270 than 260), but were difficult to prepare for as no practice materials were released. My advice would be to be familiar with the example problems covered during lecture and the hw, as these were generally very similar if not identical(with different numbers) to many exam problems.",0,1,0,0,0,0,0,0,"during lecture and the hw, as these were generally very similar if not identical(with different numbers) to many exam problems.",The review indicates heavy or difficult exams.
STAT100_194,STAT100,Matthew Griffin,2025,2,"This is a very easy class. You will do well. But that said, the teaching style is beyond tedious as the teacher treats his students as if they were enrolled in a secondary educational course. Attendance is mandatory so plan to bring something else to do as 99% of content is review.",0,0,0,0,0,0,0,0,,No clear workload signal.
STAT400_432,STAT400,Sana Jahedi,2025,3,"I guess in the fall Sana was too lenient and people didn't learn well, so she unfortunately way overcorrected this semester to the point where the class was unreasonably difficult. The lack of practice quizzes and exams made it very hard to study, especially because her somewhat arbitrary ordering and numbering of topics made it hard to use other books and resources. However, Sana seems like a very kind person who genuinely just really wanted her students to learn and went about it the wrong way. I think that in time as she fine-tunes her teaching style she will be a really great professor.",0,1,0,0,0,0,0,0,"The lack of practice quizzes and exams made it very hard to study, especially because her somewhat arbitrary ordering and",The review indicates heavy or difficult exams.
STAT401_041,STAT401,Archana Khurana,2023,5,"As most other reviews say, she is extremely nice and helpful. I had friends taking STAT401 with other professors at the same time and it seems to be much more work with others. Quizzes and worksheets are almost entirely multiple choice with six VERY simple projects. We were allowed to choose the software we used but she said she will be switching to Minitab next semester for the projects to be more inline with her lower-level courses. Exams you have cheat sheets, so it is very low stress around exam time. Highly recommend her for STAT401.",0,1,1,0,0,0,0,0,"Exams you have cheat sheets, so it is very low stress around exam time.",The review indicates heavy or difficult exams and substantial homework or lab workload.
STAT410_078,STAT410,Sandra Cerrai,2024,5,"Great professor, teaches the material using proofs and examples, which gives a very holistic understanding of a given concept. I think her midterm exams might have been more difficult than other professors, but her final was straightforward. Her midterms also compensated for difficulty with extra credit. I've heard that the curve on the final grade was extremely generous. Highly reccomend taking Cerrai if you want a good understanding of concepts, and not just for the grade.",0,1,0,0,0,0,0,0,"Great professor, teaches the material using proofs and examples, which gives a very holistic understanding of a given concept.",The review indicates heavy or difficult exams.
STAT430_009,STAT430,Emily Francis,2019,1,Terrible professor. Unorganized slides and consistently retroactively changes assignment questions after they have already been posted. Material is easy but the class is incredibly frustrating.,0,0,1,0,0,0,0,0,Unorganized slides and consistently retroactively changes assignment questions after they have already been posted.,The review indicates substantial homework or lab workload.
BSCI160_553,BSCI160,Chloe Garfinkel,2025,5,"I absolutely love this professor; she is super sweet, and her exam study guides are very helpful in reviewing for the tests! This course is a lot of work, but she made me excited every day for biology! Would definitely recommend going to her office hours as well because she really breaks down the key concepts in ways that are much easier to understand, and her office hours leading up to the exams you have to go to! She is deliberate in what she talks about during those review sessions to help prepare everyone for the test!",0,1,0,0,0,0,0,0,"love this professor; she is super sweet, and her exam study guides are very helpful in reviewing for the tests!",The review indicates heavy or difficult exams.
BSCI170_275,BSCI170,Eric Haag,2025,1,He is obviously so smart and is a very nice guy but honestly not a good professor. Speaks to the class like they are colleagues in ways that are hard to understand especially if you are trying to take notes at the same time. Exams are so hard to prepare for because you basically will have to reteach yourself EVERYTHING because he talks to the class like they are biology experts and it is so hard to actually understand. Literally doing the simbio homework assignments helped me learn more than any single one of his lectures. I literally cannot wait for this class too be over. If you can DO NOT TAKE THIS COURSE WITH HIM.,0,1,1,0,1,0,0,0,Exams are so hard to prepare for because you basically will have to reteach yourself EVERYTHING because he talks to,"The review indicates heavy or difficult exams, substantial homework or lab workload, and required self-learning."
BSCI171_043,BSCI171,Swarna Mohan,2024,3,"Annoying class, but pretty easy work. She is super strict on the grading and you could lose points for a small mistake like forgetting to capitalize something. Overall the class is easy and the practical is actually a joke, should be a free A. Does kinda depend on how good your TA is because if they don't know how to answer some of your questions you might be a little confused.",0,0,0,0,0,0,0,0,,No clear workload signal.
BSCI201_080,BSCI201,Maira Goytia,2025,3,"Dr. Goytia is a genuinely kind and supportive professor who truly wants her students to succeed. She provides all assignments and lecture slides at the beginning of the semester, which is helpful for planning your studies. However, her lectures can feel a bit unorganized, and the slides are difficult to follow on their own without her explanations. Fortunately, Dr. Goytia records all her lectures, allowing you to replay them while reviewing her slides, which is a great resource. She also offers a practice exam before each test and gives students the opportunity to earn 3 extra credit points for test corrections after every midterm. While ""extra credit"" might sound exciting, keep in mind that these points only add up to a whopping 9 out of 1,000 total class points, so their impact is minimal. On the plus side, you're allowed to bring a one-sided cheat sheet for each exam, including the final, which can be incredibly helpful. Tips for Success: Study every diagram on her lecture slides thoroughly, as two of them will appear on each midterm, requiring you to label them. You can even print these diagrams and include them on your cheat sheet. Pay close attention to the wording of her True or False questions—they can be tricky. For the lab, which makes up 42% of your grade, memorize every diagram on the lab slides. Using Anki for this is highly effective. Overall, she is a 3.5-star professor. With careful preparation and by taking advantage of the resources she provides, you can succeed in Dr. Goytia's class.",0,1,1,0,0,0,0,0,She also offers a practice exam before each test and gives students the opportunity to earn 3 extra credit points,The review indicates heavy or difficult exams and substantial homework or lab workload.
BSCI207_176,BSCI207,Karen Carleton,2025,5,"Super nice, helpful, explains very in depth in office hours, understanding and overall amazing person!",0,0,0,0,0,0,0,0,,No clear workload signal.
BSCI222_227,BSCI222,Thomas Kocher,2025,1,"It's been 3 weeks into the semester and I AM NERVOUS. Dr. Kocher (unfortunately) decided to take a different approach to teaching this semester, which is going horribly. The first 10 lectures/first exam there is no textbook and he does not record his lectures, so if you miss class for whatever reason, you'll struggle trying to catch up. His lectures are very disorganized and all over the place, with these lectures not even having much relevance to genetics. He mentions complicated terms and definitions and doesn't even take the time to define them. Let me tell you, 99% of the class is completely lost, you should see the groupme. On top of all of this, he is arrogant, rude, and condescending. I would just switch professors but he's the only option for this semester, so unfortunately I am stuck with him.",0,1,0,0,0,0,1,0,"The first 10 lectures/first exam there is no textbook and he does not record his lectures, so if you miss",The review indicates heavy or difficult exams and course disorganization.
BSCI223_056,BSCI223,Aiswarya Suriaprakash,2024,5,Absolutely loved her! She helped me a lot with figuring out what was going on in lab and helped when I didn't understand how lecture concepts applied in lab. She also hosted a review session before each exam that helped me do a complete review. She does a great job explaining lab protocols and making sure that everything is running smoothly. She's very approachable and you'll have a lot of fun in her class!,0,1,1,0,0,0,0,0,She also hosted a review session before each exam that helped me do a complete review.,The review indicates heavy or difficult exams and substantial homework or lab workload.
BSCI330_132,BSCI330,Kenneth Frauwirth,2024,3,"Late to every lecture. His solution is to talk like he's auditioning for Gilmore Girls, and extend the lecture past the class time (cracking open a new slide deck with 45 seconds left), and yell at students who leave when the class is supposed to end. Exams are intentionally tricky, feedback/explanations are nonexistent. not sure why others are being so lenient when he is so harsh to us. to be fair, this class is pretty predictable and low effort when there aren't impending exams (that he moves around. multiple times. for some reason.) He's very passionate about the topics but he's also a grump.",0,1,0,0,0,0,0,0,"Exams are intentionally tricky, feedback/explanations are nonexistent.",The review indicates heavy or difficult exams.
BSCI353_009,BSCI353,Melissa Caras,2021,1,I agree with everything these people have said about Caras. I talked to people who previously took this class and they said you could get an A with a decent amount of work but she structures the class extremely poorly to the point that lectures are hard to follow. She talks very fast and refuses to slow down. She doesn’t care at all if we actually understand the material and says that we should just look in the textbook when we have questions. I was so excited to take this class but instead because of her this was the worst class I’ve taken in my college career. She designed this class to be harder than biochem and that’s not an exaggeration. She makes questions from textbook material even if she doesn’t go over it in class but the textbook is columns of information that are hard to follow and consolidate. Please don’t make the mistake of taking her for this class.,0,0,0,0,0,0,0,0,,No clear workload signal.
BSCI410_085,BSCI410,Louisa Wu,2024,1,"I don't understand why Dr. Wu has such high reviews. Everyone loves her for her personality (including me), but I've found her to be a terrible lecturer. She's often frazzled, and comes into class just to read through the slides quickly to info dump on us. I also find it difficult to follow along with her teachings because she often explains things in a convoluted way when there's an easier way to get to the point, and she tends to include an ""um"" or ""you know"" in every sentence which is extremely distracting. Additionally, I wish she was a bit more rigid with her rules because it sometimes feels like students overstep her and she gets extremely upset/slightly passive aggressive about it. It's difficult to respect her classroom structure (in terms of how poorly exams are written, how strictly homework is graded, how randomly extra credit is rewarded) because she doesn't set the standard. For example, part of her extra credit is to ask questions for presenters in class, but she determines whether the question is ""good"" or not, which makes it seem purely subjective. There's also no practice exams or extra practice problems for you to review prior to the exam. The only things that I've studied are the slides and the 2 homeworks we get assigned before the exam (each hw has about 2 problems max). Overall, pretty frustrating.. Dr. Wu is the sweetest soul but I don't believe that should make up for her work as a professor.",0,1,1,0,0,0,0,0,"classroom structure (in terms of how poorly exams are written, how strictly homework is graded, how randomly extra credit is",The review indicates heavy or difficult exams and substantial homework or lab workload.
CHEM131_501,CHEM131,Samuel Lascio,2025,5,"A really great professor who did a great job of making the material understandable and providing many ways to review/practice. He obviously cares about his students, and has been very accommodating in holding review sessions and extending homeworks. However, I will say this class was difficult and his practice exams were not a true representation of how hard the actual exams would be. The average on each exam was usually around 50%, and because he does not put all grades in and apply the curve until the end of the semester it is hard knowing what grade you can expect. Still, the curve for our class was over 10%, so as long as you can get above average on the exams you can get a good grade.",0,1,1,0,0,0,0,0,this class was difficult and his practice exams were not a true representation of how hard the actual exams would,The review indicates heavy or difficult exams and substantial homework or lab workload.
CHEM132_050,CHEM132,Christiana Guest,2024,1,"gives unclear instructions, and you'll never actually see her in person. I'm not actually sure what she does because she has TA's grade everything but get that bag I guess.",0,0,0,0,0,0,1,0,"gives unclear instructions, and you'll never actually see her in person.",The review indicates course disorganization.
CHEM135_408,CHEM135,Samuel Lascio,2025,5,"Chem135 is a BRUTAL course. Dr. Lascio is funny, his office hours are very useful, homework help, provides practice midterms that are similar to his midterms, and provides a flashcard for exams (including the final). Probably the best chem135 professor",0,1,1,0,0,0,0,0,"are very useful, homework help, provides practice midterms that are similar to his midterms, and provides a flashcard for exams",The review indicates heavy or difficult exams and substantial homework or lab workload.
CHEM231_400,CHEM231,Donald Hong,2025,4,"A lot of people trash talk him but I really liked Dr.Hong. It was his first semester teaching orgo and I think he did great. I feel like if you go to lecture, do the homework (easy 5 points just for completion), and study using his practice exams along with some YouTube videos, there's almost no way for you to fail the course. No chemistry class will be an easy A but if you put in the work, taking Hong won't be bad.",0,0,0,0,0,0,0,0,,No clear workload signal.
CHEM232_040,CHEM232,Monique Koppel,2024,5,"Your success in this class depends on your TA (plain and simple). The lab reports and assignments were not very difficult for me, but that opinion was different for others. My TA was amazing, she would help us work through a problem, or during dry labs, she would go through the worksheet with us, and she would outright say if the answer was right or wrong. The grading on lab reports was a little harsh this semester because the way Koppel let the TAs grade was different than previous semesters (they weren't given answer keys until after a report was submitted, and only to the TA grading the report). I didn't meet Koppel in person, but she releases an announcement before the week starts stating what is due or what we are doing in lab that is helpful. I watched the lab demonstrations at 2x to prep the labs, but I never watched the pre-lab lecture videos she posted (I tried at the beginning, but got lazy later). For the practical, I used a study guide given out by the TAs and I got 100% (ask them for it if they don't give it to you automatically). Also, I had like an A- in the class at the end, but she put an A in the course grades thing which was a nice and means she gives a small curve.",0,0,1,0,0,0,0,0,"The lab reports and assignments were not very difficult for me, but that opinion was different for others.",The review indicates substantial homework or lab workload.
CHEM241_232,CHEM241,Lenea Stocker,2025,2,"I hate her teaching style and I don't really like her vibes either. She gives off an unapproachable energy, and kind of assumes everyone is pre-med? She had some good explanations, but I missed most of them since I was catching up on the mechanism. Grade is entirely based on exams. Synthesis, mechanisms, and NMR are a lot of the exam. Requires memorization of IR, HNMR, pKas. Curve is good? Discussion is sort of helpful. GSS was my saving grace. Thank you Sophia. Pros: - Decent curve, minimum of 5%. - Lots of practice exams (only 2 with keys) and practice problems. GSS provides an extra practice exam with key. - There was this one time she explained her ""little hints"" that really made understanding synthesis click for me. - Gives little tricks and theoretical notes that are helpful to understanding mechanisms Cons: - YOU CAN'T GET THOSE LITTLE TRICKS AND NOTES UNLESS YOU'RE KEEPING UP WITH HER CRAZY FAST WRITING. - She moves very fast. With orgo 2 being so reaction based, a lot of time is spent copying down mechanisms. It's really easy to fall behind with how fast she moves, which means you can miss all of the helpful theory she talks about. Be prepared to take a lot of pictures if you can't write fast. - Sometimes skips steps (mostly proton transfer) in mechanisms, even though you're expected to write out all the steps on the exams. - Very few moments to breathe during lecture, and next-to-no explained practice problems during lecture. In the beginning I would leave with a sore hand and an adrenaline-fueled brain. - Doesn't post anything, so you *have* to write everything down. Her lecture ""slides"" are practically useless and have little-to-no (usually no!) actual content on them. - Says not to email her with questions about content. Is bad at replying to emails in general. Only answers questions during office hours and before/after class, but the line after class gets LONG. - Entire grade is based on exams. - Practice midterms greatly vary in difficulty. Practice problems are easier than the exams, and homework problems are supposedly harder. Most of the homework is also distractingly watermarked. - I didn't find the practice problems very helpful unless I was struggling with one very specific thing. GSS was better for me, but YMMV. - LOTS OF PURE MEMORIZATION. Despite what she claims, her class has *plenty* of memorization. Yes, you can use the general theory for pKas and what's more upfield/downfield on NMR, but to be successful you have to memorize exact pKa values, and at least some NMR values. One exam question was drawing a molecule from name, but it wasn't an IUPAC name and thus needed to be memorized. The only reason she isn't 1 star is because her explanations are sometimes good and her little hints for synthesis are good. Shame I missed nearly all of them and so will most people.",0,1,1,0,0,0,0,0,Grade is entirely based on exams.,The review indicates heavy or difficult exams and substantial homework or lab workload.
CHEM271_204,CHEM271,Jason Kahn,2025,1,"I genuinely wish I could give him 0 stars. To even think I fought to get him over the other professor is INSANE please do not be fooled by his rating not being one star. I have done well in the rest of the chemistry courses and studied so so much for this class but I just could not do well on his exams. Starting with lecture: his lectures are genuinely the worst thing I have experienced. He constantly rambled on about matlab and showed us graphs that did not make any sense to us because we had no clue what they were about. When he would try to teach us anything it would be him rambling on and making weird comments about the information with wordy slides that just didnt teach the material in an effective manner. He provides a schedule in his syllabus thats supposed to outline what will be on the exams, yet he almost immediately got off track of it and made it difficult to know what the information cutoff would be for our exams. The homeworks: dont get me wrong, i love a good mastering chemistry assignment, I think that they actually help practice and learn certain material, which would have been helpful if the VERY long mastering chemistry assignments had anything to do with what would be on the exams. Exams: so so long and he wants you to know the reason and theory behind everything, which hey might not be that bad, until you realize that this is a general chemistry class (should be a math based class) and not a philosophy course. He knows he makes the exams too long and too complicated but he simply does not care. I really really really hope you do not take this class, he should truly be your last resort. That being said, this is him being a bad professor, he is a sweet guy but he simply does not know how to teach and give exams that arent completely cruel to the students in his class.",0,1,1,0,0,0,0,0,chemistry courses and studied so so much for this class but I just could not do well on his exams.,The review indicates heavy or difficult exams and substantial homework or lab workload.
CHEM272_017,CHEM272,Amanda Schech,2021,5,Great professor who truly cares about her students. Very approachable and will answer questions by email to help you out. But these lab reports take an ungodly amount of time to complete and I pulled all-nighters just about every week working on them. Praying for anyone who has to take CHEM272 because it truly was the most tedious class I've had to take at UMD,0,0,1,0,0,0,0,0,But these lab reports take an ungodly amount of time to complete and I pulled all-nighters just about every week,The review indicates substantial homework or lab workload.
CMSC131_389,CMSC131,Aatish Gupta,2025,5,"Incredibly well-dressed, professional TA. I originally thought Yoon's 131 would be difficult, but he made it extremely approachable for me. He is very helpful during office hours and quite knowledgeable on the content. Would take a class with him again! (5 stars for him, probably 3 for Yoon).",0,0,0,0,0,0,0,0,,No clear workload signal.
CMSC132_446,CMSC132,Pedram Sadeghian,2025,2,Hard class with no curve. English 101 and this course will have the same grading breakdown. Take that for what you will,0,0,0,0,0,1,0,0,Hard class with no curve.,The review indicates harsh or unfair grading.
CMSC216_412,CMSC216,Ilchul Yoon,2025,5,"Anyone who got below an A in this class was clearly either not trying or not paying any attention. He gives the answers to the exam during his lecture, you just have to listen.",0,1,0,0,0,0,0,0,"He gives the answers to the exam during his lecture, you just have to listen.",The review indicates heavy or difficult exams.
CMSC250_461,CMSC250,Fawzi Emad,2025,3,"Fawzi is a storied professor who really does have a passion for Discrete Math. The only problem is that he's getting on in age, and he's clearly not as devoted to managing the class as he would've been in previous semesters. I took him in Fall 2024. I felt that some of his choices were designed to punish students who didn't attend lecture or discussion. He didn't record lectures or examples, and his slides were lackluster. Weekly, sometimes even biweekly, quizzes were annoying, but if you did the worksheets handed out in discussions the week before you'd do okay. Unfortunately, he didn't drop any quizzes, even on some that the entire class largely didn't do well on. Fall 2024 was also the first year he did three midterms. Review guides for the midterms were posted and in tandem with discussion worksheets are more than enough to do well. Midterm 1 was much too easy, so on Midterm 2 he heavily penalized mistakes. One mistake early on in the setup of a proof question would lose you all the credit for the entire question, ~ 20% of your total grade. I also have heard about instances of unsavory behavior in the class. Allegedly, Fawzi reused exam questions and quizzes from previous semesters, which meant that some students had an unfair advantage. Overall, much of the success you'll have in this course rides on attending lectures + discussions and doing the work promptly, quite fair. Not so fair that you'll have a leg up if you find someone who already took the class + did well.",0,1,1,0,0,0,0,0,"He didn't record lectures or examples, and his slides were lackluster.",The review indicates heavy or difficult exams and substantial homework or lab workload.
CMSC320_176,CMSC320,Maksym Morawski,2025,3,"Overall one of the easier CS classes that I've taken. 5 homeworks, 3 exams, and 1 final. There's so much extra credit from the homeworks and other things that as long as you try, you can have over a 100% with just those. This gives a very good padding for the exams. The exams are more about conceptual knowledge and critical thinking, he wants you to learn how to think like a scientist. But he's pretty disorganized, unresponsive, and slow with grading.",0,1,1,0,0,0,1,0,"5 homeworks, 3 exams, and 1 final.","The review indicates heavy or difficult exams, substantial homework or lab workload, and course disorganization."
CMSC330_219,CMSC330,Cliff Bakalian,2024,4,"First, the cons, which is mainly one thing: - His lecturing style did NOT work for me. It's pretty disorganized, and though I pretty much stopped going to class altogether after about a month, I didn't often walk out of class with a good sense of what had just been taught. The lecture slides are kind of all over the place and skim the concepts very quickly, and the he just kind of freehands examples in VIM. You can tell during lecture that the class is pretty disengaged. HOWEVER, there are a lot of things that I appreciated about Cliff's class! He was co-teaching with Anwar, and I heard similar complaints about his lectures from other people. To be honest, I ended up mainly just self-teaching, which I've never done before honestly, and reading Cliff's notes (which are great, READ THEM if you don't want to get tripped up on T/F questions) and Anwar's slides before quizzes/exams. It worked out okay for me, but I don't know if I'd be excited to do it again. The projects are pretty challenging and time consuming, but they leave you with a great understanding of the material. In addition to just studying before tests, I think that the projects did a lot of the teaching for me in this class. There are extensive review materials before the midterms and the midterms enjoyably employed an extremely similar structure to Spring 2024, so they were super doable. Quizzes were hit or miss but oh well.",1,1,0,1,1,0,1,0,"The projects are pretty challenging and time consuming, but they leave you with a great understanding of the material.","The review indicates intensive project workload, heavy or difficult exams, significant time commitment, required self-learning, and course disorganization."
CMSC351_301,CMSC351,Herve Franceschi,2024,1,"Yeah I’m not gonna lie, really wasn’t a fan of Herve’s teaching style. I never went to his lecture because he would teach algorithms through slides and it’s really difficult to understand logic-y and mathematical things through slides rather than it being drawn out, which Justin does which I love. Not only that his midterms were quite awful, like there too many overly confusing questions for the time limit given, as well as the fact that Justin’s exams were way more straightforward compared to Herves. The only reason I took him was so I didn’t have to endure 8 AM midterms with Justin but I regretted it. Could’ve gotten a better grade. Many ppl this semester were on the borderline for passing/failing so I don’t know what happened.",0,1,0,0,0,0,0,0,reason I took him was so I didn’t have to endure 8 AM midterms with Justin but I regretted it.,The review indicates heavy or difficult exams.
CMSC411_006,CMSC411,Ilchul Yoon,2018,1,"One of the worst professors I've had. He is a terrible lecturer - anything he says goes in one ear and out the other. He gives extra credit and partial credit - but you don't learn anything in his class. If you actually want to learn something, I recommend taking another teacher.",0,0,0,0,0,0,0,0,,No clear workload signal.
CMSC414_044,CMSC414,Michael Marsh,2023,4,"Like Marsh's other classes, he uses a flipped classroom model for 414. For Fall 2022, he did something a bit different for 414. He made all the deadlines soft, meaning he had suggested deadlines but you didn't actually have to finish the coursework until the end of the semester. He said it was an experiment for this semester, but I believe he planned on doing it again. This also meant that there were no tests. This lead to some people putting off projects for the whole semester, which I do not recommend. I think like 3/4 of the way through the semester, he said only 50% of people completed the first project. Marsh had quizzes ""due"" before every lecture, but since we had soft deadlines you could complete them at any time. The quizzes had unlimited tries and it told you what you got wrong. His lectures for some of the latter course material could be a bit tough to understand. He has to quickly explain complex topics like cryptography and networking, in order to dive into the security exploits for them. A lot of the material is tough to understand, but he doesn't test on it aside from the lecture quizzes and challenge problems (more on that later). There were 3 solo projects and 1 team project. The first and third projects (buffer overflow and cryptography) are the hardest. The hardest part of Marsh's projects is starting them because you can be completely lost in the beginning. Once you figure out how to start them, they aren't that bad. His lecture videos don't really help at all, but he tends to answer questions for in-person lectures that help you start. The second project is easy and the fourth is a group project which is not that hard, but you have to do it in C so that makes it hard. You had to get a 100 on all the projects and quizzes in order to pass the class, but that isn't as daunting as it seems. He gives detailed notes on the projects to tell you what you did wrong if you didn't get a 100 so you can fix it. Your entire grade is calculated by ""challenge problems"" which are scored from a scale of 1-3. These are free-response, practical questions about a module usually based on lecture material. You get unlimited time to do them, they're all online, and you are encourage to look up stuff to help with them. These were graded very leniently with most people getting full points on them. They can be a bit of pain to research, but as I said, they are graded leniently. You also get to re-submit them for corrections. If Marsh keeps his soft deadline model for this class, I would definitely recommend it. Without it, this class could definitely be tough. I enjoyed not feeling too stressed when a project deadline loomed since I could submit it a few days later. If Marsh actually tested on the lecture material instead of doing challenge problems, I would not have done well on the tests. With this system though, the class was not that bad and I believe the average was an 85.",0,0,0,0,0,0,0,0,,No clear workload signal.
CMSC417_016,CMSC417,Michael Marsh,2021,2,"I don't know why there are some reviews commending Marsh for how he handled this course. I took this course with three friends and all of our experiences were pretty terrible. I would keep in mind that we took this during an online/Covid semester so in person may be different. The work load for this course is MUCH greater than 3 credits. I spent more time for this course than for most of the core 4 credit CS classes. A typical week would include about an hour of pre-recorded lectures, 2 quizzes on that content, 2 normal lecture hours, then either a MASSIVE project due over the weekend or several homework assignments. There were also 5 exams throughout the semester. Marsh said at the beginning that this courses bad wrap is due to it being ""one of the hardest the department offers"". I don't think the difficulty is the content, its entirely with how the course is organized. The lectures do not coincide with the projects, so for more than half the projects you'll be looking at text books learning the material to execute the projects. Marsh will release public test scripts to test your projects but they typically don't work, causing everyone stress by having to submit their project blindly. His testing scripts would also typically screw up on the projects causing many students to request regrades, which they wouldn't receive back for months later. In 2 instances, information in the project description was either wrong or misleading, which caused due dates to get pushed back. This would be fine except Marsh did not compensate the rest of the schedule. This caused the biggest project of the semester to be given a week less to complete. On the last day of classes, we had an exam, a homework and the big project due. The only reason I did not give this 1 star is that I believe some of the projects are pretty cool once theyre in a complete state. I would not recommend this course unless you genuinely think putting on your resume that you took a formal networking course will help you. If you're just interested in networks, you're better off just looking at networking textbooks and resources online in your freetime.",0,1,1,0,0,0,0,0,There were also 5 exams throughout the semester.,The review indicates heavy or difficult exams and substantial homework or lab workload.
CMSC420_158,CMSC420,Narayanaswamy Narayanaswamy,2024,2,"His first semester teaching and honestly it was not a great time. His lectures were confusing and he had poor slides. He does record his lectures which is a plus. Homework were generally okay but sometimes the questions has poor wording. Projects are overall very doable (he drops the lowest one) but it does take some time and often don't feel very related to lecture content. I did poor on the midterm exam (which was mainly my own fault) but he doesn't give any practice problems nor study guides for his exams which I felt would've helped me greatly. He also extends deadlines for basically all the assignments which is nice but also sometimes required due to his poor logistics and communication. On the topic of communication, most of his clarification statements makes things more confusing and creates more questions. I have emailed him many times and it often takes a long time to get a clear and concise answer. Would've gave him one star but he is a nice person and does try to help (albeit not very well) so I'll give him two stars. This class definitely gave me more stress than it had to and I wish he wouldn't co-taught with Justin. Hopefully the class will be structured better in future semesters. TLDR: Nice person, poor lecturing, communications, and everything logistic related. Personally, wouldn't recommend but definitely a passable class as long as you complete assignments.",0,1,1,0,0,0,1,0,I did poor on the midterm exam (which was mainly my own fault) but he doesn't give any practice problems,"The review indicates heavy or difficult exams, substantial homework or lab workload, and course disorganization."
CMSC421_036,CMSC421,Hal Daume,2023,3,"Hal is a very engaging lecturer. He moves around a lot, does a decent number of examples, and always pauses to let students try problems before giving the answer. The whole course follows http://ai.berkeley.edu/. The project descriptions are a bit vague but not very difficult. Sometimes the curriculum feels a bit dated, and Hal does a decent job adding in footnotes about how you should approach something in practice. Unfortunately, Hal is way too busy to be teaching this class. He almost never checks Piazza, so the only time to ask questions is in the 5 minutes before or after class (or in his OH, but I had another class at that time). The TAs are not super helpful because they do not seem to prepare the material or follow along with the course. The homeworks often have under-specified or mistaken questions. Luckily, this usually results in almost everyone getting points back. The exams aren't too hard, especially if you do the practice ones. Unfortunately, they are very computational rather than conceptual. Basically, the course was pretty interesting, but logistically, it is a bit of a mess. I will say we had Tianyi Zhou as a sub one day when Hal was out. I can't speak to his logistics, but Hal is much more engaging and clear, and he goes at a more reasonable pace. Professor Zhou didn't really pause for questions.",0,1,1,0,0,0,0,0,"He moves around a lot, does a decent number of examples, and always pauses to let students try problems before",The review indicates heavy or difficult exams and substantial homework or lab workload.
CMSC422_008,CMSC422,Furong Huang,2021,4,"Professor Huang is a good instructor, but the course is poorly designed in my opinion. She was very generous with grades (due to the pandemic probably), and the class material was pretty straightforward. The homeworks in the form of ELMS quizzes make it feel like you don't learn much that much though.",0,0,1,0,0,0,0,0,The homeworks in the form of ELMS quizzes make it feel like you don't learn much that much though.,The review indicates substantial homework or lab workload.
CMSC424_054,CMSC424,Peter Keleher,2023,5,"Despite the slides being mediocre and the 12 quizzes being a bit tedious, the class was low-stress. His exams are very easy and he gives tons of past material. He is also responsive on piazza and answers questions during office hours, and projects are easy. He even tells you what is on the exam and what topics you can expect, so he's very generous in this aspect. The TAs on the other hand are a tossup though and most are not helpful. They also do not answer questions properly. Make sure you read the textbook to learn. There’s a lot to read but the material isn’t anything analytically intensive. It’s just textbook and conceptual memorization. I’d recommend him for sure.",0,1,0,0,0,0,0,0,"even tells you what is on the exam and what topics you can expect, so he's very generous in this",The review indicates heavy or difficult exams.
CMSC426_021,CMSC426,Christopher Metzler,2023,5,"I totally fell the other on the lecturers it is was it is, they are recorded and posted in the elms files folder so just show initiative and review them. The professor is just busy as he is still a bit new but more importantly he is working the PhD students on research work which takes a big chunk of his time. He might take some time but he is responsive to piazza and emails alike. In terms of Assignments, the homework are really bad (very ambiguous in the writing) and have the potential to effect your grade during the semester (homework used to be weighed less in previous semesters). What's changed is there a midterm now (take home) worth 10% and you can get a B+ pretty easily on it if your careful and work hard as you will have plenty of time to do it. Biggest thing to take note of is the projects as well as the final project, you gotta do really well in it's completion like the graders are thankfully really lenient and instructed to be so but you just gotta go the extra mile to complete it. There is a pretty decent curve as well (not sure of the calculation) that you will be satisfied with (I personally am SUPER Happy with). Overall I really appreciate the logistics of final grading and have a lot of respect for Prof Metzler for trusting us and treating us like adults like Prof JMCT would. I would recommend Prof Metzler overall any other 426 professor without a shadow of a doubt regardless of anything he is the new generation and the class is in good hands and likewise I am truly grateful 🙏.",0,1,1,0,0,0,0,0,What's changed is there a midterm now (take home) worth 10% and you can get a B+ pretty easily on,The review indicates heavy or difficult exams and substantial homework or lab workload.
CMSC430_002,CMSC430,Jeffrey Foster,2012,5,"Jeff is a great professor, and his classes are well-designed and great. For 430 (compilers), Jeff totally redesigned the course, and made it incredibly challenging, relevant, and fun. I look back on the work I did in his class and can feel as if I accomplished something meaningful that made me more powerful as a computer scientist. Even if you aren't interested in programming language design (Jeff obviously is, and his enthusiasm for the material is palpable in the class), you should still take 430, because it will enable you to know intimately a tool that every computer scientist uses on a daily basis.",0,0,0,0,0,0,0,0,,No clear workload signal.
CMSC434_005,CMSC434,Evan Golub,2020,1,"Lectures are a complete waste of time, except for the participation points. The material he plans to cover in class, on paper, looks to be interesting, but he completely butchers every topic with long anecdotes, and extreme bias.",0,0,0,0,0,0,0,0,,No clear workload signal.
CMSC451_038,CMSC451,Andrew Childs,2022,5,pretty tough class but Childs is a very smart professor who explains content very well. homeworks take a long time (there are only 5 though so it's not terrible). wouldn't recommend taking this course with a heavy schedule but otherwise definitely recommend,0,0,1,0,0,0,0,0,homeworks take a long time (there are only 5 though so it's not terrible).,The review indicates substantial homework or lab workload.
CMSC456_018,CMSC456,William Gasarch,2021,5,"Course was easy and interesting at the same time, Bill was funny and taught the material in a super understandable way. Would easily take another course with him",0,0,0,0,0,0,0,0,,No clear workload signal.
INST326_027,INST326,Gabriel Cruz,2023,5,"Excellent professor. He goes over all the content; if you ask questions, he will answer. People are just salty because they haven't programmed or aren't trying to in the future, so they are shocked that they had to be engaged just a bit to get an A.",0,0,0,0,0,0,0,0,,No clear workload signal.
MATH140_478,MATH140,Matthew Wilson,2025,5,Professor Wilson is really passionate about math and it comes across in his teaching. His lectures are really interesting and relatively easy to understand. He is good at answering questions. The only critique is that the online homeworks he assigns are bad but I think he was teaching this course for the first time and he said he was considering changing it in the future due to feedback he got. Overall I definitely recommend him for MATH140.,0,0,1,0,0,0,0,0,The only critique is that the online homeworks he assigns are bad but I think he was teaching this course,The review indicates substantial homework or lab workload.
MATH141_513,MATH141,Shin Song,2025,3,"gave an exam on halloween :((( very nice and sweet, but is a little confusing when she lectures. she is too thorough when explaining easy concepts and then tends to rush the more difficult ones. she is very transparent about what will be on the quiz or exam. literally just do the practice exam and maybe some extra review and you'll be good. also you can skip her lectures, attendance is not mandatory at all and she posts the notes. if you do go to lecture she also doesn't cold call on people, which is nice. overall not the worst because she is really a well-meaning professor.",0,1,0,0,0,0,0,0,"gave an exam on halloween :((( very nice and sweet, but is a little confusing when she lectures.",The review indicates heavy or difficult exams.
MATH240_338,MATH240,Di Wu,2025,2,"He just didn't teach that well, I didn't find a reason to go to discussion other than for the quiz, and he just isn't engaging.",0,0,0,0,0,0,0,0,,No clear workload signal.
MATH241_499,MATH241,Junyan Zhao,2025,5,"Junyuan Zhao is very very funny. I loved attending his classes because he is such a character. For teaching, I’d be confused a lot of time in class but would understand most of it after doing the homeworks he assigns (not graded). If you do the homework, it will prepare you enough to get a good grade on the exam. He’s also very lenient with moving test days, and bumped our scores at the end. Honestly, I’d recommend him just because his class is so fun to attend.",0,1,1,0,0,0,0,0,"If you do the homework, it will prepare you enough to get a good grade on the exam.",The review indicates heavy or difficult exams and substantial homework or lab workload.
MATH246_334,MATH246,Margaret Doucette,2025,5,"Super nice teacher. Exams are super fair, you don't need to put in too much work to do well.",0,1,0,0,0,0,0,1,"Exams are super fair, you don't need to put in too much work to do well.",The review indicates heavy or difficult exams and challenging but fair expectations.
MATH310_042,MATH310,Steven Chadwick,2023,5,"Professor Chadwick is an incredibly nice teacher who takes time to answer questions, and he goes at a reasonable pace. I had him online, and he regularly stops to take questions from the chat, and is very helpful during office hours, even extending time to let everyone ask questions. Math310 is hard but he makes sure to break everything down and provides us with outside resources, and the regular practice problems really help. The in class practice sets count for the grade but he goes over them at the end of every class so it's an easy way to boost your percentage. The environment was also very relaxed and he lets us joke around and build a nice community of weird math nerds. In general, it's very clear that he loves math and is very kind towards the students. Definitely recommend if you're taking Math310 or any other departmental class!",0,0,0,0,0,0,0,0,,No clear workload signal.
MATH401_076,MATH401,Rodrigo Trevino,2023,5,"Didn't go to class except for groupworks. From the lectures I did go to, he was relatively clear. You'll find more use just studying from the online textbook, which gives you all the information you need to prepare for exams.",0,1,0,0,0,0,0,0,"more use just studying from the online textbook, which gives you all the information you need to prepare for exams.",The review indicates heavy or difficult exams.
MATH403_012,MATH403,Nathan Manning,2019,5,"His lectures are really good. Makes it clear his expectations of the students are in order to succeed in this course (get an A or more). By the end of the first and second midterm it is easy to tell which students didn't follow these guidelines. The class is difficult, but not soul-crushingly so. I would guess that 2 hours a day every day reading the book and thinking about the exercises should be enough for an A. Most people do much, much less than this. He is very helpful in office hours and wants to see his students succeed (provided they are working their hardest).",0,0,0,0,0,0,0,0,,No clear workload signal.
MATH405_006,MATH405,Matei Machedon,2019,5,"Super nice guy, maybe even too nice. He made the class very easy, and gave us exam questions beforehand for practice. We spent a lot of time on basic linear algebra topics, but overall still covered a fair amount of new and challenging material.",0,0,0,1,0,0,0,1,"We spent a lot of time on basic linear algebra topics, but overall still covered a fair amount of new",The review indicates significant time commitment and challenging but fair expectations.
MATH406_020,MATH406,Adam Kanigowski,2020,4,Very understanding man. Definitely cares about students and wants you to understand the material. Did recieve an A- in the class.,0,0,0,0,0,0,0,0,,No clear workload signal.
MATH410_086,MATH410,Stefan Doboszczak,2024,5,"He is the absolute GOAT for MATH410. No matter who you take MATH410 with, it isn't going to be easy by the nature of the class - but Stefan is one of the best you can take it with.",0,0,0,0,0,0,0,0,,No clear workload signal.
MATH411_014,MATH411,Giovanni Forni,2019,4,"Prof. Forni is a nice and approachable guy. That being said, his lecture was kind of unorganized and through out the semester I had no idea what was going on. But he always appears so understanding and innocent that I just couldn't want to blame him for anything... Do not expect his class to engage you (in this class he assigns problems out of a boring book. I liked the problems he wrote but it only happened for the very first hw :/ ). Take his class if you are especially motivated/determined or you may slip off the way I did... Exams were hard, mostly because they were ~10% similar to the problems from the book... He did generously curve the average of the class final grade to a B (the raw average was failing).",0,1,0,0,0,0,0,0,"Exams were hard, mostly because they were ~10% similar to the problems from the book...",The review indicates heavy or difficult exams.
PHYS121_036,PHYS121,Ki-Yong Kim,2020,1,I have never taken physics and I am disappointed with this. He is a sweet guy but the problems on the exams and homework make you infer so much... If you come into his class with no background knowledge in physics you will do poorly.,0,1,1,0,0,0,0,0,He is a sweet guy but the problems on the exams and homework make you infer so much...,The review indicates heavy or difficult exams and substantial homework or lab workload.
PHYS131_025,PHYS131,David Buehrle,2023,3,"Heres the thing about this professor: hes a nice guy but does not know how to teach. I am a straight A student (getting As in orgo 1 and 2) and still couldn’t manage to get an A in this course though the odds were much greater. The practice exams are the only thing you can look at to prepare and even then I got 50s and 60s on the exams. During class he talks about the theories and the concepts but rarely ever includes actual problems that involve calculating anything which is an issue because half of the exam includes calculating something. You are allowed to bring an equation sheet to the exams but they arent much help when you don’t know what equations to put on it and which situations you need to use them for. As long as you get near the exam averages and do all the assignments you will get and A-, but to get an A its pure luck",0,1,1,0,0,0,0,0,The practice exams are the only thing you can look at to prepare and even then I got 50s and,The review indicates heavy or difficult exams and substantial homework or lab workload.
PHYS260_157,PHYS260,Hailu Gebremariam,2025,5,"If you find physics intuitive or think you can self teach yourself everything, this is the professor to take. Midterms were extremely light, especially compared to other professor's midterms. He lets you use an equation sheet. The final felt really bad but everyone I knew got better scores than they thought they did(it's still bad though). around a 66% average for the midterms and finals, but a lot of that is due to people not preparing enough because of everyone skipping lectures. A decent curve helps out.",0,1,0,0,1,0,0,0,The final felt really bad but everyone I knew got better scores than they thought they did(it's still bad though).,The review indicates heavy or difficult exams and required self-learning.
PHYS270_046,PHYS270,Michael Crescimanno,2024,2,"Overall a good teacher if you are genuinely interested in the subject as he goes very in depth but that is ultimately his downfall as he wastes class time teaching things that aren't on exams or things you'd need to know for homeworks. He also has no idea how to use canvas so expect to use his horrible website ""docphoton.com"" and also expect graded warmups. Not to mention he makes pretty unreasonable exams that require you to use logic to be able to answer.",0,1,1,0,0,0,0,0,downfall as he wastes class time teaching things that aren't on exams or things you'd need to know for homeworks.,The review indicates heavy or difficult exams and substantial homework or lab workload.
STAT100_193,STAT100,Matthew Griffin,2025,4,"playing your cards right will get you really far in this class, and the key thing is that all the cards are already in your hands. every lecture has an extra credit opportunity, the practice exams are identical to the real exams, AMP's regularly have GSS sessions, and the class activities are good tools to prepare you for what'll be on exams. with all that said, this class really feels like i'm back in high school. the seat you sit in is the one assigned to you and you MUST sit there for the rest of the semester. attendance is mandatory and the professor isn't afraid to get on your ass and take off points for being late. it wasn't until like three-quarters into the semester when he finally stopped spending the first 10-20 minutes of class incessantly reviewing the syllabus and class expectations which got really tiring and felt redundant. exams also feel awfully rushed, so if you're not prepared enough then him calling out times at random intervals will have you tweaking the fuck out like it had me. my biggest gripe is the fact that he will absolutely do everything in his power to not cancel class. if he isn't able to show up, he just has his AMP's fill in for him and still has everyone go when it isn't really necessary. even then, i don't professor griffin is as straight up evil as he's made out to be and seems to want the best for his students, but his policies are unlike anything i've encountered in other classes i've taken thus far. honestly as long as you show up, do your work on time, and pay attention in the lectures, you'll do just fine. this class is ultimately really easy, even if it does feel like boot camp.",0,1,1,0,0,0,0,0,"has an extra credit opportunity, the practice exams are identical to the real exams, AMP's regularly have GSS sessions, and",The review indicates heavy or difficult exams and substantial homework or lab workload.
STAT400_431,STAT400,Jonathan Fernandes,2025,5,"A pretty easy but somewhat challenging (in the sense that there is a lot of material) class. A lot of topics are covered (such as different distributions, estimators, probability, etc.) so just make sure you stay on top of the material. My only complaint is that I had 8 am discussion which was quite challenging to go to once a week especially since I am a commuter. I ended up missing almost half of the discussions, which sucked since there was a quiz every discussion. He records all lectures so I just watched those instead of attending lecture. He replaces your lowest exam grade with the grade you get on your final, and also curves the regular exams by 5 points and the final by 10 points (perhaps even more in certain semesters if the class is struggling). The HW were a bit time consuming but the TAs usually go over most of the answers during discussion. Without the TA's help it would usually take me 2-3 hours to finish otherwise. My only regret is the fact that I did pretty bad on two of the exams because I started studying too late. If I were to take this class again, I would start to review the material a few days prior to the exam rather than the day of. The final wasn't as bad as I thought (I got a 75% on it), just make sure you really understand estimators as most of the exam was based on that.",0,1,0,1,0,0,0,0,"He replaces your lowest exam grade with the grade you get on your final, and also curves the regular exams",The review indicates heavy or difficult exams and significant time commitment.
STAT401_039,STAT401,Mestiyage Gunatilleka,2023,5,"Exams are identical to the practice exam, like I literally mean it, they are just number swapped because he probably does not care about this class. Homework can be found exactly on chegg and the quizzes are literally super easy so long as you pay attention in class. R Projects are the only hard part about this class but then again if you do well on the exams, you will be safe for an A",0,1,0,0,0,0,0,0,"Exams are identical to the practice exam, like I literally mean it, they are just number swapped because he probably",The review indicates heavy or difficult exams.
STAT410_077,STAT410,Dong Quan Nguyen,2024,5,"I had dong last year and he was the best. Slight language barrier so I had to do a little bit of self-teaching. You can tell he really loves math, and would talk about different mathematician drama and make a lot of jokes, keeping the lectures engaging. I personally found the homeworks to be long and difficult but I am slow. Anyways I still got a 100 on all the homeworks and in the class because Dong cares the most about the success of his students and is willing to help in any way without hesitation. I care the most about my gpa so five stars for dong",0,0,1,0,1,0,0,0,I personally found the homeworks to be long and difficult but I am slow.,The review indicates substantial homework or lab workload and required self-learning.
STAT430_001,STAT430,Benjamin Kedem,2016,2,"Prof. Kedem made it extremely unclear what was expected from this course. The syllabus was barely a page, with much of it stating why the course was ""so important."" The professor was extremely uncommunicative outside of class, never alerting us about upcoming assignments through email or Canvas. He was very loose with deadlines, which was helpful if you missed class and didn't know when something was assigned, but it added to the lack of structure in the course. His advice for preparing for the first midterm was ""look at the notes,"" which is tough for a course that is some part mathematical statistics and some part statistical programming in SAS and coding language, and the exams are unknown what part of each will comprise them (plus the midterm is worth 35% of the course grade). His instructions for our statistical project was ""look at the syllabus,"" which had a 3-line description of the entire project, including only one line on the write-up portion, which essentially stated ""summarize what you researched."" I was then docked many points for not being descriptive enough or providing a long enough write-up, when there was minimal description for what I had to do. Thus, Prof. Kedem is a nice guy, and he tries to relate to the students, but his courses is extremely disorganized, and it thus hindered my learning experience.",0,1,1,0,0,0,1,0,"His advice for preparing for the first midterm was ""look at the notes,"" which is tough for a course that","The review indicates heavy or difficult exams, substantial homework or lab workload, and course disorganization."
BSCI160_552,BSCI160,Mary Ann Rankin,2025,1,"Dr. Rankin is super sweet and clearly very knowledgeable, but she teaches the class like we’re PhD students. The amount of depth she goes into is honestly ridiculous for an intro-level course - the class is insanely hard. For some people, this is their very first bio class - as a Biology lover, I feel bad for them because this is their first impression of biology, as it feels like we’re being thrown into a graduate-level course. Our first midterm? 40 questions in 45 minutes. Some of them required calculations — no calculator allowed. Every question was multiple choice, but not the normal kind where you can guess or eliminate answers. Nope. Each question had like 5–8 options, sometimes including “2 of the above,” “3 of the above,” and “all of the above”… all in the same question. The class average was somewhere between 30–40%. And guess what — she refuses to curve because she “doesn’t believe in curving.” She’s clearly from a different era of education, and while her experience is impressive, she really needs to understand that those old-school methods just don’t work for today’s students or the way we learn now. After our first exam, she said she was “disappointed” with the test scores and offered to let us retake the exact same test. When people raised their hands to explain why we struggled — like how we didn’t have enough practice problems or how some questions clearly needed calculators — she literally cut everyone off and said, “I’m not asking for your critiques right now, I just need a yes or no for the retake.” Her lectures are brutal. Three times a week, she stands in front of a screen and reads straight from her PowerPoint. Each lecture has its own deck — anywhere from 50 to 100 slides — and every slide is just a wall of text in size 12 font. She also uploads extra videos of herself talking outside of lecture, plus textbook PowerPoints that are another 25+ pages each. On top of that, she made us pay for two external tools outside our school: SimBio – about $90, with 3 assignments per week that each take 1.5–2 hours. They’re fine, but completely useless for the exams because the questions are way easier. PointSolutions – aroundt $30 AND NOT MENTIONS IN REQUIRED COURSE MATERIALS, where she asks 1 or 2 random questions during lecture (sometimes none at all), and we have to respond through the app. It’s graded, so if you miss a class, and/or get the question(s) wrong, you lose points. After the first midterm, even the students who used to sit up front realized there was no point in paying attention. Now everyone just sits in the back and takes their own notes because listening to her read slides does nothing. Again, Dr. Rankin is a very nice person, and very knowledgeable, but the way this class is structured is just not it...",0,1,1,0,0,0,0,0,Our first midterm?,The review indicates heavy or difficult exams and substantial homework or lab workload.
BSCI170_274,BSCI170,Michael Keller,2025,5,"I absolutely love this man. My friends and I like to call him a big teddy bear because gets giggly and excited about the topics he teaches. His lectures at times could be a little boring but he is very passionate and knowledgeable about biology and tries his best to make sure everyone understands the content. He assigns online homeworks and worksheets every so often that are definitely a grade booster. His exams are completely fair and the study guides he gives are EXACTLY what is covered on the exam, so as long as you study his guides thoroughly you will do well. Overall, love this professor and definitely recommend his class if you can!",0,1,1,0,0,0,0,0,"His exams are completely fair and the study guides he gives are EXACTLY what is covered on the exam, so",The review indicates heavy or difficult exams and substantial homework or lab workload.
BSCI171_042,BSCI171,Swarna Mohan,2024,5,"If you are trading this class you barely interact with Dr. Mohan it all depends on the TA you get. There are Pre-lab quizzes every week (2 attempts) and then usually post lab assignments afterwards, sometimes they are group work. You upload the work you did in the lab manual to canvas so it is important to actually fill outta the sheets. There is a poster presentation about an experiment which you work on over several week. The lab practical at the end is fairly easy if you do the practice quiz and actually practice techniques during the experiments. My #1 tip is to always read the rubrics for this class, her rubrics are extremely detailed and it's easy to get points off from little things like citation errors or forgetting to state the controls.",0,1,1,0,0,0,0,0,"There are Pre-lab quizzes every week (2 attempts) and then usually post lab assignments afterwards, sometimes they are group work.",The review indicates heavy or difficult exams and substantial homework or lab workload.
BSCI201_079,BSCI201,Maira Goytia,2024,5,"Dr. Goytia was an AWESOME professor. She goes out of her way to allocate resources for you to pass with extra credit, easy quizzes with 3 attempts, no homework (the quizzes replace them), and fair exams. The exam questions aren't meant to trick you, it's directly from the lecture slides and you're allowed a 1-page cheat sheet. Make sure you go to class because she also has clicker questions randomly but lectures do help you follow through the content. You can tell she's very passionate about the topic and it bleeds through when she's teaching. She also provides a zoom review session before each exam; for the final she had 4 leading up to the day of the exam! Take her for BSCI201!!!",0,1,0,0,0,0,0,0,"The exam questions aren't meant to trick you, it's directly from the lecture slides and you're allowed a 1-page cheat",The review indicates heavy or difficult exams.
BSCI207_175,BSCI207,Karen Carleton,2025,3,"Dr. Karen is a great professor but the class is useless. Please do NOT take this class if it isn’t a requirement. I don’t know why as a microbiology major I was required to take this class. Don’t even understand the point of learning about all these crazy animals (e.g. stramenopiles) and these ancient periods?? Felt like I was in a history class. This class should be a requirement for an animal science major only. I gave three stars because Dr. Karen is sweet and approachable. Her exams are hard though. I don’t know how she said the class is doing “good”, when the average was 52/75!!",0,1,0,0,0,0,0,0,Her exams are hard though.,The review indicates heavy or difficult exams.
BSCI222_226,BSCI222,Claudia Silva Aldana,2025,5,"she expects you to study as does any professor, if you dont want to study dont bother taking the class no matter the professor",0,0,0,0,0,0,0,0,,No clear workload signal.
BSCI223_055,BSCI223,Erin Tran,2024,4,"I really enjoyed the class content. I absolutely love Microbiology and my GTA and UTA were the GOATs. Dr. Tran is also really nice when you talk to her and approachable about most things except study guides and the flipped classroom. The lab component of the class is very enjoyable and by the end of the class, I was able to get really close to my lab group and to my GTA and UTA. I really loved all the hands on parts. But get ready to practice your streaking and gram stains. They are arguably that hardest part of the lab to master, but very fulfilling once you finally get it! That being said, I did not really like the flipped classroom style but to each their own. I thought coming to lecture was a waste of my time because she records her lectures and completed slides with the clicker questions. I only went to class because that's how she took attendance. I could also be speaking out of bias because I did not want to have to pay for the PointSolutions clicker for just this class. However, I will say that the lecture videos are very informative and I have almost never had to open the textbook for this class unless it was to cite it for the PAKs. You don't really have to pay attention in class unless you sit in the front and want to ask questions since the clickers are graded on completion, not accuracy. There are occasional in person papers that you have to submit, but those are considered bonus points. Her exams are weird to study for because there's no focus but this semester, one of the GTAs hosted review sessions before exam 1 and exam 2 that were recorded and that helped. Exams are no longer open note or online! The final was also cumulative and in person starting this semester! Exam 3 (which is the final) is the hardest because it has an emphasis on Module 3 content but Module 3 is a very dense part of the content and it felt very rushed at the end of the semester. We definitely could have shortened module 1 content and extended module 3 a little bit. But I would say those are all excusable. The worst part of this class and why this class gets 4 stars instead of 5 stars was the busy work. I was taking an 18 credit semester this semester and there was so much busy work every week with assignments that weren't hard but would just take so much time. They weren't even integral to learning, they just felt so unnecessary in the long run. The PAKs? Not graded on accuracy. The discussion boards? Unnecessary research that could have been combined into one assignment. The research boxes? While they were interesting, I feel like they didn't help me too much because I already knew how to read articles. But nonetheless, busy work. I would be working on microbiology assignments even when I had to study for an exam. That's when you know it's too much work. It's an easy class, but if you're fine with busy work and you love microbiology, definitely take it!",0,1,1,1,0,0,0,0,"They are arguably that hardest part of the lab to master, but very fulfilling once you finally get it!","The review indicates heavy or difficult exams, substantial homework or lab workload, and significant time commitment."
BSCI330_131,BSCI330,Kenneth Frauwirth,2024,4,"Frauwirth is a decent professor. In lecture he will point out concepts he wants you to know and will stick to it. This makes knowing what to study very easy so anyone studious enough will do well in the class. In office hours he is very willing to explain concepts to people and often uses analogies to simplify complicated mechanisms. Due to these analogies however, it is sometimes unclear the depth in which students are expected to understand content, so study hard and you will do well. Also DO NOT RELY ON HIS PRACTICE QUESTIONS TO STUDY he posts them incredibly late :(. He is constantly late to class, which isnt really an issue if you take him later in the day. the consistently late practice questions are why im giving 4/5.",0,0,0,0,0,0,0,0,,No clear workload signal.
BSCI353_008,BSCI353,Chan Lin,2021,5,"I noticed that there aren't too many reviews on here, so I figured I'd leave one :) If you're taking BSCI353, I HIGHLY recommend you take Professor Lin!! He is an incredibly accommodating professor and very easy to approach for questions and course suggestions. The material isn't too bad, though it does take some time to get used to it. His lecture pace is quite lovely and I never feel like I can't catch up. He uploads all of his lecture recordings onto ELMS so you don't really have to come to class (but it's much nicer to sit in the lecture room tbh). The exam material is VERY fair, includes extra credit, and there is a good mix of multiple choice and free-response application based questions on there. He recommends that you read the textbook to keep up with the material, but his lectures cover pretty much everything you need to know for exams and the hw quizzes - the textbook is helpful for clarification or to answer worksheet questions tho! Overall, highly recommend if you have the option to take him :)",0,1,1,1,0,0,0,0,"The exam material is VERY fair, includes extra credit, and there is a good mix of multiple choice and free-response","The review indicates heavy or difficult exams, substantial homework or lab workload, and significant time commitment."
BSCI410_084,BSCI410,Louisa Wu,2024,5,"Dr. Wu is a caring and forgiving professor. She is very responsive, willing to help as much as she can during office hours, provides one-on-one meetings, answers questions on Piazza, and tries her best to have her students succeed in her class. BSCI410 is definitely a difficult class: there is a lot of content to cover for exams, the exams themselves are high-level, and lectures can be confusing. She emphasizes expanding content from previous topics to the next exam. Finally, she offers a lot of extra credit in exams and assignments, which was very helpful. Overall, Dr. Wu cares for the students and will ensure everyone can succeed in BSCI410.",0,1,1,0,0,0,0,0,"there is a lot of content to cover for exams, the exams themselves are high-level, and lectures can be confusing.",The review indicates heavy or difficult exams and substantial homework or lab workload.
CHEM131_500,CHEM131,Amanda Schech,2025,5,"If you can take Dr Schech, please do. I haven't touched chemistry since high school but I understood all of the material from this semester completely. She is a great lecturer and makes it worth it to just go to class instead of watching recordings. She gives 1 HW once a week, that I would recommend doing as they are super helpful for practice. If you actually do the HWs they do take pretty long but its worth it. I never went to discussion as it's not required after the first one. I went to office hours once or twice and she was extremely helpful and super sweet. I did the best on the midterm that I went to her office hours to ask questions. Her exams: they're definitely not easy but doable. I would say they are harder than the practice exams she posts but not by a terrible amount. Midterm 3 was pretty hard though. The final wasn't terrible but I would definitely study for it, as well as the midterms. Overall, I love her teaching style and she definitely cares about this class, so if you can take her, you should.",0,1,0,0,0,0,0,0,I did the best on the midterm that I went to her office hours to ask questions.,The review indicates heavy or difficult exams.
CHEM132_049,CHEM132,Christiana Guest,2024,1,"Chem132 is so disorganized--and you might think issues will be resolved later into the semester, but it only gets worse. Pre-labs are posted late, giving you a few days to do them, so you can't really be proactive. Then, when you can finally do the pre-lab, you don't get your score back, so you don't know whether or not to use your second attempt. Labs are disorganized, your success depends on if you get a good TA. Dr. Guest is not reachable.",0,1,1,0,0,0,1,0,"Then, when you can finally do the pre-lab, you don't get your score back, so you don't know whether or","The review indicates heavy or difficult exams, substantial homework or lab workload, and course disorganization."
CHEM135_407,CHEM135,Samuel Lascio,2025,3,"This class is super hard and has SO much content, so no matter who your professor is you WILL need to put a lot of time and effort into this class. Great professor, super nice + approachable, great with responding to emails, and pretty accommodating. He also is great at explaining the topics quickly and somewhat clearly. His lectures are okay, he sometimes goes on tangents about stuff you don't need to know for the exam, just because he loves chemistry so much lol. went super slow in the beginning, but this kind of caused my section to end up behind on content so we had to speed through like 5 chapters in the last 2 lectures. (and then those chapters were HEAVILY on the final but whateverrrr) Practice exams are useless as they are WAY too easy in comparison to his actual exams, his exams are pretty similar to Mignerey's, but definitely a little trickier especially the calculation portions. Your best bet for the exams are gonna be the weekly discussion worksheets. Make sure you know how to do EVERY problem on those and try to train your brain to do them intuitively. Overall, shitty course, good professor, TOUGH exams.",0,1,1,0,0,0,0,0,"on tangents about stuff you don't need to know for the exam, just because he loves chemistry so much lol.",The review indicates heavy or difficult exams and substantial homework or lab workload.
CHEM231_399,CHEM231,Donald Hong,2025,1,"Whatever you do, DO NOT take Dr. HONG for Orgo 1. He is the WORST teacher I have ever had at UMD. He rushes through content during the lecture like we are taking a summer class, leaving the entire class clueless about every single topic. Additionally, he talks VERY FAST AND QUIETLY, SO YOU WILL NOT BE ABLE TO HEAR what he is even saying. Organic chemistry is a difficult class, and he makes it EVEN MORE DIFFICULT than it has to be. His averages are significantly lower than other professors, and instead of doing something about that, HE SAYS, and I quote, ""if you fail, it's okay, I have a contract, so I am not going anywhere"". If you do not want to spend hundreds of dollars on tutoring just to learn the content that you are paying tuition for, do yourself a favor and take ANY OTHER PROFESSOR.",0,0,0,0,0,0,0,0,,No clear workload signal.
CHEM232_039,CHEM232,Monique Koppel,2024,1,Very messy class in all the ways. Lacking in organization. The unfortunate part is that as of now there is no other lab coordinator for this course at UMD I think so you are stuck. But having a good TA might save you. It's just hard to get a good TA because a lot of them are undegrads and don't themselves understand the material well enough.,0,0,1,0,0,0,0,0,as of now there is no other lab coordinator for this course at UMD I think so you are stuck.,The review indicates substantial homework or lab workload.
CHEM241_231,CHEM241,Donald Hong,2025,5,"Super cool, very fun, passionate about chem. Provided condensed notes to better keep track of big topics and many helpful practice worksheets. He is very lighthearted and class was enjoyable and constructive.",0,0,1,0,0,0,0,0,Provided condensed notes to better keep track of big topics and many helpful practice worksheets.,The review indicates substantial homework or lab workload.
CHEM271_203,CHEM271,Alice Mignerey,2025,3,"I think her exams were good, my only concern was the fact that she said there will be a curve of the class average to a C+/B- cutoff, all grades are in she hasn't said anything about a curve except that there might not be one anymore. The class average of all exams and homework is currently in the 70% -72% range and with this she's failing like 60ish or even more students which seems like too much, Rainbolt didn't even fail that many students when I took him for gen-chem-1 and we had way lower averages. I really hope she does stay true to her word and curve the class to at least a 78% as average this way it will truly separate the average and failing students instead of failing like 30% of the class.",0,1,1,0,0,0,0,0,"I think her exams were good, my only concern was the fact that she said there will be a curve",The review indicates heavy or difficult exams and substantial homework or lab workload.
CHEM272_016,CHEM272,Amanda Schech,2021,4,"I had Dr. Schech for both CHEM131 (in person, Fall 2019) and CHEM272 (online, Spring 2021). For her ability to teach CHEM131, I was not that impressed. She would get confused in the middle of lecture sometimes and her TA would have to help her get back on track. Her exams were difficult but luckily it was an easy course. I was not looking forward to having to take her again for CHEM272, but I was pleasantly surprised with how this course turned out. Her lectures were very thorough and helped me get through both this course and the corresponding lecture component, CHEM271. Though the lab reports took a lot of time to complete, I am now an excel god. Her exams were still difficult, but I survived. So overall I’d say 3 stars for CHEM131 and 5 stars for CHEM272, which brings us to an average of 4 stars altogether. (Make sure you use proper error reporting when doing calculations like that...) P.S. Time passes really slowly during her lectures!",0,1,1,1,0,0,0,0,"Her exams were still difficult, but I survived.","The review indicates heavy or difficult exams, substantial homework or lab workload, and significant time commitment."
CMSC131_388,CMSC131,Ilchul Yoon,2025,1,"i cant believe i pay to go to university and this is the quality teaching i get, i was passionate about coding and computers, *was,* honestly i just dont care anymore, everyones failing, i accepted it and am moving on",0,0,0,0,0,0,0,0,,No clear workload signal.
CMSC132_445,CMSC132,Pedram Sadeghian,2025,3,"I’ll try to summarize Pedram’s classes as best as I can: the lectures are extremely monotonous, and he’s not the most engaging lecture. However, his explanations are fantastic, especially when watching back the lecture videos at 2x speed. I know he somewhat revamped the curriculum this semester, but he did stay organized pretty well. It is pretty annoying that he doesn’t use Canvas, but it’s manageable. In regards to exams, which is everybody’s big beef with the way he teaches this class, they are for sure harder than any of the other professors who teach this class, and the projects are also more difficult. I will give him credit though for realizing this midway through the semester, adapting, and giving us in-depth outlines about what to expect on exams. I also liked the quiz format he used for the final two quizzes, even though I’m sure he put them that way because he ran out of time. I feel like I learned quite a bit in this class, and I was lucky to finish with an A, but if I had to go back and reschedule I would take it with someone else.",0,1,0,0,0,0,0,0,"In regards to exams, which is everybody’s big beef with the way he teaches this class, they are for sure",The review indicates heavy or difficult exams.
CMSC216_411,CMSC216,Christopher Kauffman,2025,4,"Very solid professor, so much better than the other 216 professors. Kauffman is a great lecturer and makes concepts easy to understand, but whenever a student asks a question, he happens to go on a 5-15 minute tangent answering that question and makes lecture boring and hard to pay attention to. Despite this, his slides and lectures are really useful (he also records his lectures so it is not mandatory to go to lecture). Additionally, discussion depends on your TAs but im my opinion, it is useless. Most student havent gone since the first week or so of class and have made it out fine. My tas barely taught for like 5 mins and thats it. one thing to keep in mind is: START PROJECTS EARLY (AND DO NOT CHATGPT THEM). Kauffman tends to make very lengthy projects and even asks project related questions (even coding questions) on his exam, so make sure to lock in for those. Exams, on the other hand, weren't that bad tbh. Take your time and do not rush them because they will mostly take the whole time. Just because it is open note doesnt mean that you should not study at all because open note is not that useful (still useful tho).",0,1,0,1,0,0,0,0,"and even asks project related questions (even coding questions) on his exam, so make sure to lock in for those.",The review indicates heavy or difficult exams and significant time commitment.
CMSC250_460,CMSC250,Phoebe Dainer,2025,3,She knew most of the material to help us but was a little rude and short to my friends and I when explaining things we didn't understand,0,0,0,0,0,0,0,0,,No clear workload signal.
CMSC320_175,CMSC320,Fardina Alam,2025,5,"W professor. Dr. Alam is super nice and understanding. If you show up and understand the lectures (they're not hard to comprehend at all), you can definitely do well on the exams and also learn about data science. Homework assignments take a little while and are more complex than the material we learn in class, but you get a lot of time, and they're manageable for sure. There are so many opportunities for extra/bonus credit, so be sure to take advantage of all of them. Not many people participate in class, so I recommend that you show up, participate, ask questions, and Dr. Alam will certainly remember who you are. Highly recommend.",0,0,0,0,0,0,0,0,,No clear workload signal.
CMSC330_218,CMSC330,Cliff Bakalian,2024,4,"I'm not sure why Cliff has low-ish reviews. I guess that CS students love complaining that the professors whose lectures they don't attend are bad at teaching. I'll start with the bad, because honestly, there is not that much. Firstly, he doesn't post his notes on time. Most of the time, his notes are posted days after the lecture went over them, which can be quite annoying for those who like to review notes before or after lectures. Secondly, he's somewhat disorganized when teaching, and his in-class reviews and examples are all over the place. Other than that, he's an amazing professor. He has plenty of review material for both quizzes and exams, and has practice utilities. The exams and quizzes are also very fair. Some of the projects can be tedious, but he gives ample time for students to complete the projects, which are integrated very well into the material that is taught. Overall, a pretty good professor.",0,1,0,0,0,0,1,0,"Secondly, he's somewhat disorganized when teaching, and his in-class reviews and examples are all over the place.",The review indicates heavy or difficult exams and course disorganization.
CMSC351_300,CMSC351,Justin Wyss-Gallifent,2024,5,"justin’s teaching style is really good in that he knows how to break down super complicated topics into things that are easier to understand which i appreciated a lot. i do think that the grading on the exams and homeworks was a little harsh considering how many points they would take off for small mistakes. i came out of that class understanding pretty much everything we were taught (and i probably could’ve gotten an A if i had dedicated more time to studying for the class lol), so i’d definitely recommend justin for 351!!",0,1,1,0,0,0,0,0,do think that the grading on the exams and homeworks was a little harsh considering how many points they would,The review indicates heavy or difficult exams and substantial homework or lab workload.
CMSC411_004,CMSC411,Ilchul Yoon,2018,2,"Pretty tough class if you don't understand. Exams are hard, there were not enough materials given to practice. He is understanding but not good as a lecturer.",0,1,0,0,0,0,0,0,"Exams are hard, there were not enough materials given to practice.",The review indicates heavy or difficult exams.
CMSC414_042,CMSC414,Michael Marsh,2022,5,414 teaches a lot of useful concepts in computer and network security! And taking it with Marsh is a no brainer,0,0,0,0,0,0,0,0,,No clear workload signal.
CMSC417_015,CMSC417,Nirupam Roy,2021,1,"I tried sitting in the back and boy I could not understand a word he said. Don't get me wrong he definitely tries to help but his accent gets in the way. Ended up having to withdraw (the only class I ever withdrew from in 4 years here) as the programming assignments were impossible to complete and were basically irrelevant to the stuff learned in class. The exams required you to memorize pretty much every single calculation and definition and write them out. It was also unclear what exactly you were supposed to know before an exam. Am I supposed to read and learn from the textbook, or from the slides, etc? Idk if it was just Roy or if this class would still be so poorly structured even with a different teacher. But for the sake of your GPA just forget about 417 and choose a different class. You'll thank me later.",0,1,1,0,0,0,0,0,The exams required you to memorize pretty much every single calculation and definition and write them out.,The review indicates heavy or difficult exams and substantial homework or lab workload.
CMSC420_157,CMSC420,Narayanaswamy Narayanaswamy,2024,4,"Definitely a challenging class, as it focuses very strongly on analytical content. 250/351 probably won't be sufficient preparation for the rigor of proofs he goes through in class, but the proofs we actually have to write (for homework, exams) are usually far more straightforward — or fairly copyable from the notes/textbook. The projects were a pain but doable as long as you started early. He records his lectures, posts his notes, and is helpful and friendly at office hours; however, his availability is lacking, and I think the TA only started doing office hours about halfway through the semester. The midterm was challenging and I think most people didn't finish in time, but partial credit was extremely generous. Don't take this class with him if you don't like math, or if you want an easy A. Otherwise, I think it was a rewarding experience.",0,1,1,0,0,0,0,0,"The midterm was challenging and I think most people didn't finish in time, but partial credit was extremely generous.",The review indicates heavy or difficult exams and substantial homework or lab workload.
CMSC421_035,CMSC421,Tianyi Zhou,2023,5,"He is a nice guy and tries his best. The whole course was 70% of Berkeley's course. He was generous with grading and you could get an A if you learned a little bit. I almost always attended lecture and he got a bit better towards the end. He was pretty nice, he would always answer questions even if they were dumb. He's just learning how to teach so it's OK.",0,0,0,0,0,0,0,0,,No clear workload signal.
CMSC422_007,CMSC422,Ramani Duraiswami,2021,1,"Worst taught course ever. This course was co-taught by him and David Jacobs, and I ended up skipping my other CS class to go to Jacobs' discussions. If you have the option please take Jacobs instead. Dr. Duraiswami simply reads over slides, didn't truly teach anything, especially if it related to the weekly quizzes or the final, and wouldn't go over quiz answers because somehow we're magically supposed to ""understand"" what we were never actually taught. He also would make a lot of errors, which is perfectly human, but it was never corrected, and some of us can't tell what's right/wrong to be able to immediately correct him. As a result, I never had any real material to study off of and didn't learn enough to know whether what he did was actually correct or not. Also, office hours were very limiting and didn't help much with problem sets. Overall, poorly taught class, and would not take a course with him again.",0,1,1,0,0,0,0,0,"related to the weekly quizzes or the final, and wouldn't go over quiz answers because somehow we're magically supposed to",The review indicates heavy or difficult exams and substantial homework or lab workload.
CMSC424_053,CMSC424,Peter Keleher,2023,3,"Peter is a suitable lecturer. I do wish he would record his lectures or get a microphone (it was sometimes difficult to hear in class). The lectures were a deluge of information, most of which is not needed for an exam, but is probably useful if you really want to take all of this database stuff to heart. I found it difficult to know what was going to be tested before the exam. The content itself is tough following the latter half of the class, where it leaves the realm of using databases and enters the realm of hardware and how databases themselves work. A NOTE: This class is not just about using or setting up databases! A lot of the class is digging into the nitty gritty about how different parts of a database works. I definitely got in over my head on this one.",0,1,0,0,0,0,0,0,"of which is not needed for an exam, but is probably useful if you really want to take all of",The review indicates heavy or difficult exams.
CMSC426_020,CMSC426,Christopher Metzler,2023,5,"He's really good at explaining things that are hard to explain in words. He records lectures which is helpful. The written homeworks are pretty tough but he's pretty fair about the amount of time given and is reasonable about extensions in some situations. The only things I wish were different about this class is I wish the recording audio was more clear, and I wish he recorded some of the math he does on the board. Some professors use a hand cam when they need to show examples on paper. It would have been really helpful if he did that, because basically if you failed to understand it during lecture time you never got another chance to hear an explanation. I also wish he used a screenrecorder to record slides as he lectures. The recordings just had terrible quality. Another problem I had was that piazza responses were pretty slow, even though the class size wasn't all that big. Usually took 1-2 days for a reply. Another problem I had with this class is that one part of the class involved some vector calc stuff (Calc 3) even though its not a prereq for this course. Maybe putting a calc 3 prereq would make class sizes too small, I don't know. But I had great difficulty wrapping my head around those parts of the course (Neural networks). That's not anyones fault but its just something to keep in mind if you want to take this class. You'll have a really good time in this class if you've taken data science, intro to ml, intro to lin alg, and calc 3. I only took intro to lin alg so I really struggled, but they don't grade too harshly. Despite the minor problems I listed, prof Metzler is such a good professor that it just outshines the issues. Lecturing a computer vision class, understanding all the concepts so well that you can break it down to students is seriously difficult so I was just grateful we got someone so capable of teaching it. The neural network project and the visual odometry project are very interesting and really shocked me that you can get a computer to do that. Very good class.",0,1,1,0,0,0,0,0,Some professors use a hand cam when they need to show examples on paper.,The review indicates heavy or difficult exams and substantial homework or lab workload.
CMSC434_004,CMSC434,Vibha Sazawal,2019,3,"Can't really complain too much about Dr. Sawazhal. Her class is easy as can be. The in class activities are an easy handful of points, her exams are open note, her semester long project isn't too daunting with groups. Nice woman, very laid back but can be a little picky with her grading especially on the miscellaneous homework assignments. If you want an Easy A/B, take her for 434 not Golub",0,0,1,0,0,0,0,0,"Nice woman, very laid back but can be a little picky with her grading especially on the miscellaneous homework assignments.",The review indicates substantial homework or lab workload.
CMSC451_037,CMSC451,Jonathan Katz,2021,4,"Overall a decent class. I'd actually give 3.5 stars out of 5 but I'd figure I round up if I have to decide between a 3 and a 4. Pros: - Great lectures - Comprehensive slides - Responsive on Piazza. Some people were saying that he's too blunt or rude, but I didn't really feel that way. I appreciate that his responses were to the point. - Helpful during office hours - Exams and homeworks were mostly fair - Useful content for technical interviews and fundamental CS understanding Cons: - Grading took way too long, particularly for the homeworks. However, the final was graded the same day, which is great on them. - Cutoffs could be more clear - Lecturing could be a bit slower so that people who are writing notes can copy points from the slides. This is likely because Katz covers more material than other professors. Katz may not be as good as Childs for this class, but he is miles better than Kruskal. My main suggestions for him are to try and enforce faster grading and to cover less material to let students have more time to grasp it. Other than that, you should be fine having him as your professor.",0,1,1,0,0,0,0,0,- Helpful during office hours - Exams and homeworks were mostly fair - Useful content for technical interviews and fundamental,The review indicates heavy or difficult exams and substantial homework or lab workload.
CMSC456_017,CMSC456,William Gasarch,2020,5,"Bill G is the GOAT! He is super friendly and great at teaching the material in a way that is understandable. Homeworks and exams are sometimes tricky but aren't impossible if you understand the material from class. We had a handful of guest lectures this semester as a ""break"" from the normal material. Overall, he's fantastic and I'd take another course with him in a heartbeat.",0,1,1,0,0,0,0,0,Homeworks and exams are sometimes tricky but aren't impossible if you understand the material from class.,The review indicates heavy or difficult exams and substantial homework or lab workload.
INST326_026,INST326,Aric Bills,2023,5,"Aric was one of my favorite professors by far. Sometimes the coursework can be quite challenging, however, there are so many office hours that you can always find someone to help. Also, going to class was always reinforcing the lecture videos watched before class. Most weekly assignments consist of watching lecture videos and completing a Jupyter notebook before Monday's class, starting a coding exercise in Monday's class to be done by Wednesday morning, and the occasional 3 times a semester coding assignment due on Friday. Overall, definitely super manageable and would 100% take it with him again. He also is super understanding about needing extension and prioritizes learning above all else.",0,0,1,0,0,0,0,0,"Most weekly assignments consist of watching lecture videos and completing a Jupyter notebook before Monday's class, starting a coding exercise",The review indicates substantial homework or lab workload.
MATH140_476,MATH140,Matthew Wilson,2025,3,"Mr. Wilson is so nice, but he isn't the best at explaining topics. You can tell he really likes math and obviously knows a lot, but the way he explains the content is how his brain works (which is a math wiz) so if your not so quick to pick things up like me you might not like him. He tends to overcomplicate things in lecture, and he focuses a lot on the proof for each problem rather than teach you how to actually solve it. His exams were also always harder than the practice done in class or in the practice exams. Overall great guy, but not the BEST teacher.",0,1,0,0,0,0,0,0,His exams were also always harder than the practice done in class or in the practice exams.,The review indicates heavy or difficult exams.
MATH141_512,MATH141,Kendall Williams,2025,1,"One of the worst math professors, refuses to curve anything and writes exams 1 day before giving them. Extension/Retake policy is needlessly strict and makes the class way harder than it has to be.",0,1,0,0,0,0,0,0,"One of the worst math professors, refuses to curve anything and writes exams 1 day before giving them.",The review indicates heavy or difficult exams.
MATH240_337,MATH240,James Conway,2025,4,"He's a pretty average prof. Gets the job done, teaches good enough, quizzes are fair. Midterms and the final aren't too bad.",0,1,0,0,0,0,0,0,Midterms and the final aren't too bad.,The review indicates heavy or difficult exams.
MATH241_498,MATH241,Leah White,2025,5,"The only reason I am getting some sort of A in this course is because of her. She is a godsend, answers all questions with patience and clarity, and wants you to do well. I went to our discussion every week, and she would prepare me so well before each quiz and exam. Simply have no more to say because she is just amazing, and you are blessed if she is your TA.",0,1,0,0,0,0,0,0,"I went to our discussion every week, and she would prepare me so well before each quiz and exam.",The review indicates heavy or difficult exams.
MATH246_333,MATH246,Manoussos Grillakis,2025,2,Insane amounts of self studying and almost nothing useful from his lectures. Only helpful parts are the practice exams before each midterm and the discussions were pretty good. You'll either lose your grade or your will. Nobody escapes the grill,0,1,0,0,0,0,0,0,Only helpful parts are the practice exams before each midterm and the discussions were pretty good.,The review indicates heavy or difficult exams.
MATH310_041,MATH310,Kendall Williams,2023,1,"Do not take with this professor. Low grade no curve, literally more than half of the students dropped.",0,0,0,0,0,1,0,0,"Low grade no curve, literally more than half of the students dropped.",The review indicates harsh or unfair grading.
MATH401_075,MATH401,Yanir Rubinstein,2023,1,"Homework was fine, albeit a bit too much work at times. Exams were abysmal, as some of the questions were based on theory that the book neither delves into nor expects you to know when learning about the APPLICATIONS of linear algebra",0,1,0,0,0,0,0,0,"Exams were abysmal, as some of the questions were based on theory that the book neither delves into nor expects",The review indicates heavy or difficult exams.
MATH403_011,MATH403,Nathan Manning,2019,5,"Fantastic lecturer. Fair grader. Be warned: he does not pull punches when it comes to exams and is not a fan of curving. If you plan on going to grad school for math, I definitely recommend Manning.",0,1,0,0,0,0,0,0,Be warned: he does not pull punches when it comes to exams and is not a fan of curving.,The review indicates heavy or difficult exams.
MATH405_005,MATH405,Matei Machedon,2019,3,"He's perhaps the nicest professor I've taken a class with in the math department. One complaint I have about the class in general is that it was too easy. Before the exam he would post ""practice problems"" and then when we got the exams we would discover that the exams basically had the exact same problems word for word. Essentially by the end of the course we have some students left who do not understand the basics very well as to ask questions which are either straight up incoherent or seemingly ""are you seriously asking that at this point in the course?"" The textbook for the class kind of sucks. He was very willing to entertain some of my brief after-class discussions of some alternative and wacky ways to prove certain things.",0,1,0,0,0,0,0,0,"Before the exam he would post ""practice problems"" and then when we got the exams we would discover that the",The review indicates heavy or difficult exams.
MATH406_018,MATH406,Adam Kanigowski,2020,5,"Professor Kanigowski is phenomenal. I had him for Math 406 as a freshmen. He is so kind and patient. He is the kind of professor who is extremely brilliant but also cares about his students learning the material. He understands that students might not necessarily understand the material through one approach and if you ask questions or he notices that he has lost student in his lecture, he will go back through what he just taught and try to teach it in a different way so it makes sense. ASK QUESTIONS IN CLASS!!! He is so willing to help you understand and he WANTS you to ask questions. He will repeatedly ask during lecture if there are any questions, and every time I have asked (which was a lot) he always made sure to answer it to the best of his abilities and I always understood it better. He is very nice at office hours and will spend however much time it takes going over problems until you feel comfortable. His homework and midterm prep are very useful and you will feel very well prepared for his exams if you complete them. The class breakdown is 6 to 7 graded homework assignments with 1 midterm and 1 final. However the homework and lectures really prepare you for the midterm and final so you will be okay. He does not require you to attend lecture, and the book is helpful, but I found his lectures to be a lot more helpful than the textbook, and he doesn't go in order of everything in the book so you at least need to know what topics he covered in class. I would highly recommend attending lectures. Side note - I had him during the time that UMD went online for the second half of the second semester because of COVID - 19 and he did so much to make sure that all his students were okay. He made sure to modify the curriculum and add more office hours so that we knew we could reach out to him. He said he cares more about his students understanding what he has taught than just bulldozing though material for the sake of saying he completed everything on his timeline. He is great for people who love math, or who struggle with math. He will challenge your brain to think different for those who enjoy it, and he is there to support you and encourage you when you struggle. 100% recommend taking him and I would take his class again if I could.",0,1,1,0,0,0,0,0,His homework and midterm prep are very useful and you will feel very well prepared for his exams if you,The review indicates heavy or difficult exams and substantial homework or lab workload.
MATH410_085,MATH410,Roy Joshua,2024,4,"Roy Joshua just transferred to UMD from Ohio state, and so when he got put into the system and listed as the professor for MATH410, people read his reviews from ohio state, most of which were from covid virtual learning, and 12 people dropped the class before the first day. As for his lecture style, he is very by the book but very consistent. He goes through explanations as well as plenty of examples, and pretty much follows the textbook exactly. He writes on his ipad and projects the notes onto the board, and while he does have messy handwriting he also always says the exact words he writes down as he is writing them. He does have a somewhat thick accent, so while I usually have no trouble with understanding people who speak english as their second language I can understand that some people may want to choose a different lecturer if they struggle in that area. He assigns straightforward homeworks that are only 5 questions (all taken from the textbook), and so the class is relatively low workload. He is also a quite understanding professor, making sure people have enough time to do and submit the homework and also making sure people understand what he is saying in lecture before he moves on. This class is far more interactive than many other professors I have had in the math department. He is somewhat poor with technology though, as he didn't even realize the ELMS wasn't posted on the first day of classes, but he has the understanding of the content and can clearly explain it and that's what counts at the end of the day.",0,1,1,0,0,0,0,0,"He goes through explanations as well as plenty of examples, and pretty much follows the textbook exactly.",The review indicates heavy or difficult exams and substantial homework or lab workload.
