review_id,course,professor,year,rating,review_text,project_heavy,exam_heavy,homework_heavy,time_consuming,self_learning_required,harsh_grading,disorganized_course,fair_but_strict,evidence_snippet,label_rationale
PHYS131_056,PHYS131,David Buehrle,2025,3,"when I say LOST IN THE SAUCE for this class, I mean it beyond. not one single lecture did I come out understanding what was going on. this man was all over the place like spitting things left and right that just either didnt connect or were so confusing without any background knowledge. yes this man is so passionate and he loves this topic but let me tell you how annoying this class was. the tophat reading is so long and I highly doubt anyone ever read it but its supposed to help you understand whats going on in class so then when he teaches it in lecture you already have a foundation but like the readings are so long and also kinda confusing so by like the second week nobody actually reads them I feel like. the lab is the biggest joke of all time legit not clue what was flying the entire time and the lab reports are graded based on vibes it felt like, just hope you get a chill TA that doesn't make you do the dumb work sheet in the beginning of the class and you can just send that hour working on the lab instead. now let me tell you guys about the final the fact of the matter is that it kind of determines your entire grade, had a high A the entire semester and then did not do so well on the final and BOOM A- in the class overall even tho that doesn't actually represent how I truly did in the class. yea his curves are great but like sometimes not as much as they should be. Overall this guy is passionate but I came out knowing not one thing abt physics and with an annoying grade that doesn't represent how I did in the class.",,,,,,,,,,
PHYS132_021,PHYS132,Matt Severson,2024,3,"Severson is an extremely lazy professor. You legitimately get nothing from going to the in-person lectures, he records them and leaves the TopHat clicker questions open for 48 hours. He consistently goes on his phone multiple times a lecture and you can really tell that he doesn’t want to be teaching the class. The curve is really generous. You can score significantly below the mean on the exams and still end with a B or B+ in the class. Overall, take this class if you want a good grade, but don’t expect to learn anything about physics. If you’re studying for the MCAT, you may want to consider going with another professor who’ll actually teach the class, otherwise you’re going to be stuck self-studying.",,,,,,,,,,
PHYS260_188,PHYS260,Hailu Gebremariam,2025,4,By no means is this class easy. Lectures are sometimes confusing but usually his exam material is pulled or extremely similar to homework or lecture.,,,,,,,,,,
PHYS261_007,PHYS261,Matthew Severson,2020,5,the lab isnt bad. you legit never see severson tho. Its a pretty easy lab not gonna lie,,,,,,,,,,
PHYS270_076,PHYS270,Drew Baden,2025,2,"I honestly have no idea why his score was so high. I feel like the way he structured the class was fairly disorganized at best and completely messy at worst. a) The homework felt ""too easy"" in a sense, to the point that I felt like I wasn't adequately prepared for the exams when going in. Not only that, but the exams were COMPLETELY multiple choice, which completely threw me off as someone who is used to having free-response physics exam for the bulk of my academic career. He gave no practice exams, nor did he indicate what the exams were going to be like. b) His lecture style can be very boring at times, and I sometimes felt like he was just giving us fun facts rather than actually teaching the course material. He shows that he is passionate about physics and what he teaches, but it doesn't translate well into what I actually needed to understand for his class. c) He has a very strange grading system where he normalizes the average grade, which basically means that he can curve you down! For me and a lot of my peers, he dropped us from two whole sign grades (those expecting a B got a C+, and those expecting a B- got a C), and it felt quite unexpected.",,,,,,,,,,
PHYS371_014,PHYS371,Chandra Turpen,2023,4,"Professor Turpen is one of the kindest professors I have ever encountered. She genuinely cares about learning and allows students to redo exam/homework problems for partial credit which is really helpful for not only boosting your grade, but learning material in the class. It is a tough course, but she sets up students to succeed. That being said, my only complaint is that it takes forever to get grades back in this class. I still have ungraded assignments from September which is frustrating not having a solid clear grade going into finals. Aside from that, I loved taking 371 with her and could not recommend her more. I hope I get to take another class with her!",,,,,,,,,,
PHYS401_003,PHYS401,Christopher Monroe,2014,1,Do not take him. He is awful. Worst Professor of all time. He is mean. Bad! He ate my cheerios,,,,,,,,,,
PHYS402_005,PHYS402,Victor Yakovenko,2010,4,"Yakovenko is a instantly likeable professor. He's funny, smart, and he's definitely effective at communicating the material. He has a habit of dropping constants in equations, which is okay, but you will need to include them in the homework or lose points. Of course, the first couple of times he does it, he re-introduces them at the end, so you kind of learn to do it yourself. He adapted the course structure to the students' incoming knowledge very well, he answered any questions directly (though he sometimes missed the point of a question), and he rapidly responded to any questions you might email him. I personally had an incident where I was sick and emailed him asking if I could scan my homework and email to him. He said I could and said he would give it to the TA. The next week, it turned out that the TA never got my homework, and Yakovenko said that he was not a conduit to the TA and that he hadn't agreed to give the TA my homework, that I would have to go directly to the TA. I double checked the email, and I wasn't making up our conversation, so I was a little peeved. I gave the homework to the TA and it didn't get marked down for lateness though, so from a practical standpoint there wasn't really a problem. In the end, I am looking forward to having Yakovenko as a professor again in PHYS404, which I guess says more than the rest of this review.",,,,,,,,,,
PHYS410_002,PHYS410,Carter Hall,2014,5,"Dr. Hall is a fantastic teacher. Everything is clear, concise, and on point with what you need to know. He keeps all his lectures and notes in a logical order and there's hardly confusion when reviewing over them again. Homeworks are from the textbook and are generally not too terribly difficult. Exams (take-home this semester) were tough, but doable. He's a bit of an android in terms of emotions or humor, but it's hilarious when he does joke. This is my second semester with him (previously PHYS 273) and I'd, without a doubt, take another class with him.",,,,,,,,,,
STAT100_222,STAT100,Matthew Griffin,2026,4,"The class itself is super easy. He literally gives you formula sheets to use during tests, so you just plug the numbers in on the exam. He's just a little insufferable as a professor. Extremely strict attendance, assigned seating, etc etc. If you need a gpa boost, take this class. Just be prepared to roll your eyes at his bs every. single. day.",,,,,,,,,,
STAT400_471,STAT400,Shixin Zheng,2025,3,"This guy really likes math. I mean really likes math. He goes on lots of tangents and tends to conceptualize things in a way that only makes sense if you read the textbook or if you're very tapped into math. Besides the fact that his teaching ability is below average, he does actually care about his students. He curves when necessary and gives you homeworks that are free points along with bonus points that you can go for to save your grade. If you actually study, you can succeed in this class but it is hard to learn from this guy. The only reason he gets 3 stars is because his fits are pretty fire.",,,,,,,,,,
STAT401_076,STAT401,Anurag Dey,2025,5,"bros the goat, easy class. easy A. thank god I took him. if he keeps this up, he's the obvious choice for 401. it's a basic requirement anyway, so the shortfalls of his class don't really matter. take Anurag, keep your sanity.",,,,,,,,,,
STAT410_108,STAT410,Kyeongwon Lee,2025,2,"I want to start off this review by saying that the professor is a very nice guy. He genuinely has no malintent. However, there are certain shortcomings that took place during the course, which is rather unfortunate. I'll start with the most recent and move backwards in time. - The last two weeks have been conducted and have not been focused on our imminent final exam, rather, using R and its applications for statistics (material we are not assessed on). This honestly sucks, given the fact that it is unclear what exactly will be covered on the final. Again, the final we have in a few days. - Before these last two weeks, there was a total of three weeks where the professor was not present, and we had an alternate instructor. These instructors covered the most difficult material in the course, and since they do not directly oversee the exams, it was hard to understand what exactly was and wasn't exam-relevant. Now, he did provide legitimate reasoning as to why he was not able to attend our class, just not great, given out of the 15 weeks in the semester, we have not had substantive lectures for 5 of them. The biggest concern for me is what to study for the final. He gave us six files for practice problems, however, there are some content differences generally between this and the other final exams on the testbank. Would be nice to get some closure on what exactly I should be focusing on. Pros of the course: quizzes and exams are fair, if not helpful given they have been based off of practice exercises and we have been allowed to use a cheat sheet on the midterms and upcoming final. He is approachable and can be helpful.",,,,,,,,,,
STAT420_023,STAT420,Mestiyage Gunatilleka,2024,5,"Awesome, awesome professor. Weekly quizzes are fair and good practice. Homeworks are relevant for the most part, and on average difficult but not impossible. Exams are also incredibly fair, and there is a practice exam posted and a review session in the class before the exam. Dr. Danul is also a great lecturer. He talks slowly, explains topics well, and constantly pauses to make sure everyone is following along. He answers questions well, and my favorite thing he does is relate material to real-world applications. I would 100% recommend taking this course with Dr. Danul, and I wish I had taken more courses with him in the past.",,,,,,,,,,
STAT430_038,STAT430,Hatice Sahinoglu,2025,1,"Her sample exams are not a good representation of how actual exams are. Her exam 2 was very disorganised. It was no way a 50 minute exam. Her grading is also extremely harsh. The slides, HW and some exam questions are confusing and hard to understand. This is supposed to be an easy A class but she made it much harder. I have never gotten anything below a B in my entire college experience, yet I am close to failing this class.",,,,,,,,,,
BSCI160_582,BSCI160,Chloe Garfinkel,2025,4,"Dr. G is a great professor. Her lectures are pretty entertaining, her exams are not super difficult, and she provides resources. For every exam, she gives her students a study guide in which she pulls questions/topics directly from what is on the study guide and she allows students to use the front and back of an index card on the exams. She doesn't do clicker questions anymore, like the past reviews say. She is very nice and I have friends who created meetings with her to discuss their grades and ask for help and she seemed very accommodating. There is a biodiversity project worth approximately 5% of your grade, which takes a maximum of 1 hour and is an easy 100%. The homeworks were usually wekly SimBio's due on friday at midnight that also did not take a lot of time. She also does not do any curves or rounding. The only thing I would say as a negative is that at the beginning of an exam (usually half multiple choice worth 5pts each, half free response) she would say to not write a lot in the free response section; however, she would take off points if you were not specific enough. Otherwise, she is super sweet, and you can tell she really wants her students to succeed. I would recommend her as a teacher.",,,,,,,,,,
BSCI161_019,BSCI161,Hans Lemke,2024,1,"This lab was a fucking shitshow. You're given no instructions on how to complete difficult homework. He leaves you completely in the dark. I'm not exaggerating when I say there are no instructions. Assignments will say ""make x,y,z"" with no further explanation on how to do so.",,,,,,,,,,
BSCI170_304,BSCI170,Zachary Schneider,2026,5,Such a great TA! GO TO HIS OFFICE HOURS! He is so good at breaking down hard concepts and a genuinely nice person,,,,,,,,,,
BSCI171_072,BSCI171,Swarna Mohan,2025,5,"This class is solely TA run, so your TA is really what matters for the class. The assignments can be annoying and long, but not too bad if your lab group is good. I was lucky enough to have Harriet Harris, who was awesome. My lab group was great, making this an overall enjoyable experience.",,,,,,,,,,
BSCI201_109,BSCI201,Maira Goytia,2025,5,"The cheat sheet is so clutch for this class in BSCI201. I usually make a Canva sheet in 5.5 font filled with all the topics covered + she gives extra credit for her exams, which has let me have 100% on all three midterms (I scored around a low A every time prior to extra credit). This let me have more time to study for the lab practicals, which I think are harder than the lecture exams because of the overwhelming amount of vocab you have to memorize. The lab is totally doable as long as you spam Quizlet or Anki over and over again FOR ALL THE THINGS LISTED ON THE STUDY GUIDE (yes its going to be a lot but u can do it) Good luck!",,,,,,,,,,
BSCI202_023,BSCI202,Sara Lombardi,2024,1,This teacher is not only the most selfish teacher I have ever had to deal with but also does not follow university policies. She is not accommodating nor does she care for her students I had the worst experience with her and she denied me of my accommodation except nothing but selfishness from her.,,,,,,,,,,
BSCI207_206,BSCI207,Karen Carleton,2025,5,"Carleton is a really nice professor, and I love that she records the lectures. You don't need to go to class as long as you watch lecture recordings. The class absolutely sucks, but if you're a bio major, you have to take it. Tests are based on the content she talks about. Frqs are based on GAEs. There is a small curve at the end, which can round your grade up.",,,,,,,,,,
BSCI222_255,BSCI222,Jessica Mutz,2025,3,"ok so i definitely struggled in the beginning. the exams seemed really hard and everyone i knew was not doing well. her style of teaching is reading straight from 80 slides per class and often getting confused when doing her own examples. it's kinda frustrating but i've heard she's helpful in office hours. there was also a SLIGHT curve (like an 88.5 was made to be a A-). she records her lectures which is nice but almost no one showed up to class. she goes over warm up examples which are very close to the exam questions. honestly exams are more application than memorization which is why it's frustrating in the beginning. by the last midterm and final i had figured out a good way to study (LOTS of flashcards, warm ups, and topic quizzes). lab is a really good grade buffer (it's 25% of total grade) so do ur best on those bc it's easy. this class is doable with her but please try ur best from the beginning it's hard to recover after a few bad midterms, especially with little to no curve",,,,,,,,,,
BSCI223_084,BSCI223,Erin Tran,2025,2,"At first i thought this was a good prof but there's so many assignments and projects on top of lab, and the hours you put in outside of class actually learning the material because of the flipped classroom is so stupid. the big thing is her unfairness with exams: apparently our average grade for the first exam was ""too high"" (it was a B-), because she basically sabotaged our second exam by putting way too much content and too many FRQs for the 50 mins given. I don't know a single person who finished that exam or felt good about it. And there's no curve despite all this negative feedback.",,,,,,,,,,
BSCI330_161,BSCI330,Kenneth Frauwirth,2025,5,GOAT prof - tells you what he's going to ask on the exam in class. Doesn't change exams from previous yrs for the most part - get old exams and you'll have an A easy easy easy. Only annoying part is you have to go to class bc of clicker questions.,,,,,,,,,,
BSCI353_037,BSCI353,Chan Lin,2025,4,"The content was very interesting, and lectures were well-done. However, exams were *very* hard. They simultaneously required memorization of many little details (memorize every word on those worksheets!!!) and some big-picture understanding. I wish they focused more on the understanding part and less on the details (personally I don't care what the difference is between clathrin and dynamin) but at least the lectures taught plenty of understanding, not only details. Dr. Lin is a nice guy, very funny sometimes, and good lecturer. TA's were not helpful and TA lectures were very confusing, but hopefully that was just this semester. Attendance is required Monday morning, which sucks, but other lectures can be skipped because they're recorded. The worksheets were also awful. But the textbook was good and I definitely learned A LOT. Definitely ask for points back after exams if you feel the grading wasn't fair, and definitely read the textbook, and definitely study the worksheets and weekly quizzes a lot before exams. Good luck!",,,,,,,,,,
BSCI410_113,BSCI410,Louisa Wu,2025,4,"Dr. Wu is an extremely nice professor, and she makes this very content-dense and challenging course significantly more manageable! She also truly wants all her students to succeed, offering a significant amount of extra credit points (up to 15+ pts possible!!! and this is WITHOUT including the exam wrapper!) I've overall had a pretty good experience in this class; There's no final (hooray), but it's important you do well on at least two midterms (1 is dropped and you have the chance to earn back points - up to 25% of what you lost - for Exam I), since exams make up ~60% of your grade. While the exams are open-note, they each cover A LOT of content, and much of it is application-based, as opposed to pure memorization, so you must have a firm understanding of the tested content to actually get a good grade. This class is definitely challenging and requires a significant amount of time dedicated to studying, but it's definitely manageable if you're up to the task! Kyle and Adena are both very helpful TAs. Kyle was very kind and great regarding answering homework/exam questions, also props to him for being an undergrad and just being an absolutely wonderful/informative TA! Adena was amazing with teaching the bioinformatics portion of BSCI410. I hadn't had prior R-language exposure, but Adena's R introduction lecture/office hours made coding significantly easier/more understandable even for someone without any previous coding experience! I personally found that attending lecture in person was not helpful; there's a lot of content, and Dr. Wu is a quick lecturer (definitely not her fault, given how much she covers)! However, lectures are all recorded, and you can attend via Zoom, so I'd attend asynchronously to answer clicker questions / listen to Dr. Wu in the background, and then watch the recording and take notes at my own pace to make sure I didn't miss anything important. This was definitely a time-consuming method, but it really helped me absorb the material a lot better, and the difference between my Exam I and Exam II/Exam III scores DEFINITELY showcased that (went from a D on Exam I without wrapper to an A- on Exam II). Overall, great class, but be aware that it does require a significant amount of focus to do well! If I had been taking a heavier course load this semester, I doubt I would have been able to dedicate as much time as I personally needed to achieve an A (which is why I'm giving a 4 instead of a 5).",,,,,,,,,,
CHEM131_529,CHEM131,Lee Friedman,2026,1,"This course was extremely challenging and negatively impacted my mental health. Despite attending GSS, completing practice exams, and consistently studying, I struggled to score above a 60 on the exams. The exams felt significantly more difficult than the practice material and required a level of speed and depth that was hard to manage. If possible, I strongly recommend taking a different professor for General Chemistry.",,,,,,,,,,
CHEM132_080,CHEM132,Madison Trice,2025,5,"Maddie is probably one of the best TA's I will ever have in college. She was extremely helpful in the lab, whether that be helping you understand the procedure or calculations after the fact. She responds to emails wicked fast, and clarified any problems I had with post lab. Overall a really nice person and great TA.",,,,,,,,,,
CHEM135_438,CHEM135,Alice Mignerey,2026,1,"In all honesty if you’re good with teaching it to yourself then she’s really not that bad, she’s very kind and her TA, Matt, is great. Aside from that she cannot teach at all.",,,,,,,,,,
CHEM136_005,CHEM136,Natalia White,2021,2,"There are no good professors for CHEM136 that I am aware of, so take this review with a grain of salt. Dr. White is clearly passionate about Chemistry and is knowledgeable on the subject. BUT... she is not an understanding professor and does not care about her students, making this class very unfair. I spend more time doing work for this class than CHEM135 (I ended CHEM135 with a 95% and CHEM136 with a 82%... make that make sense). The labs are extremely stressful because they don't make sense and the TA's have zero clue what's going on. Also, before each lab, you have to take a short ""pre-lab quiz"", for which they pull questions out of thin air and slap them onto a piece of paper (you'll be happy to get a 6 out of 10). Then comes the lab report. It's a living hell trying to figure out what the questions are asking, especially if you haven't taken AP Chem in high school. Each lab report takes me a minimum of 5 or 6 hours to complete (I once spent a good 8 hours on one and many tears were shed). Then comes the grades. The rubric for our lab reports is out of this world ridiculous. She takes off points if you don't draw the axis of your graphs with a ruler!!! And I got a 9 points off on a lab report which was 100% correct... all because I used 3 sig figs instead of 2 for my final answer calculations! And if this wasn't enough, you have a midterm and a final which are more of a guessing game than an actual test on knowledge (average lies around a 60%). Moving on... the only way you will manage to pass this class is if you go to her office hours and ask her as many questions about the lab as you can possible think of. I almost forgot to mention that because the grades are so bad in this class, she rounds the highest person up to an A+ and everyone else accordingly. Good luck and remember that C's get degrees :)",,,,,,,,,,
CHEM231_428,CHEM231,Donald Hong,2025,3,"Dr. Hong isn't the worst professor, but if you have the choice to take someone more experienced, I would suggest doing so. With that being said, he is bearable. He is overall a fair professor despite going VERY fast during lectures. He also posts the homeworks and discussion worksheets, which you need to do for practice to pass his class. I would also suggest going to the GSS, those are very useful. With that being said, he does go FAST. He goes incredibly fast, and sometimes it is hard to keep up with him during lecture. I do find myself watching organic chemistry tutor at times due to his speed. However, he is always open to answering questions, especially during his lectures. Just make sure not to fall behind because he doesn't record lectures.",,,,,,,,,,
CHEM232_070,CHEM232,Monique Koppel,2025,1,Genuinely one of the worst professors I’ve ever had. Sends emails out SUNDAY nights about what we need to do for lab the next week. I’d say reports are graded more strict than 132. There has been multiple occasions where I go in for office hours and the TAs will tell me my post labs are all correct but when I submit them I get a 10/20. Doesn’t seem like the TAs know how to do it either. I’ve also heard from multiple TAs that Dr koppel tells them to be as strict as possible with grading and give minimal points.,,,,,,,,,,
CHEM241_261,CHEM241,Lyle Isaacs,2025,3,"Yes Dr. Isaacs is a good person but his teaching abilities are okay, mediocre at best. Most of your learning will have to be from the textbook, which for me was very difficult. He barely does any practice questions in class just the one on his premade slides which I felt was never as hard as the questions on the exams. The best way to study imo is to read the whole textbook and pray for the best. The averages on exams were around 42-60%. I ended with a 60.67% which ended up being a B. Yes the curve is nice but try to avoid him if you can, unless you have many hours in your week to sit down and do every single textbook question. I honestly had a good shot at getting an A but the final exam was all MCQs (his first time doing that) and it was diabolical since no half credit. He thought that making his final all multiple choice would be easy for everyone but it was the opposite. Nothing could have prepared me for that exam, even the 50+ hours i spent in mckeldin. That being said, discussion section and review sessions with the TA Nick saved me so go to those. Only take Isaacs if you know you have time to read the textbook, otherwise save your time and pick someone else if doable.",,,,,,,,,,
CHEM242_017,CHEM242,Lee Friedman,2024,4,"Chem242 is, in my opinion, harder that Chem241, but not too too much worse. *Definitely* go to office hours though (with the nicest + most helpful TA you can find, not necessarily your TA). Some of those post-lab questions can kick your butt without help. My TA was lowkey incompetent (it seemed like he never read our lab manual, and he thought pH paper worked on dry powder) (it doesn’t) but it was fine anyways. I only met the actual professor one time because I went to his office hours but he was really nice. However, since you don’t have a choice in your prof or your TA, this review is mostly just to inform you that if you survived Orgo 1 lab, you should be fairly ok, and to say one more time GO TO TA OFFICE HOURS!!",,,,,,,,,,
CHEM271_232,CHEM271,Bonnie Dixon,2025,3,"Her class felt unorganized compared to my previous chemistry courses. This had some positives and negatives that I listed below. Pros Moving homework deadlines and 1 exam date (b/c the majority of the class agreed with delaying it) Extra credit opportunities Lots of office hours Discussion worksheets and TAs were very helpful Discussions are optional, and you can attend any of them. Cons: HWs are long and require external materials to be watched (her asynchronous lectures and CANs). Questions may be dropped or added within 1 day of the deadline. Limited study resources in Elms Lots of typos on HW that may/may not be publicly addressed to the class. There are lots of people in the office hours. I think I've never spent so much time in office hours to get nearly nothing out of it. There are so many people in her office hours that people often wait outside her office. I also don't think I understood her explanations well.",,,,,,,,,,
CHEM272_046,CHEM272,Amanda Schech,2025,4,"Schech is fine. You don't really need to go to the lecture to understand. Exams are pretty easy, you just need to go back to the notes (she posts her panopto video lectures) and do the practice exam basically. The average on the exam is like 85-90%. The only issue is some of the TAs grading the lab reports are very nitpicky and take points off for basically nothing, but that's not Schech's fault. Also, you can miss up to 3 labs without providing a ""university-approved excuse,"" just contact your TA and Dr. Schech.",,,,,,,,,,
CMSC131_431,CMSC131,Nora Burkhauser,2025,3,She is a super nice person but not the best at lecturing or teaching the class. Her slides are really good and you can learn a lot from the slides. She shows the slides and does live coding demos in class. If you pay attention in class and have decent prior knowledge of the topics you will be ok. Honestly not the best prof but if you can learn on your own and read slides you will be definitely good for 131.,,,,,,,,,,
CMSC132_482,CMSC132,Elias Gonzalez,2025,5,"I took Elias for 131 and 132 and I will say that he is definitely the best introductory CS professor anyone could ask for. I was very scared coming into UMD because I had pretty much no true coding experience (I had not even taken AP CS principles) and I had heard from various planetterp reviews and forums that this course would be difficult if I did not already have at least some background in CS. However, Elias made both of these courses a great experience. He truly cares about his students and takes time to talk about topics such as mental health. He also has a system set up so that there are nearly constant office hours making it very easy to get help with projects or leading up to exams. His lectures were also very engaging. He explained concepts very well (especially for someone with no prior knowledge) and was always very receptive to questions (as I used to ask a lot especially in 132), making sure his answers contained as much depth as possible. In addition to being a great teacher and having a system that makes it easy to get help, he also records lectures, provides a plethora of practice material for midterms and the final, and overall is just a very approachable person. Would definitely recommend.",,,,,,,,,,
CMSC216_452,CMSC216,Nelson Padua-Perez,2025,1,"If you want an easy grade without really learning anything, take Nelson. He tries to be funny, but that's not what I came to school for. I wish I had taken 216 with somebody who actually cares more about teaching than just being popular. I got an A, but I don't really feel prepared for upper level courses that might depend on 216.",,,,,,,,,,
CMSC250_503,CMSC250,Mohammad Nayeem Teli,2025,1,"I do NOT recommend taking 250 with Teli. I got a decent grade, but I seriously don't know what I'm doing. I went to a couple of 250 lectures given another professor and it was so much better. The other class actually held my interest and now I understand what 250 is supposed to be like. Teli's version of 250 is more like a middle school class than a course at a university. I wish I had taken somebody else.",,,,,,,,,,
CMSC320_209,CMSC320,Maksym Morawski,2025,4,"PROS: - Very funny and engaging professor, I was rarely bored during lecture and actually liked going. - Homework assignments make up a great portion of the grade, making it easier to pass even if you slip up on an exam. - HW assignments are very interesting despite being vague. He might ask something like ""here's a dataset, write me a report about the data,"" and it's up to the student to decide what to do from there. A lot of extra credit is given for creativity, effort, and generally impressing the grader, which helps boost your grade at the end of the semester. - Exam questions could pop up in data science interviews. They also force you to be well-prepared and understand the content. - Homeworks can be decent projects to put on your resume - Max is a pretty reasonable professor and is willing to help out, as long as you talk to him well ahead of deadlines. - Sometimes cancels class spontaneously, but this could also be perceived as a con since the class might fall off schedule - He gives LOTS of extra credit opportunities. I would say to do all of them; you might end up needing it at the end of the semester. Lots of it doesn't even take that long, it just involves you submitting notes for a lecture or taking a photo of you studying for an exam with a friend. CONS: - While he can be really unserious, some people might not like that style, since it can lead to distraction or falling off schedule - Exams are pretty hard and can sometimes be very poorly worded. Class averages for the first two midterms were not great (Exam 1 was roughly 66%, Exam 2 was 70%) - He can be pretty disorganized. Either he forgets to cover something in class, or just doesn't cover it at all since he spent too much time in class going on random tangents. - He takes pretty long to respond to emails. - You will need to do a lot of self teaching. He covers a little bit of pandas, but aside from that, not much code is covered at all. I had to teach myself how to use more pandas functions, Scikit-learn, and other important frameworks necessary for class. Other notes/takeaways: - Watch the 3Blue1Brown playlist on neural networks when you get to that part of the class, those were really helpful in understanding the concepts. Those concepts are also testable. - Start homework early to avoid late submission or cheating. - Do all the extra credit opportunities, they really don't take that long to do and could really help you out. Overall, he's a decent professor and I enjoyed taking the class with him.",,,,,,,,,,
CMSC330_257,CMSC330,Anwar Mamat,2025,5,"He's not that great of a lecturer, but he's my favorite professor. He's just the best, but not the best at teaching. He's funny too :). Class in general is easy, the projects take a little while, so I'd to starting at least 2 days before the due date. It's annoying to have a project due soon when the autograder does not work right and the readme has 500 typos. This isn't Prof. Mamat's fault, though, I'm pretty sure it's Cliff's fault. The TA's were actually good unlike CMSC351.",,,,,,,,,,
CMSC335_031,CMSC335,Nelson Padua-Perez,2024,2,"Nelson is knowledgeable and teaches the material decently but he is unprofessional. He often distracts from the material and embarrasses students, like calling out a student for her insulin pump beeping. He shouldn't have to make jokes at the expense of a student to engage his class because not every student is comfortable being put on blast in front of the whole class. This behavior discourages students from coming to class and creates an uncomfortable environment for those that he picks on and students that have to watch. He does grade fairly and records lectures which is nice. He seems to care about students a lot but continues to act rudely towards them.",,,,,,,,,,
CMSC351_341,CMSC351,Ting Jiang,2025,5,"If she is co-teaching with Justin again -- 5/5. Her exams are more fair, and she is a very nice person and a lenient grader. Just study off of Justin's notes and do well on the midterms",,,,,,,,,,
CMSC411_045,CMSC411,Bahar Asgari,2022,5,Breaks the mold for CS teachers. New CS teacher that I have no issues with and responds to every question on Piazza with a quick and easy to understand explanation. Highly recommend.,,,,,,,,,,
CMSC414_077,CMSC414,Michael Marsh,2025,3,"Flipped classroom model yada yada yada. Judge yourself whether you will actually succeed in that type of environment. Marsh as a professor is knowledgeable and tries to do everything he can for his students. His slides are utterly useless in terms of actually learning what to do, so you will have to do most of the learning on your own (which really doesn't help in the flipped classroom model) or figure it out somehow, which leads me to the the biggest problem with this class: the projects. They are incredibly difficult, no two ways about it. Somehow I managed to complete them but oh boy was it stressful. I also am not really interested in the class content, so that definitely didn't help. Also, one thing to note is that this class HEAVILY leans into computer security rather than network security. Do not think this class's content will give you enough information comparable to 417.",,,,,,,,,,
CMSC417_046,CMSC417,Nirupam Roy,2025,5,"Easy tests and hard projects. I feel like most 400 classes don't let you get your hands dirty with the projects and hold your hand with many of the assignments. This class basically rips off that bandage and expects you to learn C/C++ and make you write all the code yourself. You get to write many practical and useful projects compared to the other 400 classes I've taken so far. Projects (a2 onward) are stressful, but I have only myself to blame as I would start 2-4 days before the due date. As long as you start early and am confident in your coding skills, you will most likely do fine in this class. I enjoyed the content and teachings of Roy albeit sometimes a little boring.",,,,,,,,,,
CMSC420_191,CMSC420,Justin Wyss-Gallifent,2025,5,"After reading all of these opinions on the 7 exam structure, I wanted to join and say I actually really enjoyed it. This was one of my favorite CS classes ever. Instead of cramming for large exams with a bunch of different concepts, I was able to focus on just two at a time and actually learn! The exams line up very well with the practice problems and are not very difficult. The number of exams and the fact that Justin drops some is also very forgiving if you have an off week. Overall, Justin is an amazing lecturer and the structure of this class was very fair in my opinion. I learned a lot.",,,,,,,,,,
CMSC421_077,CMSC421,Maksym Morawski,2025,2,"Super disorganized and lectures don't go anywhere near the kind of depth you would expect from a 400 level class, it was a struggle to learn anything at all",,,,,,,,,,
CMSC422_048,CMSC422,Marine Carpuat,2025,1,"I genuinely wanted to learn this material, but the way the course was run made that almost impossible. It’s hard to express how much I dislike this course. It’s structured very poorly: it’s extremely fast-paced with almost no room to actually retain the material. The assignments don’t reflect what you need to know to do well on the exams, and the textbooks are pretty unhelpful if you’re new to ML. I’m not even going to say much about the grading (yes, it’s very punitive, likely due mostly to the TAs) because others have already covered that. The instructor seems to assume that if one person gets an A on the midterm, then everyone should be able to get an A, which completely ignores the reality that students juggle many responsibilities. It’s not just “do research,” “teach,” eat, and sleep. Her teaching style ends up overwhelming students and reinforcing unnecessary competition, especially coming from someone who didn’t go through the same level of modern academic pressure, unstable economy, or constant distractions. Overall, the class was mentally draining because of the uncertainty around how to actually learn and retain the material, what to expect on exams, and how to find reliable resources for long-term understanding. By the second midterm, the stress had taken a significant toll on, I’m sure, the majority of the class. Amazing and thank you!",,,,,,,,,,
CMSC424_088,CMSC424,Daniel Abadi,2025,1,"this class was absolutely atrocious. the participation quizzes were not in fact graded on participation/completion, but rather on accuracy. the weekly readings are tedious and dense, and the reading quizzes themselves are a monstrosity. all of the projects are taken from another university, so the codebase is super deep and complex. there is very little guidance on implementing the required methods, and the difficulty of the projects do not match the information learned from the reading quizzes. onto the next: exams. the most vile questions are cooked up to test every single edge case of our knowledge. algorithms are confusingly modified to test if we have a master's level of understanding of databases, and the questions are specifically tailored to trip us up. the other reviews below can confirm this, abadi seems to find great joy in this. cool class and important concepts, but i did not anticipate this class to be the hardest class i have ever taken at my university. truly tragic when trying to load balance your schedule and this abomination of a class appears out of nowhere.",,,,,,,,,,
CMSC426_050,CMSC426,John Aloimonos,2024,1,"I usually believe that when people review teachers, they're a bit too pessimistic when they give so many professors a 1 star. I've had fabled terrifying professors such as Yoon for 216, and while I wouldn't say such experiences were pleasant, I usually find stuff of value that the class and teacher bring to the table. Before I had Professor Aloimonos, I doubted I would ever skip a class, because even though it's tempting, there's still stuff of value to it. So with the preamble out of the way, time to rant about this class. There has never been a more disorganized class in my life. Frankly, it's a stretch to even call this class a ""class"", because Alomoinos is so out of the loop for everything, and the class is basically just run by TAs. Slides are quite terrible and poorly written and organized, and project directives are EXTREMELY vague and you won't know what you're doing most of the time. Piazza is fairly unresponsive and solely answered by TAs. All projects are group but insanely long and will definitely take 10+ hours even if you're a strong programmer. Each lab comes with a report you have to write about what you did. The lectures provided by Aloimonos are nigh uninterpretable, as his accent and monologues go far off any actual content that's useful to the labs you'll eventually have to do. There was one midterm for the class, and since so few people went to class at this point/people didn't understand what was going on, an MC test where you didn't even have to answer every question, had a terrible average. Even worse, some questions had incorrect answers in the answer key, and students had to argue to deal with how inaccurate/vaguely worded the questions were. Most people will probably look at this class and think to themself, ""But, anon, the average is so high. Why wouldn't I take this class?"" And, sure, labs are mostly graded as 100s and despite the midterm, extra credit + no final + 10% piazza participation leads to a high average. But why would you want to subject yourself to so much stress, and so much effort, for a class you'll struggle to learn in? Also a side note: although a lot of the TAs aren't that responsive, the head TA, Naitri, is definitely the highlight of this class as she genuinely posts guides to the labs, has useful office hours, and actually runs this class fairly well. However, this does not excuse how poorly managed the class is as a whole, as well as how much Professor Alomoinos's non-teaching makes this class difficult. Anyways, in short, please do not take this class.",,,,,,,,,,
CMSC430_047,CMSC430,Milijana Surbatovich,2025,5,"This course is literally the continuation to CMSC330 but more. Uses functional language (but in Racket not Ocaml) to develop compiler and interpreter. Professor is a very smart, enthusiastic, and kind professor. Notes are posted online and the lectures are recorded, which is very helpful for review. Projects can be tedious but are manageable if you dont procrastinate. Exams are TAKE HOME and 24-hour! This is very different but I liked it tbh. Note: the 1st exam is easy but the 2nd is much more difficult. I spent like a straight 12 hours working on it to pass all cases. They say that you should be able to finish in a normal class period but that's not even remotely true if you want a good grade lol.",,,,,,,,,,
CMSC433_020,CMSC433,Liyi Li,2022,1,"Have you ever wanted to waste a semester learning nothing, but still be so stressed about a class you nearly get an ulcer? Do you want a teacher who will be rude and condescending to you and ignore all your concerns? Is your life missing a teacher who is utterly incapable of explaining the material and steadfastly refuses to answer your questions in any comprehensible way? Look no further than Liyi Li, the worst teacher bar none at the University of Maryland, perhaps in the world! His existence is proof positive that God is real and He Hates CS Students. Dr. Li demonstrated every single day in class that he did not understand the material any better than the students did, or that if he did, he was so utterly incapable of communicating the material that we just assumed that lecture was the first time he was seeing it. Asking him questions didn't help as, assuming he didn't just ignore your question, he regularly failed to answer it in any meaningful way or even rephrase the confusing material in a way that could be better understood. Lecture slides are utterly useless for learning due to being incomprehensible. Going to TAs to learn the material doesn't help either as they don't understand it either - though that's not their fault; he so completely fails to impart even the smallest nugget of information on whoever he is talking to that even they don't understand what was going on in the class Often the TAs were forced to just give out the answers left and right to students or almost the entire class would fail. We regularly had 3-4 projects assigned to us at a time on top of regular homeworks. Projects might be due mere days apart from one another without any office hours between them to discuss the project with the TAs. When students complain, his go-to responses are ""well a few people finished the project on the first day, so why can't you?"" and ""you students are lazy and just want the TAs to do all the work for you."" He insisted on using software that by his own admission was broken and regularly discarded your work before you could save it. To ""make up"" for the technology issues he simply allows you ~2x the normal time to take exams. If you have another class or exam right after and can't use that extra time, tough luck, you're screwed. Who cares? Not Dr. Li. You doing poorly on an exam is just another example that proves his belief that students at UMD are idiots (literally something he has said to his TAs). If I could give this man fewer than 1/5 stars I would - he's one of the few professors on PlanetTerp with 1-star reviews across the board. Do yourself a favor and avoid him at all costs.",,,,,,,,,,
CMSC434_034,CMSC434,Evan Golub,2024,5,"I dont know why people give him terrible reviews. For 434, he was pretty good. I barely attended his lectures, but this class seemed quite interesting. Has a pretty cool psychological aspect and relates to the real world in a way we don't usually realize. The class is structured about 40% exams, 40% semester long group project, and 10% attendance. Roughly. The exams are all very very easy. I studied the day before only by just going through his practice questions he posted and I got A's on all of them. The semester long project is not that bad if you have a good group. I luckily had a group that knew what they were doing and could code in kotlin so they carried me. The reason I got a C is because I didn't do much on the project so when your groupmates decide after each project phase how much each person did, I got a bad review. Golub is a pretty chill professor.",,,,,,,,,,
CMSC436_029,CMSC436,Michael Marsh,2025,4,"If you are a procrastinator, AVOID AVOID AVOID. This last month has been so ridiculously stressful. I really really really regret taking this course. If you're not a procrastinator, then it's an Easy A.",,,,,,,,,,
CMSC451_072,CMSC451,Andrew Childs,2024,5,"Homeworks are hard and can take quite some time to figure out a solution, but you have 2-3 weeks to do them. Exams were difficult as well, but it seems like there is a generous curve at the end of the course (75% got me a B). Regarding the lectures, they feel very useful as Childs will go through the material thoroughly and is good at checking for questions and answering them.",,,,,,,,,,
CMSC456_049,CMSC456,Todd Rowland,2024,5,"Great class. Teaching material was pretty good, detailed slides using wolfram. Todd worked at wolfram for 15 years, he was able to use it for lectures. Exams were fair, homework grading was easy and fast. Really goes to show that the math department actually cares about students. Thankfully this semester 456 was under control by the math department. If it was taught by CS it would have terrible teaching, terrible TAs, and terrible grades.",,,,,,,,,,
CMSC474_004,CMSC474,Mohammad Hajiaghayi,2023,1,"Hajiaghyi has been a nightmare as a professor. When exams don't match class material and your grades are determined by how well you do against others, it feels a little bit contradictory to his constant talk about wanting everybody to succeed as that is literally impossible when a third of the class is guaranteed to get a 50% on two of the three total projects. The exams are maybe 50% content and 50% think about this problem and write a solution you think works. The midterm had no partial credit for line of thought. Exams also include a section that is basically ""are you subscribed to my social media and have you watched my content."" This also feels like something that a professor should not do. His lectures are, for the most part, off the slide. Anything said in lecture has been generally learned better on my own. I would not take this class again.",,,,,,,,,,
DATA110_001,DATA110,Susan Mazzullo,2023,5,"Super easy and straightforward class, very similar to MATH206 where the class is largely self taught but is simple",,,,,,,,,,
DATA120_011,DATA120,Fardina Alam,2025,4,"The slides have been helpful, but the first couple of weeks were a bit tough while getting used to the course pace. The last two weeks felt easier since there’s been less content.",,,,,,,,,,
INST326_066,INST326,Gabriel Cruz,2025,2,I feel like he relies way too much on his TA's for the class and doesn't really care for the class at all. You pretty much have to self-learn everything which is pretty hard if you don't have much experience with coding.,,,,,,,,,,
INST327_029,INST327,Pamela Duffy,2025,1,"Horrendous teacher, don't get how she is 4.3 stars. I took her because I got a recommendation from a friend, as well as the good PlanetTerp reviews. She creates a GroupMe for the class, then accuses half the class for cheating because we asked questions in it? I stopped going to lecture but she tries to make jokes mid lecture and all of them are bricks. Although she knows the material and can somewhat teach, she's just miserable to have, just find a better professor (not hard). She needs to wrap it up at this point",,,,,,,,,,
MATH140_516,MATH140,Shin Song,2026,5,"She makes the subject matter really straight forward. Lectures are very clear, and she always posts class notes. Her exams are also fairly easy. The only issue I ever had with her was that it took her a VERY long time to grade exams.",,,,,,,,,,
MATH141_550,MATH141,Jonathan Fernandes,2026,4,"Dr Fernandes was a good teacher overall. His biggest flaw was that he relied heavily on the TAs to teach methods discussed in class. He was often slightly late and quick to leave, but he would always discuss mistakes after class as long as you walked with him. Expect a good amount of quizzes and homework. The exams are not too bad as long as you understand the problems he goes over in class. The final is daunting, but definitely possible to get an A on if you go over enough past finals and understand the processes behind the questions given. He will also curve the average to a C or -C, so if you're keeping with the average, you will pass the class. Lots of grades and a curve were posted in the last few days of class, so constantly be on top of your work and don't get discouraged.",,,,,,,,,,
MATH240_372,MATH240,James Conway,2025,5,"Super nice, easy professors. Exams were always very fair and didn't require alot of computation. Pretty straightforward. Exam weighting is also great, he drops 2 lowest quizzes and makes your lowest midterm weigh half the others. Best prof to take calc 3 w imo. My test averages were like 97s.",,,,,,,,,,
MATH241_528,MATH241,Junyan Zhao,2026,3,"Junyan is funny as shit and dresses like an anime mc. He teaches well in general, but also goes really fast which makes it hard to keep up, and has pretty questionable handwriting. That being said, his exams are pretty reasonable (difficulty-wise), and are very similar to assigned textbook problems. Most of my learning was outside of class by watching Justin Olav Wyss-Gallifent on youtube. Overall nice guy and would generally recommend.",,,,,,,,,,
MATH246_363,MATH246,David Hamilton,2025,2,"HE IS NOT A GOOD PROFESSOR! His mumbles during his lectures, makes many mistakes, and goes way too fast. The first midterm was unnecessarily difficult (class avg of 52%) and only 2 problems (each with part a and b). it's kind of crazy because each midterm is 200 points (20% of the entire grade) He does give a retake opportunity for each midterm, but they aren't much easier. The second midterm was much better (class avg 76). The class is curved such that an 85% is an A (A- if right on the border), 75% is a B and so on. There are 4 MATLAB projects which are very easy and in class quizzes that are directly from the suggested problems almost every week usually 10pts each (Midterms are 200, Final is 400). Otherwise, there isn't any homework. The textbook that he uses is mid, Paul's Online Math Notes was a much more useful resource. Attendance isn't mandatory but you risk missing an in-class quiz as he usually doesn't announce them.",,,,,,,,,,
MATH310_071,MATH310,Sean Gruber,2025,5,The workload was extremely manageable and the resources available were super helpful. It is obvious that Dr. Gruber cares a lot about his students and provides his students with everything they need to succeed. This class was taught wonderfully.,,,,,,,,,,
MATH401_105,MATH401,Margaret Doucette,2025,2,"Pros: Pretty nice person Class is not hard at all for a math400 Pretty receptive to feedback IMO, this is her first time teaching at UMD Cons: Lectures are kind of all over the place, it's hard to learn/glean anything from them She also just reads off Justin's notes, once I realized this I never showed up for lectures Groupworks SUCK, they are done in groups of three but what always happens is one person does matlab one person writes and if you are not one of those you are kind of just sitting there. easy points but sometimes the most boring hr of my life Some of the homeworks are SO LONG Overall shes not the best, but if you have her you will be fine. She also improved over the semester and I can see her being a lot better in the future",,,,,,,,,,
MATH403_041,MATH403,Qendrim Gashi,2024,5,"Hands down on of my all time favorite professors. Great lecturer, makes the content easy to understand, very responsive to email, and genuinely cares about his students doing well. You can expect a weekly homework that takes about an hour max, 3 midterms, and a final. The exams tend to be tough, but he curves generously at the end of the semester.",,,,,,,,,,
MATH405_035,MATH405,Michael Laskowski,2025,5,"This was my favorite class this semester. I really liked lectures, he was very approachable in office hours, homeworks were sufficiently challenging without feeling overboard most of the time, the content was interesting to me. I don't know, this class just did it for me. I talked to some people about taking this class and not having taken MATH403 yet, and a few have questioned me for doing so. While basic content from that class may be helpful for this class, MATH403 is in no way an implicit prerequisite for this professor's MATH405 (it may be for some sections, though I don't know personally). Positivity is hard to write about, so I'll put a few things I didn't quite like about this class here. For one, homeworks are physically handed in during class. I do all my work digitally, and printers are my worst nightmare, so this bugged me quite a bit, even though I attended every class anyways. Exams are heavily weighted, as each midterm is 25%, and the final is 40%, with the remaining 10% being homeworks. This isn't quite as bad as it could be, as the exams were rather easy all things considered, and each of them come with a bit of extra credit, but it's something to keep in mind if exams aren't your strongsuit. The textbook we used, Linear Algebra Second Edition by Hoffman and Kunze, isn't bad by any means, but I didn't like some aspects of it. There are some problems in the book which aren't the most clear due to having wonky English, using terminology which hasn't been fully established (independent set comes to mind, where the book means linearly independent set without first establishing that fact, where independent set is a term from graph theory), or having odd symbol usage (using \to instead of \mapsto for mappings, for example). In general, I generally prefer how Linear Algebra Done Right by Sheldon Axler presents information, and used it as a second reference on a few occasions throughout the course. Finally, one particular lecture after exam 2 felt very rushed, which was rather annoying given that a homework on the topic was assigned that day and due the next class (usually, a full week is given to do ahttps://youtu.be/XjZHAa4hR68 homework). For me, my gripes are minor in the grand scheme of things. I highly recommend this professor for MATH405.",,,,,,,,,,
MATH406_050,MATH406,Dong Quan Nguyen,2024,3,"As other reviews have mentioned, Dong Quan is a great teacher when it comes to explaining and developing concepts. He is always willing to go out of his way to recap unfamiliar or forgotten material, and will answer any question asked in detail. Furthermore, he is very nice and wants everybody to succeed doing everything in his power to help every student get good grades. The problem with this, though, is that there is a notable difference between students learning material and getting good grades. Graded exercises are made trivial after discussed in class (often before their due date, and in detail) and due to a generous grading structure, nobody in the class had to take the final since a take-home midterm was half our grade. The grading structure was the top two categories out of homework, midterm, and final, each of the two weighted to be 50% of our final grade. I don't think anybody ended the course without an A+, though, and certainly not without an A because so many assignments became copy-and-paste from his notes in class. This resulted in students receiving good grades without the need for them to learn or understand material. Looking at some exams in the testbank, for example, I'm lost on many of the questions, with question formats we've never seen. I'd attribute this to a mix of a focus on theory from Dong Quan and a lack of rigor to the course. While Dong Quan is great at teaching, one of the fundamentals of learning is practice, and without any graded assignments that actually required students to do anything other than copy and paste notes, it's hard to say that anybody came out of the class knowing a ton more than when they entered. On a separate note, I want to verify his habit to extend due dates and his somewhat frequent online lectures. There's nothing necessarily bad about either of these, but both are something to be aware of. In conclusion, take the class if all you care about is your final grade. In this case, you will get the grade you want with minimal effort. Otherwise, opt for another more rigorous teacher.",,,,,,,,,,
MATH410_114,MATH410,Panagiotis Dimakis,2025,5,"The BEST math professor I've encountered. Panos is extremely knowledgable and interacts with everyone so well each lecture. I love how he never reads straight from the textbook, but instead tries to derive every proof himself, which really helped me understand how to problem solve and think about things. He also made each exam take-home including the final, making this class not very stressful unlike other professors. Highly recommend.",,,,,,,,,,
MATH411_047,MATH411,Shiferaw Berhanu,2025,5,"Solid professor, he's definitely not the professor described in the MATH410 review from a few years ago. He engages with the class frequently and likes it when people are on time to class. His exams are also very fair (he sends out practice problems and sometimes has review sessions for them), and he even added an optional third midterm in case you wanted to improve your grade. He did make the final worth 45% of the overall grade, but if the difficulty is similar to the midterms, I think it will be fine. If you are the type of person that goes to class, I would recommend Professor Berhanu for analysis courses.",,,,,,,,,,
MATH416_002,MATH416,Charles Levermore,2020,3,"Levermore is cool - as long as you can endure his snarky attitude. His lecture is fine, but I find the pace a bit slow. That said, this man should be banned from teaching new courses. He couldn't finish writing the homework on time for most of the time of the semester, so we had 5 psets for spring break and 4 psets for final's week. That was just not very reasonable. The exams were take-homes because of the pandemic. While the first exam was long and easy (the format was similar to the hw with the workload doubled), the second one was really tedious (he picked the hardest + longest problem from each hw and compiled them together). That was one of the instances when I look at my solution and wonder how on earth would the instructor have the mental power to read through my solution. He graded things very leniently at the end, I'm not sure if it was because he felt sorry for the way he bombarded us with giant hw packages or he's just lenient. Anyway.. the material is very interesting, I recommend learning some harmonic analysis on your own if you get a chance. The text used was Wickerhauser - alright but not the best for self-study (<- so you can't learn everything by reading the book and not attending lectures).",,,,,,,,,,
PHYS121_064,PHYS121,Ki-Yong Kim,2025,3,"The sweetest guy. He is so excited about this class, and does his best to make it interesting. He is also very accommodating, as other reviews have mentioned. I joined the class a week late, and he gave me more than enough time to catch up, all you have to do is be transparent and ask for help. I have never taken physics once in my life before this, so it was certainly a struggle. You need to put in plenty of time. He does NOT use a textbook which is frustrating, so buy the suggested book (it is NOT a waste of money). He goes super quick in his lectures, so you definitely need to review by yourself. Also, he provides the formula sheets, you do NOT get to make your own. So make sure you understand the formulas because the formula sheets give very little. You also have to infer on a lot of things, but if you get the hang of the problems you'll see, you'll do fine. DO THE HOMEWORK, there will be some crazy questions from there that will be on the exam. Overall, I would recommend him for someone who just needs PHYS121 for their major.",,,,,,,,,,
PHYS122_008,PHYS122,Negar Heidarian Boroujeni,2020,5,Lectures can be really dry but she's super nice and accommodating. Gives 20+ points worth of extra credit questions for each exam.,,,,,,,,,,
PHYS131_055,PHYS131,Matt Severson,2025,2,"I know a lot of people have said this is a chill class and most people can easily get an A, but if you hate physics like me, don't relax and take this class too lightly. Even though exam averages were pretty high (70-75), I felt this class was the bane of my academic career simply because I felt like the practice problems weren't enough to grasp the boring material. I couldn't ever appreciate what I was learning, but nobody cares about that anyway. You could tell Severson couldn't care less if you even understood what he was rambling about. Labs and hw were outright pointless with some problems even dating back to 2002, believe it or not. And even though exams were much, much better than they were in 131, I had to really study and lock in to get close to the average and then do well on the final. I honestly learned more from Khan Academy than anything in this class, so if you want digestible problems and actually understand the material, this would be my most significant study help. Overall, if your mind manages to fathom physics, you'll be fine. But if it's more like a chore, as it was for me, just take a breath, pick up your credits, and move on.",,,,,,,,,,
PHYS132_020,PHYS132,Wolfgang Losert,2024,3,"Losert is a good professor. I just hate the life science physics classes. Losert is passionate about physics and he can be funny at times as well. However, the head TA taught 1/3 of the lectures because Losert was at a conference like every other week. He does TopHat questions just like 131, and some of them are graded for accuracy, but he'll literally tell you the answers in class so as long as you're there, you will get it right. ExpertTA homework was time consuming and annoying. It's literally impossible to fail this class. You don't need to know anything about the content going into the exams because you get a double-sided formula sheet and the curve is insane, and you can bs enough to get a solid grade. Also, the exams have retakes, where your new grade is the average of the original and the retake (although I've heard the retakes are much harder). Exam 2 was nothing like the practice. Labs are easier than 131 - once you get through the couple of harder lab reports at the beginning, the rest are easy and don't require a whole lab report - just answering questions. It's also highly dependent on if your group members actually do the work. Overall, I've learned nothing in this class. 131 and 132 are a joke. I would've been better off taking the non-life science physics courses.",,,,,,,,,,
PHYS260_187,PHYS260,Hailu Gebremariam,2025,2,"Absolute trash. Take heidarian. Tests are a little hard but not insane. Except for the final, the average was a 58. Grading is very harsh. Lectures are so boring you might fall asleep. If you fall asleep worry not, as the lectures are so useless for learning the content and how to actually solve problems that you will have missed nothing.",,,,,,,,,,
PHYS261_006,PHYS261,Matthew Severson,2019,4,"This lab is strange because it seems like it should be a corequisite for physics 1, not physics 2. Since almost everything was review, it was very easy, and it was possible to finish each lab at least an hour ahead of time. (Note that Severson was never there in-person, only the TAs.)",,,,,,,,,,
PHYS270_075,PHYS270,Drew Baden,2025,4,"Pretty easy professor and class I just didn't really study. My final grade was an 81% and ended with a C+ because of the weird grading that he does which was annoying. But the tests were multiple choice and you get a cheat sheet - 5 for the final which was insane. Lecture kind of sucked I only stuck it out the first half of the semester, but the online textbook helped a lot to understand the harder concepts but really all you need is to understand the homeworks. The first test was very easy - 85% average. The second test was insane around 50% average you need to actually understand everything fully. The third test was fine with around a 75% average, the final was also easy pulling directly from the midtems almost completely with another high % average. Recommend him over Skuja for sure there are no quizzes with Baden unlike Skuja and the tests are much easier.",,,,,,,,,,
PHYS371_013,PHYS371,Chandra Turpen,2023,5,"Dr. Turpen is simply an amazing professor. She really cared about us learning the physics while not making the class too difficult. Lectures were easy to follow and we had in-class participation quizzes that really helped to reinforce what we were learning. The homeworks were never too difficult or long, and exams were fair. If Dr. Turpen is teaching 371 for your semester, you'll be in for a treat.",,,,,,,,,,
PHYS401_004,PHYS401,Sylvester Gates,2013,2,"So I had a lot of problems with Gates' teaching style. First is that, being a theoretical physicist whose career is based on quantum mechanics, he is a bit too good at the concepts in this class. So he would often go over material too quickly for everyone to understand it. Also, he was frequently out of town so we would often have a substitute which was not a horrible thing but I kind of like consistency. However, my biggest problem was his grading. He gave several quizzes throughout the semester and one of those was the day before Thanksgiving. How many people go to class that day? He also refused to let people make the quiz up. On both of the midterms, the front page said you have 2 hours to complete the test. We had 1 hour classes. So pretty much no one finished the tests and the grades reflected that. Even if we had had enough time the tests were incredibly difficult and the grades still would have been awful (virtually all the questions were incredibly difficult unless you knew some obscure math trick). These poor grades are reflected by the grade distribution. I think that over 60% of the class got a C or below, including about 1/4 of the class getting D's or F's. In my opinion, that is an absurd distribution that reflects an awful grade policy. That said, he was good about answering questions so if you knew what you didn't understand you could ask for help easily enough. But I really didn't know what I didn't know until after the tests.",,,,,,,,,,
PHYS402_004,PHYS402,Victor Yakovenko,2010,4,"Yakovenko is one of the better professors in the physics department, probably the second best physics prof. I have had after Hall. He lectures directly from the book, but I think his lectures are informative and helpful even though many people decided to skip them. His grading scheme is also very unique: 50% homework and 50% tests, and there are two tests, each counting 25%. He does assign a lot of homework though, and it is difficult, although the problems are not his own but are from the book. He sometimes makes up additional parts to questions which are pretty straightforward. Tests were impossible, however. I think the averages were below 50%. The curve at the end of the semester was something like above 70% weighted homework and tests was an A. I would recommend taking a class with Yakovenko, because he is one of the better lecturers in the department and the grading scheme really rewards those who work hard on their homework. You end up learning a lot in the class.",,,,,,,,,,
PHYS410_001,PHYS410,Steven Anlage,2013,5,"In the interest of full disclosure I am now working for Professor Anlage. That said I took his class before I started working for him and I really liked the class, which is odd for a 400 level physics class. Unlike many (or most) physics teachers, Professor Anlage actually gave a reasonable amount of work. I was pretty much always able to finish the entire homework assignments within a few hours of when I started. Also, he gave one extra credit problem per homework and they were often not difficult. In addition, all of his tests seemed to have a reasonable degree of difficulty. I think all the test problems were fairly interesting and not overly difficult. I think the averages were like 80, 72, and 70 for the 2 midterms and final respectively (my previous physics class had been with Professor Gates and the first test had the cutoff for a B as a 30%). I don't know how much he ended up curving the class but upon checking the grade distribution, I saw that only 2 people in the class got below a C and about 2/3 of the class got A's and B's which seems like a good distribution. That said I didn't think the lectures were overly interesting. One thing I have noticed is that as you get further along in Physics, the Physics becomes more and more abstract. So you really didn't come out of lectures feeling as though you learned anything real. I generally felt that I could solve a problem easily enough, but that problem would probably not have a strong basis in reality. However, one of the best things about Professor Anlage is that he always stayed after class for however long people were there to ask questions. There were several times where I stayed to ask something for over half an hour and he never seemed like he was rushed (unless another class started entering). Tl; dr: Take 410 with him because you will almost definitely pass and you will have a thorough understanding of the material although you may feel as though the material is irrelevant.",,,,,,,,,,
STAT100_221,STAT100,Archana Khurana,2025,5,"Very nice and sweet. She really wants her students to scared, and was always willing to go over concepts that people did not understand. Class consists of two exams, a final, r coding assignments, and homework assignments. The thing about this class, it is not difficult at all, and Khurana does a good job at teaching it. Just make sure to stay on top of the r assignments as those are not talked about in lecture but rather discussion. Overall very easy class and Khurana is very nice. If she is available for the class, don’t think twice. Exams are also very easy.",,,,,,,,,,
STAT400_468,STAT400,David Pincus,2025,2,"I watched my degree evaporate before my eyes on the final. Please don't take this man if your life depends on it. His exams were nothing like the HW, quizzes, or practice exams he gave us. He told us point estimators were not going to be a major topic of the final since we only learned it for a week, but then proceeded to make it 25% of the final exam, which is worth 40% of your grade. Pincus is a nice dude though and will answer all your questions. He also only reads off the slides and his lectures aren't more helpful than looking through a textbook",,,,,,,,,,
STAT401_075,STAT401,Anurag Dey,2025,1,"Easiest A of my life, but also the most frustratingly pointless class I have ever taken. Do not take Anurag Dey, especially for a course you want to use as a prerequisite for future courses.",,,,,,,,,,
STAT410_107,STAT410,Jonathan Yin,2025,5,"Great TA. Very lenient. Very through in grading. Talked to him once, very humorous guy.",,,,,,,,,,
STAT420_022,STAT420,Jonathan Fernandes,2024,5,"Took STAT420 and MATH410 at the same time, Fernandes is honestly the GOAT for any STAT class. His exams are mirror copies of the homework, and will NEVER give you anything on the exam that you haven't seen before. He spends a lot of time helping you look at the ""bigger picture"", and helps you solidify your understanding of the statistical process. He's great. Class is trivial.",,,,,,,,,,
STAT430_037,STAT430,Hatice Sahinoglu,2025,2,"STAT430 is really a light class content wise. Its just a review of STAT401 + learning to do automate statistical tests using SAS. However, she makes it way harder than it needs to be. She is incredibly disorganized and sometimes doesnt release the weekly homeworks until late in the week. The first exam is incredibly simple (just basic SAS procedures), but the 2nd exam is incredibly disorganized and is way too long to cover in a 50 minute class. She also gives no partial credit for the SAS portion. She is not communicative at all and her lectures are particularly useless. She's not a bad person, but she isn't particularly understanding at all and can come across as very condescending when asking questions. Overall, this class is very doable. But she makes it way more painful than necessary. I'd say to avoid her if you can, but you'll live as long as you're prepared for the disorganization and will especially be fine if you have programming experience.",,,,,,,,,,
BSCI160_581,BSCI160,Mary Ann Rankin,2025,1,"DO NOT TAKE RANKIN. please. you have been warned. i will try to sum everything up in bullet points. in terms of the exams: - exams are online on a lockdown browser - her exam style is that of upper level bio courses. - the format of questions is extremely confusing and often has many answer choices (two of the above, three of the above, all of the above, none of the above) for EVERY question. not one question is straight forward. It’s almost like she designs them for failure. - we did so bad on the first exam she had to give us a retake. - you have 45 minutes for about 40 questions. - the questions are extremely long. im talking a paragraph PER question. - almost all questions are conceptual applications and do not directly apply to what we learned in class AT ALL. - lots of math questions with no calculator! - zero practice problems to prepare for the exam. like none. - she makes these huge study guides that do not contain any helpful content actually found on the exam - lots of material on the exam involved slides or IMAGES on slides that were completely skipped during lecture. - she will literally write the scientific name of a creature instead of the common name so you dont know what she’s talking about. brother i dont know the latin name for an earthworm STOP IT! - the averages are failing - no curves! she does award maybe 10 or so points of partial credit back though. - she does not accept criticism about the exam and will tell that to you to your face <3 in terms of the class itself: - every lecture is just her reading off dense slides - many times, slides were not posted before lecture - the simbio tutorials are the “homework” and are extremely long. they take HOURS each, and multiple were due in one day. not to mention they did not help prepare us for the exam at all. she actually said verbatim that some of the simbio textbook was inaccurate. - the grade distribution on canvas was wrong the whole semester. we were unable to know our grades in the class for the whole semester. - we each paid about forty dollars for point solutions polling software. its like kahoot but graded and she never gives you the access code. many of us got zeroes in our grade book despite participating in all polls. when we asked her about it she said to “contact the point solutions company” because she didnt know what was wrong. - she provided no avenue to help us improve our grades despite very low exam averages. in short, she wants you to fail. i dont think she’s evil, i just think she doesn’t know how to teach an intro level class. the TAs were extremely unhelpful as well. if you end up like me and dont catch on until its too late to drop, here’s my personal advice - dont just copy whats on the slides during class, unless that’s truly how you learn best. either sit and pay attention to what she’s saying or annotate the slides as she is talking. - do not spent too much time on the simbio assignments. they are essentially useless. i think only 2 questions of all 3 exams was based on the simbio. - use the optional Hillis et. al textbook that she mentions in the syllabus. it is more helpful than the simbio at actually explaining concepts - use flashcards to memorize definitions. there’s a lot of them. - ask ai to make conceptual practice problems and type k questions for the unit you are learning. - do not cram the night before! please. - dont beat yourself up about your grades. its truly not your fault. good luck and god speed. you should start praying from now.",,,,,,,,,,
BSCI161_018,BSCI161,Hans Lemke,2024,4,"I am lucky enough to have him instead of a TA for my bio lab. He's a very nice and funny guy. His lab is not the most exciting, and there is a lot of work, but that is more of a reflection of the class and not him. He is pretty helpful when you ask questions, but he can also be a strict grader. His assignments aren't too challenging, they just usually take while. If you have to take this lab, he is a good lab coordinator.",,,,,,,,,,
BSCI170_303,BSCI170,Michael Keller,2025,5,"I may be biased because going in I knew a lot of the information we learned in this class from past classes, but Dr. Keller was a great professor. He teaches you the big ideas in biology first, and he goes more in depth with specific material as the semester goes on while relating it back to the big ideas which I felt helped me learn effectively. He's a gentle, funny, and kind man---He reminds me of if I took a class taught by my uncle. He gives 4 midterms and doesn't drop any which is a little daunting, but, in my opinion, it was a fair trade off for how good of an instructor he was. If you need to take BSCI170, definitely go for Keller.",,,,,,,,,,
BSCI171_071,BSCI171,Swarna Mohan,2025,5,"Easy and very organized lab. I think it all depends on your TA, I have an amazing TA who provides so many resources, is thorough, and is really nice to talk to as well. This lab is very simple, with mostly basic content, very little work outside of class, and a very efficient way of uploading lab questions. THe practical was also very self explainatory, yet gave me a good sense of skills for later BSCI classes.",,,,,,,,,,
BSCI201_108,BSCI201,Justicia Opoku-Edusei,2025,4,"She's not that bad. She's pretty fair and if you study a certain way you'll be fine. She's an icon/girl boss so theres bonus points and i can tell shes overqualified. Her exams are only based on the slides so thats good. find study tools, make flash cards for active recall, explain content to a 10 year old, something to know the depths of the topics. Pretty much the matching portion of all her exams are easy since there is a theme, a phrase that is spelled so you can guess it along the way even if you dont know the answers. her multiple choice is a bit difficult for me, at least on first exam, but I only studied the review sheet which is wrong. study for at least a week, write her slides down before class because she goes quickly through them in class. One thing is that she has a hard to understand Ghanian accent and communication for the class is difficult, like i dont know where the syllabus is so i only know when our exams are when she mentions them in class like 2 weeks in advance. Throughout her lectures, she'll clarify things, such as ""if i say this on the exam, that would be answered false for the true and false portion"". Her final is easy, non-cumulative, a study guide that if she puts something on the exam that wasn't on study guide, she'll give points back. iif you do take her, study in depth, more than just the review sheet 2 days before exam, do the slides notes before lecture, and listen to lecture at least when she clarifies something.",,,,,,,,,,
BSCI202_022,BSCI202,Edward Orlando,2024,5,I really hope Dr. Orlando considers returning for another semester because he is truly amazing at teaching anatomy. He clearly loves his job and also happens to be great at it.,,,,,,,,,,
BSCI207_205,BSCI207,Karen Carleton,2025,5,"The class and prof are extremely fair. Study and you'll be fine. Go to office hours, she writes down a list of kids she (supposedly..) bumps the grades up for if they're on the edge at the end of the sem. It can be kind of a lot of pointless content but again, she's fair about it; if everyone does bad on a certain question or concept bc it's too obscure she'll curve that one part. Generally though, there's no curve, no tests dropped, but you get a cheat sheet. About the prof though, Dr. Karen is genuinely extremely nice and sweet and I loved her so much, I'll miss her.",,,,,,,,,,
BSCI222_254,BSCI222,Jessica Mutz,2025,2,"Very organized Elms page and slides. Lecture was super helpful with lots of practice problems. She was definitely not any where near as bad as most of these reviews are saying. I’m so confused as to why she has so many 1 star reviews. The reason she got 3 stars from me was bc there was no final exam study guide. I almost ended the course with a C+ because of how poorly I did on the final. Thankfully she had a small curve that boosted my 79% to a B-. The final was all multiple choice and her multiple choice aren’t easy. The multiple choice component provided no way to get partial credit for any of the math problems on the final. I think my biggest critique is how she handled the final exam. However, I think this is her first time giving a cumulative final so that might be why it was so challenging.",,,,,,,,,,
BSCI223_083,BSCI223,Erin Tran,2025,1,STUPID CLASS. The reverse lecture format is so annoying. She expects you to watch lecture videos on your own time and then ALSO attend lecture which you have to because of clicker questions but then she doesn't teach you anything. The exams were too difficult for the level of material we're being taught and way to long for a 50 minute period. Don't recommend if you're just doing your natural science lab credit.,,,,,,,,,,
BSCI330_160,BSCI330,Kenneth Frauwirth,2025,3,"D1 yapper. In the first 2 exams he had really good analogies, but by the time exams 3 & 4 came around, rewatching and taking notes on a 1 hour 15 minute video took 2-3 hours each. It becomes very confusing and tedious, and you will get tired of hearing his voice and nothing but his voice if you don't keep up to date with lecture notes. The Tophats were very fun, and the most engaging part of the class, but you do have to pay like 20 bucks for it. Never cracked open the textbook once, so don't bother buying. Fraurwirth isn't a bad teacher, but he doesn't like to give points back on an exam, and pray you have a chill TA. He is an absolute nerd, and it is very sweet to watch him relate things to Star Wars, or his kids. Yeah the exams are hard, so don't take the first 1 for granted, and he yaps A LOT.",,,,,,,,,,
BSCI353_036,BSCI353,Melissa Caras,2025,2,"so everything about her not being so good is true. it’s not necessarily about the way she teaches, but it’s about the lack of content given to us to prepare for exams. this class is very textbook heavy, which is a shame because the content is actually interesting. being asked to read 30 to 40 pages of a book every week only to maybe get asked about it once on the exam isn’t worth it. but no matter how good you know the information she’s not good at writing test questions that are coherent and clear. The averages for our exams were always very low teetering around a 72 to a 75. she in fact made our final too hard and had to give us extra 15 points to raise it up. so if you want a chance at a higher grade, please take this class with anybody else. She’s the only professor with this kind of grade distribution which really doesn’t make a lot of sense. interesting class would not recommend her !",,,,,,,,,,
BSCI410_112,BSCI410,Louisa Wu,2025,5,"Dr. Wu is an extremely kind person & very open to answering questions in office hours. She is probably the nicest professor I've ever had. The lecture material in BSCI410 is very dense, and the exams are difficult, but the material is interesting & the questions are fair. She provides a lot of extra credit, drops an exam & several assignments, and does her best to make sure you do well in the class. It's very important to go to office hours & practice doing the homeworks because the exams are largely application-based, and lectures cover a lot of ground. If you're confused, ask for help! The exams are open-note but they go very in-depth. You should take note of what she says in lecture because she says a lot and the slides alone do not contain everything she says. Thankfully, she records the lectures. If you enjoy genetics & you can keep up with the breadth of the material, you'll enjoy BSCI410 with Dr. Wu.",,,,,,,,,,
CHEM131_528,CHEM131,Lee Friedman,2026,1,"If there is any single review you listen to, let it be this one. If there is ANY other way to take this class, and I mean any other way, I urge you to take the other option. To establish some credibility, I would like to mention that I am an extremely hard worker and do what it takes to excel in a class. I am generally a straight-A student and received an A+ in my high school chemistry course. The number of hours and hours I spent on this class, from lectures, homework, GSS, and discussion, to end with a B+ is ridiculous (not saying a B+ is a bad grade, it's not, I just put in so much work). Dr. Friedman is a rude and impatient man. He teaches you concepts as if you should already know them, and going to his office hours doesn't help, as it seems as though he doesn't want to help you. Going through his old tests to study, I would often learn a new exception I didn't know, or get things wrong because he tests you on the smallest details. You cannot study with your friends who are in other chemistry classes because they have vastly different work than you. I tried studying with my friends, and they didn't even know half the stuff I was talking about. He also makes you memorize such unnecessary information, like the ENTIRE solubility chart. The only pro to his class is that his grade cutoffs are pretty generous. He doesn't record any lectures, which was fine with me as I went to every single one, but genuinely, lectures did not help. He runs through the material and gets impatient when questions are asked. I honestly never really felt prepared for his tests, despite going to GSS every single week and studying for 2 weeks in advance. Also, his handwriting is awful, and you're going to be left squinting at the board several times because he doesn't care to write things nicely for his students. If you are unfortunately stuck with him and are confused by concepts, the YouTube videos by Chad's Prep literally saved me. Make sure to make friends in this class so you guys can study together, go through his old exams, and go to GSS so you can actually learn the material. Also, I pray that your TA is nice. Mine was so rude and literally hated discussion and questions. Like, why are you a TA if you hate doing the things that the TA has to do lol. In conclusion, really try to avoid this professor if you don't want to add at least 10 hours of additional work per week to your life.",,,,,,,,,,
CHEM132_079,CHEM132,Christiana Guest,2025,3,Only spoke to Professor Guest once and she was very helpful. The course was difficult but if you attend the TA's office hours then you will do fine. It was a rough start in the beginning of the semester but once you get used to doing the lab reports then it's not too bad. I recommend going to Gloria Kuate's or Rishi Kumar's office hours if they are still TA's for this course.,,,,,,,,,,
CHEM135_437,CHEM135,Samuel Lascio,2026,5,"Lascio was a great professor especially compared to the rest of the professors teaching this course. He understands that the class is difficult and tries to be understanding about it. The course is definitely hard and requires you to put in the work fi do well but it can be done. He also is pretty generous with the curve, this semester he curved the class at the end of the semester rather than curving individual tests. He gives out notecards that you can put whatever you want on but also makes the math based problems more difficult, If you do the practice problems on the slides and the questions in discussion worksheets you'll be fine. Also, if you are having trouble with topics in class or find that solving certain problems isn't intuitive go to the discussion, usually its just the TA solving out practice problems and answering questions which is a great resource if used correctly. Even if you don't think you have questions go to the discussion right before each exam since someone will have a question you won't know the answer to. He's also a huge fan of exception rules on tests.",,,,,,,,,,
CHEM136_004,CHEM136,Natalia White,2021,2,You will never see her in any of the labs. I saw her once on the very first day and then the TA's just run the rest. Also when the labs are going on and the TA doesn't know something they can't even get ahold of her. Then when it comes to the material it doesn't align with CHEM 135 and she assumes that it does so she thinks that we know how to do the math and understand the material when most of us don't. Then when it comes to the pre-labs they are a joke and most of the time they don't even match what was written in the background etc so most of the time you just have to guess unless you have prior knowledge from previous chem classes. This class causes a lot more stress than there should be for a one credit class.,,,,,,,,,,
CHEM231_427,CHEM231,Sonia Hirschauer,2025,5,"i think dr. hirschauer's the goat!!! imma try to give as comprehensive of a breakdown as i can without getting bored and giving up on this review so bear with me please: exam 1 (on a monday i think): very representative of her problem sets. no surprises, nothing like that. i think acid/base was on this exam, so for that, i recommend using flashcards to memorize the functional groups + their pKas (she's so nice for having us memorize rounded pKas rather than the more accurate decimal) and then after you've got those down, search up a random medication/drug molecular formula image on google to see if you can identify the functional groups and their pKas (i credit the second recommendation to aubrey from gss lol). exam 2 (on a wed): iiiii didn't like this exam, not because it wasn't representative, but because this was personally my worst exam + this is when you really start learning orgo stuff according to her and praha (the ta). i distinctly remember praha telling us this exam is like 5 times harder than exam 1 (but don't let that scare you!! just overcompensate by studying more yessir). to this day, i hate substitution and elimination reactions (i only started feeling good about them during office hours held right before we took the exam), and stereochem is a little rough. looking back at my mistakes, though, a lot of them were kind of stupid or minor and those added up - it wasn't like i completely blanked on a whole question though. exam 3 (on a wed): technically this is the worst exam content-wise and tbh everything-wise... BUT no curveball questions imo. she curved this exam itself rather than adjusting the overall course curve (i think that's how it worked??). i uh studied for ~5 hours per day for the five days before the exam though and did maybe an hour per day of alkene reaction practice for the week or two before that. this unit genuinely sucks to learn though because you have to memorize what 14?? alkene reactions and a handful more alkyne reactions and yk... sometimes it feels like ""what's the point in doing all of this"" because dr. h would straight up say in class ""yeah you kinda have to just memorize this stuff."" for this unit, i recommend making your own summary sheet for all of the reactions, stating their name, mechanism (i tried to find patterns in these - e.g. three membered ring), anti/syn addition, markovnikov/anti-markovnikov addition, racemic product, etc. i thought her starter + challenge sets were great for mastering these b/c they literally just had you do each reaction with each molecule given. final: this one.. was kinda hard. not the worst, not the best. weird thing is my confidence level was similar to my exam 2 confidence, but i actually did well. unfortunately, i didn't go back to see my exam so i don't have much... ask dr. h for a breakdown on how much of each exam's content is on the final tho. for us it was like approximately exam 1: 20%, exam 2: 32%, exam 3: 32%, post-exam 3 (nmr): 20% or something i don't remember. other nice details about exams: - she has maybe like 5 ish? extra credit points on each exam which is nice - they're not all free per se, but they're not extremely hard at least. - exams usually get graded and grades posted within 2-3 days. - you can get your midterms back during discussion and keep them. for the final, she just announces a time for people to come view it - no pictures, no taking it home. grade cutoffs: dr. h posts an announcement with overall course grade cutoffs after each exam + stats like median for the exam + course. grade cutoffs tell you what the minus mark is (e.g. after exam 3 for us, an 86 was an a-, but we didn't know what an a was). note that for the final, she doesn't release grade cutoffs so no one ever knows how much you need at that point :( that made me stress quite a bit... welp. it's prob that the curve gets bigger though from what people say. homework: an elms quiz per week - 8 attempts per quiz. she says due saturday, but they're lowkey due sunday night to account for tech difficulties - just get it out of the way early though so that if you use up some attempts, you have time to ask her for help or at least to work at it some more. multiple select is annoying, but i won't complain because 8 attempts is beautiful. def possible to get 100% on all of them eventually even if some are a little harder. dr. hirschauer herself: really nice and funny! not as unhinged of a sense of humor as dr. hong, but she makes us laugh. tries her best to answer questions during lecture but sometimes can't. wish she could do more practice problems during lecture with us... but it's a time crunch with the syllabus. thus also goes kinda fast sometimes. she's really trying to convince the chem department to let her keep recording lectures with panopto, so please attend lectures or else you're just proving the dept right! her recordings are awesome for quick re-learning on your own when you feel like you're falling behind, esp during exam 2 and 3 content. our ta, praha: soooo a lot of people don't like him. but i do. whoops. he's kind of blunt/passive aggressive about stuff, but i think it's a good reality check... even if he tells us we didn't do as well on an exam as he'd expected since the exam was easier than normal... anyway he holds office hrs on zoom before each exam how to study: - do her problem sets for each chapter. starter sets and challenge sets too if she makes those available. if you can do those pretty solidly, you're in good shape. prob better if you work on them as she goes over the content in lecture - i started getting behind and would do them the week or two before the exam. some people ik would redo them before exams on top of that. - go to her office hours! if you can't make her normal time, shoot her an email the minute you find out (just get it out of the way at the start of the sem) saying you have a conflict and ask if she has any other availability. her office hours can get really full when you get to the week of or before the exam - i remember there were like 7 people in her office and maybe 7 more lined up outside before the final. nice thing is: she hosts extra office hours before each exam to give people more chances to ask questions. there's also a nice table outside her and dr. koppel's offices with a whiteboard where a lot of us would hang out and work on problems until we had a question for her. sometimes she'd come out of her office to help us there but only if there were a LOT of people. - ask questions during lecture if they come up or go up to her right after lecture ends. keeping a list of questions in my notes app helped me remember them all. might also help to sit closer to the front imo (i say this lightly but it is a STRONG recommendation if you get shy asking questions like i do). - go to gss sessions with alice and/or aubrey. i personally loved aubrey's worksheets (they were just cute okay -_-), but some people said alice posts harder problems. i honestly slacked off on attending these halfway through the semester, but i still kept doing the worksheets on my own since they're posted on elms. they have review sessions too, but i also uh never attended any except for the final due to schedule conflicts. the final review session was lowkey messy cuz they made mistakes, but they are usually quite good so let's cut them some slack yeah. go gss!! - praha's discussion worksheets are nice even if i didn't use them consistently - i recommend attending discussion cuz he's very straightforward about recommended studying tips + it's a more closer-knit setting to ask questions and he has more time to dive into the why of the chemistry that we're doing. - go to chem department problem solving sessions! this sem they were online via zoom thursday nights (9-10 pm). i got some nice tidbits from those - like what a nitro group looks like - and it's good to get extra practice + advice from different profs (the orgo profs take turns hosting these sessions). i also think if i went to the last one on nmr spectroscopy maybe i would've understood it better haha but it worked out okay for me. - get the organic chemistry as a second language book (first semester) by david klein - there's a free pdf online (alice and aubrey linked it on the gss page on elms) or you can get the physical copy (i liked the physical cuz it's a workbook so i could solve problems in it). nice supplementary material after you're done with dr. h's stuff or if you want to get ahead and preview content for future lectures. note that the first semester book does not cover ir/nmr/ms spectroscopy (that's in the second sem book) + doesn't have the oxymercuration/demercuration alkene reaction. might be missing a few other things, but honestly solid practice material. good luck - you've got this :)) WAIT I'M SO SORRY THIS IS SUCH A LONG REVIEW- if you know me irl you DON'T - BYE",,,,,,,,,,
CHEM232_069,CHEM232,Monique Koppel,2025,4,"Listen, chem lab will be chem lab, but I enjoyed this lab much more than gen chem. Go to the TAs office hours. My only thing is don't go to office hours without trying to do the work yourself. If you go in with some basic understanding, things will make much more sense and it'll be easier for the TA to help. Also, make sure you know the concepts because you keep building on it throughout the semester. The TAQs can be confusing but they're not as bad as people make them out to be. Not saying that I got 100s, just saying that you can at the very least get above the average if you review the theories. I do agree with others on this course being a lot of work for 1 credit but it's to be expected.",,,,,,,,,,
CHEM241_260,CHEM241,Jeffery Davis,2025,5,"this was his last semester teaching so my rating wont exactly be impacting any future students, but Jeff Davis was a great professor. I once heard someone say, he'll blabber for most of the lecture, but for 10, maybe 15 minutes, it'll be liquid gold. Jeff Davis is the man to see if you want to really know, because anything you may want to know, he has known it and will let you know of it. 4 Exams total of equal weight. Few 3 point extra credit point assignments, no other grades. The fourth one is a cumulative final with a slight emphasis on the content in the last couple weeks of the course. First three are like unit exams with completely new content. Really nice guy. Very lucky to have caught him. Very good anecdotes too.",,,,,,,,,,
CHEM242_016,CHEM242,Lee Friedman,2023,4,"I found this lab to be pretty easy to follow in terms of doing the experiments. He has a bunch of helpful videos. Succeeding in this class is not difficult as the post-labs are completely reasonable. My only complaint is that studying for the practical was a bit difficult because there was a lack of communication about what material was going to be on the test. Additionally, he was completely unwilling to give any late credit on the quizzes so don't miss out on one them.",,,,,,,,,,
CHEM271_231,CHEM271,Bonnie Dixon,2025,2,"TLDR: Dixon's take on this course was pretty unorganized, which had positive (moving back dates of HW deadlines or exams if the majority of the class agreed, index card was allowed, & units were swapped around to match lab) and negative effects (typos, miscommunication, grading errors, lack of current study resources/old exams, & long HWs that feel extra compared to exam content). I listed more pros/cons below. Pros: Lots of office hours Can go to any discussion & TAs/resources were super helpful. They're sorta mandatory (idk). Sometimes attendance was taken, but other times it wasn't. Exam questions aren't necessarily tricky. They're just long. Some extra credit opportunities through HW & random email tasks. CAN (outside of lecture videos/Zoom) with extra practice. Lenient on deadlines if the majority of the class wanted a delay. For example, our Exam #1 was pushed back a class, and several HWs were also pushed back. Lecture content aligned well with the lab content, but that doesn't really matter because the lab has a lecture component. She goes over the question types and point breakdowns on the exam before the exam. An index card was allowed for the exams this semester. She seemed indecisive about whether she would keep them for future semesters. Cons: Lots of typos/mistakes in HW & sometimes exams. She often waits very long to announce them. Unclear about the purpose of the required asynchronous lectures. We had several, but only ended up getting tested on one or two topics from them. Crowded office hours. (This may just be a chemistry department problem because I think most of my other professors also had crowded OH) HWs are very difficult and feel too time-consuming for a 2-credit course. They seem to push beyond the understanding needed for the exams, which, according to the TAs, causes people to overthink the exams and fail. CANs aren't technically mandatory, but are essential to understanding HWs. Talks and takes notes kinda fast. No answer keys for old exams. No asynchronous worksheets with problems similar to exams. The CAN worksheets are more similar to HWs and are often used by her to clarify topics she didn't cover well in class that students kept asking about. Notes feel lacking in content. She's mildly straightforward and blunt. I can't speak too much about her personality besides a few email interactions I had with her, and I don't believe spreading other people's interactions I heard about would be the most accurate. Her clarifications in office hours are mildly confusing. She prohibits TAs from helping students with the HW, encouraging them to come to OH and work with others. She grades all the midterms herself. Surprisingly, she's pretty quick with it (Less than 1 week turnaround). My issue is whether she'll get fatigued and start grading differently for people despite similar mistakes, or make grading mistakes. I think the regrading process has been through asking her during office hours, which could lead others to hear the conversation. HW grading between TAs and the final score is very different. It seems to be a miscommunication issue between Dixon and the TAs. For example, my initial grade for HW #1 was a 11/15, then it got bumped to a 12/15. Then, Dixon regraded everyone's HW #1, and my grade became a 14/15. My grades were nearly 20% different from just grading issues.",,,,,,,,,,
CHEM272_045,CHEM272,Amanda Schech,2024,2,Weird teacher if I have to be honest. Too worried about work life balance to actually care. Her lectures are useless for the lab so don’t go to those. Recommend to only go to TA office hours and the labs worksheets are time consuming and really poorly worded. Manageable after getting the hang of them and the exams are really fair. For the two exams just study the formula sheet and should be easy. Doesn’t disclose grades cause she gets overwhelmed by anything. Heard she’s nice though and the TAs are great.,,,,,,,,,,
CMSC131_429,CMSC131,Pedram Sadeghian,2025,5,"Pedram is a very good instructor: from what I saw and experienced, he always cares about his students and if you ever have any questions during lecture, he's more than willing to answer. Lectures were often broken up into 2 sections with a short break in the middle, and were always recorded with the slides being posted as well. I see a lot of people saying that he's monotone or lectures are boring, however I saw it more so as Pedram wanting to be as straightforward as possible when communicating content. Pedram and the TAs were also very responsive on Piazza for any questions that came up outside of class time. CMSC 131 is just a tough course in general (in my eyes coming from someone who didn't have a lot of programming experience beforehand), however Pedram was always very approachable and helpful if there was something confusing and made it a bit easier. In my opinion, if you're willing to put in the work in classes, you will come away with a good grade, and learn a lot in the process.",,,,,,,,,,
CMSC132_480,CMSC132,Larry Herman,2025,2,"CS instructor (not professor, as he made very clear), yet no electronics are allowed any time in class. Not afraid to single people out if you leave lecture early. Assigned an exam immediately after fall break and immediately after thanksgiving break, so be prepared to study during all your breaks! Projects aren't so bad, but exams are pretty hard. Optional homework (but you should probably do them they actually are helpful). Graded on participation which is kind of weird for a lecture of 200+ people. All of his lecture slides are posted on Canvas as files so you have to individually download each one to view them, same goes for homework and projects, which was kind of annoying. Herman also doesn't answer his email and specifically asks you not to email him so the only opportunity you'll have to ask questions is office hours. Overall it isn't terrible, but I'd say try for a different professor if you can.",,,,,,,,,,
CMSC216_449,CMSC216,Christopher Kauffman,2025,5,"One of the best professors I've had yet. I thought his lectures were well-paced, informative and easy to understand. He is an engaging and personable lecturer who takes time to answer questions and his participation system provides a nice padding to your overall grade if you happen to need that. The later projects were ROUGH but not impossibly difficult with a reasonable amount of effort, starting on them early is definitely for the best. His open note exams (which I greatly preferred) test your ability to apply concepts instead of memorize random details, for obvious reasons. I def think your grade reflects the amount of effort you put in, and honestly this class was much less stressful than 132 for me.",,,,,,,,,,
CMSC250_502,CMSC250,Fawzi Emad,2025,5,"Fawzi is a solid lecturer, and he does a great job of preparing you for the higher level courses. Even though I'm not a strong math student, I feel like I now have a firm grasp of this material, especially writing proofs. Fawzi made it very clear what you needed to know for the exams, and the grading was pretty relaxed. Overall, this was a great class and I'd recommend Fawzi for any class you can take with him. As long as you put the effort in, you'll get a decent grade and you'll feel confident moving forward.",,,,,,,,,,
CMSC320_208,CMSC320,Maksym Morawski,2025,1,"Max is an INCREDIBLY lazy professor. It truly feels like he puts in 0 time to preparing for lectures because his slides are often incomplete or a mess, he doesn't know the answers to any questions students ask during class (or he gives the vaguest hand-wavy response), and he frequently ends lecture 30 minutes early because he's run out of things to say. It feels like he himself doesn't fully understand what he's teaching sometimes. Like the other reviews note, he also fills a bunch of lecture time with unrelated thoughts and work stories, and while the class seems to find them entertaining (and Max loves the attention and reactions he gets from saying all his unpopular or taboo things), it would be better if there was more real content time to match. Max doesn't believe in studying any of the data science concepts rigorously, and while teaching a survey of topics at a high-level could be acceptable, he doesn't even touch on enough topics to make the class worthwhile. Instead, we learn in an entire semester basically what someone could get from reading a few articles on data science for a few hours. He also assigned multiple hours worth of youtube videos this semester in lieu of teaching the topics himself, and made the content directly testable on the exams. His reading-based exam questions (which constitute a significant portion of each exam grade) are genuinely trivia and not relevant to any fundamental understanding of data science concepts. He isn't active in responding to people's concerns on Piazza, mistakes are abundant in his posted materials, and policies seem to change frequently (such as him announcing a flat 11% curve on exam 1 then never following through on it). Overall I find it difficult to give a higher rating to a professor who transferred such little knowledge to his students and put in such little effort into his full-time teaching job. I excelled in this class (and you definitely can too) by always going to lecture, reviewing the slides carefully before exams, memorizing major points from the readings, and thinking critically about what Max must be looking for while answering exam questions.",,,,,,,,,,
CMSC330_256,CMSC330,Cliff Bakalian,2025,1,"Cliff and Anwar typically are the only people who teach this. Material is the same but definitely take Anwar over Cliff. Cliff's lectures are about as boring as can be. Imagine a theatre kid mixed with a introverted CS nerd. I would have rather watched paint dry than attend another one of his lectures as it would've been more entertaining and helpful than his lectures. His notes and slides are a mess filled with snazzy little transitions that make it a nightmare to navigate. The class overall felt pretty unstructured with random topics thrown in for the s and g's. At least Anwar recorded his lectures and explained things better than Cliff's philosophical mumbling. Material is difficult but certainly doable. Start project 5 early. TA's were hit or miss. I think there were maybe one or two good ones but the rest seemed to be pretty rude, unhelpful, or overall useless. My discussion TA was late half the time and spent most of the time arguing with one student about different ways to do problems. That's all I remember until I stopped showing up to the discussion at all.",,,,,,,,,,
CMSC335_030,CMSC335,Nelson Padua-Perez,2024,5,"Since I already had experience with web programming, this was one of the easiest CS classes I've ever taken. Nelson doesn't require attendance, so I showed up only for the midterms. He provides many resources to use when studying so you're never unprepared. One neat thing about the final project is it's up to you to design and implement it.",,,,,,,,,,
CMSC351_339,CMSC351,Ting Jiang,2025,3,"I found Ting's lectures very hard to follow. The slides presented information in a sort of confusing way, and her poor handwriting and strong accent made it a little hard for me to understand what was going on when we were getting into more difficult concepts. I ended up mostly using Justin's class notes and online resources because they were much easier to learn from. Since they co-teach, this worked out fine for homeworks and exams. If you, like me, are not a morning person, you are probably better off with Ting.",,,,,,,,,,
CMSC411_044,CMSC411,Bahar Asgari,2022,5,"Computer architecture is not an exciting topic, and so her lectures are not the most exciting either. HOWEVER, she makes the most boring topics easy to understand and gives you plenty of practices for the material. She's very fair and accommodating. When we asked for an extension because of Election Day, she was willing to compromise. This is her first semester teaching I believe, and I truly truly truly hope Dr. Asgari will come back to teach another undergraduate CMSC course at UMD again. You will learn more than you thought you would about computer architecture if you take her.",,,,,,,,,,
CMSC414_076,CMSC414,Yizheng Chen,2025,3,"Personally, I disagree with the one star reviews, I'd give her a solid 3 to 3.5 stars. I took this class Spring 2024, and I agree that she seems to care more about research than teaching, but I found her to be a really nice person and her teaching to be pretty clear and easy to follow. The projects were interesting to me and even though there were issues with submitting and a fair amount of disorganization, she gave extensions for the confusion and graded fairly in my opinion. I was able to get perfect or close to perfect grades on all four projects with a reasonable amount of effort. The exams were rough but the curve was generous and my final grade was an A even though I got 70s on the final and a midterm.",,,,,,,,,,
CMSC417_045,CMSC417,Nirupam Roy,2025,3,"Professor Roy is really knowledgeable about networks and conveys the concepts well. Super interesting class, taught extremely well, and the lecture material is organized. On the other hand, I had a real issue with the projects. First off, the TAs are extremely unsympathetic to the workload you have while taking this class. It took an army to get hints on the test cases for each project. C programming and networking concepts related to programming are not taught in class at all, and you're forced to fend for yourself. At one point, the professor and TAs literally tell you to read a research article and implement it. The projects are designed well but need a serious overhaul in how test cases are run and how material is taught in class. If the professor didn’t feel like teaching the material for the projects, that’s fine—as long as there are decent guidelines and some starter code. This class had neither. The final project is very hard, but doable. It’s actually really cool to learn about, and you're given three other groupmates to complete it. Exams are fair. Lecturing is great. Projects are ass. (10–12 hours for the easy ones, and way more for the hard ones.) Two midterms, one final, five projects, and a final group project. I’m a senior now, and I don’t regret taking the class—but it was definitely the hardest class I've taken here. Godspeed.",,,,,,,,,,
CMSC420_190,CMSC420,Justin Wyss-Gallifent,2025,5,"Justin is a great lecturer who really makes the content engaging and easy to digest, and he posts great notes as well if you miss class. The seven exam structure was interesting, but I quite liked it. Given we had a midterm dropped and that the exams generally reflected the given practice material it was not too difficult to prepare for, and I found it less stressful to study one or two topics than studying a bunch of topics for two or three exams. Just start reviewing practice problems and making sure you understand how the exams DS works a couple of days before the exam and you should be good to go. The projects aren't too bad and have no secret test which is nice, and one is dropped. Great class, would recommend.",,,,,,,,,,
CMSC421_076,CMSC421,Pratap Tokekar,2025,4,"By far the best option you have for CMSC421 (though imperfect) Pratap is quite a nice lecturer. When looking at the slides at first (which, as AI is, is still stolen from Berkeley), some equations and concepts are kind of hard to grasp at first glance. But Pratap explains it in a simplified way while not removing the details fully. Although some of the AI concepts at the start are repetitive (BFS, DFS, and other stuff you learned), there's just enough to make the start somewhat different. Pratap records all his lectures (which lowers attendance drastically, but near the end of the semester, some lectures stopped being recorded for some reason. There were intended to be more assignments, but likely to disorganization, there were only 4 homework assignments and 1 lab. I really was hoping to do more coding (and the coding assignment was pretty easy, though these 5 assignments ended up being weighted up 10% each, crazy given the homework was also short). This may have happened due to disorganization, and really, disorganization is the main gripe I have with this class. TAs don't answer on Piazza, and Pratap answers nearly every question (I feel bad for him qwq). Homework grades come quite late, regrades are annoying, and questions are written strangely quite often. I feel that if this class were managed much better, it would be perfect, and strangely enough, more homework. Tests are easy. Like, really easy. The practice exam is extremely similar to the actual exam, so similar that it incentivizes overfitting on the practice exam (and, plus, you even have a cheatsheet for each test!). The averages were extremely high (87ish?) for each test, so that will not be a concern unless something changes. Overall, given the teachers I've seen teaching AI, be glad you have Pratap (though he's going on sabbatical...). Despite some flaws, he runs a good course for a notoriously poorly run class.",,,,,,,,,,
CMSC422_044,CMSC422,Marine Carpuat,2025,1,"Prof. Carpuat seems like a very nice person, so I don’t want or intend to make personal criticisms or insults toward her — just share my experience with the class. First off, there is a lot of emphasis on memorization (even if she never directly admits it). It genuinely feels like the class is training us for a competitive memorization bee rather than machine learning. Instead of relying on memorization, there should be a broader and more diverse set of practice problems after each topic so students can actually understand and retain concepts through, you know, practicing. Students aren’t going to magically derive new ideas on the spot — especially not when the slides barely explain the material in the first place. If the foundational explanations are weak, you can’t expect students to perform theoretical acrobatics on an exam. The cheat sheet on exams isn’t really helpful either when you don’t know how to use it because the slides are bad. Am I supposed to analyze and figure out each slide on my own? Unfortunately, I can’t, because I have other classes and responsibilities (like job searching in this bad market). Also, the midterms are borderline impossible to finish on time; they feel like the SAT, except with fewer breaks and more panic. The point distribution is baffling: somehow a multiple-choice question can outweigh an open-ended one that requires actual reasoning. Grading is strictly “right/wrong,” and partial credit is treated like a rare mineral you have to mine via a regrade request on Gradescope. In regard to the TAs, they act as if they’re doing charity work by helping students or grading assignments. Guys, undergrads pay tuition. We don’t have funding or tuition remission like PhDs, so please take TA responsibilities seriously. The number of grading mistakes is honestly impressive in the worst way. And one TA is borderline dismissive toward students. Yes, we know you’re all busy revolutionizing research science with your “Einstein discoveries” and preparing your Silicon Valley IPOs, but TAing is still part of the job. Treating it like an unpaid internship doesn’t magically make it one. Her teaching style isn’t very effective. Every time she asks a question in class, it’s clear the majority of the room is lost. And while pre-class reading is important, the textbook she assigns does not clearly lay out the foundations of ML. She may think students are struggling because of the math, but that’s not actually the problem; the issue is the chaotic slides and unclear explanations. There’s an overwhelming amount of theory with very little practice to anchor any of it. Then there’s the SVM (or any other topic) situation. You’d expect a core ML topic to come with diverse practice problems. Instead, we get about 10 nearly identical questions across quizzes, problem sets, and practice exams. Same structure, same notation, same tiny subset of concepts. Meanwhile, the midterm features completely different SVM topics that only showed up in two or three theoretical slides. At this point, I genuinely can’t tell if this is intentional — like a way to force a “normal distribution” so fewer people do well — or just poor planning. The class is generally demotivating. You’d think that a course this central to AI would be taught with enthusiasm and would foster a real learning environment, but no. Instead, the class makes you feel like you’re not good enough because the focus is entirely on exams, not understanding. Why are there no projects? Because she’s convinced everyone will cheat using AI. Maybe instead of eliminating projects, design them so that AI isn’t enough to do the intellectual heavy lifting — just like in actual research, where a model spitting out code doesn’t magically produce hypotheses, perform data analysis, or make expert judgments. This class is just too much of emotional lifting, so I'm good with bare minimum of studying for the ""right/wrong"" final exam moving forward. I can't definitely go on with how disappointing this class has been but overall, the course doesn’t feel thoughtfully structured. It feels like something thrown together and held together with theory-heavy slides and a hope that students will just figure everything out on their own.",,,,,,,,,,
CMSC424_087,CMSC424,Peter Keleher,2025,5,"Very well-structured course where you are told exactly what is expected of you. He follows the textbook very closely and has detailed online slides. His grading is pretty good, sometimes a bit strict. Projects were relatively easy. Practice exams and homeworks were close to the actual exams. Second time taking this prof and would take a course by him again.",,,,,,,,,,
CMSC426_049,CMSC426,Jia-bin Huang,2024,4,My friends told me that this professor knows he got a bad rating on this course and is planning to adjust the course material to make it easy for the next semester. He seems to plan to make everyone happy.,,,,,,,,,,
CMSC430_044,CMSC430,David Van Horn,2024,3,"This has been one of the more interesting classes I've taken at UMD. It's very structured because the course format has stayed the same for many years (since Calderon taught it), but not much of that can be attributed to DVH himself if im being honest. The lectures were super useless, all they really involved were DVH going through tangential Racket code in his Racket REPL. Half the time, we would barely get through any of the topics in the lecture notes. That being said, the projects were really interesting for this class and the course notes are super helpful. A lot of these were created by Professor Calderon I think and they are super useful, and what made the class really rewarding in the end. If you take this class with DVH, I highly recommend checking out Jose's online videos / notes. They honestly were WAY more useful than going to DVH's lectures in my opinion. My experience with the TAs was definitely hit or miss. Some of the TAs were very sweet, caring, and helpful. We had really good response times on Piazza (shoutout Pierce!!), and some of the OH TAs were great and really caring. That being said, some of the TAs just felt underprepared and careless about the class. Sometimes, I felt that they didn't really know much about the projects or how to implement them, which made office hours unproductive for me on several occasions. The midterms were alright and felt very fair. DVH definitely does a good job making these, and gives very fair review materials and practice midterms. There are a handful of quizzes and surveys throughout the semester, but be careful not to miss them. I remember them being about 15% of our grade, and if you're even a little bit late, you get a 0 no exceptions. Overall, interesting course with some good material. But could be far more organized on the administrative end.",,,,,,,,,,
CMSC433_019,CMSC433,Liyi Li,2022,1,Please Please Please stay away from this professor. He makes the courses harder than it should be. TA's are not helpful because they don't even know it themselves. The professor doesn't help you either. You literally are left alone to die. Only take this course if you want to test hell.,,,,,,,,,,
CMSC434_033,CMSC434,Evan Golub,2024,3,"I took CMSC434 with Golub this semester, which is probably a lot better to take with him than most classes (especially 351 or 250, that would've sucked). He wasn't by any means an outstanding professor, but he wasn't the worst that I have had either. He teaches reasonably, uses slides and posts the slide decks to ELMS. He made us participate by discussing with groups throughout the lecture, but participation wasn't worth a whole lot. As a grader, he came off as a bit nit-picky at times, but seemed reasonably understanding about giving extensions here and there. He can be heavy on semantics which can be a bit annoying at times. As for the class itself, 434 is a really interesting course that is rather unorthodox compared to most CS courses, and I enjoyed it more than I expected to. The class persists around things that seem to be common sense, but goes into plenty of detail. If you try to keep an open mind and think in depth about how the course knowledge would apply to some kind of software, you should be able to understand the course content easily. However, the structure of the class is also unorthodox, in that it surrounds a semester-long group project. This project is not consistently just coding, and is spaced out well that you should be fine as long as you and your group are dedicated. At times, Golub's grading can hurt you in this project if you aren't careful, so be diligent and read through all of the project requirements in depth. The class project is 46% of your grade, and the tests are 44%. There are four tests (including the final, however the final is not really a final and is worth the same percentage as the other three exams). The tests are where my biggest complaints are. They are entirely open ended, often 5 questions with an average of 2-4 subparts, totaling in around 15 or so paragraphs on average that you have to write. BY HAND! I had less hand cramps during the English section of the SAT, it really sucked. However, I was able to do generally well on the tests because the questions themselves were not hard as long as you studied. There were a couple exams where I ran out of time without being able to complete all of the questions. In summary: nice dude, can be a bit annoying with grading, project is extensive and sometimes hard, tests suck but not that hard. Overall: interesting class with a decent professor and okay execution.",,,,,,,,,,
CMSC436_028,CMSC436,Michael Marsh,2025,4,"Pretty flawed but also very chill. This course is extremely easy, with no exams or quizzes, defined as 6 labs only. The lectures are extremely useless, partly because there are no tests, partly because it's hard to go over them, but I also just didn't find Marsh to be a great lecturer. It's very hard to apply what he says and truly understand it, because there's no incentive to understand the deeper meaning behind Android development. It's extremely difficult, also cause slides have code, and things become extremely copy-pastable. All that is to say, nobody went to the lecture (as low as 5 people out of like 200?). Now, all of this is a good or bad thing, depending really on how much you care about learning, but I was hoping to at least learn a bit alongside the easy A. What did make me learn from this class, though, was Phase 4. There's an independent project separated into 6 phases, and the difficulty curve is insane (Phase 4 is harder than all the other 5 combined, IMO). While the first 2 are copy-paste, the last 4 get you to learn more, in my opinion, which is nice. Marsh alludes to Phase 4 taking a month... and he's kinda right? Don't procrastinate it, even with the flexibleish deadlines. Also, abuse the infinite resubmissions... Lastly (and least), there is the group project. I don't think the project itself is bad; it's rather lenient, pretty creative, and your ending result can be pretty cool! I'm somewhat biased because my group was pretty bad (please find a good group). It was a lot more stress, but most of the time, you'll be fine. If you want the easiest CS class possible, Marsh will be for you. Otherwise, it's a bit iffy depending on how much you really care about Android development.",,,,,,,,,,
CMSC451_070,CMSC451,Andrew Childs,2024,5,"This class was super hard, very difficult homeworks, some took me 30-40 hours, but you get 2 weeks to do them - START EARLY Overall it was a good class, i learned a lot, it was hard asf tho....",,,,,,,,,,
CMSC456_047,CMSC456,Todd Rowland,2024,5,"Really chill professor. First two exams and final were very similar to the practice exams, although exam 3 was slightly harder. Homework was challenging, but not impossible and interesting.",,,,,,,,,,
CMSC474_003,CMSC474,Mohammad Hajiaghayi,2023,1,"I do not agree with this professor's approach to teaching this class. Oftentimes materials were poorly explained/glossed over in lecture, as he read mostly off the slides then went on tangents about how he worked at Google or how you can make a lot of money in big tech (ugh). Assignments were released far in advance, but the material on the assignments was often taught much closer to the due date, making the actual window to complete them much lower if you didn't want to flip through lecture slides from 3 weeks out. He expects you to teach yourself a lot of the material to be able to perform on projects and exams, which makes some sense for the real world, but he was unforgiving and not understanding in my communication with him, seeming dismissive of my difficulty with the class. Oftentimes he would point to external materials to build ""problem-solving"" skills for the course, which were graduate level course recordings on his YouTube channel, which were confusing and convoluted to my feeble undergrad brain. We also received grades nearly a month after homeworks/exams were completed which increased my salt levels a bit. If you have trouble teaching yourself a good chunk of a course, then I would not recommend this professor, since it's an expectation that you not only show up to lecture and take notes, but also put in multiple hours making sense of difficult external materials to get to the level he expects. It's a shame this class was managed the way it was, because I found the material we were learning very interesting when I actually understood it, but this class was definitely a trip on the struggle bus for me. Maybe the C- ""recommendation"" in CMSC351 (which is a requirement for the CS degree so idk why that's a recommendation when it's required) should be raised to B+ or A- so that people understand how smart you should be to succeed in this class with Prof. Hajiaghayi.",,,,,,,,,,
DATA120_010,DATA120,Fardina Alam,2025,5,"Homework was a bit challenging sometimes, but it really helped me understand the content better. Contents are lengthy but I found them quite helpful.",,,,,,,,,,
INST326_065,INST326,Aric Bills,2025,3,"Aric is a very nice person and tries to get to know all of his students and finds interest in them. I truly believe that I learned a lot from this class, but in the least efficient way possible. His class is a completely in-person class, but if I want to know the information and do well on the exams, I need to watch the lecture videos he assigns, which took me an average of 2 hours a week outside of class alone. He is one of the most disorganized professors I have had, and it becomes evident in very important situations. There's a group project at the end of the semester that is so rushed and is just an addition to continuing with everything else we have been doing the rest of the semester and the expectations of how much he wants us to include in it are unreasonable. If you take his class, which I think you could learn a lot from, be prepared to devote a lot of time to it outside of class and be forced to create your own organizational system for his class because he does a terrible job at doing that himself.",,,,,,,,,,
INST327_028,INST327,Pamela Duffy,2025,1,"I'm not entirely sure as to why Professor Duffy has good reviews. She is such a boring professor. All she does is reads off slides, and speaks in such a monotone manner. Her lectures are not interesting and simply mimic what is spoken in the video quizzes. I preferred Professor Diker over her, but unfortunately, she teaches most of the course. She put more effort into reporting half the class for being in a GroupMe than to ensuring her lessons are engaging. If you are able to, do not take Professor Duffy for this class. She's not worth the mental and academic stress.",,,,,,,,,,
MATH140_515,MATH140,Mirna Pinsky,2026,1,"MATH140– Literally the worst, nice person but awful teacher. Class avg for the first exam was a 30, and from there on was around a 60, which is not good. Multiple times in class, she essentially called us stupid for not being able to opt out of the class due to not getting the AP credit etc. She would also single out kids who asked questions, and would answer their questions with a response that was formulated to make them feel stupid. Class was around 150 students, and after the first 2 weeks, around 20 kids showed up consistently to class, since her teaching was a joke. If you can, DO NOT TAKE HER.",,,,,,,,,,
MATH141_549,MATH141,Shin Song,2026,5,I was scared going into Calc 2 as everyone said it was a weed out class but Professor Song was great. Exams were similar to problems solved done in class and she would tell us what would be on the weekly quizzes. Id say a better option for Calc 2,,,,,,,,,,
MATH240_371,MATH240,Wiseley Wong,2025,2,"If you're taking linear algebra(especially as a freshman), I highly reccomend that you DO NOT take this professor. I know his ratings are good, and that's because he isn't a bad teacher, he knows what he's doing, but he goes extremley fast in lectures. His percentage distributions are terrible, the final is 30 percent of your grade, and math finals are normally pretty difficult. The midterms are tricky as well, other teachers like Shin Song have much easier midterms. Taking this class as a freshman was draining, I studied so much to end with a B. The concepts in this class aren't hard, but the tests he gives make it hard. I reccomend taking another professor who is more lenient with their exams.",,,,,,,,,,
MATH241_527,MATH241,Kendall Williams,2026,2,"Williams is an amazing lecturer but his exams required a level of understanding that was incredibly difficult to grasp with the given practice and pace of the class. Unless you are naturally very smart I wouldn't recommend taking him. I had to spend unholy amounts of time to keep up in this class, which definitely hurt my ability to do well in my other courses. He is adamant that his exams reflect the suggested problems in the textbook, but I found that was only slightly true for a few of the harder word problems in the textbook. He's not the absolute worst professor to get, especially if you happen to have a lighter course-load and dedicate most of your time to this, but if I were to take the class again, I would take another prof who has more reasonable exams and go to Williams' lectures. If you absolutely have to take him, make sure you have full fluency for all the suggested word problems (like you should basically have the problems and solutions memorized). I'm not sure how, but if you can, try to learn how to do the math as quickly as possible since the hardest part of him exams is having to know what to do immediately with how little time you have for so much work. When you understand them, the math you have to do for his exam problems isn't crazy difficult, it's just that the way he phrases them is so convoluted that you're going to spend more time trying to decipher them than actually doing math on the exam. Just prepare to be severely humbled by this class, he's a great guy but his course was psychological torture",,,,,,,,,,
MATH246_362,MATH246,Margaret Doucette,2025,5,"I think Dr. Doucette was a great teacher and is going to be even better when you take her because of her constant goal to receive our feedback and improve. Admittedly, at the start of the semester her lectures were a bit rough because she was using the chalkboard in a classroom where it was hard to see, and she was kinda all over the place and explained certain concepts too much before doing examples. She overcomplicated a lot of things. However, she consistently asked for our feedback, so she switched to a projector, started doing more examples, and she became more confident in how she explained things, and I ended up finding her lectures super helpful. All I had to do was examples from the textbook to study after getting the basis of each topic down from her lectures. She gives weekly discussion quizzes but they're free because she sends an announcement and describes the exact type of question she's gonna ask on it, so as long as you do practice problems to study beforehand you'll do fine. She also dropped 2 quizzes. I found these helpful for keeping up with the content, as every quiz was basically just one exam-type problem, so by the time the exam comes you've already done each type of question. Her exams were super fair for the most part; the first exam was exactly like the practice exam she had given us and the third exam was easier than the practice exam she gave us. The only exception was exam 2, which was honestly a lot harder than I expected but I still did good (almost every niche thing you'd assume she wouldn't include on it, she did, like the dirac delta and heaviside functions for laplace and also a pretty hard version of undetermined coefficients). Her exam averages were 90.2, 76.4, and 84.9 for exams 1, 2, and 3 respectively. Overall she's a sweetheart and I highly recommend!!",,,,,,,,,,
MATH310_070,MATH310,Sean Gruber,2025,5,FR THE GOATTT!! I understood proofs so much because of him and his lectures were super interactive which made me grasp the concepts more. He's genuinely the nicest professor I have ever had and cares a lot about his students. Would recommend to everyone if you have the opportunity to take a class with him please please do it you will not regret.,,,,,,,,,,
MATH401_104,MATH401,Junyan Zhao,2025,5,"Junyan is the goat. Seriously, he explains concepts soooo nicely and really does right by the students. He moved up our final so we didn't have to take it the day before graduation, allowed us cheat sheets on exams, gave us a breakdown of the topics that could appear on the exams, and was in general nice. If you take MATH401 with him, note that a lot of the content was repeated from MATH240/461, so it was really slow in the beginning, but eventually we got to new stuff like 2/3 of the way into the semester. Oh, but the 50 min classes? Yeah that time crunch for the exams is definitely noticeable, so just know your stuff down well. I recommend Junyan.",,,,,,,,,,
MATH403_040,MATH403,Jonathan Rosenberg,2024,4,"rosenberg is my goat, prep as much as possible for the second midterm because it will be HARD",,,,,,,,,,
MATH405_034,MATH405,Peter Dillery,2024,3,Homework was obnoxiously lengthy but later on some problems became optional. Used an unusual textbook and I feel like we learned less than other 405 classes overall,,,,,,,,,,
MATH406_049,MATH406,Niranjan Ramachandran,2024,5,"very hard class. i took it in the summer. there are 10 homework over 6 weeks so around 2 homeworks per week. they take pretty long. exams are hard. however the professor is great and he knows what he's talking about. he is also very nice, pretty chill guy. if you have any struggles in the class, just reach out to him. he also adds a nice curve at the end, but don't rely on it.",,,,,,,,,,
MATH410_113,MATH410,Panagiotis Dimakis,2025,5,"He is super understanding and probably one of the most relaxed and laid-back professors I have ever had. There is hardly any graded work for the class, but everything is super confusing, and he expects you to do a lot of self-exploration if you really care about the subject. I wish I could take him again if I have the chance.",,,,,,,,,,
MATH411_046,MATH411,Leonid Koralov,2025,1,"Don't take with this professor. He grades very harshly for exams which make up 20% of the course grade each with a uniform distribution of scores around 50%, and he does not spend the time going over what he should expect for writing proofs.",,,,,,,,,,
MATH416_001,MATH416,Wojciech Czaja,2019,4,"For this class, he's honestly a really good lecturer. He explains how things came to be and why things matter, which is always a good thing when introducing left field concepts. So I enjoyed his lectures a lot. Overall the class is pretty straightforward in the content, as his lecture notes span maybe 30 or 40 pages for the entire course (of course, they are not fully complete). He also allows for students to make up grades with an extra-credit project worth around 10%, but the project comes with very high standards. The exams are what I call ""troll"": as a veteran student of mathematics they consist of various little tricks which are decently easy to see if you are decently mathematically mature and which seem intractable if you are not, which is why the exam averages are 60-70%. Overall the course is interesting and I would recommend people take it for an elective or something like that.",,,,,,,,,,
PHYS121_063,PHYS121,David Buehrle,2025,3,"Every review about Beuhrle is kinda right. He's a really nice guy, and his lectures were actually quite interesting. He was always readily available by email, and communicated exactly what was expected of us in class. He always recorded lectures, and posted the slides, so actually going to lecture wasn't necessary. There was a weekly homework assignment that took around 3-4 hours, and was really your best bet for studying for the exams. There were also weekly quizzes that were entirely conceptual, and took about 10 minutes. Apart from that, the lab section of this course was entirely unrelated and just a grade booster (worth 20% of your grade). The exams were HARD, and I mean like everyone failed hard. We consistently had 20-40% curves on the exams, with your lowest score being dropped. Overall, if you already know basis physics you will do well in this course, and he isn't a bad choice!",,,,,,,,,,
PHYS122_005,PHYS122,David Buehrle,2013,2,"Ouch this guy is so outta whack. Do your GPA a favor, take someone else. His exams are all over the places. If your physic is semi ok, you'll feel like crap when taking his exams. I don't understand why he doesn't write his own exam that is related to what's teaching in the classroom, but instead he takes some questions from college board website, probably copy and paste and said he wrote them. At the end of the class, I think he curved like 1% or something geez.",,,,,,,,,,
PHYS131_054,PHYS131,David Buehrle,2025,3,"Buerhle is an enthusiastic professor who you can tell has an obvious love for physics from the first day of class. His teaching style is pretty straightforward, but he explains concepts in such an oddly simplified way that seems almost rehearsed. Then again, he constantly reminds us that he's an astrophysicist trying to connect with all these bio and pre-med folk so I guess you can cut him some slack? Personally, everything was a bit much for me, from TopHat readings (long but for completion), ExpertTA (supposedly for completion...you have to get the right answers to complete assignments but you don't always have to show your work depending on the question), answering graded ""starred"" questions during lectures (basically Clickers where you answer the question based on accuracy - ultimately forcing you to have to go to each lecture since you can't see the question from your own device and can't anticipate when he'll put up a starred question), to getting through each lecture fully understanding what was going on. The class is a flipped classroom (learn outside of class, apply during lecture) which I never like, regardless of the class I'm taking. tl;dr Structured lecture and teaching, but engagement is a give or take Lab was NOT structured. It was mostly ""look at the supplementary docs on ELMS and do it"". You'll be using ImageJ for every single lab and let me tell you that thing is so outdated. Lab reports were long, long, long and painful, especially if you didn't know what was going on. Barely related to what we did during lecture. So yes, be thankful for the exam curves, your lowest dropped exam, ""curved"" lab scores (which for us was thrown into one overall lab grade last minute as ""normalized lab scores""), and your front-and-back cheat sheet but keep in mind that the final determines your absolute final grade. No curving after all that. Anyway, try to stay focused because that'll probably be the biggest challenge, but passing is definitely doable.",,,,,,,,,,
PHYS132_019,PHYS132,Matt Severson,2024,4,"The class itself is hard but Severson curves based on a standard curve, has practice exams and records class. Participation credit is open for 24hrs so you don't have to go. The lab sucks but that's just phys lab. ExpertTA HW each week. I don't think you get options for a phys class for bio major but regardless he's aight. Also has a couple of dropped tophat questions. Cheat sheet for test but tbh the material is hard and there's so much that it's hard to prepare well. That said exams don't count for everything in this class.",,,,,,,,,,
PHYS260_185,PHYS260,Michelle Girvan,2025,4,"I don't understand why professor Girvan has a low rating on this website. Yes the content in this class is confusing and the averages on the exams are low but she is an amazing lecturer. She is very good at answering questions during class and is great at pointing out the key parts of example problems as she goes through them. She did ok at making the lectures interesting but with them being so long its hard. Her exams are somewhat difficult but you are allowed to create your own large note sheet with whatever you want on it. She provided a strange curve at the end of the course which was: A+: ≥ 96, A: 90–95.99, A-: 86–89.99, B+: 80–85.99, B: 75–79.99, B-: 70–74.99, C+: 65–69.99, C: 60–64.99, C-: 50–59.99, D: 40–49.99, F: < 40. The discussion section had a quiz every week which the averages were either a 6 or 7 out of 10. Overall was a very poor use of discussion time and most people left right after the quiz learning nothing. Overall she is a good lecturer with tests being difficult but fair with a nice curve at the low end but discussion time being used poorly...",,,,,,,,,,
PHYS261_005,PHYS261,Frederick Wellstood,2011,4,"*This is a review for Phys261 Lab* Note: My grade in lab was an A, but because I got a C in 260, I got a C in lab unfortunately. Anyways, this class is taught by your TA, and I had Ryan Maunu. He was great! He had notes to help us and always checked our work. He would try to give you hints to get you in the right direction. This was my first lab course, and it wasn't difficult if you came prepared. Met only every other week.",,,,,,,,,,
PHYS270_074,PHYS270,Drew Baden,2025,4,"He is a good professor and wants you to do really well. Sometimes the lectures seem to go into a physics rabbit hole, so if you look at the textbook and go to TA office hours it really helps. Take note of the ExpertTA problems, since they are the main makeup of the exams, and the final was a mix of previous exam problems. His OH are also really helpful, and he can really help clear up a topic. Only thing that was a bit annoying is the grading, since you don't know what you grade is until the very end bc of curves etc, but that might be a department thing. Besides that, he did a fantastic job with the class.",,,,,,,,,,
PHYS371_012,PHYS371,Chandra Turpen,2023,5,"She should teach every class in the physics department. Seriously. This has been by far my favorite physics class at UMD. Dr. Turpen and her TA's are wonderful and I would highly, HIGHLY recommend taking her class.",,,,,,,,,,
PHYS401_005,PHYS401,Sylvester Gates,2012,4,"I've never met a man who has such a deep understanding of the subject matter at hand before taking a class with Dr. Gates. He is very passionate about what he teaches and genuinely wants everybody to do well. PROS: - Class is engaging and upbeat - Fair grading scheme - Definite sense of actually learning something throughout taking the course CONS: - Tests are DISGUSTINGLY hard; the first test had an average of about a 50%, and the second test grades were so poor that he did not count it. - Is absent frequently",,,,,,,,,,
PHYS402_001,PHYS402,Steven Anlage,2008,5,"I'd heard a lot of really bad things about Anlage before taking the class, and was really nervous. However, he's actually a great physics professor. His weekly homeworks force you to learn the material, and learn it well, and his tests were a good level of challenge without being incomprehensible. He offered extra office hours to those who needed them, which I heard were very helpful. He can go fast and sometimes explanations aren't the best, but the text fills in any blanks quite nicely.",,,,,,,,,,
PHYS410_004,PHYS410,Peter Shawhan,2012,5,"Professor Shawhan is pretty good at explaining concepts, has great lecture slides that he writes into a pdf program as he projects it during class, and is quite genuinely EXTREMELY nice. I almost gave a rating of a 4 simply because his lecturing style could still use a bit of work--entertaining student questions is usually good, but occasionally he lets a student go on too long or spends too much time on a small detail. Also, since what he writes into the program he later posts, he tries to be careful about his spelling/etc., which probably takes a minute or two cumulative out of every 50 minute lecture, but not exactly a big deal, so I decided it didn't merit a lower rating.",,,,,,,,,,
STAT100_220,STAT100,Matthew Griffin,2025,5,"Very easy class, many extra credit opportunities, provides practice exams for review as well as practice questions for each exam, provides study sessions for students to go over the practice exams (as the answers aren't posted), overall just a great professor. A little strict on timing and deadlines, as well as phones and whether or not one is paying attention but that's expected as a professor. Besides that, great professor, would recommend.",,,,,,,,,,
STAT400_465,STAT400,Shixin Zheng,2025,4,"Responded well to criticism and made changes in the middle of the semester to accommodate for his students. For example, the homework at the beginning of the semester was very hard compared to what he makes now. The homework is much more relevant to what we are doing in class, and he created bonus questions for those of us who want a bump to our grade. Another example is how he helped us prepare for midterm 2. Although he released the practice questions a little late, they were very helpful for what we would see on the test. I went from a <50% midterm 1 grade, to just barely a 90% on midterm 2. Also, he curved exams that had an average below 83 generously. To everyone reading all of his reviews and preparing for the worst, I promise you its not that bad at all. Some people are just coping such as the review below mines.",,,,,,,,,,
STAT401_074,STAT401,Mestiyage Gunatilleka,2025,5,A goated professor who cares about students success and is very helpful. He is very lenient with grading and has fair exams but be sure to study as things could get tricky. PROS: 1) Good grading 2) Nice professor 3) Small class CONS: 1) Not recored lecture 2) Somewhat theoretical at some points I call him MDDKG and he is one mountain goat,,,,,,,,,,
STAT410_105,STAT410,Kendall Williams,2025,2,"STAT410 with Dr. Williams isn't the worst, but if you have a choice I'd recommend you take another professor. He's new to teaching the course, so his pacing was pretty off, and we ended up rushing the last 2 units in the span of a few days, resulting in us missing out on some of the most important content in the class. He's not a terrible teacher, but a lot of the proofs were kind of hard to follow, which is unfortunate for a proofs based class. His tests are a near exact replica of the review sheets, so make sure you search up how to do everything on the sheets beforehand, and work on your speed as the tests are decently long. The class is run kind of sloppily, with the last midterm being graded 2 weeks after the semester ended, the review sheets often being rife with numerous errors, and finally Dr. Williams stumbling through the proofs and being corrected by students multiple times. Taking the course with Dr. Williams isn't the end of the world, but I'd say avoid it if you can.",,,,,,,,,,
STAT420_021,STAT420,Mestiyage Gunatilleka,2024,3,"Extremely mid lecturer, has a lot of patience with students who keep answering wrong though. He also pauses in between sentences kind of strangely which is off putting. His quizzes are weekly which forces you to study, and they always have some kind of trick to them. His examples in class don't really help, so this is a self study type of course.",,,,,,,,,,
STAT430_036,STAT430,Hatice Sahinoglu,2025,2,"I'll preface by saying that Stat430 is a easy class in itself, but she just makes this class so much more confusing than it needs to be. She constantly messes up in lectures and asks her students what her error is or how to fix the code, she is always all over the place. On top of this, she posts the homeworks SO late, like sometimes on Wednesday when they're due on Saturday (she doesn't give a normal week to do it). She is also extremely rude and condescending, as I've went up to her many times to ask questions about content/homework and she doesn't support/do anything to help. She seems like just a very below average teacher. She is extremely smart, but does a horrible job teaching/lecturing.",,,,,,,,,,
BSCI160_580,BSCI160,Jessica Mutz,2025,3,"-You have to get used to her teaching style; she makes you read the readings first before the lecture, so it's kind of like her lectures are basically a review. -It's nice that she does a whole general review before the day of the exam, but what's really annoying is that the practice exams she gives are way fricking easier than the actual exams, and the actual exams throw you stupid trick questions. -loved her at first but then hated her at the end -gets super pissy when you ask for any possible chance of getting extra credit, I have a huge grudge since I was only .6% away from an A- -says she will adjust the grade scale for us, but it was only by 1% for us...",,,,,,,,,,
BSCI161_017,BSCI161,Hans Lemke,2024,2,"The material itself is not complicated, but jesus christ be prepared to have to go to a million different places for material and instructions. A unfortunately common case of ""woohoo internet"" that they have just stopped being reasonable and keeping things together. Also some pretty unreasonable absence policies but its not enough to tank your grade. Just such a pointless slog of busy work :[ Lemke's fine. You wont see him unless you have issues.",,,,,,,,,,
BSCI170_302,BSCI170,Swarna Mohan,2025,5,"Mohan designs this course in a really beneficial way when it comes to learning the content. Even if you do not in depth study or review each concept after each lecture, she hands out graded problem sets and lecture review quizzes (which can be done proficiently) so that students are able to retain the concepts learned and use it conceptually. The exams are really similar to the problem sets!!",,,,,,,,,,
BSCI171_070,BSCI171,Joshua Ha,2025,5,"I had Josh for BSCI171 during summer session 2, and all I can say is that he is one of the best TAs I have had at UMD. Josh was very understanding of the fact that we only had 6 weeks to learn the course material and was very accommodating. He took the time to carefully explain each lab procedure and even provided additional help when needed. Josh was also kind enough to provide us with snacks during each lab, as well as letting us know the estimated run time (a lifesaver for parking). Since we didn't have a practical, Josh took the time to make sure we understood the concepts, so that we would be prepared for future labs. He is incredibly organized, and honestly he is really funny. Josh truly cares about his students, so I would highly recommend taking his section for any course that he TAs!!",,,,,,,,,,
BSCI201_107,BSCI201,Edward Orlando,2025,5,Lectures were long because of one meeting per week but were informative. Was always available and helpful when I had questions during lecture or office hours. Exams were difficult but if you study the course material you'll do well due to the similarity between the two.,,,,,,,,,,
BSCI202_021,BSCI202,Edward Orlando,2024,1,"he has a 2.9 review on ratemyprofessor for a reason 😭 he tangents about things that are literally not relevant to anything, and then when it comes to things that are important for the exam he either only mentions it once, and also completely omits important things for his exams from his slides like how are you supposed to review for that? he's also like not a good lecturer and he lectures in a way that's not comprehendible and so i end up having to teach myself, but i usually cant since his posted lectures are incomplete, and he's also really passive aggressive when you ask for help so it's like you kind of rely on your ta or gss leader for any outside help. i can only study so much in a class where the professor is confusing and doesn't clearly explain what's important, and this is coming from someone that had an a+ in anatomy 1.",,,,,,,,,,
BSCI207_204,BSCI207,Karen Carleton,2025,5,"I loved Dr. Carleton. Genuinely just a kind person with a very calming presence and voice. The class itself is a bit of an information dump, there's like a 50+ slideshow every class but she posts them all along with recordings and you get a cheatsheet on every test including the final. The midterms are 20 mcq with 3 frqs, she doesn't post practice exams but I think they reflect what's in class well. The only test I did bad on was exam 1 because the frqs were kind of random and worded confusing imo but that was also my first college exam ever so it may not be her fault. The rest of the exams were very manageable and much better. Overall, I would recommend her I thought she was a great professor.",,,,,,,,,,
BSCI222_253,BSCI222,Jessica Mutz,2025,4,"She's not as bad as all the other reviews make her out to be. Her exams are fair. I will note that I didn't like the phrasing of a lot of questions and that if you interpreted some questions differently, you might not get the right answer. She did provide extra credit for the third exam, which was nice. She also provided a separate extra credit opportunity for attending lecture right before Thanksgiving break. I think her lectures are ok, she mostly reads off the slides, but it's all recorded. She's organized, provides warm ups, practice exams, and drops 4 of the quizzes. She assigns exam prep assignments and post exam reflections which are also free points. Overall, she's not bad. As long as you're asking questions, using all the provided resources, you're good.",,,,,,,,,,
BSCI223_082,BSCI223,Erin Tran,2025,2,"Gives you an overload of videos to watch outside of lecture that covers topics she never actually discusses in lecture, 2 hour lab twice a week with an unusual amount of work outside of lab and outside of lecture. She goes over the simple things in lecture and does polling questions the entire time on one topic, doesn't really cover the rest of the stuff she puts in her videos. no practice exams or questions, ta's are very vague and also confused about the assignments and grading. She is nice, and if you understand the content, the exams are not bad, but she barely touches on what will actually be on the exam in lecture and instead just does practice activities in class that do not help with the content. a lot of major assignments that you are expected to complete every week. high effort for low gain, honestly do not recommend this class considering the lab doesn't even count as an upper level credit. also way too difficult and way too much work to be considered a gen ed. the amount of work in this class exceeds any of my upper level biology courses.",,,,,,,,,,
BSCI330_159,BSCI330,Cornelia Van der Weele,2025,5,"I didn't have an interactions with Dr. Van der Weele, but she came into our lab once to evaluate the TA and she was really nice. The lab aligns really well with the lecture, and there isn't a ton of busy work. Everything was very consistent. I didn't like that no matter when your lab was, the lab report was due on Sunday night, but other than that, expectations and due dates were very clear. I loved my TA and the lab was actually interesting and filled with things that I may use again in the future.",,,,,,,,,,
BSCI353_035,BSCI353,Chan Lin,2025,3,"Lin is a sweet guy and a good lecturer; he explains all the content in class very well. However, his exams are pretty hard and a huge percentage of your grade. We only had two midterms and a final, so they were weighted a lot. No practice exams, and the types of questions he asks on his exams force you to think in a way that isn't really demonstrated in class (I can't say exams weren't what we covered in class bc they were, but you just had to think outside the box a lot). So honestly, you have to study hard for this class. Biggest tip: he likes to ask a lot of questions that are research-oriented (ex. he'll ask you to describe an experiment that proves some neuro concept you learn in class).",,,,,,,,,,
BSCI410_111,BSCI410,Louisa Wu,2025,5,"BSCI410 is designed to introduce advanced topics and techniques by building off of concepts from courses like BSCI222. While I believe that BSCI410 topics are harder to grasp than BSCI222 topics, Dr. Wu is highly supportive of her students and makes the class much more manageable. She is easy to approach, enthusiastic about the subject, loves to answer questions, and will go out of her way to supply her students with in-depth responses to questions. Additionally, to stress the importance of understanding material over memorizing it, Dr. Wu makes her exams open-note. Lectures can be rather dense at times, but the slides are explained clearly during class and broken down into simpler explanations. In terms of the actual content taught in BSCI410, a recurring theme is applicability. Dr. Wu structures the course to cover aspects of biology that students can actually apply to careers in biology and genetics. This includes introducing commonly used techniques and methods as well as experimental designs and analysis. A recent development for the course that I appreciated was the introduction of bioinformatics assignments. As an increasing amount of research relies on RNA sequencing, proteomics, etc, having the skills in R to create graphs and interpret data is vital. I would argue that this class has more assignments (homework, short essays, quizzes, etc) than most of my other upper level BSCI classes, but they aid in understanding and give you additional practice. To help students outside of the lecture and office hours, Dr. Wu encourages students to ask questions on the class Piazza. Whether it is for homework, classwork, exams, or just curiosity, TA’s and Dr. Wu provided thorough replies in a timely manner. Overall, I would highly recommend taking BSCI410 with Dr. Wu. You will learn a lot, gain relevant skills, and be a part of a collaborative environment.",,,,,,,,,,
CHEM131_527,CHEM131,Frances Stump,2026,4,"I really liked her, she taught very well and the homework really connected to the concepts we learned in class. I will say, she moves very fast so investing in a note taking app of some sort will be extremely helpful, as well as attending GSS and scheduling office hours. I personally believe she taught very well and made the concepts simple, coming from someone who hasn’t taken chemistry since sophomore year of high school and doesn’t remember anything. Exams were fair, very much based on what we learned in class, and she straight up tells you what you MUST know for the exams, such as crucial points like electron configuration exceptions or polyatomic ions and their charges. Overall she was a good professor for introduction to chemistry, I definitely recommended.",,,,,,,,,,
CHEM132_078,CHEM132,Abby Melick,2025,5,"The absolute best TA. No idea if she's going to be a TA for the spring semester but she was genuinely so helpful during lab. She made labs easier considering how horrible the lab coordinator is, and how poorly the course is designed. She sent out wrap up slides every week (which many other TAs don't do!) which were incredibly helpful when completing the post labs. This course is absoltely dependent on your TA; if you have Abby you're gonna be fine, hope she stays.",,,,,,,,,,
CHEM135_436,CHEM135,Samuel Lascio,2026,3,"Professor Lascio is a great and understanding guy. He's an engaging lecturer but lectures overall were boring and I fell asleep a few times. The day of an exam I felt horrible (probably due to stress and not sleeping at all cause his exams are HARD and I had been studying non-stop) and sent him an email asking if I could do a make-up exam even though I was not going to get a doctors note, expecting I would just have to tough it out and take it. He immediately replied and said to stay in bed. Literally was so thankful to him and I probably wouldn't have passed if I had taken that exam with a foggy head since I consistently kept a low grade throughout this course even though I had taken AP Chem in highschool. Also, once I showed my study guide to a friend with a different professor in this course and they had no idea what they were looking at- Lascio does go too deep into some chapters. The curve at the end saved me and I barely passed this class, though to be fair I should have studied for the first exam more and set myself up poorly. I also had no idea I would pass as one of my exam grades and final exam grade didn't get put in until after grades were due AND he didn't announce the curve until a few days after that. I wouldn't recommend him per se as the class average was around a 66.5% and many others barely scraped by, but if you put in the effort with him you should be fine.",,,,,,,,,,
CHEM136_003,CHEM136,Natalia White,2018,3,"Not sure if professor or course, but chem lab stressed me out a lot. Some of the questions on prelabs and tests seem like complete non-sequiturs. Kinda frustrating because CHEM135 lecture didn't align with lab, so I always had to teach myself the concepts for lab before learning them in lecture. But, if you go to office hours and the review sessions, she will basically give you the answers to the lab report / upcoming test, so I managed a good grade.",,,,,,,,,,
CHEM231_426,CHEM231,Sonia Hirschauer,2025,5,"Dr. Hirschauer is one of if not the best professor I've had in college. She is very well-spoken and great at explaining things, and you can tell she genuinely cares that her students are learning. Notes: She provides guided lecture notes. Use these to take notes, don't use blank paper!! They were super helpful and allow you to easily follow along during lecture, they guarantee that when you review your notes before exams you cover every possible topic, and they don't overcomplicate things. HW: Homeworks in the class are just weekly canvas quizzes where you get like 8 attempts and it saves your best score, so you're basically guaranteed 100% on those, but they're definitely helpful for solidifying your knowledge on the topic. I would do them after doing the problem set for the chapter and do them without referencing any of my notes to see where I'm at. Exams: Her exams are super fair and, in my experience, they perfectly reflected how much I prepared for each exam. The first exam is the easiest and they get harder from there. The final was a bit harder than I expected, it felt like she chose the hardest possible questions for a lot of the topics, but I still got an A on it. Also, I think if you study super hard for the first exam then you're gonna have a good foundation for the rest of the course and in general you'll lock down what learning style works for you and that'll make the other exams easier. Going into orgo I thought it would be really hard based on what everyone says about it, but it was my easiest class this semester, with Hirschauer at least. You just have to be good at pattern recognition. Also don't skip lectures, stay with her from the start of this class to the end because she emphasizes keeping up with the content and studying on your own and she does NOT spend time in lecture explaining even niche details about topics she already covered (if you ask a question about something she's already taught, expect her to explain it as if you already know it and have studied it), which I think is a great teaching style because it forces you to succeed.",,,,,,,,,,
CHEM232_068,CHEM232,Debleena Chatterjee,2025,5,DEBBIE IS AMAZINGGGG!!! If you have her as your TA you should NEVER mess up in lab. She's always willing to help and is one of the nicest people I've ever met.,,,,,,,,,,
CHEM241_259,CHEM241,Lai-Xi Wang,2025,4,"TLDR: Not the worst, and you can do well in the class, but this would not be my first choice as a prospective orgo student. Dr. Wang can be difficult to follow in the lectures, and the 2 midterm 1 final format can be tedious, but the practice exams give a really strong idea of what to expect on the midterms/finals, so definitely use that as your main study source. The curve Fall25 was around 65% B-, and 80% for an A-, and without a curve was a bit difficult, but certainly doable. Also, be wary of asking dumb questions in class because this mf will torch you in front of everyone. He is a nice guy to talk to in office hours, so definitely make an effort to go to them.",,,,,,,,,,
CHEM242_015,CHEM242,Lee Friedman,2023,1,Friedman is incredibly rude and aggressive. He is not understanding at all and extremely critical. Do not take this professor if you can manage it.,,,,,,,,,,
CHEM271_230,CHEM271,Bonnie Dixon,2025,1,"This has been, by far, the worst professor I have ever encountered. The course is extremely poorly organized, and expectations are unclear. Homework is assigned a week early, but the relevant material is properly taught, and the content needed to complete assignments is sometimes covered the same day the homework is due. As a result, assignments take an unreasonable amount of time to complete, often several hours. In addition, the professor frequently makes mistakes during lectures and comes across as rude and unapproachable, which makes it difficult to ask for help. Exams are poorly written and do not fairly reflect the material taught. Overall, the lack of structure, clarity, and effective teaching made this course unnecessarily stressful and frustrating",,,,,,,,,,
CHEM272_044,CHEM272,Amanda Schech,2024,3,"What grade you get for CHEM272 is dependent on really on how much you're willing to put into the class. Every week you complete a lab report that can take anywhere from 3-8 hours. These lab reports are not necessarily difficult but take a ton of time which use concepts from the weekly lecture. Lectures are recorded and posted online, and I recommend that you at least put it on 2x speed and just get the general idea of the content. The class has 2 mid term exams, no final. For all of the lab sections for this spring, the average was like an 89%. There are plenty of office hours from TAs online. Exams are not difficult and she gives you a very accurate practice exam w/answer keys. So basically, if you grind, you'll get an A. However, this class is definitely a time sink, and for that I give it a 3/5. The professor is nice though.",,,,,,,,,,
CMSC131_428,CMSC131,Pedram Sadeghian,2025,3,"Overall, Pedram is a solid professor. He explains concepts clearly ( even if boring) , is approachable, and makes the class manageable. He records his lectures, gives a short mid-lecture break, and provides detailed exam and quiz outlines, which were especially helpful when studying. Where he tends to fall short is in exam alignment. The material taught in lecture and shown on practice exams is often much easier than what appears on the actual exams. As a result, the real exams feel significantly harder and less representative of what we are given. This is reflected in the exam averages, which were around a C surprisingly low for an introductory CS course where many students already have prior coding experience. Because of this, I would not recommend this class with Pedram as a first exposure to coding. However, for students who already have programming experience and can handle higher-difficulty exam questions, he is a reasonable choice and overall a decent professor.",,,,,,,,,,
CMSC132_479,CMSC132,Larry Herman,2025,2,"tl;dr Good lecturer for the most part, but class is boring and no technology. Midterms are fair for the most part but finals were a bit harder. Larry Herman is a good ""instructor"" in that he can definitely teach the topics. Has a weird obsession with small mammals for some reason, and makes it his goal to incorporate them into every possible problem. Scattered in-lecture graded worksheets forced you to show up, but he just stopped giving them suddenly after being behind schedule. No technology during class was lwky annoying, but you can compensate with napping or quietly talking with friends. He provides good review material and practice tests that prepare you decently. For all exams, there are usually a combination of MCQs, code output, writing code, and misc. MCQs were definitely something to note, as you could pick multiple answers and they're always on some niche topic (you lose more points for not circling a correct answer than circling an incorrect answer). Overall, as long as you show up to discussions and lecturers, you should do relatively well in the class. Would not take again tho.",,,,,,,,,,
CMSC216_448,CMSC216,Christopher Kauffman,2025,5,"Great professor who cares about his students' learning. Great class structure with lots of flexibility, difficult but rewarding projects, and easy but not free exams. You get what you put into this class.",,,,,,,,,,
CMSC250_501,CMSC250,Maksym Morawski,2025,3,"40% hw grade + 10% discussion grade so u essentially cannot fail, and pretty good lecturer when hes not realizing that his slides are completely wrong lmao. idk if this is good or bad but u can get by comfortably with almost never studying",,,,,,,,,,
CMSC320_207,CMSC320,Maksym Morawski,2025,4,"It's hard to review him because there is so much good and bad about him. If you go to lectures, he'll explain stuff really well and he's super considerate and nice, but there'll be just random moments where its like hes looking at his own slides for the first time in years. That was kinda annoying, but its eh. The homeworks are super easy, I think the median for all of them was 100. They feel like easy points, and the instructions are super vague, so it kind of lets you have room to do whatever, as long as its clear you took something away from it. I thought they were way better the coding assignments you would get in like 330 where its just follow the instructions and code it. As for the exams, he makes a point about how theyre supposed to test your understanding of the material rather than how well you memorized it, but I honestly didn't feel that. Just study for the first exam to get a feel for what the questions are like, because his exam writing style is very unique",,,,,,,,,,
CMSC330_255,CMSC330,Cliff Bakalian,2025,2,"TLDR, if you have a choice between Anwar of Cliff, take Anwar (better overall lectures and more do able assessments). Cliff personally made this course much harder than it was supposed to be. I usually ended up reading Anwar's slides and examples, and eventually, watch his recordings instead to understand some weird concepts like lambda calculus. Cliff notes made it insanely harder to understand and grasp it in my opinion. The way he designed his slides is just so not intuitive at all, and makes it even harder when he doesn't record his lessons. He has philosopher style of teaching, which makes sense because he got a degree in that. But honestly, teaching cs in that kind of style just makes it harder and more complicated than it's supposed to be for students to understand this class. And remember, 330 is a required class as a cs major, so yeah this matter should be taken seriously rather than a joke. Now yes, keep in mind, 330 is a hard class (it's a 300 level course duh). So yeah regardless it wasn't going to be an easy class anyway. But I just felt like this course was insanely unstructured. They taught things too fast and concepts just felt out of place to grasp personally, especially when it's expected that many students are also taking this class with 351. I also felt like the projects were way too complicated and just weren't helpful in understanding the concepts that we learned in the course, especially project 5. And I also think we could've just learned Rust for the entire course rather than jumping into a new language after already a difficult language (OCaml) weeks before our final. Also, I despised the fact that the course used OCaml to teach us the concepts, honestly made things worse to click and understand... I just felt like if they assessed things with more structure, and actually know what kind of questions to ask on the exams, the course wouldn't have been to hard. Because honestly, the concepts were actually darn easy to grasp, and some of them were pretty cool and essential too (e.g. NFAs/DFAs).",,,,,,,,,,
CMSC335_029,CMSC335,Nelson Padua-Perez,2024,4,It was a fine class. Content is not difficult but his exams can be tricky. The good thing is his exams are similar to practice (structure wise). I think some of the point distributions were unfair though. The big change I noticed from his other classes and this is the powerpoints are very bland. There wasn't really enough content on them to answer questions. So it forces you to watch the lectures or go to class (obviously most choose to watch lectures). That being said I think if you learn content from the practices and project you can set yourself up for at least a decent grade.,,,,,,,,,,
CMSC351_338,CMSC351,Clyde Kruskal,2025,1,"Terrible professor. He doesn't care about the class at all; he always came to class late, he never graded in a timely manner, when he released solutions to homework and practice exams they were almost always incomplete, and more than a few times outright incorrect. When answering questions, both in person and online, his answers are typically vague and unhelpful (he is also hard of hearing, so it will take some effort and some help from the people in the front row to get his attention). Going to his class is useless most of the time, just go do the homework instead. His lectures didn't contain testable material until the last few weeks, and he always fumbled through them, as though he only half remembered the material. I think it's likely that he made his slides years ago and only looks at them during class when he has to deliver them. All the material that appeared on homework and exams (until like three weeks from the end) was given through video lectures. There were two kinds of these. The first was videos he recorded at home during the pandemic, and these are actually quite good. It's very useful to see his process when trying to replicate it on the homework. The second type was recordings taken of him delivering the lecture in a normal class, and these are much worse. The sound quality is terrible, there's a ton of awkward silences, he spends a lot of time answering questions from students who you can't hear, and they take about twice as long as the first type to cover the same amount of material. The homework is hard, but not as hard as understanding what it wants you to do in the first place. Logistically the entire class was a nightmare. He didn't give us a syllabus until the second week of classes. He made his midterms two hours long, which required booking different rooms to hold them in, which took him a ton of time to make work, which meant that we didn't learn the actual dates of the midterms until the week before. By the end of the semester he was well over a month behind on grades. Final grades were due on Friday, May 23rd, and we got them on Tuesday, May 27th. The exams are heavily based on the homework, usually copypasting the hardest problem from a recent homework and changing the numbers. Reminder again that they are two hours long. Just leaving this here: https://www.cs.umd.edu/classconcern Avoid at all costs.",,,,,,,,,,
CMSC411_043,CMSC411,Bahar Asgari,2022,5,"She is a new professor and I heard a lot of bad reviews about this course with Joon and Mesh so I was like lets give this a chance. Her class is very organized and homework and projects are doable. She also gives out practice problems to help with the homework, projects and exams. Exam is fair bc some of the questions looks like the practice problems and homework. So if you do the homework and the practice problems you will be fine. She is willing to answer any question you have and make sure that you understand. She really makes this course less painful.",,,,,,,,,,
CMSC414_074,CMSC414,Michael Marsh,2024,3,"There are plenty of reviews about the nature of this class, so I won't repeat any of that information. In my personal opinion, I hated the way this class was designed. The projects (other than sql injections) were EXTREMELY hard, some of the hardest I've ever had as an undergrad. The first project took me a month to complete and the final solution ended up being only 5 lines. Like really? I have to give 3 stars because it is so lenient and you will figure it out in the end. But I'd much much much prefer to have a standard class with exams and managable projects. The material in his lectures is barely relevant to the projects at all, meaning I didn't watch any of them and as a result barely learned anything. I would strongly advise against taking this class if you're like me and don't mind going to class, taking notes, and studying for exams. If you'd rather do nothing until November and then panic for a month straight then this is the class for you.",,,,,,,,,,
CMSC417_044,CMSC417,Samrat Bhattacharjee,2025,2,take this course if you are willing to give up your sanity and all your free time. Bobby is scary. You have been warned.,,,,,,,,,,
CMSC420_189,CMSC420,Justin Wyss-Gallifent,2025,5,"I am shocked to see so many people up in arms about the high number of midterms in this class. It seems like I am in the minority when I say I didn't mind this structure and actually kind of liked it. Justin changed his CMSC420 course structure this semester to be very largely exam-based, with a ""midterm"" exam every two weeks. He did this with the idea that if he assigned homework, students would just ChatGPT the whole thing (and he's probably not wrong). At surface level, this does sound atrocious and I was worried at first. But there is a pro to this structure: there were no major midterm exams that required cramming a huge amount of content into your brain, like most classes. Each exam was entirely focused on the material we had covered since the last exam, which was at max two weeks, or five lectures, of material. Thus, there was only so much he could possibly test on, making studying easier (for me at least). The rest of the things that people have praised Justin for over the years haven't gone away: his super engaging lectures, his detailed and organized notes, and his stellar focus on helping students succeed. For every topic we covered, he had a set of organized optional problems on that topic available on ELMS. Before each exam, he would post on Piazza which questions within those problem sets to focus on when studying. So my studying usually consisted entirely of working through those suggested problems, which was enough to get me As on just about every exam. Maybe the material just clicked with me in a way that it didn't for others, but I had to study for like maximum two hours for each exam. As such, I actually liked this structure because for me, it kept the workload outside of class pretty light. Study for an exam one night every two weeks, do the occasional project here and there (these were pretty straightforward, enjoyable, and well-explained). He also drops the lowest exam grade and lowest project grade, so there's a nice cushion for error there too. I'm not sure if he will keep doing this in the future, because he has seen the negative feedback here and elsewhere and has acknowledged that he wasn't aware some students would have such major stress in regards to this class. TL;DR: If you are a student who tends to study a LOT for exams and tends to get really stressed before exams, I would stay away from this class with Justin, because you'll probably fall into the same hole as a lot of these 1-star reviewers. But if you're someone like me who doesn't stress too much over exams, I imagine this class will feel light for you too. Justin is still a top-notch lecturer and professor, and I loved learning this content from him.",,,,,,,,,,
CMSC421_075,CMSC421,Pratap Tokekar,2025,5,"loved taking cmsc421 with Pratap. him teaching it definitely made it the favorite upper level cs class that i've taken at umd. slide decks are structured very well and provide a ton of information, all of which i found really interesting. homeworks and projects are very interesting to work on and he provides practice exams for his exams, so you know what to expect on exams and can prepare really well for them. 10/10 experience for me and would highly recommend taking cmsc421 with Pratap to anybody.",,,,,,,,,,
CMSC422_042,CMSC422,Marine Carpuat,2025,1,"I don’t understand where the positive comments about the class structure are coming from. Yes, ELMS is organized, but the lectures and homework don’t actually help with understanding the material (the class relies mostly on Eastern-style rote memorization). Her exams are unreasonably difficult, and the grading is extremely harsh; even small mistakes are treated as ""fatal"". It feels like she expects undergrads to perform at a graduate level. I didn’t get much out of this class and wouldn’t recommend taking it with her.",,,,,,,,,,
CMSC424_086,CMSC424,Daniel Abadi,2025,1,"This was the most difficult class I've ever taken at UMD, and I do not know why it was necessary for it to be this way. The participation quizzes in lecture are grading on accuracy, the reading quizzes during the week are difficult, and the exams are absolutely brutal. Avoid this professor at all costs and take another semester to actually enjoy learning about databases instead of tearing your hair out.",,,,,,,,,,
CMSC426_048,CMSC426,John Aloimonos,2024,1,"Probably one of the worst classes I've taken so far. Lectures are very high level so they give you limited guidance on how to do the projects, making the class almost entirely self guided. And the professor often goes on random tangents about unrelated topics. Would not reccomend...",,,,,,,,,,
CMSC430_043,CMSC430,David Van Horn,2024,3,"DVH is alright. Good lectures with plenty of dry humor. Projects are hard outside of the first two but manageable so long as you get started early. Helpful TAs on Piazza (shoutout Pierce). Easy quizzes/surveys, and access to some excellent notes which can supplement lecture. My main problem is how disorganized things are, deadlines are set but rarely met, when he says something will be out Tuesday expect it to be on Thursday or even later. Also no late credit if you turn things in late. If you enjoy this class check out CMSC838E with DVH, the grad level version where you go even more in-depth into these very same topics.",,,,,,,,,,
CMSC433_018,CMSC433,Liyi Li,2022,3,"PROS: - course content is not difficult; the sheer amount of assignments is what makes the class difficult - Professor Li is VERY responsive on Piazza. Between the professor and the TAs, posts usually don't sit unanswered for more than a few hours. Same goes on weekends too, though maybe a longer response time - Lectures are recorded and are posted to elms with the slides - online + open notes exams CONS: - Each week you'll either have 2 or 3 things due or nothing due. If there's nothing due one week there's a big project due the following week. - Your learning will come from the TAs office hours and learning on your own because the lectures provide little to no educational value. - His accent makes things impossible to understand. Doesn't apply to project descriptions though because he took them from Dr. Mamat. - Concurrency is only a small fraction of the course, but there are some other interesting concepts - Course is pretty unorganized - Straight up doesn't understand some of the concepts himself. There have been a few times where he answer questions in lecture/on piazza with ""I don't know"".",,,,,,,,,,
CMSC434_032,CMSC434,Evan Golub,2024,1,Horrible professor that doesn't know how to teach. Just tells stories all class that have nothing to do with the exam. Grading on projects is harsh and subjective and descriptions are very vague. It's an easy class but it's an overall headache.,,,,,,,,,,
CMSC436_027,CMSC436,Michael Marsh,2025,4,"I loved this class! I have never taken or done app development, but I enjoyed it a lot. The lectures are kind of pointless since most of the phases require you to learn on your own, but I guess that's normal for a 400 level class. The class consisted of two overall projects (an individual one and a group one). The individual one was 6 phases where you work towards creating an app. The grading system is really nice in this class, since you can submit as many times as you like (can keep improving your grade) as long as you get the final product (phase 6) in on time. The due dates listed are suggestions, which I highly recommend that you follow. The group project was basically any app you want to make with some features that require outside of class knowledge (it's pretty simple to find one). There are no exams or quizzes, just projects. The TAs sometimes answer on Piazza, they just randomly decide to ignore the one question I need answered (;-;), but ig they're trying their best. Although this class did require a lot of effort it was enjoyable and it was nice to see a class where I am more focused on learning the actual development than stressing about an exam where I got to memorize a bunch of things :D",,,,,,,,,,
CMSC451_068,CMSC451,Clyde Kruskal,2024,4,Going into this class knowing it was going to be a shit show prepared me well. He made the midterm into hws which was dope. He also split the final into an in person and a take home. As long as you go to at least one lecture a week you should be fine.,,,,,,,,,,
CMSC456_046,CMSC456,Todd Rowland,2024,5,"Very nice guy and funny. Willing to help with problems and questions. Made the first 2 exams very easy and similar to the practice exam, but threw a curveball for exam 3, it was harder. The homework is tough but the entire class is just homework and exams with some free in class quizzes every Friday that you can work on with others.",,,,,,,,,,
CMSC474_002,CMSC474,Mohammad Hajiaghayi,2023,5,"Prof. Hajiaghayi is great. Enthusiastic, good lecturer, and responsive to questions. Lectures feel like a math class with definitions and theorems. Projects are hard and require learning stuff not taught in lecture, but assigned very early (1+ months) and are very applicable to computational game theory. HWs are easy and straightforward. Grading includes 2 in class quizzes, a midterm and final (with midterm replaced with final if it improves your grade), 4 HWs, and 3 projects. You'll learn a lot.",,,,,,,,,,
DATA120_009,DATA120,Fardina Alam,2025,5,"I agree with others that there’s a lot of content for just 1 credit, but honestly, the slides helped a lot and the homework really made me learn the material. I actually feel good about what I got out of it.",,,,,,,,,,
INST326_063,INST326,Aric Bills,2025,3,"Too much content to learn outside of class, more time should be spent introducing material in class instead of going over virtual lectures that have been assigned for a class that is neither hybrid nor online. Cool person though, just really annoying amount of online lecture content and weird due dates",,,,,,,,,,
INST327_024,INST327,Iskander Lou,2024,5,"Easy class, just make sure your group for the semester long project doesn't procrastinate and you'll be good",,,,,,,,,,
MATH140_513,MATH140,Dong Quan Nguyen,2025,5,TAKE HIM. Does not prepare you that well for the final but your grade in the class will be so good (Mine was 95) that it does not matter. The midterms are EXACTLY LIKE THE PRACTICE TEST. You should get 100. My friend somehow got an A- in the class by getting a 93 on the final but that was insane because his grade was so low before. AND he curves. Its a no brainer take him for MATH140.,,,,,,,,,,
MATH141_547,MATH141,Kendall Williams,2025,2,"Good lecturer but is an awful grader, no curving exams or final grades. Low 70s averages with class average being in the 70s, with many kids stressing for the final to even pass the class (with a C).",,,,,,,,,,
MATH240_370,MATH240,Wiseley Wong,2025,5,"Professor Wong is an elite professor. You learn so much from him and he clearly is like one of the most knowledgeable people you'll ever meet when it comes to math. His lectures are fast-paces but it doesn't really feel rushed or that you aren't up to speed with the material. I also think he covers some extra topics (not on the final) at the end of the semester to talk about the important of Linear Algebra which I found was quite interesting and unique, showing just how much he cares about students understanding why they are taking the course and their practical applications in the real world. There are weekly quizzes, but they are the easiest quizzes you'll ever take. He essentially tells you exactly what is going to be on the quiz, and the TAs cover those topics before you take the quiz. For me, I pretty much never studied for them because they were so easy and straightforward. Discussion was extremely valuable. the TAs are really smart and explain things in a phenomenal manner. If you have any questions about literally anything, you can just ask them and they will help you out. As for exams, Professor Wong is very clear is what is going to be covered. There are never any trick questions, but the exam is very theory heavy. Be sure to understand what you're actually doing because there are a lot of T/F questions and others that test your actual understanding, not merely following a pattern to compute things. He also provides practice exams and they are pretty similar for what you would expect for the exams. I didn't really have to study much for the exams because it was all very straightforward and Professor Wong and the TAs really give you everything you need to success. I would say the final was definitely harder than the midterms (which is expected), so definitely study hard for it. But very reasonable and follows a similar structure and pattern to previous exams which are all given. Overall, I couldn't recommend a better professor for 240. As a CS major, you actively learn some of the applications of Linear Algebra and learn a lot from Professor Wong.",,,,,,,,,,
MATH241_526,MATH241,Junyan Zhao,2026,2,"Junyan was not great for me; he doesn't assign any mandatory homework, so it was hard to stay on top of the course material weekly. The lectures were pretty difficult to understand, especially if you couldn't get a seat in the first three rows of the lecture hall (partially just bc the armory sucks tho). My TA, Waldman, definitely saved me in this class; his assignments were relevant, and his quizzes weren't bad. Another downside was Junyan's curve SUCKS. He communicated it very poorly, and our average final grade was definitely lower than that of most other professors. Overall, I would recommend another professor for people who are new to calc 3. If you're already very comfortable with the material, the no HW is a Junyan-specific perk.",,,,,,,,,,
MATH246_361,MATH246,Margaret Doucette,2025,3,"She doesn’t do a very good job with lectures. They are kind of hard to understand and over complicates some stuff. She does have lecture summaries that are helpful if you miss class or something. Her tests are very easy and she does care a lot about her students, but her tests are so easy that when it comes to the final that she doesn’t write, you are very unprepared. The class average for tests were significantly lower than the final, around 15% lower. If you take her, don’t take her tests as a baseline for how the final will be.",,,,,,,,,,
MATH310_069,MATH310,Sean Gruber,2025,5,"Dr. G is genuinely, without a doubt, the best math professor I have ever had at UMD. The sheer amount of kindness and care that he has for us is astounding, and I do not have enough kind words to say about him. I have never felt so welcomed in a classroom before, and despite the course being an introduction to higher level math topics, there was not a single topic that I was confused about, because Dr. G's lectures were at an extremely reasonable pace and unbelievably helpful. In addition to his calm and friendly demeanor, he lectures in a clear and concise way, ensuring all students have a firm grasp on topics and he makes sure of this. Overall, if I could choose to take him for every single math class I will ever take in the future, I would.",,,,,,,,,,
MATH401_103,MATH401,Raluca Rosca,2025,5,"Severely underrated professor. While teaching may be boring at times, her practice exams prepare you very well and assignments are semi-interesting. Assignments/exams are more than fair and this professor is extremely kind/understanding. She is also very responsive to questions! Only thing is grading speed, but thats usually how it is in smaller upper level math classes. Loved having her as my 401 professor and would recommend anyone else to take her.",,,,,,,,,,
MATH403_039,MATH403,James Conway,2024,5,"Professor Conway was great for MATH403. This class was very interesting and challenging, and professor Conway was very supportive of our learning. Multiple grading options were provided for this class, with the one that gave you the best score determining your grade. The standard grading option was 20% HW, 50% midterm exams (25% each), 30% final exam. Pros: - Very good lecturer: Went through all the details of theorems and gave plenty of examples. I never felt anything was unclear. - Good homework: The HW problems were relevant and challenging. There were 9 HW assignments in total but I always felt there was plenty of time to complete them. Lowest two HW grades are dropped. - Fair exams: The exams were all pretty fair. All the material in exams was covered in lecture. While they were pretty hard, it was representative of the overall difficulty of the course itself. The exams were graded relatively quickly as well. - Posts notes and lectures on ELMS: All of the content that the professor covers is on ELMS. If you miss something in lecture, you can always rewatch it online. - Personable and friendly: Very willing to help and answer any type of question. Clearly very invested in the students and the course content. Listens to student feedback and adapts. Cons: - Nothing comes to mind. Overall, I highly recommend Professor Conway for MATH403.",,,,,,,,,,
MATH405_033,MATH405,Peter Dillery,2024,5,"I loved this class, every second of it. It's really tough, and it will make your inductive reasoning skills really strong. I did horrendously on the majority of the exams however due to, well, a poor understanding of the course. Dr.dilllery would often say that so long you don't cheat on the Hw you should be able to do the exams, and this is true to some extent since a majority of exam problems are often taken from the homework, or inspired by them. Its important that you know how to do these problems properly however otherwise you'll end up probably failing like me. Often stack overflow would contain answer to these HW problems and would explain how to do them in detail. He says to ask him for help directly if you end up getting stuck, which provides a more healthy experience with solving the problems. Dillery himself is a professor who comes off as authoritative at first, but is really altruistic towards his students and generous. He's always willing to help his students with nearly anything. In general though, this class attracts some of the smartest students UMD has to offer in my opinion. Just getting to sit there is an honor. This is the only class that I'm honestly okay with absolutely failing, I'm glad I took it anyways.",,,,,,,,,,
MATH406_048,MATH406,Peter Dillery,2024,4,"Peter Dillery is a top-tier lecturer, but the organization of his class is a little lacking. His homeworks are difficult but reasonable, and his exams are never too difficult. Overall, I'd recommend him.",,,,,,,,,,
MATH410_112,MATH410,Dong Quan Nguyen,2025,5,He's the best! And he graded our exams in a day one time so we could decide to add/drop that weekend. Goat.,,,,,,,,,,
MATH411_045,MATH411,Matei Machedon,2024,5,"Maybe the lectures are a little slow, but he is very knowledgeable and clearly cares so much about teaching the course well. Is also always trying to get people to engage and ask/answer questions. Pretty easy exams, and homework is mostly easy problems from Fitzpatrick. Highly recommend if you want to really learn this stuff. Really great professor!",,,,,,,,,,
PHYS121_062,PHYS121,Aria Heidarian,2025,5,"Her lectures are pretty fast paced, but i love that she uploads her notes so quickly. What I've been doing is that i have her for tuesdays and thursdays. on tuesdays when i go to lecture, ill review her notes the next day and google/watch videos to review any concepts i fully cant grasp, i'll also like rewrite my notes with her notes and my notes from lecture. I basically do this twice a week and constantly memorize the formulas whenever I can. Then by the end of the week i compile my notes into a weekly review and it makes her class so light just wanted to share to help any of you. If you ask her questions shes great at answering them too.",,,,,,,,,,
PHYS122_004,PHYS122,Ki-Yong Kim,2013,3,He was not very good at conveying information for the course. Boring lectures. Thick accent. I learned from the book. Big curve though.,,,,,,,,,,
PHYS131_053,PHYS131,David Buehrle,2025,5,"this class is 100% done on prior knowledge, tbh i never stepped foot in the lecture hall and i have a high A before the final. every exam is curved sm that u dont need to study. plus the cheat sheet is clutch.",,,,,,,,,,
PHYS132_018,PHYS132,Wolfgang Losert,2024,4,"prof is chill, make sure you do the clickers. class is 'mandatory' because of the clickers. exams are annoying but the curve is insane. for the second exam, a 75 was curved to a 93-ish. decent professor but rlly boring lecture, he loves his work but the content in class and the content on the exams are very irregular and don't match up.",,,,,,,,,,
PHYS260_184,PHYS260,Hailu Gebremariam,2025,3,"His lectures can be helpful when he is going through examples, however that is all the lectures are. He does not really try to explain the physics, but instead just gives a formula and does the math. I used the textbook in expert ta which was helpful and also provided some good examples. His midterms were mostly fine, and doing the examples in the textbook and reviewing the homework prepared me well. Overall, you will have to teach yourself as he is mostly a non factor in your ability to succeed. The homework and quizzes provide a nice cushion and it is definitely possible to do well in the class.",,,,,,,,,,
PHYS261_001,PHYS261,Min Ouyang,2011,3,"It really depends on who you get for your ta. My ta was not at all useful, didn't answer questions and explained things poorly. But he curved well. Use what you learn from the first lab (error propagation) and use it for all the other labs (for error calculations).",,,,,,,,,,
PHYS270_073,PHYS270,Drew Baden,2025,4,"Baden is a good professor - he’s funny, and his lectures are way more interesting than other physics classes I’ve been in. He goes into some of the practical applications of the topics we learn, as well as some of the history. The downside to that is that it’s less exam-focused, which makes studying harder. Although his exams are generally difficult, they’re multiple choice and taken straight from ExpertTA, so you know exactly what will be on them. Generally an enjoyable class!",,,,,,,,,,
PHYS371_011,PHYS371,Chandra Turpen,2023,5,"One of the best professors I've had at UMD. This professors research focus is physics education, and it shows in her educational ability. You can tell she very much cares about your learning, creates a really nice learning environment in class, uses clear slides and posts the weekly readings in an organized manner. Very good professor to talk to about any issues you might be having, and very helpful if you want to ask for help with anything physics related. She even takes a couple classes to focus on future career interests, and is willing to help students with that part of their college lives.",,,,,,,,,,
PHYS401_001,PHYS401,Carter Hall,2011,5,"This professor is a no-nonsense professor. His notes just get straight to the point. His notes are also very clear and excellent. His tests are no-nonsense. They are similar to the homework problems, and his final exam just re-used questions from old homeworks and midterms. He is not out there to try to get you or screw you over. He is just straightforward. If you study, you'll do well; that simple. No strings attached. His assignments are simple, and are much more testing of concept, and not just mathematics. An excellent physics professor indeed. I dont think he'll teach PHYS401 a year from now ... which is unfortunate for many (as the PHYS dept. does 3 - year cycles). Good luck to those who have not had this guy for 401.",,,,,,,,,,
PHYS410_003,PHYS410,Peter Shawhan,2012,5,"I've had Prof. Shawhan for two different courses, PHYS171 and PHYS410, and I can say that he is one my most favorite professor I've had here at Maryland. Contrary to what others have said, his exams reflect the lectures/homework really well. I've never been surprised by one of his exams, but that doesn't mean they aren't difficult. He truly does challenge you to think, and not just mechanically produce an answer. He posts all the notes, which are extremely good by the way, online. Always has tests reviews, weights heavily on homework (which is nice), and truly wants you to understand the material. I feel the people who criticize Prof. Shawhan is because they're bitter about receiving a bad grade in which they probably deserve.",,,,,,,,,,
STAT100_219,STAT100,Matthew Griffin,2025,4,Very easy class and exams are exactly like old/practice ones. Attendance is mandatory at all lectures and discussions though.,,,,,,,,,,
STAT400_463,STAT400,David Pincus,2025,2,"Lectures are just reading off textbook definition. However, he is nice and answers to quizzes are given before taking it.",,,,,,,,,,
STAT401_073,STAT401,Francesco Gaffi,2025,5,"Absolutely amazing professor, the other reviews basically sum everything up. I liked how he taught the course in a more theoretical way as it made the content very interesting. I would say the overall content and questions can be pretty difficult, but his class is designed to where as long as you are putting your best foot forward and learning from the class, you will definitely do well. Overall I had a fantastic experience in STAT401 with Professor Gaffi and I hope to take other classes with him if he decides to teach them! Definitely take him if you can",,,,,,,,,,
STAT410_104,STAT410,Kyeongwon Lee,2025,5,"READ FOR DETAILS I was debating writing this review or not, but I decided that it was worth writing. Overall, he is an alright professor. He is not the best lecturer, and his lecture notes are impossible to read, but he goes rather slowly and you can very easily keep up by following the course online with YouTube lectures. He gave one midterm, then cancelled the second one and moved all its weight to homework. This naturally caused grades to spike in the class. To make up for this, he gave a really awfully hard final that we were not prepared for at all (no practice, just told to review the homework. Spoiler alert, it was nothing like the homework.) I literally opened that final and couldnt answer a single question. The average was a 23, with a high of 65, so every single person failed that final. However, I will contest the current one star rating. I do not think he is deserving of this at all. I am rating him 5 stars not because he is a 5 star teacher, but because 1 star is just unfair. If I would rate him, I would give him a 3.5/5 for the following reasons: Pros: - Very kind and reasonable guy who is willing to try to explain anything and can accommodate almost anything - Tries to make the class manageable - Homeworks are pretty easy - Grades very generously Cons: - Lectures are hard to follow because of his thick accent, and his handwriting is impossible to read which makes his notes useless - Gave a curveball final that everyone failed, which was not a good call but honestly I get why since the average grade in this class was >95% before the final... Overall, if you take him, I expect him to change up his teaching style massively next time he teaches. This was his first semester here I believe. I found the following YouTube series very helpful for this course, and would highly recommend regardless of what professor you end up taking: - Probability Theory (Bright side of Mathematics) (Good overview of general theory) - Intelligent Systems Lab probability playlist (good visuals) - jbstatistics (Goes over pretty much everything in an approachable manner, really demystifies a lot of the stuff) - 3blue1brown (Amazing visuals and good for selected topics to develop intuition)",,,,,,,,,,
STAT420_020,STAT420,Jonathan Fernandes,2024,1,"Just bad in every way. If you actually want to learn something, don't waste your time.",,,,,,,,,,
STAT430_035,STAT430,Tong Qi,2024,5,"Does what a professor should do in a class, is easy and you learn what is necessary. Assignments are online.",,,,,,,,,,
BSCI160_579,BSCI160,Chloe Garfinkel,2025,5,"Dr. G is genuinely one of my favorite professors here at UMD. As a first year handling the transition from high school to college, Dr. G really helped me figure things out. I want to point out that if you do bad on the first exam, you can get an A. I am living proof. Although it took a TON of work to make it, I managed to claw my way from a 75% after the first exam to a 90% after the final. Dr. G is genuinely helpful and cares about student success. Yes, she doesn't drop the lowest midterm but who can blame her, it creates magical thinking that you are invincible (you are not). Review her study guides thoroughly and PLUG THEM INTO CHATGPT FOR QUESTIONS. Her office hours are the most resourceful thing you can do. Super helpful and super in-depth. Make concept maps, I did one for each lecture and it made everything so manageable. I had a really good upward trend of exam scores after using concept maps. After the first exam (F), I got As on every exam after, and an A+ on the final. The lectures are super organized and she records them and uploads them to Canvas. Her exams are very very very conceptual, NOT memorization. Highly recommend taking her!",,,,,,,,,,
BSCI161_016,BSCI161,Hans Lemke,2024,1,Such a horrible lab. I can't even describe how outrageous the workload was. There are never any clear directions pn how to complete individual projects and you're completely left in the dark.,,,,,,,,,,
BSCI170_301,BSCI170,Michael Keller,2025,5,"Pretty awesome guy. Unlike other professors, he understands that you have other classes and commitments. So, while he assigns a fair number of assignments, you only need to do a few and the rest are dropped. Also, he teaches at a very high level and tells you what specifics you need to know for the class and what isn't as relevant. His study guides are also a great place to start as they are quite thorough. Very low-effort class, you can put in little effort and still do well.",,,,,,,,,,
BSCI171_069,BSCI171,Joshua Ha,2025,5,"Josh is the best TA I have ever had. He makes sure you actually understand the concepts. He’s patient, clear, and genuinely cares about every single student in the room while being incredibly organized. Josh made lab not just manageable but enjoyable. It’s sad he’s leaving the biology department, because he’s one of those rare TAs who makes a huge difference in students’ learning.",,,,,,,,,,
BSCI201_106,BSCI201,Justicia Opoku-Edusei,2025,5,"These new reviews are unfair. Yes, her lectures are not very thrilling but anatomy is a hard class because it is an information dense class. She tells you what you need to know during lecture and her exams are very similar, if not, identical to her lecture slides. She tells you the trick questions that will show up on the exam in class and then the correct answer to these trick questions. She also provides an exam review sheet that is almost identical to the exams and she goes over the answers in the lecture before the exam. So yes, while BSCI201 is extremely information heavy and it is a memorization based class, she provides you with all the resources you need to succeed in the class. If you know how to study and are willing to put in the effort, you will do great in this class.",,,,,,,,,,
BSCI202_020,BSCI202,Sara Lombardi,2023,5,"I loved Dr. Lombardi! The material was really interesting and she taught it in a way you could understand! I got an A on each exam, but I put in work to study. I can see how the exams would be difficult if you didn't have a good study technique down. This class is mainly MEMORIZATION!!! I basically turned every lecture topic into quizlets, and some of my quizlets are 200-300+ terms. She teaches the conceptual info really well, and sometimes I wouldn't get it the first time in a lecture and would be able to get it on my own with the slides or a quick youtube video. She recorded her lectures which was really nice for if you couldn't come to class, but I highly suggest you go to class as much as you can. I went to every class and I think that was one of the reasons I was able to do well. She also verbally says/explains more info you should know or that is helpful that is not on the slides, but her slides are pretty comprehensive. There are lecture assignments you need to be present for in lectures and many people missed these because they were sometimes during random/unpredictable lectures. Some of our lecture assignments were also just canvas quizzes before exams. She dropped 3/10 lecture assignments which was nice. She is a great professor and you just need to be prepared to take the time to memorize. If you don't understand a concept, her office hours are really helpful and she is always willing to help. There are always a couple of points of extra credit on each exam, but some of the true-false and even multiple choice can be tricky. I recommend slowing down and going over the true false multiple times. The written portion of the exams always has a concept she emphasized or spent more time on. The final exam was all multiple-choice and pretty fair in my opinion. Overall a really interesting class with an amazing professor!!",,,,,,,,,,
BSCI207_203,BSCI207,Nicholas Fletcher,2025,5,"I took Dr. Fletcher for both BSCI170 and BSCI207 and he rocks !! Very fair exams that can be studied for easily by reviewing course materials and his practice questions. He’s very responsive and approachable, and is clearly so smart and an engaging lecturer even when teaching subjects that involve tons of info. Also super helpful that all of his lectures are recorded and you’ll always know well ahead of time if there will be a graded in-class group activity",,,,,,,,,,
BSCI222_252,BSCI222,Thomas Kocher,2025,1,"Incredibly harsh midterm grader, no transparency with his students, overall terrible teacher. Sucks that the other sections got it easy when we are stuck with him.",,,,,,,,,,
BSCI223_081,BSCI223,Erin Tran,2025,5,"Great teacher, not easy class, the recent reviews are very accurate, a MAJOR tip: study her slides for exams, and re watch any topic you don't fully understand.",,,,,,,,,,
BSCI330_158,BSCI330,Kenneth Frauwirth,2025,4,"Dr. F is a really cool guy and is very passionate about what he's lecturing on. You can tell he really wants you to learn and that the class is very important to him. He has you use TopHat for participation (but it's 50 guaranteed points for going to lecture). The lab and the lecture are being separated next semester into BSCI331 and BSCI332, so I'm sorry for those of you that don't get the lab to count toward your grade. He does tell you what will and won't be on the exam, and sometimes he emphasizes not so secretly some questions that will appear on the exam. If you go to his office hours too, he will sometimes drop hints at what the essay questions will be. The exams are very fair, but you do have to study for them, but I never found myself panicking over the exams. I like reading the textbook just because that's the type of person I am, but it definitely prepares you for lecture. Only reason I'm giving a 4/5 is because he falls really behind on grading missed TopHat questions and slides aren't accessible through ELMS, only through TopHat.",,,,,,,,,,
BSCI353_034,BSCI353,Daniel Butts,2025,5,"I loved this class and Dr. Butts! I'm a bio major so I was pretty nervous going in - I have 0 neuro experience. But Dr. Butts made everything super digestible and his interest in the subject def shines through and makes it a pretty interesting class to study for. Don't get me wrong - you do have to study well. For each exam, I watched each lecture recording, took some good notes, did his review questions (which give a pretty good gauge of the exam questions), and went to his review session (not rly necessary) - doing all that allowed me to average around a 95 on all the exams, including the final. Yes, you have to put in the time, but everything is clear, organized, and learnable. He also makes it clear that he wants you to do well - he is willing to meet outside of class/office hours if you can't make the scheduled office hours / review sessions. There is no curve which is scary, but as long as you put in around 8ish total hours to prep for exams, you won't need it. Also, he does 5 group worksheets, which is a guaranteed 100/100 each as long as you complete it. The weekly quizzes are also easy to get consistent 9/10 and 10/10s on. Overall, I enjoyed this class a lot and really like Dr. Butts as a professor. Def reccomend!",,,,,,,,,,
BSCI410_110,BSCI410,Louisa Wu,2025,5,"I believe everything in this class is fair. Dr. Wu is one of the most supportive and nicest professors I've ever had at UMD. She truly cares about her students, and she's always happy to answer any question you have. Getting an A in this class is very doable as long as you keep up with the class materials (DON'T CRAM), complete the assignments on time, and ask for help when needed. There is an abundance of office hours available, whether that's Dr. Wu's or the TA's. I find attending both very helpful. I suggest asking Dr. Wu about specific questions regarding the lectures and asking the TA questions about the HW assignments, since they're the ones grading them. Piazza is also available for frequently asked questions among your classmates (both the TA and Dr. Wu are active most of the time to respond to any questions). If you're solely relying on learning the content through attending lectures, then it may be a challenging class to earn good grades on the exams. I recommend pre-learning or reviewing the material before the lecture (all lecture slides of all topics are posted in ELMS) through any AI software, and use the lecture time to jot down anything else that Dr. Wu mentioned and solidify any topics. Just learning the material is not enough to be successful in the class, as many questions on the exam are application based, but the HW assignments and the quizzes help prepare you. The quizzes are not timed as well. In terms of midterms, there are three midterms, and one is dropped. The third midterm was technically the final, but it's cumulative with new content. The exams are also open notes, but they have to be a physical copy of your notes. You can print a digital copy of your notes or handwrite them. There is a lot of information in each topic, so I suggest not cramming for the class and being familiar with the content. If you have everything in your notes, also familiarize yourself with where everything is, as one of the biggest challenges of the exam is finishing on time. In all her exams and a few HW assignments, there are extra credit opportunities. For the first midterm, she allows the student to earn some points back by doing a reflection about what went well, what didn't go well, and how to prepare for the next exam. You don't get all of your points back, but some. There are a lot of quizzes and HW being dropped as well (but refer to your syllabus. At the end of the semester, there's an extra credit assignment where you find a group of people to make a presentation about a recent research paper that's related to the class content. The presentation can be either in-person or online. Additionally, you can earn extra credits by asking questions in person after the presentation or by posting your questions alongside the online ones. Overall, the curriculum really shows how Dr. Wu wants her students to succeed in this class. The way the class is structured helped me puzzle together why scientists took certain steps in the experiments. I highly recommend taking this class with Dr. Wu.",,,,,,,,,,
CHEM131_526,CHEM131,Frances Stump,2026,5,"PLEASE take her. yes, obv you need to put in effort if you want an A, but professor stump is on your side and wants you to succeed. lecture can be a bit boring sometimes and might feel slow but its honestly fine bc she has so many resources to help u succeed outside of lecture. i met with her 1:1 multiple times and those meetings were incredibly helpful. the one thing i wish she did is record lectures bc sometimes when studying the scanned notes can get a little confusing if you dont remember the exact context. the exams are really straightforward and i never got anything lower than an A. homework is online and is a good grade bump too. also def go to GSS if you can because those sessions were v helpful for working thru confusing concepts. basically if you have to take this class, take professor stump!",,,,,,,,,,
CHEM132_077,CHEM132,Christiana Guest,2025,1,"I have come to learn that labs are ALWAYS extremely uncoordinated and not in relation to lecture at all (very rarely will there be a crossover of material). The main assignments consist of the pre lab quiz, actual lab procedure, post lab, lab report, and reflection quizzes. None of the assignments are that difficult just tedious and sometimes don't relate to the lab (like the post lab questions in the manual). Also, highly recommend you study for the reflection quizzes because they will send your grade DOWN if you get one wrong (usually 2 or 3 questions so one question wrong is like a 50% or 60%). The biggest thing for me this semester was the grading. It is almost the end of the semester and lab reports from the very beginning of October have not been graded. Additionally, the TAs like to take points off for ANYTHING. Thank god grade scope lets you resubmit so just make sure you check over all of the requirements in there and in the module for that week to not miss stupid points. All of the TAs grade very differently (ex: I forgot to add something to the title page on two separate lab reports and one TA took points off and another did not). The lab is really not that bad. I had an alright TA who tended to divide the procedure into groups so we could get it done, share answers, and leave faster. I stayed till the actual lab ending time only once or twice. So far out of the labs I have taken, this has been the easiest one. But, everything other than that (like online and assignments) is unorganized, last minute, and unfair. It is an enormous amount of work for it being 1 credit. It is manageable, but it is highly annoying that it's more work that half of my other classes. It's funny that I have never even met the lab coordinator, yet she gets 1 star. Pray for a good TA and ask questions. Mine was pretty responsive over email. Have fun.",,,,,,,,,,
CHEM135_435,CHEM135,Samuel Lascio,2026,4,"You can tell he's REALLY passionate about chemistry, but this course is so fast paced so you will need to be studying and reviewing notes after pretty much every lecture to make sure your actually understand what's happening. He definitely has an issue with pacing. He explained the first half of the course, which is significantly easier than the second half, in about 9 weeks, which only left 5 weeks for him to rush the last couple of chapters which are way harder to understand. He actually wasn't able to finish a chapter, but he did leave that off the final. The final was fulllll of info from the second half though. His exams are also extremely difficult, and the practice exams don't really match that. He is very quick responding to emails and can explain questions in depth either over email or during his office hours and is super nice. The class has 580 points total. 80 points come from homework. The homework has like three attempts on each question and 3 attempts on the entire homework so it's free 80 points. The other 500 come from the exams. Three midterms - 100 points each and the final - 200 points. He will say throughout the entire semester that he's prob not going to curve, but right before our final he did change the grade system to a 13 point scale. Also if you pass the final he will allow you to pass the class no matter your grade. He's a great prof it's just a terrible evil class.",,,,,,,,,,
CHEM136_001,CHEM136,Natalia White,2011,2,One of the most disorganized courses i have ever taken. prelabs were near impossible to get 10's on cause some of them had questions about sigfigs and others had q's tht had no answers just clickable buttons and u had to just guess what was being asked. The grading rubric for labs asked for parts in answers that was required by the actual question so you lost points for really stupid crap. Overall idk if this was the professor or the course but it was awful. I know friends in 132 did not have the same issues with prelabs as we did. DO THE EXTRA CREDIT ON BLACKBOARD IF U WANT TO GET AN A.,,,,,,,,,,
CHEM231_425,CHEM231,Sonia Hirschauer,2025,5,"she is so smart, kind, funny, and beautiful. she made orgo so much more manageable and is challenging but fair in the best way. she’s so cool. for notes, she provides lecture guides can be downloaded to an ipad or printed beforehand so that you follow along with her instead of scrambling to write everything down yourself, which makes it so much easier to absorb everything. the filled out lecture guides also leave you with the best study resources ever. she also records lectures which is unique for the chem department and so nice!! and did i mention that she’s so smart and funny and beautiful and cool and awesome",,,,,,,,,,
CHEM232_067,CHEM232,Monique Koppel,2025,3,"As a 1 credit course, this lab is a lot more work than I believe 1 credit should be offering. Not only is there 3 hour lab once a week, but the post-lab questions, post-lab worksheets, studying for TAQs, and completing pre-labs often takes me 3 hours total to finish. This class took a lot of my time and effort and I think some of the grading rubrics of PLQs are quite strict/too rigid. I think the course was interesting and definitely taught me some new things, but it is overall just way too much work for a 1 credit course. Furthermore, office hours for the TAs were often very unhelpful. I went to many office hours for different TAs and half of them do not know what is going on. They don't know how to answer our post lab questions either and going to multiple TAs will give you different answers that completely vary from each other.",,,,,,,,,,
CHEM241_258,CHEM241,Lyle Isaacs,2025,4,"Learning the material based off of lecture is insufficient/ineffective. Go to GSS and discussion and keep up with problems and you will be in the right state of mind for the exam. Make sure to do the practice exams as they are similar to the actual exam. Dr Issacs is very kind, however I didn't really find his lectures to be helpful. Get comfortable with the reactions for each exam and you will be in good shape.",,,,,,,,,,
CHEM242_014,CHEM242,Lee Friedman,2023,1,"My time in Friedman’s class was the epitome of having a professor who does the bare minimum. Dr. Friedman was never around to help students, never visited lab sections and certainly was out of touch with his students. Averages on his finals and midterms were around a D. Prior to the final I had an A- in 242 and that dropped to a C+. Beyond that, the work given was unreasonable for a one credit course. I spent at least 12 hours working on experiment 0 to get a 60% on the assignment. Take 242 at community college if you must but DO NOT take it with Friedman.",,,,,,,,,,
CHEM271_229,CHEM271,Bonnie Dixon,2025,1,"She might be a good professor for other chemistry classes, but I do not think she was organized enough for Chem 271. It felt like she was balancing more than she should. The most annoying part about this class has to be the homework. Each question takes about an hour to do, and there are usually 6 questions, so that is already 6 hours of homework, which doesn't seem that bad because she gives us a week to do it... right... WRONG. Somehow, there is always an issue with the homework; she either makes mistakes or forgets to teach us the material. This means that, even though you technically have a week to do it, you won't be able to. Usually, she fixes problems or teaches new material the day before the homework is due or on the day of. This genuinely wastes SO much of my time. She also expects everyone to go to her office hours, which doesn't make sense to me because she always seems so overwhelmed by the number of people asking her questions. Also, she focuses on a lot of MCAT/medical topics in this class, which I find annoying because I don't intend to take the MCAT but I guess could be helpful for pre-med students.",,,,,,,,,,
CHEM272_043,CHEM272,Amanda Schech,2024,4,"Chem272 was probably the most time-consuming lab I have taken, but it was definitely not the worst. The worst part of this course is the lab reports each week that can take a long time, but once you get the hang of them, they arent too bad. If you need help, there are many office hours available, and the piazza was also helpful. You are given all of the resources you need to complete the lab reports. The lab reports can be graded a little harshly, with points being taken off for tiny things (get the hang of sig figs and error reporting early!). With this, don't be scared because the average for my semester was an 89.9%, and there was a pre-set curve in the syllabus, which is very generous. Dr. Schech is prob the best lab coordinator at UMD, and I felt that she explained concepts really well. I found her lectures very informative and efficient. They were also recorded, which was very nice. She seems to truly care about students, and for my semester, she gave everyone a 24 hour grace period for turning all lab reports in, which was so nice and I know a lot of students used it. I was also very sick for one of the labs, and I really appreciated that I had no issues with a makeup assignment and I didn't feel like my grade suffered because I was absent. The midterm and final are very fair, and I highly recommend going to review sessions for them. For in lab, you work in groups and the lab instructions were sometimes confusing at first, but you figure it out. A lot of the labs took 2 hours or almost the whole time, but this can depend on your group and other things. I actually felt that I knew what was going on after doing each lab report, and some of the labs were really interesting. While taking this lab I was kinda annoyed because of the lab reports each week, but looking back it was probably one of my favorites that I took the most out of.",,,,,,,,,,
CMSC131_427,CMSC131,Pedram Sadeghian,2025,2,"I think this is one of the most fair reviews you will get as this was my first ever computer science course ever. The only reason he is not a 1 star is because he records lectures, is a nice person, and does the bare minimum for previous quizzes and practice exams. But when it comes to being an actual professor he is simply not good at all. I do not get why other people are giving high reviews if they think he is boring. Many students skip his lectures because he often just goes through some half baked slides and goes on tangents about something we never need to learn or a concept we learned weeks ago in class. When it comes to teaching concepts, he does almost everything poorly except for memory maps which aren't on any of our classes exams or finals but it was for other students. Also his exams 1 and 3 as well as quizzes 3 and 5 were completely different and way more difficult then his practice exams. ANOTHER big issue with Pedram was his timing. We learned all the material for exam 3 way before thanksgiving break but instead our exam was right after break. Many people including myself would have much rather spent time with our families instead of studying for a class in which other professors gave their students their 3rd exam before break. All the other classes had way more time to study for finals and I was even using other classes study material to learn concepts because what Pedram gives simply is not good enough. Lastly, discussions were pretty much useless unless it was a day before a quiz or exam. I would learn a concept from brocode 10x quicker then a discussion, and I do not get why our quizzes were not in there like the other CS Classes so we could actually learn content in class.",,,,,,,,,,
CMSC132_478,CMSC132,Larry Herman,2025,1,"1. No technology in class. The classes where you already know the content and can dedicate your time to LITERALLY anything else are rendered useless by this rule. It's honestly just annoying cuz why can't we as college students decide for ourselves what method of notetaking works best for you. 2. Wasted time during lecture. Oh my god. This was what locked me out the most. I swear, the whole first month of semester, he'd go over class rules like the tech rule and the stupid rule where you have to sit in the closest seat available to the front. Like what are we doing. He would straight up stop talking during his already incomprehensible lecture where he's always like UHHHHH AHHHH UGHHHHHH *STUTTERSTUTTER* to tell students to sit closer. 3. Test format. The MCQs are absolutely horrible. All his MCQ are multiple select and if you choose a wrong one you get points subtracted. Not to mention the MCQs are often about the most obscure stuff and have cost me multiple letter grades. 4. Bro he has all of his pdfs that access the project documents and homeworks as password protected, so you can never access them in Canvas directly and always have to download them. This may not seem like an issue reading this now, but wait till your trying to study or cram. It is so annoying. 5. Random ahh graded worksheets that make you come to lecture. Since many would not come to lecture if there wasn't something else driving them, herman has surprise graded worksheets in both discussion and lecture. Towards the end of the semester, I didn't really care anymore and decided to take my chances, and it worked out, but it definitely wasted a lot of my time just waiting in lecture to maybe get a worksheet. If you're able to get past the constant interruptions and yapping during lecture, I guess I can say he does teach the content, but don't all professors? Maybe not.. Everything that's on the tests he'll have talked about before hand but again, it can be obscure stuff sometimes.",,,,,,,,,,
CMSC216_446,CMSC216,Christopher Kauffman,2025,3,"Even though I struggled tremendously in this course, Kauffman seems to care about his students' success. He is especially engaging in lectures and extremely helpful during office hours and the staff are always there to help on OH, Piazza, and Discussion. I believe that if you put in the effort and dedication in this course, you will be able to do well. I will say, though, that you should start ALL of Kauffman's projects on day 1 because these projects are not easy, and they require a lot of focus and attention, and you will have to know the content very well. In addition, his exams are not easy, so make sure you really understand your notes, slides, projects, lecture code, etc. I will give him 3 stars, however, because he does make this class somewhat stressful, but I do think that these stressful experiences will continue in later CMSC classes (not to say that they're bad, but they will become more rigorous, and students will need to work harder to do well). Kauffman provides tremendous grade padding from manual inspection on projects and a fair engagement point system, which can tremendously help students improve their grades. If you are someone who is interested in low-level systems, then I believe that you should definitely take 216 with Kauffman, and you will like it !",,,,,,,,,,
CMSC250_500,CMSC250,Maksym Morawski,2025,2,"He'll lure you in with a 40% homework grade (it's graded harshly), a 10% discussion grade(only free part of the course), and low weighted midterms and finals. The midterms were really bad, especially the first one. He never makes clear what's going on in the course. Nobody knew what the cutoffs for an A, A-, B+, ect were. Extra credit is almost worthless (0.05% per). He was extremely disorganized for all his lectures, he was late for 2 or maybe all 3 midterms so we lost valuable time (compensated with 0.5 extra credit points on a 32 point midterm). That being said. He's a chill guy and explained concepts in a really fun way. I liked his laid back approach focusing on more of the conceptual aspect as opposed to something more stingy on format (like Fawzi). If it weren't for the above issues he'd get 4 stars.",,,,,,,,,,
CMSC320_206,CMSC320,Maksym Morawski,2025,2,"Take this class for the plot but not if you actually want to learn anything. I don't understand how Max had some level of success in the industry as he literally didn't understand that not all data that is bell curved shaped is a normal distribution(among many other obvious things). It was entertaining to watch him be confused and say the most out of pocket things(""A human life is worth $2000. If I donate $2000 every year I can do whatever I want because I've already contributed positively"") Homework's were time consuming but interesting and probably good practice. Exams were poorly written and poorly graded(got 5-10% on every exam via regrade request). They were hard not because they tested tough concepts or required an in depth knowledge to do well but just because they attempted to ask you a very specific thing vaguely but ended up doing it weirdly. Advice: do really well on the HWs. Extra credit is awarded for extra long reports, pretty reports and using concepts not discussed in class so make an effort to do these things on your report. Getting a 110% or higher on an assignment worth almost as much as an exam will allow you to do pretty poorly on the exams and still do well in the class. Also do the readings closely. He asks pretty specific questions on the exams.",,,,,,,,,,
CMSC330_253,CMSC330,Anwar Mamat,2025,3,"Anwar is nice, but I really hate his style of teaching since it’s so disengaging. Literally on the first day of class, bro just opened up Emacs and started coding random stuff, and he doesn’t reference his slides at all—or barely does. It’s so hard to take notes or follow along with what he’s saying when he just codes for 1 hour and 15 minutes straight. Towards the end of February, I started skipping lecture since he unnecessarily went way too in-depth into the concepts and didn’t teach them in the way they actually show up on the quizzes and exams. This class is nice though because the projects make up a big portion of your grade, and the exams aren’t worth that much. I literally failed the first two exams and did well on the final, and I’m ending with an A- (that’s telling you how easy it is to do well in this class if you lock in on projects). Quizzes are each only 2% of your grade, but they add up so try to do well on them. You just need to study 2–3 days in advance and do the practice, and you’ll be fine. The TAs are way more involved in this course compared to other CS classes, but some of them clearly don’t know anything about the concepts. Also, some are super unhelpful on Piazza, not directly answering questions but posting a link to something else because they're too lazy to answer LMAO. But luckily my discussion TA was super smart, so he was very helpful. Overall, this class won’t be too bad, but try to study in advance and get ahead if you can to make it easier on yourself.",,,,,,,,,,
CMSC335_028,CMSC335,Andrej Rasevic,2024,1,"This professor is insanely disorganized and very very very bad at teaching. He uses Nelson's material, which is fine but the issue is that he does not prepare at all. It felt like he did not know any web-dev. He is very unprepared during lectures and just reads what's written in the slides. When a student is paying nearly $5000 for one course, the least he can do is read the material before presenting it. DO NOT TAKE CMSC-335 with him.",,,,,,,,,,
CMSC351_337,CMSC351,Ting Jiang,2025,4,"If you aren't a morning person, then it's best to take Ting over Justin. Justin typically teaches his only 351 section at 8 am, so if you believe you'll be mentally awake to take midterms that early in the day, then take him. However, if you're not a morning person at all, then you should definitely take Ting over Justin, especially since the midterms are very similar (Ting's are only very slightly harder). Other than that, the homeworks are the same, you get access to Justin's notes (which are enough to learn from), and the final for both professors is the same. Also, it's not that hard to follow lectures (you honestly don't even need to go to them) in spite of Ting's accents.",,,,,,,,,,
CMSC411_040,CMSC411,Bahar Asgari,2022,5,"This is the first semester she's teaching I believe, and she's honestly doing a pretty great job in comparison to some of the current cs professors. She definitely knows her stuff and is very willing to help students, so if you asked her questions she's very helpful. She gives you plenty of time to do the homework and projects (about 1 month). There was some struggle to do the homework at first, but everyone asked a lot of questions on piazza, and like I said, she's very willing to help and in the end I was able to do everything. Her homework, practice problems, and lectures definitely help prepare you for the midterm. She does trip up on her words a bit when lecturing so I sometimes struggle to understand, but I think it's just from her first time teaching and it'll get better with experience. I would DEFINITELY RECOMMEND taking her!!",,,,,,,,,,
CMSC414_073,CMSC414,Michael Marsh,2024,4,"No exams and standards-based grading. Those are the primary reasons people flock to take Dr. Marsh, and for good reason. Most assignments can be resubmitted until the end of the semester, and you know exactly where you stand for most of the class. There are pitfalls in the philosophy, but overall, it was a nice change of pace compared to most of the classes I've taken. Dr. Marsh is a very chill professor, and he clearly has good experience in computer security. Unfortunately, I don't think he's the best lecturer. There's a reason attendance reportedly got as low as about 5 people some classes: people just didn't see a reason to keep going. For personal reasons, I didn't go to lectures in October. It's not like class performance suffered very much in spite of this, as a majority of the class are getting A's, if the ELMS statistics are anything to go by. I think it's mostly a presentation issue, as while there are (optional) exercises worked through live in class, I never really understood anything based off of the lectures. Live coding is a hard act to pull off effectively, and I don't think live demonstrations are Dr. Marsh's strongsuit. I feel like class periods were much more effective when they were essentially just office hours, as Dr. Marsh seemed much better at answering individual and specific questions about assignments. I'm conflicted because I see what Dr. Marsh is trying to do, but I think there needs to be more supplemental material (maybe a whiteboard program with a drawing tablet to illustrate the point of the coding exercises) to really make the lectures work. The nature of the build-it document resubmission should have been more clear (for context, build-it is designing a basic client-server architecture in C with all compiler security helpers turned off, and break-it consists of finding and exploiting a vulnerability in another group's submission). Dr. Marsh stated that the initial submission was due December 2nd, and that resubmissions would be available until the day before the final challenge problems were released. However, resubmissions weren't allowed to address vulnerabilities not addressed in the original submission, as we would have had an opportunity to look at other groups' build-it documents during the break-it phase. I think that's fine in general, but it wasn't explicitly stated in the syllabus or project description, so I believed that resubmissions just needed to correspond to the implementation submitted on December 2nd. It was a problem for my group, as for the 5 vulnerabilities we included, 2 of them were deemed invalid in our first submission, which resulted in an R (we needed an M or better on the EMRN scale to get a B or better in the class). We got it regraded to an M based on the criteria outlined for resubmissions (which a TA sent in a Piazza reply rather than any sort of official announcement), but things really should have been more clear from the start. Speaking of clarity, the projects. There's value in keeping certain things ambiguous, but I think the cryptography project in particular was a bit too vague. I couldn't really figure out what I needed to do from the project description, and I mainly figured out what to do by corresponding with others (corresponding with others is not an academic integrity violation in Dr. Marsh's eyes, though sharing implementation details is of course). It didn't help that to start with, the Gitlab repository for the project only has the README, and all of the ciphertext streams (64K in total, so not large files) are in ELMS. A bit more clarity, and maybe an example for the expected output of task 1 at least, would be helpful. Additionally, not particularly related to clarity, project 1 is kind of a rude awakening for many people. From what I can tell, the last time many people in the class did C was CMSC216. It's not much code, and it's free if you live and breathe assembly, but it relies on really understanding the stack layout of a compiled C program. The class has several challenge problems, which are essentially just write-ups. Honestly, I kind of enjoyed them. They're kind of what you put into them, and due to my internal need to answer each of them as thoroughly as I could, I did a lot of research for many of them, so I'd say I learned a fair bit. They're not going to give you expertise in any particular topic or anything, but for a class focused on the breadth of computer security, I would say these assignments did their job. Please just do them throughout the semester as intended. Procrastination was not my friend, so I didn't just barely get an A, but I barely passed as well. Overall, if you can get into this class, you should be fine if you have any sort of self-control. I have my issues, but given the structure and grading scheme of this class, they are far from deal breakers.",,,,,,,,,,
CMSC417_043,CMSC417,Samrat Bhattacharjee,2025,4,"This is the hardest CS course at this university. I thought I could handle it, but by the end of the semester, I was broken as a student. I sacrificed so much. I stopped having hobbies. I stopped exercising. I stopped hanging out with friends. I stopped attending all my classes except for CMSC417. I experienced a depressive episode after spending 40+ hours on Project 4 just to get 25/100. CMSC417 was the only thing that mattered. That being said—I do recommend this course. CMSC417 is extremely useful, and the knowledge/skills you gain are worth gold. You will understand exactly how the Internet is structured. You will understand everyday protocols. You will understand exactly how wireless works, and so much more. I wish I could take it again just to truly master the content. This course is an experience. ADVICE: - Learn to take notes quickly. Bobby's lectures are hard to follow and fast paced, and (good) external resources are scarce. - Ask questions during lecture. Bobby will insult and humiliate you if he thinks the question is dumb, but it doesn't matter. You must understand the content. - Review and organize your notes after class. You only have enough time in lecture to loosely scribble down concepts and details. - Ask questions on Piazza. Bobby will literally stay up til 4:00am answering them. - Use office hours. Bobby is very happy to spontaneously hold OH at unscheduled hours, and he tends to be more generous with past exam answers to those who show up. I didn't attend the TA office hours, so I can't comment on those. - Start projects the day they are released. (You won't take this advice seriously, and you will suffer.) - Pick your group members wisely. You cannot succeed without them. This course will make you truly understand what it means to work together on a single codebase. Good luck. Fall 2024",,,,,,,,,,
CMSC420_188,CMSC420,Justin Wyss-Gallifent,2025,5,"I've seen a lot of complaints on here recently regarding Justin's new class format designed to fight AI use. I in no way agree with these complaints. I am a very average student that performs around the mean in most of my classes. I am taking 3 CMSC 400s this semester and have been working part time as a software developer. I never felt that this course load was unbearable or unfair. The exams were extremely manageable given the limited content window and the practice problems provided which were extremely similar to what was shown on the exams. Justin also drops a project and an exam which makes the class even better. There are only two/three projects which take a considerable amount of time and you can completely choose to just not do one of them. I probably won't get an A in the course, so if thats extremely important for anyone maybe check out a different review. But I never felt Justin was unfair or unwilling to help. He's very responsive in Piazza and willing to grant extensions in certain circumstances. I personally enjoyed this course and its structure.",,,,,,,,,,
CMSC421_073,CMSC421,William Regli,2024,2,"Mr Regli is a really nice guy and super helpful if you ever talk to him one on one. However, there were countless issues for this course. Projects with conflicting directions, instructions in 5 different places making it hard to know everything, TA ""recitations"" where they just read off a slide and couldn't answer basic questions, exams where students had to argue for points back due to unclear wording, etc. Easily the most disorganized class I've taken at UMD, making it hard to engage with the material and actually learn. His lectures are also completely all over the place and impossible to follow. By the third week no one was even attempting to take notes because he goes so fast and its not clear which information is relevant at all. For the final, the whole class really struggled because everyone studied the wrong material, myself included. He did curve the exam(s), so in his defense he made up for a lot of his mistakes. I also did get an A in the class, so it all worked out in the end to be fair. However, CMSC421 has been a terrible class at UMD for years.",,,,,,,,,,
CMSC422_041,CMSC422,Heng Huang,2025,1,"I was in this class for the first two weeks and I was so lost. I did not learn a single thing and in fact became confused on topics I previously knew (ex. bayes theorem). I had trouble understanding what he was saying because of his accent. He does not record lectures. When I asked him if there was anything he could do to help me, he recommended switching professors",,,,,,,,,,
CMSC424_085,CMSC424,Daniel Abadi,2024,1,"So so difficult, the exams are brutal and he genuinely enjoys making hard questions for trip us up. Class is not organized, projects are super hard, and the reading quizzes are also super hard.",,,,,,,,,,
CMSC426_047,CMSC426,John Aloimonos,2024,1,Horrible class organization. The slides and piazza are very poorly setup up and lack any sense of order. The entire class is fueled by projects which are so open ended and near impossible to complete or even find direction without office hours. No useful preparation material given for midterm. Cool content but not well taught.,,,,,,,,,,
CMSC430_042,CMSC430,David Van Horn,2024,5,"Great class. As someone who didn't quite enjoy 330 and had no choice to take this class, I was pleasantly surprised with this course. By far one of the most interesting CS classes I've taken so far -- it's pretty much 216 and 330 combined. I will have to say though while it is a great class, it is not easy. First two projects were easy, but the remaining were quite challenging and VERY time consuming despite me staying on top of the material every lecture. Midterm #1 was take home and easy. Midterm #2 was not. Spent over 14 hours on it (fortunately got a 100). Due to how complex it was, and how a lot of people were struggling on it, David had to extend the deadline. Essentially, this class is fascinating in its own right but it is not an easy class. Expect to spend hours on projects (especially considering there is no easy way to debug assembly code without tracing it by hand)",,,,,,,,,,
CMSC433_017,CMSC433,Liyi Li,2022,1,"Very difficult professor to understand in class. Condescending when students reach out for help. to quote liyi ""Just finish it today. It is very easy. Even easier than I thought.""",,,,,,,,,,
CMSC434_031,CMSC434,Evan Golub,2024,3,He has four exams (including the final) that all contain lots of writing. The material is easy you just have to memorize terms before the exam. I rarely went to class because he lectures about random things. He does do some in class assignments so you will have to go to some classes. There is one big project throughout the semester that has lots of parts. His description for the project is so long and confusing and when you ask him questions he answers in a even more confusing way. He does answer quickly though. He gets three stars because there is lots of work for the class and the project descriptions are so long and hard to understand,,,,,,,,,,
CMSC436_026,CMSC436,Herve Franceschi,2024,3,Good guy but tests and quizzes are so syntax specific. I dont see the point in memorizing these pointless things that are a Google search away.,,,,,,,,,,
CMSC451_067,CMSC451,Andrew Childs,2024,5,"Childs is great at lecturing and I really got a lot out of this class. It definitely helped me get more comfortable with algorithm design and proofs. Lectures were fairly fast-paced since we had a lot of material to cover, but he was always happy to clarify any questions people had. Lectures stuck fairly close to the textbook, which was also a good reference if something wasn't clear. Typically lectures would introduce some problem, then we would discuss an algorithm for solving it, prove correctness and analyze time complexity. There were five problem sets throughout the semester, with the lowest one dropped. Each one was fairly difficult, consisting of a five or so problems. We had one midterm and one final. The midterm was was fairly straightforward I thought, but with one tricky question. The main challenge was the time crunch. Everyone was writing frantically until the end. The average on the midterm was a 60% or so. The final was similar in difficulty, but had a little more time to work with. The average was a 72%, so a bit better than the midterm. Both exams we were given a number of practice problems. The class is typically curved, though I don't know what the cutoffs were. Overall if you are comfortable with proofs and putting a lot of time into this class, it is definitely worth taking. If you aren't really interested in the subject or you have a busy courseload already, probably best to avoid.",,,,,,,,,,
CMSC456_045,CMSC456,Todd Rowland,2024,5,"Super knowledgeable about this field, and also treats students really kindly. He's understanding of a lot of situations, and the exams were also easy. Highly recommend!",,,,,,,,,,
CMSC474_001,CMSC474,Dana Nau,2015,2,"Nice enough person, but a poor instructor. His teaching style is to read over his lecture slides (which, granted, are packed with information) pretty much word for word. I found in-class lectures pretty pointless unless you managed to immediately digest and comprehend information at the (pretty quick) rate at which he presents it, and ask tons of questions. You'd be better off pulling up the lecture slides on your own and working through the examples during class time. Homework sets took a bit of time to do, since there was a fair amount of having to review the slides repeatedly and first trying to understand the examples and reverse engineer them. Practice Midterm and Final Exams were given, but were much easier than the actual ones. Nau's justification was that they were all of 'easy' difficulty for him, so he didn't realize ours was harder. Final grades in this class were curved, in my opinion heavily (~8-10%). The projects are not of complex difficulty and ended up bringing up most people's grades in this class, at least a little bit.",,,,,,,,,,
DATA120_006,DATA120,Fardina Alam,2025,1,Why did she make this course go from an easy 1 credit asynch meme to this tedious shit we have to keep up with weekly. thumbs DOWN because noone needs a college class to learn python lol,,,,,,,,,,
INST326_062,INST326,Matthew Patrick,2025,3,"Good for independent learners, but unclear instructions and poor support. I enjoyed the asynchronous format and appreciated being able to work ahead on assignments. However, the homework and exercises are often vague, and the supplementary materials don’t really help clarify things. The coding itself isn’t too hard if you're good at Python, but the biggest challenge is figuring out what the assignments are asking, since the modules and lecture content don’t always align. Communication is also an issue as TAs often don’t respond to emails, and their grading can be confusing because they rarely leave detailed comments. Even when you email about a grade, it may take multiple follow-ups before they explain what went wrong. Also, discussion is optional; half the time, the TAs aren't even there. The class isn’t terrible, but unless you’re solid in Python and comfortable self-teaching, you might benefit more from an in-person version of this course.",,,,,,,,,,
INST327_022,INST327,Devanshi Shah,2024,1,I enjoyed the content of the class but you can get that with Professor Duffy. Please do so if you can. I have gone to Prof Duffy in-person class just to understand the material better. I passed the class with an A+ because of Duffy. Mrs. Shah's structure is HORRENDOUS. She doesn't do anything about the students who expect you to do all the work. She sends out emails addressing complaints and says that she will reach out to them but NOTHING CHANGES and they can slack off and still pass. We have mandatory meetings with the TAs and this is where you have a check-in on the status of your project. Her TAs do all the work for her and she reads Duffy's slides word for word. The two good reviews are because they didn't have to deal with bad teammates on top of the unnecessary confusion and stress. You will mostly be teaching yourself or seeking for guidance the whole semester.,,,,,,,,,,
MATH140_512,MATH140,Mirna Pinsky,2025,1,My grade got better after I stopped showing up to her lectures and read the textbook on my own. I think that speaks for itself.,,,,,,,,,,
MATH141_546,MATH141,Roohollah Ebrahimian,2025,5,"Dr. Ebrahimian is a very professional guy and a talented lecturer. He will aptly answer any question to make sure everything is understood. Math 141 is a difficult course, however, and it's important to stay on top of topics by doing as much practice as you can (assigned homework problems and worksheets).",,,,,,,,,,
MATH240_368,MATH240,Wiseley Wong,2025,5,"Wiseley Wong is the goat. Although he is a chalkboard lecturer, his handwriting is very clear and he only writes on the middle ones so everyone can see. He explains concepts very well and always tells you what will be on the quizzes. 15% for 3 exams, 30% final, 15% quizzes, and 10% matlab. Everything was very fair, the true/false questions are a pain but they prepare you for the final! He answers questiosn very well and is not afraid to call people out for talking really loud in his lectures! And no curve because his exam scores are so high, midterm averages are around 80%.",,,,,,,,,,
MATH241_525,MATH241,Kendall Williams,2026,2,"Whoever gave him 5 stars for 241 I kinda see their point in that he teaches to make sure you fully understand everything, BUT the way he goes about it makes it not worth it at all. He basically forgets that there is a way to both maximize student understanding and success, because he only goes for comprehension, while you suffer with the grade. The 43% average on the first exam reflects that, but it's okay because he curved it by 2% to a 45%!!. I agree that he was a good lecturer who spoke clearly and gave good advice while breaking down complex topics. However, his exams are extremely unfair because even while understanding the topics (not just straight memorization), the questions are STILL challenging. It honestly goes beyond calc 3 and tests how good you are at time management, plus crazy application (long word problems combining multiple subtopics) since exams only leave enough time for one to recognize how to do it at a first look and then complete it. Once you're stuck, you've got to move on and hope there's time at the end!! Even 4 minutes can be life changing cause on the final I finished with 26 seconds to spare. To study for his class, I skip the straightforward problems in the textbook and go straight to the application section because he will ALWAYS put problems in context and test your comprehension. If you like taking math to the next level out of interest for yourself, then I would see how you would kind of like him, but if you're just trying to survive, then please don't take him.",,,,,,,,,,
MATH246_360,MATH246,Stefan Doboszczak,2025,5,"Great lecturer, made topics easy to understand, exams were pretty easy (exam averages were B+/A- for all three midterms). No required work in discussion sections. There are 4 Matlab projects but the lowest score is dropped making it essentially 3 Matlab projects. Matlab projects are auto-graded instead of manually graded which I preferred but this did lead to a few frustrating moments with the autograder not working as expected (nothing that couldn't be sorted out by emailing Stefan ofc). Overall I'd recommend!",,,,,,,,,,
MATH310_068,MATH310,Sean Gruber,2025,5,"Dr. Gruber has basically every positive trait you want in a teacher. He's very approachable, has good notes, paces his class well, and grades sensibly (maybe even too leniently lol). Lectures are recorded, notes are posted, good study guides/practice problems are given, and he's just very pleasant to talk to in general. He really does care about all his students and how well they've learned the material. If Gruber is teaching a class you want, his section(s) should be your top choice without a second thought.",,,,,,,,,,
MATH401_102,MATH401,Vadim Kaloshin,2025,1,"DO NOT TAKE MATH401 with Vadim!!! He is extremely disorganized, makes exams unnecessarily difficult, and does not even follow the course topic. To recap, the madness of this course started when Vadim accidentally gave his practice exam as the actual exam for our second midterm. This happened because Vadim was absent for the exam, and incorrectly sent the sub the practice exam instead. You would think this was a huge help for all the students, except it was the complete opposite. This practice exam contained problems which involved heavy use of irrational numbers, which made questions designed to take 15 minutes, instead take 45. The first problem on the exam alone took 45 minutes (assuming you could even solve it), and this was only one of the ten questions on the exam. The following class, Vadim carried on with lecture, and did not even acknowledge any of what had happened in the previous class. Then, students complained about this at the end of the class, and no announcements followed. In the final class of the semester, we finally discovered with further questioning that the second midterm would not be part of our grade, and the final would be 50% of our course grade (yes, 50!!!). The final, of course, was obscenely difficult as well. Problems featured complex numbers, and, again, irrational numbers. No college student should be expected to be able to finish an exam like this in 2 hours. Once again, Vadim was not there to administer the exam, and had a sub do it instead. Additionally, Vadim did not properly announce to the class, that calculators were allowed. This meant that some of the class did not even get access to a calculator on the exam, when it was, of course, extremely helpful for the excessively difficult numbers on the exam. I would be impressed if even a third of the class was able to get through the entire exam. What makes this class so irritating, is that it had no reason to even be frustrating like this in the first place. Instead of covering applications of linear algebra (like the course title would suggest), the course was instead just a review of MATH240, except with painfully disgusting/tedious exam problems, which you don't get exposure to in class or homeworks. MATH240 somehow discussed more applications of linear algebra than this course. MATLAB was not even used one time in this class, and we spent the entire semester tediously row reducing, and finding determinants and eigenvectors. Vadim is WAY too disorganized to teach, and the students are the ones who pay the price for this. Even if the course title interests you and you're not afraid of a challenge, do not take this class, because you're not gonna learn anything whatsoever about applications linear algebra, and you're just gonna spend a whole semester tediously solving problems meant for a computer.",,,,,,,,,,
MATH403_038,MATH403,Amin Gholampour,2023,4,"Amin is overall a very strong teacher. He knows a lot about his content, and most of his explanations and proofs are not terrible to follow (they are hard because the course is hard, but he explains it well and makes it as easy to understand as a course like this possibly could be). He really likes when students give answers or ask questions, and I do think his enjoyment of the content makes the class more enjoyable. He is also super helpful in office hours - the homework gets super tough, but if you make an appointment with him he will clear up any questions you have. His grading structure placed a big emphasis on homework - which personally I liked, because it means your grade is far more dependent on the work you do consistently each week, and you can get help with it, instead of having your entire grade boil down to how well you do on a few timed exams. The grading structure with midterms and finals also ensures that if either your midterm average or your final exam score is high enough, the other will also be very high. So overall the class was hard, and he does fall into a classic college level math teacher pattern of talking at the board for the entire class, but I thought he was a good teacher with friendly policies.",,,,,,,,,,
MATH405_032,MATH405,Harry Tamvakis,2024,5,"Great guy. His lectures are well-structured, if fast, and he explains things clearly, going into great depth on each topic. Homeworks are challenging but manageable, and they push you to think deeper about the concepts. Exam averages tend to be low, but there are plenty of extra credit opportunities to help you boost your grade. He answers any questions you may have very thoroughly and doesn't make you feel stupid, and he's also willing to talk about concepts beyond the scope of the class if you're interested. It's clear he's extremely knowledgeable and passionate about what he does.",,,,,,,,,,
MATH406_047,MATH406,Dori Bejleri,2024,5,"Apparently, this was his first semester teaching 406. I wouldn't have guessed - we just go over proofs in class and he is pretty good at explaining everything going on. If you do zone out and stop following a proof, he usually goes over the important conclusions at the start of the next class anyway. We have homework posted every Friday due the next Friday and that's pretty much it except for exams. The homeworks are good practice for the exams and don't typically take too long. The two midterms were only four problems that were directly related to what we had covered in class and intuitive, especially because he will give a selected list of problems from the homework to study and solutions to them. He is always willing to give a hint in an email or in class if you are stuck on a problem on the homework too. I haven't been to office hours since I haven't had to but he's pretty chill in class. Assuming he doesn't suddenly get really mean, I thought he was awesome! Learned a lot of cool stuff and none of it was much pressure!",,,,,,,,,,
MATH410_111,MATH410,Panagiotis Dimakis,2025,5,"Panos is one of the best math professors I have had at UMD. He obviously cared so much more about us understanding the concepts of the class and enjoying the proofs than ""testing"" us. All of our exams were take home and we were able to work on homework in groups. I couldn't recommend him more for this class.",,,,,,,,,,
MATH411_044,MATH411,Matei Machedon,2024,3,"Teaching style is fine. Let his 2 favorite students go to the bathroom together during his final exam for about 10 minutes, so you'll probably have an A+ if he likes you.",,,,,,,,,,
PHYS121_061,PHYS121,Peter Shawhan,2025,1,"He not a good, not even decent professor. His lecture slides are mostly useless brining in concepts from engineering level courses that will not even show up on your exam. Eventually wasting your time. There is nothing to prepare you for the exams like old exams or practice questions besides the ones he picks from expert ta which are mostly too difficult for the course level. His curve is almost non existent for a class with exam averages that are F and D. Lecture is useless honestly since he just yaps and reads off formulas. Exam questions are weirdly worded and structured requiring you to have a proficient level of physics understanding. Quizzes are as bad as the exams. Home works take hours to complete even including knowledge we have not learned or relevant to the class. In general by any means avoid this man, even if you have to postpone the class a semester or so. He might be nice but hes not built to teach lower level of physics courses that only require basic algebra and understanding. People giving him 4 stars might be people that have previously taken physics so the class seemed easy but if I could I would give him 0 stars.",,,,,,,,,,
PHYS122_003,PHYS122,Ki-Yong Kim,2013,5,"Dr. Kim is a great professor! I don't know what these other reviews are talking about. Yes, he has an accent. So what? He does explain well, and he genuinely cares about how well his students do. He makes himself very accessible with multiple office hours and quick responses via email. He does the coolest demos ever! Sometimes I felt more like I was watching a magic show than sitting in physics lecture. I was actually excited to go to class, and I don't even like physics! Just go to class! He even made the class before every exam a review session and told us exactly what to study. If you go to class, pay attention, and do what he says you will do well.",,,,,,,,,,
PHYS131_052,PHYS131,David Buehrle,2025,3,"Skill level: Physics is the most difficult subject for me and I will never understand it. I genuinely did orgo practice problems as a break from studying for this class. The only reason why I probably didn’t get a 0 on the midterms was because my dried teardrops on the exams made the guy feel bad. As for Buehrle himself, he seemed like a pretty chill and nice guy, trying to engage the class as much as he could. The ExpertTA and TopHat homeworks do take a bit of time, so I wouldn’t wait until the very last minute to do them. I did learn a lot more from them than the lectures, which often made no sense to me. I would try to put in as much effort into getting a good grade on those homeworks as you can because they really boosted my grade. The midterms were awful for me and I often did below average, even with the (generous) curve he gives. Even after the first two exams I felt lost on how to study for this class. However, for the final, I would highly recommend doing all the homework problems as similar, if not the exact same, questions appeared on the exam. I would also practice a lot of estimation problems as every exam had them. In terms of the lab, having a good group can really impact how long you’re in the lab and the amount of work everyone has to put in. Most of the labs took 2-4 weeks, so I would recommend staying in the lab to finish as much of the report as you can the first week and doing the rest outside of class, so the next few weeks you only have to attend for like a minute to sign the attendance sheet (depending on how chill your TA is). My TA didn't require us to stay in lab to do the practice problems, so no one ever really did them, which meant we could start on lab and leave early. They also didn’t grade the reports harsh, but Buehrle does adjust if any of the TAs do.",,,,,,,,,,
PHYS132_017,PHYS132,Matt Severson,2023,4,"Cool guy but it's pretty obvious that he hates teaching this course. The best way to get to know him is to go to his office hours. He's a bit impatient and won't sugarcoat things when he explains concepts, but he knows what he's talking about. If you ask the right questions he can be very helpful. I personally highly recommend going to the TA office hours whenever you get the chance. They'll be more willing to hold your hand for a lot of these more complicated concepts and explain things in more intuitive ways (which I personally needed and I know a lot of students appreciated). While this course has a very generous curve and the assignments are a great buffer, the content itself can be very complicated depending on how well you want to understand it. Don't just brush off the content because it'll haunt you on the MCAT.",,,,,,,,,,
PHYS260_183,PHYS260,Michelle Girvan,2025,5,"Why are people hating on her. She's genuinely the best physics professor I've had in my entire life. Her exams were really fair and straightforward. I think if you put into the effort needed, you will have a good grade.",,,,,,,,,,
PHYS261_004,PHYS261,Min Ouyang,2010,3,"This lab is pretty decent. Once you get the experiment going, it's pretty easy to see how the concepts from 260 apply, so it is beneficial in terms of providing a real-world example. However, the technicalities of the course can be confusing--how to use the random equipment they have set up each week, how to enter difficult formulas into the excel spreadsheets, how to calculate errors, etc. Overall, not that bad, but the explanations need to be a bit clearer on some things.",,,,,,,,,,
PHYS270_072,PHYS270,Andris Skuja,2025,4,"you learn nothing and pass because the curve is so heavy, going to class is completely useless but nobody else learns anything so you somehow end up fine. If you want to actually learn, avoid If you don't care and just need to pass, TAKE HIM",,,,,,,,,,
PHYS371_010,PHYS371,Chandra Turpen,2023,5,"Chandra is a fantastic professor who really prioritizes student learning. The content is difficult, but the group problem solving sessions are super helpful and she provides exam and homework corrections which make learning the material more obtainable. Although I don't love that she only uses slides for lecture, they are helpful for review. Some combination of slides and working things out on the board would be even better.",,,,,,,,,,
PHYS401_002,PHYS401,Carter Hall,2010,5,"I've had Dr Hall twice now. I liked him the first time (phys272) and I loved him the second tie (phys401). He's a good lecturer. His notes were very well organized, which is something I find extremely helpful in understanding the material. He also would use the discussion time to go over the answers to the homework, which was amazingly helpful. The tests for 401 were take home, which made it more about what you actually understand and less about what you can remember in an hour. He has definitely been my favorite physics professor.",,,,,,,,,,
PHYS410_006,PHYS410,Zackaria Chacko,2010,5,"Chacko's grading scheme is pretty fair. If you attain maximum points on the homework (14 assignments worth 2 points each, maximum points to earn is 20), get the one homework question completely correct on the midterm, and both homework questions completely correct on the final, then you get a C. He makes it clear from the get-go that getting an A is not an easy task. That said, if you work hard on the homework, it'll probably carry over the midterm. I felt like I did terribly on the midterm, maybe getting a C but bracing for worse, but I ended up getting an A. He engages the students in questioning during lecture to keep them active in coming up with physical reasoning or making observations about physical systems that lead to the course content he wants to deliver. His examples, while right out of the book, were still very helpful and usually presented with much more clarity than in the text. I think I learned more in this class than any other physics class I've had up to this point (and there are still things I should go back to review!). (And don't get me wrong - while I worked hard and think I should go back and study even more, I'm not an exemplary student. When Chacko said we should be working extra problems from the text, even should be reading the text, and said we should be reading extra textbooks, I was mildly terrified that that was what was expected of me if I was to ever succeed in physics. I mean, when do I get the time to do all this stuff? I think if you have good attention to the physics of classical systems, and good intuition about how systems should behave, then you'll do fine.)",,,,,,,,,,
STAT100_218,STAT100,Archana Khurana,2025,5,"Khurana is a really great professor. Really helps her students succeed in the class. Class consists of homework assignments, in class activities, two exams and the final, and r coding assignments. Overall very easy. The R Assignments sometimes can be annoying to do, but they are pretty easy, and are also gone over in discussion. Khurana wants the best for her students, and that was evident throughout the class. If you’re going to take STAT100, and she is available, definitely take it with her.",,,,,,,,,,
STAT400_460,STAT400,Shixin Zheng,2025,4,"Not nearly as bad as the reviews here would suggest. Was admittedly a somewhat poor lecturer the first few weeks with convoluted examples, but definitely improved throughout the course of the semester. Homeworks also only have max 1 proof/theoretical question, the rest are mostly computational and not as hard as suggested. Honestly did not find exams 1 and 2 that hard, even with no prior Stats experience and moderate studying, going to class is key imo even people say otherwise. Zheng also listened to feedback, ended up curving midterms, and provided better material for exam 2. Overall not the best lecturer in the world and still makes things a little confusing at times but got better as the year went on and is an open and nice professor. Take everything else read here with a grain of salt",,,,,,,,,,
STAT401_071,STAT401,Fushuai Jiang,2025,5,"decent at explaining stuff, fair exams (median of 83/84 on the two midterms), final was a bit cooked (64% median), but he gave 5% extra credit to do some free summaries of some stat articles (literally 5% added to ur grade) and the cutoff for an A was a 90 so it's a pretty free class and i actually learned stuff cuz he's a decent lecturer. also uploads his slides and records lectures.",,,,,,,,,,
STAT410_103,STAT410,Kendall Williams,2025,1,"dont let this guy get tenure omg, he omitted so much integral material, no supports, no sigma algebras, straight into an oddly intuitive form of probability and had zero set theoretical background before delving into it.",,,,,,,,,,
STAT420_019,STAT420,Jonathan Fernandes,2024,5,"Very interesting and funny professor in class! I really enjoyed his jokes, and he made the content quite interesting. I do wish he spent a little less time working on STAT410 material in the beginning of the semester, but other than that, I don't really see many problems with this professor!",,,,,,,,,,
STAT430_034,STAT430,Christine Nickel,2024,3,"Nice professor who makes a good effort to be accessible. Cares a lot about attendance and paying attention in class, so she made attendance part of the grade, and also heavily weighted the midterm and final (30% of the grade for each). Exams tend to have a few questions that are designed to trip you up, and often also drill you on specifics which can be a bit unfair. Overall, this class becomes tougher than it really should be.",,,,,,,,,,
BSCI160_578,BSCI160,Leo Shapiro,2025,3,"Where do I even begin with Professor Shapiro? He is extremely disorganized and frantic when lecturing. It may seem like he is doing you a favor by posting his slides, but they are all pictures and like 100+ slides per class, which is ridiculous. You have to go to lecture to even have a chance to do well, but it doesn't help that much because he zooms through things extremely fast. If you email him with a question, he is very quick to respond and usually fixes errors in your favor, which is very appreciated, but the class was simply just a joke. His 3 homeworks were pointless, and the 2 associated quizzes were ridiculous, considering that if you got one question wrong, you already got a B. He was testing SimBio alternate assignments, and those were beyond stupid, frustrating, and simply just a waste of time. I felt like those hurt my grade more than anything and distracted you from what was actually important to him. His (3) exams are all very niche vocab and examples he mentions in lecture for .5 seconds, which is so ridiculous because he doesn't tell you that, and then you get the first exam and are like, well f*ck. He does allow a notecard for each exam and a 1 sided cheat-sheet for the final, so eventually you learn what he expects from you, but not after you tank the first exam. All around, as a person who was taking this for an easy NS credit, don't do it with him. None of the professors are great, but unless you are an ultimate try-hard or gifted in Bio, I haven't met a person who has done very well in this course.",,,,,,,,,,
BSCI161_015,BSCI161,Hans Lemke,2024,4,This review is more for the course than Hans. You likely won't see him throughout the semester and will only ever communicate with him if you're absent. The course content was easy and mostly just busy work but your general experience will also depend on the TA and group members.,,,,,,,,,,
BSCI170_300,BSCI170,Eric Haag,2025,2,"Nice guy, bad professor. His lectures are so incredibly boring and he explains concepts poorly and as if he is teaching a 300 level class. His tests have a lot of questions that are worded confusingly. He does drop your lowest of the 3 midterms. He gives a lot of ""free points"" which is about 30% of the grade but everything else is the exams. You'll need to read the textbook, watch lectures of other professors (which is linked on canvas), and study with friends to find any success in his class.",,,,,,,,,,
BSCI171_068,BSCI171,Swarna Mohan,2025,5,"I never actually met this person. For BSCI171 you are assigned a random TA, who will make or break your lab experience. Personally, I loved my TA she was awesome and so chill and made the class not as dreadful as I thought it was going to be. Hopefully you will get a laid back and easy-going TA who will grade easily. Swarna Mohan I believe is just the BSCI171 lab coordinator/director you will only email Mohan if you are going to have to be absent for lab and they will assign you a make-up assignment. Or, if something goes wrong during lab I suppose. I also found lab to be a lot easier than bio (BSCI170) itself. The labs can be quite long and tedious but thy are only once a week, so I recommend taking it early in the week (like Monday's) to get it over with for the week. Outside of class I had post & pre lab quizzes, and some other random assignments. We also had a group project making a digital poster/presentation with our lab group that we were assigned in class. At the end of the semester (typically the last day of lab) there is a lab practical which isn't too hard where you have to demonstrate everything you've learned infront of your TA. Overall this class isn't too bad you just kind of have to suck it up do the work and get it over with.",,,,,,,,,,
BSCI201_105,BSCI201,Justicia Opoku-Edusei,2025,1,I don't know why she has a 3-star rating; it should be like a 1. She's not aware of her class environment and just reads off lectures. She's basically getting paid to talk. DO NOT TAKE THIS DESPICABLE LADY WHO CAN'T TEACH UNLESS YOU WANT TO SUFFER.,,,,,,,,,,
BSCI202_019,BSCI202,Sara Lombardi,2023,4,"Dr. Lombardi is a really amazing professor, there is just so much content in this class that you really have to put in a ton of work - especially if it doesn't come as naturally (me sadly). She posts panopto recordings of the lectures that saved my life when studying and she explains things pretty well. I definitely suggest taking her over any other professor - just be prepared for pretty tough exams and definitely use crash courses + stuff to help!",,,,,,,,,,
BSCI207_202,BSCI207,Karen Carleton,2025,5,"Genuinely one of the nicest and sweetest people I've seen at UMD, and an alright class overall. There's a lot of information covered in BSCI207, and she doesn't expect you to memorize it all, mostly just the general knowledge and idea. You do get a cheat sheet for each exam, longer units having a double-sided sheet (handwritten). Once again, she really wants you to succeed, and you should pay attention to the GAEs and review them for the free response. Exams aren't exactly easy because of the sheer amount of content, but it's doable if you review. There's no curve or exam drop like I've seen happen before, but we had three exams, and the final unit was 50% of the final.",,,,,,,,,,
BSCI222_251,BSCI222,Jessica Mutz,2025,1,"Genuinely one of the worst professors I've ever had. Sometimes, the wording on her slides does not make sense to the point where I spend more time deciphering it than actually understanding the material. I've attended every single lecture, hoping that things would make sense to me if I went in person. Still, she literally reads off the slides and occasionally rephrases her points in different wording. Although the labs and her other assignments add as buffers to our grades, her exams are actually awful. I would honestly rather do an orgo2 exam than hers anytime. Almost everyone I know has either a C or a B in the class right now, and we don't know what to expect for her final at all because there's genuinely so much material she covers with very little time. Also, she doesn't curve so good luck with that.",,,,,,,,,,
BSCI223_080,BSCI223,John Buchner,2025,3,"Not the worst professor I've ever had, but I do agree with many of the other reviews. This class definitely had the heaviest workload of all my classes this semester, and not because it was hard. There was a lot of unnecessary busy work that didn't really deepen my understanding of the material or help me prepare for exams. The upside is that the PAKs are graded for completion and TAs tend to grade leniently on the lab assignments, so the busy work helps to pad your grade. In lab time, there are no assignments you have to complete and turn in for a grade, but some of your results or presentations might be needed for assignments you turn in later, so I'd recommend taking pictures of your results. We usually leave lab 30 min-1 hr early. Other than the exams, there are 2 other major grading assignments, which are part of the lab portion. These are the lab report and research poster presentation, both of which are really easy as long as you follow the rubric. Almost all the lab assignments are done as part of a group that gets chosen at the start of the semester, so make sure you pick your teammates wisely. I also disliked the flipped classroom format, where you watch recorded video lectures on your own time and do clicker questions in class. If I wanted to learn by staring at a screen, I'd have gone on YouTube instead of paying thousands in tuition. I'd recommend double speeding the videos. The clicker questions were graded on completion but most were kind of useless for the exam and we had to pay for PointSolutions. Besides clicker questions, the lectures consisted of talking about current scientific research or topics related to microbiology, like the 2025 US measles outbreak. These are nice to know but useless for the exams. I'd much prefer it if they were included in the additional reading section for those who are interested instead of presented during class time. Near the end of the semester, Dr. Buchner had a more traditional lecture style since we finished all the pre-recorded content. I took notes in these lectures, but a lot of it was him reading off of the slides. Dr. Buchner does record his in-person lectures but I've never watched them. Overall, lectures were useless for the exam, but I attended for the clicker points. There were 3 exams (2 midterms and a final), with the final worth the same amount of points as the midterms, but with more questions and cumulative. The exam content was all from the recorded video lectures (and traditional in-person lectures once those ran out) AND lab procedures. Studying the textbook was unnecessary. I wouldn't say the exams were unfair since all the content was covered in the class, but since Dr. Buchner didn't provide any study materials, many people didn't know what the exam format would be like. It was also his first semester doing an in-person exam instead of online, which may have contributed to the low averages. His exams include drawing diagrams, interpreting diagrams, short answer, some multiple choice, and logic questions (Ex: you have a procedure and you forget one of the steps; how does that affect the final results). If Dr. Buchner prints out a handout and goes over it in lecture, make sure to pay attention because it's going to be on the exam. Each exam has one free question thrown in, where you get points as long as you answer it sensibly. I studied for exams by rewatching the recorded video lectures, reading my notes, and looking over lab procedures. Dr. Buchner said he doesn't give out any previous exams, but that he won't stop students from sourcing them themselves. We couldn't do this since we were the first semester to have in-person exams with Dr. Buchner, but I would recommend finding previous in-person exams as study materials. Other notes: - I've heard that Dr. Tran had easier exams than Dr. Buchner. - Dr. Buchner seemed like a pretty chill guy when I talked to him. - If you've taken BSCI222, this class should be a breeze. - I don't think this class was harder than BSCI222, but it has more busy work. - I've heard that Dr. Buchner is lenient about extensions, as long as you email him before the assignment is due. - Dr. Buchner is strict about late work. - If Dr. Buchner provided practice exams and there wasn't so much busy work, this would be a free class. - I didn't learn as much about microbiology as I expected. If you're interested in microbiology as a subject, take BSCI283 instead.",,,,,,,,,,
BSCI330_157,BSCI330,Kenneth Frauwirth,2025,5,"Best prof ever, tries to make learning fun thru jokes. Only annoying part is clicker questions. He genuinely wants his students to succeed, and he doesn't change the exams from year to year. Get an old exam and you'll be fine. Will miss this class so much.",,,,,,,,,,
BSCI353_033,BSCI353,Melissa Caras,2023,5,"I may have to go against the grain here, but if you are taking this class with a lighter course load (that is, you are not taking it alongside MammPhys) and you are interested in pursuing neuroscience related research/internships, I would take it with Dr. Caras. This is typically not the case for many people, since this class is usually taken junior year and is a requirement for the Neurobio&Phys major. Although this class is difficult, you will definitely leave the class having understood the content at a much deeper level, relative to the other biology classes at UMD. Will your grade reflect it? Because of the sheer depth and memorization demands, you are bound to miss something while studying, so probably not. Compared to endocrinology and virology, which are both 400-level bio classes, this class was more difficult. It's not because the content itself is more difficult, it's that Dr. Caras requires that you understand these concepts mechanistically. Furthermore, this class is particularly difficult because the content you learn throughout the semester is compounding. If you don't really understand the electrochemical gradient (which is taught early on), the rest of the class is a struggle. Given that her class demands a lot more depth, here are the pros and cons of her teaching style: Pros: 1. Her slides have no ""fat"". There is no extra content, every single slide is important and fair game. In fact, if you think of her lecture/slides as a supplement for prereading and taking notes from the textbook, you will be in great shape. That's why this class is going to be difficult for someone taking a bunch of other classes. 2. She is generous with help on the graded in-class worksheets and regrade requests. 3. She is enthusiastic about the science (and about particular topics, which tend to show up on exams more). 4. Midterm averages increased through the semester (83, 84, 95 for Exams 1-3, respectively). 5. Slides are posted in advance. 6. Lots of extra credit (we had ~25 points of extra credit across the 4 exams). This must be a new addition to the course since other reviews said that she does not offer EC. Cons: 1. This semester she tended to finish her lectures early. This is sometimes good because then you have more time to ask questions; however, as other folks have mentioned here, that's 25-30 pages of content in about an hour of lecture. If you haven't done the reading (which happened to me several times), it's very difficult to keep up. I suppose that's why we have the pre-lecture textbook reading quizzes (which you could technically finish without having read the textbook, but then what's the point). 2. Final exam average was a ~75%. 3. No practice exams. You can try to compile the weekly worksheets to simulate a practice exam. The worksheets are quite similar to the practice exams, but about 25% easier. If you make comprehensive flash cards (mentioned below), you can bridge that knowledge gap and really master the content. 4. Slides that are posted are sometimes a little outdated (and the additional diagrams are helpful). 5. Readings can be quite long, a good idea would be to split them over 3 days. If you have Dr. Caras next semester, here are some tips: 1. How to take notes: 1) Type up notes when you pre-read the textbook chapter (before lecture). This takes time, but it is worth it. 2) During lecture, add to your notes the stuff that is in red on the slides and names of scientists. 3. Make an anki deck for that week's notes. 4. How to study for her exams in 2 days: 1) Review the slides 2) Complete your Anki cards 3) Do all the worksheets relevant to that exam (if it's the second midterm, do the weeks corresponding to that exam, since the midterms are not cumulative). 5. In addition to mastering concepts, memorize the examples! Examples tend to be the basis of her bonus questions.",,,,,,,,,,
BSCI410_109,BSCI410,Louisa Wu,2025,5,"BSCI410 served as a great introduction to a broad array of topics. A large focus of the class was on technologies/techniques that are actually used in the lab, which I personally found really helpful, although there were also lectures focusing on genetics within the context of specific domains. For instance, there were lectures on genetics in Developmental Biology and Immunology, which I thought was a great way to get exposure to these different fields of research. If you had trouble with BSCI222 and are concerned about taking 410 because of this, I would say not to worry too much. Despite how broad the content of the course is, Dr. Wu structures it very well and all of the tests were open note. This isn't to say they were easy -- but as long as you go to lecture, take notes, and ask questions about things you don't understand you will be fine. In regard to asking questions, Dr. Wu is one of the most approachable professors I've taken a course with at UMD. She was always able to help clarify points of confusion, whether you stick around after class to ask a question, go to office hours, or email her. I would highly recommend both this course, and Dr. Wu as a professor, if you're looking to deepen your knowledge on genetics, and get exposure to how it's applied across different fields of research.",,,,,,,,,,
CHEM131_525,CHEM131,Lee Friedman,2026,3,"Chemistry is hard. Dr. Friedman is hard. Just because he is hard doesn't mean he does not care. It can be intimidating, but go to office hours and ask questions. At the end of one of our meetings we were just talking and we got to the conversation on why he makes his exams so challenging. He told me that he wants to differentiate the students who memorize for the exam and the ones who try to understand the ins and outs. Imagine if he were to do a problem during lecture such as 2 + 2 = 4 and on that exam theres a question that is 2 + 2 = ?. From this he isn't able to determine which students know why 2 + 2 = 4 and which ones just memorized that 2 + 2 = 4. With that being said his tests takes problems that were done in class and flip them, turn them, does literally anything to them to make it not look like the original and wants you to figure out where to start (that's the hardest part). To combat this do practice problems. The first three weeks of this class I literally drove myself insane from doing textbook problems, please save yourself and don't even open the textbook. Instead go to GSS, ESPECIALLY Amy (if she is still a GSS for Friedman) she is literally a life saver. There are so many FREE opportunities for you to succeed in this class. Go to lecture (suck it up you'll probably have to wake up earlier if not the same time for your job post-grad), go to office hours (especially before an exam, I typically would complete a past exam of his and go over anything that confused me and asked for him to walk me through it), GO TO GSS. The final was rough because he didn't give much material to work with like any past final exams, but that's department rules. I honestly feel really prepared going into orgo compared to some of my other friends who took different professors and honestly I would take Friedman again.",,,,,,,,,,
CHEM132_076,CHEM132,Christiana Guest,2025,2,"The TAs are very nitpicky with grading post-labs, but you can definitely achieve a 100% on post-labs. I received many 100s across the post-labs by simply attending the TA office hours and asking my questions (plus you get another pair of eyes to look at your work). You have to make sure you have proper sig figs, proper graph titles, etc. Also, even if you get a good TA, they do not grade your labs lmao. That is probably the worst part about this class, it's meant to be fair since one TA might be really nice and show favoritism towards you, while a random TA will just grade normally. Post-labs do take a long time, they are very annoying. I feel like I didn't really learn anything from the lab because the lab was always ahead of my lecture. Thankfully, there is no practical; in lieu of this, you have the reflection quizzes. Reflection quizzes have 3 questions (usually), so if you get one wrong every time, your grade is sort of screwed. Just make sure to study the previous lab, including calculation stuff and conceptual stuff, because you will have to know those types of things to answer questions. My TA was incredible, though, so that's why Dr. Guest gets 2 stars. Overall, I did more work for this 1-credit class than my math class (4 credits). I think reflection quizzes, TAQs, and lab practicals need to be destroyed/eliminated/burned/combusted out of existence. I hope the chemistry department at this school gets better, although I am not sure this will ever happen, the department is garbage.",,,,,,,,,,
CHEM135_434,CHEM135,Alice Mignerey,2026,3,"Pros: - Matt (the TA) is amazing, super funny and great at explaining things conceptually - Curve is super strong, though its for a reason lol - ALEKS (the HW) are almost free 100s because you can redo a question three times with three attempts each, plus it has a thing where you can look at how similar questions are solved - Mignerey ends class early somewhat frequently, lowk whenever people start getting loud at the end she just gives up and ends class - She decided to cut a bunch of material that sucked ass for the final - She posts study guides with topics you should know or memorize for each exam, plus practice exams that are at least somewhat helpful - The first practice exam was almost exactly like the first exam - Discussion worksheets + GSS practice problems mean there is no shortage of practice if you need it - I never read the textbook and it worked out fine - You can trauma bond with other people in the class Cons: - She is terrible at explaining things because she just fucking doesnt - You will probably leave the lecture hall more confused about the topic than when you came in - She without fail spends the first 5 mins of every class having technology issues (ig that can be a pro too tho bc it means you can be 5 mins late lmao) - Everything past the first exam was hella hard/different than expected - She covers content soo fast, at some point you will be way ahead of the other Chem135 classes - Discussion will be pretty behind what is covered in lecture - You need to dedicate a lot of time and energy to this class if you want to do well bc its a lot of self studying, + ALEKS take for-fucking ever (especially bc if you're like me and start them knowing nothing about the topic, learning as you go takes a long time) - The curve is added at the very end (no individual exam is curved) so you will stress about what your true grade is for the whole semester Mignerey is definitely an awful professor in terms of teaching, but she can be bearable with the curve and the extra resources. Try to go to lectures (if you are super dedicated and can have your own schedule of teaching yourself do that, but going to lectures was my only way of forcing myself to stay on track with the topics), definitely go to discussions, and go the GSS's and its exam review sessions if you can. Between her and other profs, I've heard its different but not necessarily better (they teach better but curve less, and also might require more memorization)? If Mignerey is convenient then it can be doable. You gotta put blood sweat and tears into it, but that might just be a feature of the class atp.",,,,,,,,,,
CHEM136_002,CHEM136,Natalia White,2010,2,"You don't really get to see much of her as she only comes in to explain the concept behind the experiment you'll be performing for 10-15 minutes. For the most part, you'll see your TA for most of the lab. Lab reports tended to be between 6-8 pages long. Lab midterms weren't so bad, but you have to watch out for sig figs because there will be answers on the midterm that will essentially be the same. For example, it could be 29.05g, 29.051g, or 29.0510g.",,,,,,,,,,
CHEM231_424,CHEM231,Donald Hong,2025,5,"As someone who took Orgo 1 with Stocker and with Hong, I would say take Hong. I really liked his lectures, and his order of teaching the material made so much more sense compared to Stocker, imo. He gives homework thats worth completion (which is so helpful, stocker does not), and the exams are made up of problems that a 100% from discussion worksheets, homework sheets, and from practice exam packets. As long as you review homework and practice exams you'll do fine. As for lectures, he does go pretty speedy with the material, but as long as your phone is away and you actually lock in you'll be fine. This class is hard no matter which professor you have so just take the class with someone who makes the material understanding for you. As for his first time teaching this class he did great so I can only imagine his improvement for the future. This guy is also funny. I laugh a lot. Also if you've seen breaking bad you'll definitely have a fun time.",,,,,,,,,,
CHEM232_066,CHEM232,Debleena Chatterjee,2025,5,Debleena was so helpful always. It was clear she really cares about the well being of students. She tried to explain concepts in detail and would provide help with solving the worksheets and analyzing data in every lab during the pre-lab lecture. She also beautifully tied together the theory with the practical in the class. She never made students feel lost or unsupported. She was always there to help. She is one of the busiest TAs I have ever seen with her always being by the students' side throughout the experiment. She is easily one of the best TAs I have ever had. She made this difficult course a bit more manageable with her help. She was always responsive to emails and very helpful during her office hours. I was really lucky to have her as my TA.,,,,,,,,,,
CHEM241_257,CHEM241,Lyle Isaacs,2025,3,"Orgo 2 is not supposed to be an easy class, but Dr. Isaacs makes it quite insufferable and extremely more difficult than it needs to be. His lecture notes are an absolute mess, and he points out that anything in the textbook is all fair game for the exam. I found that reading the textbook chapters side-by-side with his lecture notes helped me really understand the material, and before each exam I would just make a huge list of all the useful reactions with their reagents and starting/ending product. It is true that you are teaching yourself this whole class. Trying to understand why each reaction happens was just impossible and inefficient for my brain. My biggest tip is to memorize all the reactions and prioritize learning only a few important mechanisms. It is kind of frustrating because on the exams (like reaction boxes and synthesis questions) there were specific reagents you had to know that gave you certain niche products, so you had to know every reaction. Overall, the curve is very generous considering his class average is around the 50s. I got an A in Orgo 1 and also managed getting an A in Orgo 2 with Isaacs (I had a 79%). I would begin reading the textbook and taking notes two weeks before the exam. Within the last week, I was doing his textbook recommended problems and old practice exams (these are super super helpful). If you put the work in, you are capable of scoring at least average based on pure memorization.",,,,,,,,,,
CHEM242_013,CHEM242,Lee Friedman,2023,5,"Success in this lab depends on your TA. They're horrible at grading. He dropped the midterm and final for this class and it was significantly easier than how bad it would have been with them. Labs were clearly organized and were pretty long but it's 3 hours a week so it wasn't that bad. Most of the orgo labs are really bad but this wasn't as hard as I expected. The post lab questions could be tough, though.",,,,,,,,,,
CHEM271_228,CHEM271,Bonnie Dixon,2025,2,"Her lectures make sense, but her homework is unrelated to the lecture material. You have to watch hours of online videos to find what she is asking for, and she changes the homework 2 days before it is due because there are always typos. I really enjoy chemistry, but she makes it difficult to actually learn chemistry, and focuses on solving unique problems that are relevant to her tests. There are office hour groupies that love her.... be warned if this is not you. The average on the exam was a 60. It was 10 pages long, and I believe most people didn't finish. The questions were not bad, but you were rushing the entire time.",,,,,,,,,,
CHEM272_042,CHEM272,Amanda Schech,2024,5,"Chem 272 is different than the other chem labs at umd, but not necessarily harder. Everything in this course is designed to help you. - There are extremely organized weekly lectures that walk you through your next experiment and tell you everything you need to know. I got out of lab early every week. - The lab reports are a bit long, but very doable. I set aside one day each week to do them and it took me no longer than 6 hours (I make a lot of mistakes and often have to go back and change my work). The questions walk you through what you should do, and you can always reference the lecture and supplemental videos. I think I only got below a 90% on one of them. - There are 2 exams, and this semester they each pertained to 1/2 of the semester. Yes, it is a bit dated to have exams in a lab, but they were not hard at all. Go to review sessions and you'll be fine. The cut-off for an A- this semester was 87.5% (maybe this will be adjusted, idk), and the class average was 89.9%. - There are tons of office hours, so go to them! - There are supplemental quizzes before each lab that are not mandatory. A lot of people will skip the questions and just submit them for the answers. I actually worked on each quiz and then checked my answers at the end. This helped me a lot with the pre-lab quizzes and the lab reports. I feel like other people robbed themselves of the practice. - There was a 24-hour grace period where you could submit each lab report up to 24 hours late with no penalty !! This lab was time-consuming but not hard, and I'm no chem genius either. Overall, it was an easy 2-credit gpa boost and I would gladly take it again. Also, I transferred here, so I only took the lab without the class. Do not listen to any reviews telling you that you should take the class to help with the lab. There is a reason that this lab has a lecture, and it is unnecessary to retake the class just to help with the lab. I'm living proof of that.",,,,,,,,,,
CMSC131_426,CMSC131,Pedram Sadeghian,2025,2,"Highkey a bum professor, his lectures are recorded but are very boring. This year he decided to change the curriculum, meaning that all his previous exams/quizzes were useless. This gave Pedram the chance to make them annoyingly hard, no matter how much you studied. If you know the material beforehand then you are fine, but if not then you might be in some trouble. This is known as one of the weed out classes, however no need for him to make his exams so much harder than what he did previous years.",,,,,,,,,,
CMSC132_477,CMSC132,Larry Herman,2025,2,"Solid lecturer but... Classes can be extremely boring, depending on the topic projects are extremely tedious, but VERY helpful for understanding the content worksheets force you to attend discussions (or just find a friend in an earlier one) Exams are fair except for multiple-choice questions, as their design is quite unfair and leads to you second-guessing yourself doesn't let you call him professor (this is kinda funny, I'll admit) All documents in Canvas are locked behind a password that is only accessible by downloading the document (on desktop) Final was tough, and getting a 100 is quite hard due to the aforementioned mcqs slow grader (most projects still haven't been graded) will yap A LOT TLDR: if you want to learn, take Herman, if you want an A, take Nora/whoever else is teaching",,,,,,,,,,
CMSC216_445,CMSC216,Larry Herman,2025,3,"He gives a lot of examples, but the multiple choice on his exams kill me lol. I think his one star ratings are wayyy too harsh. I didn’t study as much as I should have and that’s why I got a bad grade. GO TO DISCUSSION. Omg please the worksheets are helpful! Also, he goes into DETAIL for his project requirements. Read everything. My biggest issue with him was that I find his voice very easy to sleep to in lecture lol.",,,,,,,,,,
CMSC250_498,CMSC250,Fawzi Emad,2025,2,"The class is pretty easy as long as you pay attention in lecture. However, paying attention during lecture is difficult. Although his explanations were very good and he was a good lecturer, not having lecture videos made it really hard to fully grasp everything. I understand that he does not record lectures because he wants people to come to class but I feel like if he recorded his lecture, exam scores (especially exam 3) would have been much higher. He also does not post any practice exams which he says is because he does not want students to only memorize the exams instead of actually studying.",,,,,,,,,,
CMSC320_205,CMSC320,Maksym Morawski,2025,4,"Max is probably the most interesting lecturer that I’ve had within the CS department at UMD. As somebody with a chronic class-skipping problem, I found myself only missing one or two of his lectures. His exams are tougher than most, but the grade distribution balances out such that his class is very passable without doing well on them, and the vision behind his questions is one I can understand, as he is actively trying to teach his students applicable material to a professional job and not just formulaslop.",,,,,,,,,,
CMSC330_252,CMSC330,Cliff Bakalian,2025,4,"So you came here to decide whether you should take 330 with Cliff or Anwar. Well I'm here to tell you that you should just choose one that has a better schedule for you. In terms of course structure, the projects are the most demanding part of this course. Especially project 5 (you'll see it when you get there). I know this is said in every CS course review ever, but I cannot emphasize this enough when I say that you should start these projects THE DAY they are assigned. Now I will say there were some people who would start the projects with 2-3 days before due date (most people have other overlapping courses like 351) so they can be a bit constrained for time, but still would get it done somehow. However, like I said, the projects are the most important source of learning in the course. Rushing to do them just to pass the test cases is very counterproductive. Use the projects to master the concepts you learn in class (I did NOT do this, hypocrite much??Shh keep reading) and you will see that the exams and quizzes are SO much easier. Any sort of ""coding"" question you get in a quiz or exam is some permutation of a function you implemented for a relevant project. So if you're not a GPT warrior and actually implemented the functions by understanding what its asking for, those questions should be a breeze. I'll be the one to say it...OCaml is really not that bad to understand (cry about it yall just work with any code that isn't written like a pseudocode). The syntax is really trivial to grasp especially if you have worked with ""let"" expressions in JS. HOWEVER, the functional programming aspect of it is where it gets tricky. But once you have enough practice with the first two projects (really only the first project because it is designed to teach you how functional programming in OCaml works), you will spend less time worrying about the language itself rather implementing the necessary concepts into the projects. You will *lightly* go over Rust programming towards the last 20% of the course which is a much more traditional language, and is primarily used to teach concepts on type safety. All in all, it is very manageable. I'm still salty that I didn't perform up to my potential in this course because I felt like I really understood what was taught but sold on the exams because I'm a nervous wreck and tend to blank out during them. Use the practice they give you (exams and quizzes dating back to the days where CS wasn't a 40,863 student per class major) and redo them till you can recognize the type of questions on the exam and can get instantly started on solving them. Also, Friday discussions were not it because wtf but they're worth it if you need the additional practice and sometimes you have to go because they give quizzes (they'll tell you when they are so don't worry). So go to discussion. Or don't.",,,,,,,,,,
CMSC335_027,CMSC335,Nelson Padua-Perez,2024,2,"This class was chill but it’s pretty useless. It’s missing key elements that are useful in modern web development such as typescript, react, and relational databases. The class material is dated to like 2015 at best. Expected much more for the $$$ we are paying in tuition.",,,,,,,,,,
CMSC351_335,CMSC351,Justin Wyss-Gallifent,2025,5,Reviews Below are accurate. Amazing lecturer and an even better person to talk to during office hours. Has tons of wisdom and is always willing to lend a helping hand and is there for his students. Homework problems are harder than exams. Just wished I had studied more and probably would have gotten a better grade. Each exam has 1-2 curveball questions which makes sure you really understand the material. Make sure to understand material inside and out and understand pseudocode. Lectures are great but he doesn’t do hard examples. Practice exam material is fair.,,,,,,,,,,
CMSC411_039,CMSC411,Ilchul Yoon,2021,3,You do not need to attend his lectures. If you read the book you'll probably be fine. MAKE SURE TO WRITE SOMETHING REASONABLE DOWN FOR EVERY QUESTION ON HIS EXAMS. They are pretty generous with partial credit and will reward you for having some understanding of the material. Lectures were alright but I think the book was more useful. Class avg was like a 62 so just try to get around the average and you'll be fine.,,,,,,,,,,
CMSC414_072,CMSC414,Michael Marsh,2024,4,Definitely didn't learn much from his course as it's essentially just watching lecture videos. But it's a guaranteed A if you work for it. It's still a lot of work to get the A but you don't need to stress about it because you know what grade you're going to get.,,,,,,,,,,
CMSC417_042,CMSC417,Samrat Bhattacharjee,2024,2,"This class was unreal. I had read the reviews for this course and was a bit concerned, but I was interesting in learning about networks, and I was willing to put in the work, so I signed up for this class. But this class was way more insane than I thought it was. First off, the lectures. Bobby goes way too fast in lectures for me to really keep up. Additionally, lectures are not recorded, and no notes are posted. This was incredibly difficult for me, as I tend to understand the material much better when I study it on my own after lecture. But it's sometimes hard to take good notes when you're completely lost in class. Thankfully, there's an online CMSC417 review document you can find on Reddit that contains notes for all of the topics covered in the entire class. This was my only saving grace. The exams were incredibly difficult. He gave practice exams, which was good, but they had no answer key. Without an answer key, it's really hard to know if you're on the right track or not. Additionally, the coding questions on the exams were awful - there was always a catch to the problem, and if you didn't take it into account, you'd lose the vast majority of points. However, Bobby did curve each of the exams by 8%, which I really appreciated (exam averages were in the 60s, and they got curved to the 70s). Onto the projects. I felt like most of the projects were really interesting, and despite being an incredible amount of work, I gained a lot out of it. However, it is very difficult to fully complete the projects in time. The projects are also graded super harshly, as they expect that your implementation is 100% complete. Each individual test case is worth so many points that if you missed just a couple of edge cases, your project grade may only be around 75% at most. For most of the projects, the class average was in the 60s. Also, it's worth mentioning that doing these projects may come at the expense of your performance in other classes. At one point in the semester, I had to spend so much time on my 417 projects that I fell behind by an entire 2 weeks worth of content in another class. At the end of the semester, Bobby gave a massive curve. I ended up with around a 70%, and it got curved to a B (for reference, the class average was around a 74%). I wish I had at least known beforehand that there would be some sort of curve, as it would have saved me so much unnecessary stress. I have been so, so worried the past couple weeks that I wouldn't pass this class. But nonetheless, I'm so grateful for the curve. Overall, I would not recommend taking this course. Yes, I did gain useful knowledge, but I don't think it was worth the mental strain and torture I had to go through. It was less of a learning experience and more of just fighting for my life to survive. If you do decide to take this course, just try your best in the class. Do not worry about the grade - you may get some of the most awful project grades that you wouldn't have expected in your wildest dreams, but just know that it will be okay in the end. Try your best, and you will be fine. But just know it won't be a pretty experience.",,,,,,,,,,
CMSC420_187,CMSC420,Justin Wyss-Gallifent,2025,3,"Pros: - Justin is an amazing prof and he cares a lot about his students. I came in late once for an exam, and he let me take the next section with no penalty. - Notes are extremely organized and easy to follow. - The practice questions that he provides for the exams are very helpful. - One exam and one project are dropped, so you can skip one of each or use it for a bad score. - The data structures that we cover are really interesting, and Justin teaches it in an intuitive way. He always leaves time for students to ask questions, and prioritizes your learning. Cons: - 7 exams is brutal. I felt burnt out halfway through the semester, especially since these are full-length, ""Justin-esque"" exams. It may be because I'm done with the course now and outcome bias, but I feel like it's definitely doable if you make sure to have a set study schedule throughout the week leading up to the exam. However, I agree that 7 exams is wayy too much for any class, and hope that it's replaced with an alternative for future classes (we suffered so you don't have to). - Some of the projects can be quite difficult as well, just make sure to start the hard ones early (B Trees or EKD, depending on if you skip one)",,,,,,,,,,
CMSC421_071,CMSC421,William Regli,2024,4,"Decent professor and nice guy. The midterms were fair and the lectures were good. However, he completely delegated the job of designing projects and quizzes to the TAs, many of whom were quite frankly kind of incompetent at their job. As a result, prof. Regli usually couldn't answer questions about his own homework assignments because he was not the one creating them.",,,,,,,,,,
CMSC422_040,CMSC422,Mohammad Nayeem Teli,2025,4,"This is a review after taking the course in Summer 2026 (June 2 to July 25). It's an 8-week course assigning about 1 to 2 hours of content per day (excluding weekends, holidays, and days before exams). Content mainly consists of videos, with occasional interactive Python notebooks and PDFs of lecture notes. The videos are pre-recorded sessions of Teli switching between PowerPoint slides and an overhead view of him writing on paper. They walk through the math behind foundational machine learning algorithms, like computing entropy and information gain for decision trees or tracing partial derivatives for backpropagation. Grading breakdown: 25% homework, 25% projects, 25% midterm, 25% final. Homeworks are ELMS Canvas quizzes with no time limit, usually allowing 2 to 3 attempts. Answers unlock after the final submission. Projects involve working with notebooks to implement core logic behind classifiers, regressors, and neural nets, essentially building a basic Scikit-learn-like backend. The setup expects you to test code by running python.exe commands through a Conda environment, which can feel clunky compared to using a modern IDE. Some code may also need fixing due to outdated syntax or dependencies. It's generally easy to get 100% on all projects and homework, plus some optional extra credit on Project 3 that can add up to 1.25% to your final grade. As others have noted, most of the weight falls on the midterm and final. About half the practice exam content matched what appeared on the actual tests. The rest depends on your study coverage. Some 20- to 30-point questions may catch you off guard if you haven’t reviewed all concepts, algorithm traces, math derivations, or the optional textbook (ciml-v0_9-all). Overall, the course is structured and well-paced for 8 weeks. While some topics or variations are trimmed or glossed over due to time constraints, which the professor openly acknowledges, it’s clear he enjoys the material and puts in consistent effort to explain each concept in a way that builds understanding for the viewer.",,,,,,,,,,
CMSC424_084,CMSC424,Daniel Abadi,2024,5,"I agree that the other reviews have been too harsh. My impression of the class is that the workload is high, but you will learn a lot. I felt that the grading was lenient despite the high workload. The majority of the workload comes from the reading homeworks before each class. They are advertised to be 1.5 hours, but I regularly spent more than that on them. They are also not easy, and you can’t expect to get all the questions right. The clicker questions are similar to the reading homeworks, but they are more lenient since multiple answers can be correct. Unfortunately, I noticed that after doing the reading homeworks, the lectures were a bit stale since they mostly rehashed the content covered in the homeworks. The 4 projects have one of the most lenient late penalties I’ve ever seen, with 2.5% off per day late. Overall they were not too bad, comparable to the workload of CMSC420 projects. The last 2 projects were different since they used an established codebase. I spent a lot of time on those projects jumping around the codebase and trying to figure out what was going on. The exams were challenging and similar to the reading homeworks and clicker questions. The final exam was surprising compared to other finals in that there were almost no “gimmes” that I could answer quickly and move on. Instead of asking “do you remember this definition/formula/question”, most of them looked like “can you use the underlying concept and apply it to new situations”. For me the HW and clicker questions, along with the practice exams, were the best way to prepare. Because of that, I think you gotta lock in the entire semester, more so than other courses, to be able to digest and understand the questions at a reasonable pace. I don’t think cramming by reading through the slides and memorizing formulas would be very successful for these exams. Overall, I’d say this is one of the harder CS electives out there. The ceiling for workload is high in that there’s a lot of content and you can end up spending a lot of time on it. Even without reaching that ceiling, I think it’s possible to get a good grade with the curves.",,,,,,,,,,
CMSC426_046,CMSC426,John Aloimonos,2024,3,"Imagine for instance a professor who speaks like Dracula with the gravity of voice of an eldritch horror & Ms. Frizzle who out of sheer boredom has become an interdimensional salesman and a mad scientist while barely managing to hide his identity from his students in a twisted version of the magic school bus. Not sure how computers vision, but he hit us with some revelations like: ""Zyou are blind!!"" ""Animals don't have gps!"" ""What you see is an illusion! We think it is a imitation of reality! We have to! Bc seeing is believing."" ""Invact! All animals have a home!"" ""Look at the Amazing jumping spider with 8 eyes!!"" ""Have you ever seen a 4 dimensional space? No! It is impossible! But there are techniques to understanding..."" ""I am a self driving car. VRRRRR!"" ""All of a zudden there iz an elevant invfront of me. Zelf driving car doezn't know shit avout elevants!!"" ""The zeitgheist!! The spirit of the times! The zeitgheist always effects the way you think!!"" ""What does it feel like to be a bat?!?!"" ""But a bat! I have to concept of what these ultrasounds are like! So we can not know what it is like to be a bat!"" ""[Beez] are doing a number 8. THey do a dance like this (Proceeds to dance in a figure 8 for about a minute in utter silence). The NUmber is on a plain!! Never kill a bee, even it bites you!"" ""You must have seen this before. (Image of train tracks) ... She doesn't love me anymore. So you find this and you say that you stay here and wait."" ""What is this? A feris wheel you say? Have you ever been in one? It's very scary! You should be careful going on them. They are very dangerous! They are not well regulated. You could die ... so easily."" ""If light was going around and doing all sorts weird things would make computer vision very hard."" And he says these things in an almost threatening way (not actual threats), but when he says ""What does it feel like to be a bat?!?!"" it is not a question but rather a challenge that after he's done with you, you will either be unable to comprehend what it is like to be a bat or you will deeply regret your mortal folly after he makes you comprehend what it's like to be a bat. I hope that made sense, this class is more like a TV show than an actual lecture would recommend for funsies.",,,,,,,,,,
CMSC430_041,CMSC430,Anwar Mamat,2024,4,This may be the first semester he teach CMSC430 in 2024 Summer. The grading is good but the lecture have some problem. He spent too many time in the easy stuff and some core contents were omitted.,,,,,,,,,,
CMSC433_016,CMSC433,Liyi Li,2022,1,"If you think Kruskal was bad, this man is worse. There is no help in this class, and on top of that there are no online resources. The only way to pass is to bug the TAs for answers",,,,,,,,,,
CMSC434_030,CMSC434,Evan Golub,2024,3,"this is an EASY class. that being said, the topics are very important to know and the material is... alright. minus two huge stars because this is a group project class with some of the worst, poorly designed assignments. class material is extremely disorganized as a loose circle of long ass google docs. at least he releases a bunch of review questions before every exam which makes studying for them trivial. exams are kinda easy. YOU CANT BULLSHIT THEM, JUST GO OVER THE REVIEW QUESTIONS AND YOURE FINE. overall? good curriculum, decent lecturer, easy exams, and god awful yoon-tier project structure. the projects themselves are easy but figuring out what the fuck the project is is a harder task than the project itself",,,,,,,,,,
CMSC436_025,CMSC436,Herve Franceschi,2024,5,"good professor, fair quizzes and exams as long as you actually watch all the lectures. i took it in the summer so it was very fast paced. quizzes are pretty specific from the slides and lectures, so you have to pay attention. the practice quizzes help a bit though but don't rely on it because it wont be the same questions. exams are fair if you actually pay attention to the class. i didn't do that well because I started skipping the lectures and didn't watch recordings so my grade tanked. hard to do good by only reviewing practice exams, you actually need to learn the material.",,,,,,,,,,
CMSC451_066,CMSC451,Andrew Childs,2024,5,"I'm not gonna lie, I only showed up to a single lecture (the first one), the midterm, and the final so I can't give great insight into how great a lecturer Childs is. I will admit that his notes are very detailed and helped me through every assignment and concept taught in the course. I thought all of the 5 assignments (though time-consuming) were fair and TA's were readily available to help out to give good hints/insight on how to solve each question. As the rest of the recent reviews detail, the midterm was time-crunchy and difficult with a class average of 61%, while the final was much fairer with a class average of 72%. The class is curved at the very end so it is stressful not knowing what grade you have until basically the very end of the course. Overall, I am happy to have taken this course (with Childs specifically) and feel more prepared for technical interview-style questions I may face in the future.",,,,,,,,,,
CMSC456_044,CMSC456,Allan Yashinski,2024,5,Allan is very good at explaining difficult concepts in my opinion. He's also able to gauge when the class isn't getting something and will take the time to re-explain. Note that his version of CMSC456 is purely a math class and includes little to no coding/technology (only for demonstrations). Exams are challenging but fair and he records lectures and posts practice material. I actually ended up finding this class very interesting and I did not expect to going in.,,,,,,,,,,
DATA120_005,DATA120,Mohammad Nayeem Teli,2025,5,"Chill AF one credit Python class, but credit to him for putting together a lot of lectures and slides.",,,,,,,,,,
INST326_061,INST326,Gabriel Cruz,2025,4,"Professor Cruz isn't what everyone really says. For one, they say he doesn't respond to emails when he tells the class that his most preferred method of communication is Slack... I've seen him answer questions directly through slacks in an instant. Anyways, I came into this class also having prior programming skills in java. This class is going to be fast paced and up to you to learn a chuck of it. However, that is just the nature of coding anyways. Majority of people will use AI to help them which is why they aren't doing good. I also think auto graders are unit test made by the semester's TA's to also get them to be interactive in the course, so I don't personally have a problem with it. I think the in-person lectures are very useful and helpful and the modules online are only helpful to reference syntax, nothing more. People are mad because they have to put actual effort into a class (and I am an awful coder). No exams, quizzes were easy because the TA's did study sessions that directly reflect what is going to be on the quiz. Should be noted there was 2 quizzes only and are a smaller percentage on your grade in comparison to HW assignments. The one bad thing I want to say is that sometimes the TA's and Professor's communication to each other is kind of messy, I know life happens but if you just try to be in the loop and do your work, it will not be as bad as everyone says it is.",,,,,,,,,,
INST327_021,INST327,Pamela Duffy,2023,3,Professor Duffy is a pleasant lecturer. The class as a whole was a headache. The semester-long group project was very unpleasant.,,,,,,,,,,
MATH140_509,MATH140,Dong Quan Nguyen,2025,5,"I LOVE DONG QUAN. HE IS MY GOAT. The class in general is very easy. There is no homework to turn in, only worksheets to turn in at the end of discussions (your 3 lowest get dropped). Before every quiz (almost every thursday) and midterm (4 midterms), he goes over the kind of questions and examples that are VERY similar to the actual exam. The only thing you have to worry about is the final, just take notes during lecture. I bombed the final because I just focused on studying for chem, but thats on me, just manage your time during finals week if taking chem in the same semester.",,,,,,,,,,
MATH141_545,MATH141,David Pincus,2025,5,"LOVE LOVE LOVE Pincus. His exams/ quizzes are very fair and based on the HW he gives and practice. Since Calc 2 is a hard class in general, you need to put in hours of studying, but trust me, if you do that, you're chilling in his class. I bombed the final, but with Pincus' generosity, I was able to end with an A (if he put the final in, I would've had a B+). He genuinely cares about his students and will answer any questions you have. Other than the fact that his lectures lack explanation sometimes, and you have to self-learn concepts, he is a great professor, and I highly recommend him.",,,,,,,,,,
MATH240_365,MATH240,Wiseley Wong,2025,5,Honestly good professor and taught me what was needed to know. Obviously good at teaching and provided practice and you'll do fine. Take Wong for sure.,,,,,,,,,,
MATH241_524,MATH241,Junyan Zhao,2026,1,"Professor Zhao expects you to be as fast as him and understand him, and if you don't, he doesn't care. He made asking questions very difficult and always had a condescending tone when I would ask him anything. In order to survive in this, you're going to have to self-study a LOT and use Justin's videos; he was my savior. However, his midterms were relatively easy, as I always received A's on them, but he didn't prepare me for the final exam. The final was significantly harder, and despite all the practice tests you take, you will not be ready. Take this professor if you are intellectually capable of working at a rapid pace and are willing to self-study. His lectures always left me more confused, so using online resources was the best option for me.",,,,,,,,,,
MATH246_359,MATH246,Stefan Doboszczak,2025,4,"246 with Stefan is overall a pretty chill experience! There are some qualms I have with the way this course is structured overall, but Stefan is a great lecturer who's always willing to support you. Firstly, the way the course was weighted was 3 exams (40%), 1 Final (50%), and 10% for MATLAB. Frankly, the weighting for the final was slightly absurd, and even though the weightings are understandable given how Homework is weighted 10% often now in the MATH department, it's still rather annoying. There was a great deal of anxiety based on prior reviews about the final, given that Stefan's tests are generally quite easy, but overall, I thought the final was rather fair difficulty-wise, and not too much more difficult than his midterms (85% median for finals versus 90-95% medians for the midterm). The non-final tests are honestly rather easy, which is a relief. I unfortunately found the class... a bit disorganized overall though. One of the TA's for the course often gave information that turned out not to be true, and there always seemed to be a disconnect between the TA and Stefan's way of teaching, which could make things confusing when going into a discussion. One of the tests had an issue with a question on a topic that was not tested on, though luckily, this issue was resolved. I also often found the way Stefan thought to be a bit handwavy overall. This might be a bit of bias due to taking prior math classes, and partly because it is a 200-level class, but Stefan gives very brief and vague explanations of some topics. Even though they aren't often tested on, they can come off a bit strange. Stefan also does not record, though his notes are rather helpful. Really, though, most of these points are nitpicks, and Stefan is all in all a pretty great teacher.",,,,,,,,,,
MATH310_067,MATH310,Kathryn Truman,2025,5,"Kate is an amazing professor. Yes, she expects you to put in the work, but trust me it is Wirth it. If you plan on doing math, the absolutely take the course with her - she will ensure you truly understand everything. Her lectures are engaging and energetic and very interactive. Her HWs are long but they help a great deal. Exams can feel somewhat long, but I do think they are fair. If you ensure you know and understand all definitions, and truly internalise all concepts and ideas you will do well. Take this course with her! Remember to stay motivated, there is a learning curve and you will eventually do well if you continue putting in the effort. I got a C+ on my first exam but still ended up with an A because I was able to get better.",,,,,,,,,,
MATH401_101,MATH401,Panagiotis Dimakis,2025,1,"Found it impossible to learn anything, dont take this professor. He explains things in a very wonky way and exams were unrelated to anything we learned.",,,,,,,,,,
MATH403_037,MATH403,Christian Zickert,2023,1,"Homework is basically useless, like doing addition on a Calculus class you don't learn anything. Due to that exams feel random in the questions. His examples are weird and unintuitive, which doesn't help considering you don't really practice on them. Blazes through things and with his appalling writing if you take extensive notes the class is gonna be awful. Could probably be a good class if he gave relevant homework allowing you to understand what areas are lacking, what ideas are more important instead of making students wing it.",,,,,,,,,,
MATH405_031,MATH405,Adam Kanigowski,2024,5,"Amazing prof all around, took 401 with him at the same time and was really good with exams. The textbook choice was really good too (Lang).",,,,,,,,,,
MATH406_046,MATH406,Kendall Williams,2024,3,"Pros: - He has some rather fun and engaging lectures where he will ask plenty of questions and entertain any questions students have - Goes through several practice problems during lectures, usually done in groups with classmates - Gives study guides for exams with practice problems that are usually identical to those on the exam - Pretty good pace in lecture, writes everything out on the board, and willing to explain ideas - He is generally a nice guy and makes being in his class for lectures not insufferable Cons - Not mathematically rigorous, so if this is what you're looking for out of a 4XX class, don't take him - Requires proof-writing occasionally without giving structured expectations for such proofs - Honestly, doesn't seem to know the material very well; relies HEAVILY on the textbook - Occasionally made mistakes during lecture (related to the previous point) - Occasionally spent several lectures on unrelated (or generally unimportant) topics, which were testable nonetheless - Missed/Cancelled an unusually high number of classes; Otherwise seems uninterested in teaching this class Generally, he will make MATH406 easy for you if you give it enough effort–take notes, do the practice problems (in class and out), and look at the pre-exam study guides he gives–but if you are mathematically interested, do not take him because you will not learn enough or won't learn the material at a deep level. Ultimately, without all the nuance: he is a lecturer who will give you a good grade but is merely serviceable for actual learning.",,,,,,,,,,
MATH410_110,MATH410,Arka Adhikari,2025,3,"TL;DR: Solid at explaining things, exams were doable if you're willing to grind. Pros: - Solid at explaining things. Wouldn't rush through anything, and would explain concepts from a basic level; assumes you know nothing / very little about the subject material. - Homeworks AND EXAM QUESTIONS were straight from the textbook. Like all of them. LITERALLY ALL OF THEM. So if you're willing to grind and do every problem in the textbook for a given chapter (Maybe 15-20 proofs per chapter, 3-4 chapters per exam), then you would do good on the exams. Otherwise, the exams feel super difficult - Pretty much lectures 1:1 from the textbook, so even if u missed anything, you could just use the textbook to review Cons: - VERY VERY MONOTONE. i was falling asleep literally every lecture",,,,,,,,,,
MATH411_043,MATH411,Ricardo Nochetto,2024,3,"Professor Nochetto is not great, in fact I would generally recommend avoiding him, if possible, only since there are usually better teachers for the same courses. He is actually a bit nicer than he leads on: there were a few instances where he extended homework deadlines or gave extra points on exams due to a mistake of his own doing. However, a lot of his teaching is pretty bland, since it tends to come straight from the textbook (hence many students in my lecture didn't attend usually) and he may even leave you more confused than if you just scan through the book. Moreover, the homework problems are used DIRECTLY from the textbook, so yeah you'll need to purchase it for this class, with Nochetto. Overall, he wasn't great, considering I've had other, much better professors but he wasn't nearly as bad as many other ratings will have you believe. His exams, I thought, were generally pretty fair, other than the final which I found extremely difficult, and his homework didn't take too long usually—around 6-8 problems. Though I am saying this before final grades are published, it is likely he changes grade boundaries.",,,,,,,,,,
PHYS121_060,PHYS121,Peter Shawhan,2024,1,"Professor Shawhan’s class is complete bogus. Going to class is not helpful at all, as all he does is discuss theory and does demonstrations, which are not helpful in the slightest for the homework, and by extension the exams which are based on the homeworks. The labs are also atrocious, as the TAs get so far behind on grading the reports and are very cryptic in their expectations for them, and in grading them at the end of the semester (likely in a rush) it’s as if they did not read them at all. My TA for this course was the worst TA I’ve had throughout my college career. Overall, if you can teach yourself physics well, you’ll be fine, however this class is a PITA for no reason.",,,,,,,,,,
PHYS122_006,PHYS122,Edward Redish,2011,1,"DO NOT TAKE REDISH! He intentionality tries to trick students on his exams and is proud of it. He will often say, ""don't just memorize the equation or I will trick you on the exam and you will get it wrong."" This idea would not be bad if he actually taught the material correctly. Instead of doing any practice problems during class, he will ask a question and then just make it a clicker question. In phys121 I took a different teacher and got an A fairly easily, but this semester I am struggling to make a B. Additionally, on his homework he will include several non-physics questions that are usually very hard to figure out and will bring down your grade. Overall, this class is very weird and is not taught correctly for a student to succeed.",,,,,,,,,,
PHYS131_051,PHYS131,David Buehrle,2025,3,"This class is so boring but it's not hard to do good in it, even with minimal effort. You don't need to put that much work into studying or taking notes during lecture. Exams are curved which is nice and Buehrle seems like a nice guy.",,,,,,,,,,
PHYS132_016,PHYS132,Matt Severson,2023,5,"Exams are really easy if you study the practice problems and practice exam. Lectures are a bit hard to understand because it gets really boring but, he records them. The curve + opportunities to get a good grade in this class make it very easy to do well. Just do all the hw assignments and tophat questions.",,,,,,,,,,
PHYS260_182,PHYS260,Michelle Girvan,2025,5,Professor Girvan is a really good and caring professor. I personally enjoyed how much attention she pays to students and tries to help them to the best of her ability. I recommend reading the book before coming to class prepared and ready to do the practice problems she puts on the board. The class itself is very hard but the exams were graded very lightly.,,,,,,,,,,
PHYS261_003,PHYS261,Min Ouyang,2010,4,"The difficulty of this class really depends on your TA. My TA explained everything about the lab and answered any questions which arose. Once again, this class really depends on your TA.",,,,,,,,,,
PHYS270_071,PHYS270,Hailu Gebremariam,2025,4,"slow and explains everything well in lecture, home work can be challenging, gives you a cheat sheet for exams , exams are hard though, curve class at the end of the semester so most students pass, holds time after class for people with questions on homework/ lecture material.",,,,,,,,,,
PHYS371_009,PHYS371,Bei Lok Hu,2023,2,"Dr. Hu is a very difficult professor. He cares deeply about his students and wants them to succeed, but his teaching skills make it difficult for most students to do that. He is very approachable and kind and was willing to give extensions/move things around if necessary. However, his lectures consist mostly of him projecting his notes onto the board and speeding through them. Many derivations are left incomplete and topics barely explained. To succeed in his class, most students had to either entirely teach themselves or have prior experience in the topics. I would highly advise avoiding him if possible.",,,,,,,,,,
PHYS410_005,PHYS410,Peter Shawhan,2010,1,"Shawhan is a professor that I would recommend avoiding, especially if you are hoping to get an A in the class. While he does curve, it is not the most generous curve. He assigns a LOT of homework, and it is rather difficult to do it since he doesn't do a very good job presenting the material. He is a really nice guy though, and he will often give extensions on assignments if you simply ask for it. This does not make up for the fact that he is awful at presenting material, assigns a lot of homework, and writes very difficult exams because he does not do a good job of assessing the difficulty of his assignments.",,,,,,,,,,
STAT100_217,STAT100,Matthew Griffin,2025,4,"Solid professor, but cares way too much about his rules and spends a lot of time going over them like he is talking to a bunch of middle-schoolers. Still, he makes the class easy to pass and gives lots of practice problems and extra credit opportunities. Attendance is mandatory, which can be tough for a lecture, but if you pay attention, you do learn.",,,,,,,,,,
STAT400_459,STAT400,Hatice Sahinoglu,2025,4,"Hatice is a pretty good professor. She is not very responsive to emails, but if you walk up to her after class to ask her a question, she will give you good information-- for example, I missed one of the weekly quizzes and emailed her to see if I could retake it, and she did not respond, but when i asked her after class, she was very responsive and let me take the quiz late with no penalty. Her lectures can be a little dry, but they are very example heavy and give you a good grasp of studying. That said, she does speed through the actual content. All in all, if you are diligent about reading the textbook and pay attention to the practice problems she goes over in class, you should perform well in the class and come out with a good understanding of statistics.",,,,,,,,,,
STAT401_069,STAT401,Archana Khurana,2025,5,"Her lectures, assignments, and exams are always straightforward and fair. She always mentions what she looks for in your answers and is very clear and consistent in everything. She’s super helpful, sweet, and genuinely wants you to pass. pros: provides past exams that generally reflect the structure of the next exam, communicative, helpful and flexible, short easy quizzes and assignments that directly reflect what was learned in lecture cons: spends some time on formula proofs (which you don’t need to know), but this is a pro if you are someone who doesn’t just accept formulas “as they are” and want to learn more! also someone get her a bigger board to write on lol!!!!!!",,,,,,,,,,
STAT410_102,STAT410,Jonathan Fernandes,2025,5,"The class was taught at a pretty high level, he went through a ton of content ... if he were to do this again, perhaps he could skip the first couple weeks, and use that time to tie in concepts at the end ... the content on estimators was interesting, but there was not much time. Maybe a week lost in snow days might have affect his course plan. Anyway, good class. Also, don't trust his grade distribution for Stat410 here ... it is definitely not an easy A.",,,,,,,,,,
STAT420_018,STAT420,Jonathan Fernandes,2024,3,"Incredibly mediocre. I appreciate how flexible with the course structure he is (Live Zoom recordings is great) but man this guy cannot organize a class for his life. It is genuinely so painful taking STAT420 with him since every homework or R project had numerous errors on them that were fixed a day before the deadline. He also just does not keep his word on anything. For the last 7 weeks of the semester, he kept talking about how he was going to release quizzes and then just forgot to and never did. He also honestly doesn't seem that familiar with the material himself and as a result does not teach this material in a way that is easily understood. Almost everyone in the class genuinely had almost no idea what he was talking about towards the end of the semester. The saving grace for him is the fact that his exams are so ridiculously easy. If you can do the homework and devote time to memorizing the solutions before the exams you're pretty much guaranteed an A in this class. I would take Fernandes again if you don't really care about the material and just want an easy finish to your math degree. Otherwise, if you're looking to get an easy A, this is probably as easy as it gets for your 1-year sequence in your math degree.",,,,,,,,,,
STAT430_033,STAT430,Christine Nickel,2024,2,"Honestly, this professor is extremely overrated. Her classes are late, and she's very rigid when answering questions. Her slides are very unorganized in my opinion, and she downplays grading concerns by saying that an unfairly graded homework assignment won't change your grade or whatnot. Her exams are heavily weighted and are not the easiest, and memorization plays a big part. The instructions on the homework are also very poor, and she doesn't hold office hours. She answers questions very late through email, so it's hard to get in contact with her outside of class. I don't recommend this professor at all for this class. The only upside is she sometimes lets you out of class early.",,,,,,,,,,
BSCI160_576,BSCI160,Chloe Garfinkel,2025,5,"I really liked her. She’s very sweet and genuinely cares about her students. Just keep in mind that she does not curve or drop grades, so if you’re someone who depends on that, this may not be the prof for you. One great thing is that she posts all of her recorded lectures on Canvas, which is super helpful for reviewing. I don’t really understand some of the other reviews, I didn’t think her exams were unfair at all. Everything on the exams came directly from her lectures and slides. The first exam is long, but you get used to the format. The material itself isn’t very difficult, but there is a lot of content. She focuses more on conceptual understanding rather than pure memorization. I’d definitely recommend her",,,,,,,,,,
BSCI161_014,BSCI161,Hans Lemke,2023,4,"The course itself was an easy A, and the content was all pretty easy to learn. The syllabus was well written, and that was the extent of the student's contact with Hans. The rest of the course is TA ran, and as long as you have a decent TA you'll be fine. The one tip I will give is to make sure you create a good relationship with your lab partners, as you spend a lot of time with them and have a lot of collaborative work to do together.",,,,,,,,,,
BSCI170_299,BSCI170,Cordelia Weiss,2025,5,"Absolutely adore her. Leaving my first glowing review for a prof because this is literally the first semester of my entire two years here that I've had any professor as organized and helpful as her. Her class is very straightforward: weekly online quizzes (two lowest scored dropped), three midterms, and final. I strongly advise whoever has her section to GO TO EVERY SINGLE LECTURE, she has participation points which also make up around 30% of your grade, plus they're the most helpful for the midterms, don't be tempted to skip because her lectures are recorded on Panopto and posted on ELMS. Also strongly advise office hours; she will advise that her lecture slides are extremely clear on what she will be testing you for exam questions and main ideas/points. She doesn't ramble and I can makes sense of her during lecture and she will answer all your questions clearly as well.",,,,,,,,,,
BSCI171_067,BSCI171,Swarna Mohan,2025,3,"Your TA makes or breaks this course. Her rules are dumb and obnoxiously strict, but the content is easy. It's all luck if you have a good lab group and TA. Sorry, best of luck.",,,,,,,,,,
BSCI201_104,BSCI201,Caitlin Fox,2025,1,"Honestly is a terrible lab professor. The expected information needed for the lab practicals compared to the lecture is actually terrible. I aced all the lecture exams but am getting a C simply on how terribly structured the lab practicals are. She is also not the least bit understanding and states in the syllabus she will allow you to retake a lab quiz if you miss it once or remake the in class assignment no question asks, but became extremely passive aggressive when I emailed her about it.",,,,,,,,,,
BSCI202_018,BSCI202,Sara Lombardi,2023,5,"Overall, a very thoughtful lecturer. Each lecture includes a ""think-pair-share"" question that helps you consider the content in the scope of the real world. She has lecture assignments built into the class that help cushion your grade if you don't test well. Each exam has at least 1-2 extra credit questions which are also really nice. Super approachable, extremely kind, and accommodating. If I had anything negative to say, it would be that she has WAY too much faith in her students' math skills and doesn't allow calculators for some of her exams (luckily not too many math questions). I would definitely recommend, but be sure to go back and rewatch lectures because she puts some emphasis on very specific points that aren't always written on her slides.",,,,,,,,,,
BSCI207_201,BSCI207,Nicholas Fletcher,2025,5,"He is so kind and caring. His lectures may seem boring sometimes, but he explains the concepts thoroughly and makes sure that you understand and is open to questions during class. The exams are pretty straightforward despite being just a dense course on mostly facts. Make sure to know the concepts and examples given in class even if you do not know the itty bitty details. If you have questions, there are always office hours where he is open to helping you out. The other grades like the GAEs, concept checks, and homeworks (completion grades) are easy to score good points on if you just pay attention to the material provided, its also not too much work. The class is not curved, but if you just put good effort into the semester, and remember the facts (a lot of memorizing) you should be able to get a good grade overall. No",,,,,,,,,,
BSCI222_250,BSCI222,Jessica Mutz,2025,3,The best thing about her teaching was her organized canvas and that she provided all of the slides for every lecture. Tbh there was no point in going to class as she tended to word things in a way that made concepts even more confusing. She is not the worst professor you could take for this class but not the best either. ALSO be prepared for difficult exams.,,,,,,,,,,
BSCI223_079,BSCI223,John Buchner,2025,2,"Oh boy Spring 2025 BSCI223... going to talk about the course first: This class had the highest volume of work I have had in a class here yet. Probably 3-4 assignments per week, which is a lot, especially when some of them are lengthly writing assignments. Often, the assignments seemed like busy work as well. The discussion post series felt like a poor use of time, especially with the arbitrary word minimums. The element of using and discussing a research article could have easily just been incorporated into the final poster presentation, without four additional writing assignments. The PAKs are a bit tedious, but they are at least somewhat connected to course material. I really did not like the structure of the class but maybe I just don't get along with flipped classroom. There were a few hours of lecture videos to watch each week, 2 hours of ""lecture"" (going to the lecture hall to listen to Buchner talk about measles and answer clicker questions), plus 4 hours of lab, plus all of the assignments. BSCI223 is definitely a time suck no matter who the professor is. Lab was honestly pretty fun and we usually got out early. My lab group was chill and we had a good system for getting group assignments done on time. Shoutout my TA Anna, the legend! She was so kind and helpful and always answered everyone's questions. She also held long exam reviews on zoom. Now about Buchner... He isn't as bad as people are saying. I think the comments on his mental state are unfair. Microbiology IS related to the measles outbreak, because types of vaccines are a component of a lecture video and are on the syllabus. It's hard to talk about scientific research in microbiology without mentioning the current state of affairs in scientific research. You really cannot fault Buchner for providing current context. However, I will acknowledge that it took up more time of lecture than it really should have (i.e. mentioning it every day). Exams felt uneven. First one was hard and average was a 66. He gave zero prep materials for it, did not even say what topics would be on it. It included lab stuff which threw everyone off. I know we are in college and we don't need study guides anymore, but it caught everyone off guard. Second exam was better. The final though also had an average of 66. He said it would be cumulative but it really was not. No curve for the class. Essentially: exam 1 = biochem, exam 2 = genetics, exam 3 = immunology. Hopefully you've taken some of those classes and it might help. His ""lectures"" were sometimes related to the videos, sometimes not. Some were PAK reviews which I found a bit useless. I think this course would work MUCH better if he lectured during lecture, and we answered the clicker questions in a post lecture canvas quiz format. It feels a bit ridiculous to go to 2 hours of lecture just to sit there and do clickers. A moment that is burned into my memory is Buchner flipping out (literally screaming and menacingly walking towards) about an admitted student who came into the lecture hall and took a picture. He started screaming and going off about his intellectual property and how it was against copyright to take pictures of his lecture material. Miss girl I promise you no one wants pictures of your crappy clicker slides.",,,,,,,,,,
BSCI330_156,BSCI330,Kenneth Frauwirth,2025,5,"Super interesting and engaging class! Professor Frauwirth is the GOAT, made expectations for exams and content very clear and class expectations/exams were fair. He's very approachable and is very helpful during office hours. He will sometimes jump into caveats about non-relevant material but overall I felt I solidified a lot of my previous bio knowledge and was able to learn a lot more about specific diseases and innovations that made the content more relevant.",,,,,,,,,,
BSCI353_032,BSCI353,Chan Lin,2023,2,"I do not recommend Dr. Lin for neuro. His lectures were not engaging and he was very condescending towards students during class. I remember several times when a student asked a question and he basically laughed at them. The same thing would happen on exams where he would put a question regarding material we have never seen before and when I asked for clarification, I was told to read the question (which was very discouraging considering 1. I did read it and 2. how hard I had studied for that exam). I am disappointed overall because I had really looked forward to this class and did not have a good experience because of the professor specifically.",,,,,,,,,,
BSCI410_108,BSCI410,Louisa Wu,2025,1,"Yes, she is a nice teacher and very approachable if you have questions. NO, she is not a good lecturer and I swear you need to really understand the topics on your own and make effort outside the classroom to learn. I know that this class may sound easy with the open notes, dropped exam and extra credits but without putting in extra work, you'll probably end up with a B at best. Her notes weren't helpful at ALL with the exams and she really emphasized application based questions that are difficult since she doesn't teach very well. The only reason I got an A was because I studied a lot outside her lectures.",,,,,,,,,,
CHEM131_524,CHEM131,Amanda Schech,2025,5,"Dr. Schech was an amazing teacher! her tests were ALWAYS fair and it is easy to do well based on just her lectures and what she teaches you. if you go to class/watch her lecture recordings and listen intently, you will do just fine! she often tells you exactly what will be tested, even down to the specific question archetypes",,,,,,,,,,
CHEM132_075,CHEM132,Abby Melick,2025,5,"99% sure she's graduating, but in the off chance she ever comes back to UMD to teach or something, or even in the case that she searches her name randomly on here one day, I felt the need to write this review. Abby is the chillest, most helpful TA I've had by a long shot. She includes pre-lab and wrap up slides which essentially none of the other 132 TAs do, or so I've heard from friends in other sections (I send them the slides every week because they're so helpful when it comes to decoding the awful lab manual/instructions). If we have questions she's always available to answer them, and I'm genuinely sad that I'll have to deal with different TAs that are surely less understanding and chill. If you have her this spring (if she's still a TA) you got super lucky!",,,,,,,,,,
CHEM135_433,CHEM135,Samuel Lascio,2026,5,"Great lecturer who kept the hall of ~330 people engaged every lecture, but the class itself is so quick in its content. Some is easy, some is hard, and it really helps if you have taken AP Chemistry in high school, it's nearly identical with a little bit more content. You will need to study for every test, and pay attention very well in lecture; there is so much he talks about that doesn't end up on the lecture notes he posts. The homework is easy and an 80 free points, just do them and it's solid practice for midterms and the final. Overall good dude, but the class itself frustrates many people due to the amount of content and its difficulty. Great curve at the end as well.",,,,,,,,,,
CHEM231_423,CHEM231,Donald Hong,2025,4,"I can see how Dr. Hong's lectures may be hard to follow at times, but he seemed to improve as the semester went on. You will likely need to supplement with outside sources to understand some topics. He often moves quickly and also rambles during lecture. However, he is passionate about chemistry and teaches with enthusiasm. There are plenty of resources available on canvas, including supplemental notes, worksheets, and charts. His exams are quite fair in my opinion, because most of the problems were very similar to those on the homework/ discussion worksheets. Additionally, his final had problems of the same style of the midterm and one question was identical. Overall, Dr. Hong is a solid professor and it is very possible to succeed in his class.",,,,,,,,,,
CHEM232_065,CHEM232,Monique Koppel,2025,1,"Who's old, miserable, and unaware? You guessed it, Dr. Koppel!!! She refuses to acknowledge that things need to improve within her course. And coming from a TA the average for the first lab quiz was a 3.7/20.",,,,,,,,,,
CHEM241_256,CHEM241,Jeffery Davis,2025,4,"Davis's lectures could be a little disorganized, but he always posted annotated notes afterward. He was very easy to access by email and willing to accommodate for his lack of office hours (only once a week for a brief time). However, my grievance with this class would be that the only grades are exam grades. His exams are usually pretty fair; however, this semester, his exam averages were a little low. Primarily, this is a problem if you're a bad/anxious test-taker, because your performance on exams makes up the entirety of your grade. Davis is a very kind professor who does a good job at not making you feel bad for not understanding course content, but if you know you have a hard time taking tests, I would suggest exploring other options. Additionally, his course cut-offs are a little strange; for example, there was a 10% gap between what was an A- and what was an A, and a 12% gap between what was a C and what was a C+. Overall, he is definitely one of the best professors in the department, but it is important to take into account class style (and what makes up the grades) and finding what would work best for you as a student. I don't think the grades being made up of solely exams worked great for me, but it may be good for people who are good at self-studying and are looking to not do too much work outside of studying for the exams.",,,,,,,,,,
CHEM242_011,CHEM242,Lee Friedman,2022,3,"This 1 credit course may have taken up more of my time than lecture did. Labs always take ~2-3 hours (except for like the 2nd week of Grignard which takes about an hour) and lab reports took me about ~3 hours to complete (going to TA office hours, figuring out the answers, then writing them down). Then, I would probably spend another hour completing pre-lab stuff (watching videos, reading, pre-lab writeup, and pre-lab quiz). The midterm and final have obscure questions and the past exams he provides are not very helpful since there are always new types of questions that show up on the real one. However, that is the case with every lower-level CHEM lab. The practical was pretty fair except for the hard spec question. He loves putting spec everywhere including post-labs so knowing how to work with IR, NMR (HEAVY on NMR), and mass (not as prominent, but still shows up) is crucial if you want to do well in this class. I honestly enjoyed the experiments in 242 more than 232 and Friedman is VERY organized. He responds quickly to emails and has a very nice ELMS layout so it's really easy to find everything you need. The lab manual is also really well written. He also curves at the end of semester which really helped everyone's grades. Friedman definitely knows what he's doing which is why I'm giving him 3 stars, but this was one of the hardest classes I have ever gone through. Basically, I would never want to go through this class ever again. However, Friedman is a pretty decent lab coordinator. Good luck and always go to office hours!",,,,,,,,,,
CHEM271_227,CHEM271,Bonnie Dixon,2025,1,"I have never experienced such a disrespectful and emotionally unaware email from a professor. I had informed her numerous times that I was going to be out of class due to my a family emergency that had left me out of school for the entire month. She did not reply until a month later when I asked if I could attend the makeup exam. In this email, (which I had to send twice because she would still not answer me), I re-mentioned by current situation with my father. She gave me a 12 hour notice of the makeup exam when I had emailed her 5 days prior. I informed her I was not in town and she is making me drive in for the makeup. She has not said sorry a singular time. You would think if a 20 year old college students father is terminally ill, you would feel a little bad. Her emails did not include an introduction, full sentences, or a sign-off. They were filled with demands followed by periods. EXTREMELY disrespectful. I am very upset to feel not cared for in the slightest by a professor.",,,,,,,,,,
CHEM272_041,CHEM272,Amanda Schech,2024,4,"This lab wasn't my most favorite due to the assigned groups and the tedious lab reports. Make sure to sign up with friends you know, because that can increase the likelihood of getting someone responsible in your group. I generally felt like my group members slacked off and hoped someone else would carry them, which got pretty frustrating sometimes. Overall, Schech is a really nice person and decent lecturer, but she goes slow. I almost never went to her lecture section because she records and puts all of her notes online, which is a huge plus. Exams were fair, and honestly pretty simple. If you're taking this lab in conjunction with the lecture, I assure you that your lecture class will have much harder exams, so Schech's exams will feel pretty straightforward.",,,,,,,,,,
CMSC131_425,CMSC131,Tiffany Lu,2025,5,"The absolute best. Explains concepts very clearly and shows that she really cares about the students that she teaches during discussion. If I could could give her 6 stars I would, you will not find a better TA than her!",,,,,,,,,,
CMSC132_476,CMSC132,Larry Herman,2025,2,"Good for learning if you can manage to pay attention to his boring lectures. Very annoying policy with technology and will call you out if he sees it. Exams are fair if you are really paying attention, the mcq sections are annoying though. The weird locked pdfs is super annoying and there for seemingly no reason. If you pay attention and focus on learning everything you will be fine.",,,,,,,,,,
CMSC216_443,CMSC216,Larry Herman,2025,4,"as someone with 9 years of programming experience here are the pros and cons of larry the lecturer not professor: tldr: will you fail? only if you dont try your best pros: - practice exams cover most relevant material (enough to get an A) - he will actually give you all the material/instructions - he will repeat material that will be on a test multiple times in a row during lecture - all of the material is important (some people were falling asleep, this is the basics of computers, get used to it) - wont argue about ADS accommodations (just visit his office hours) cons: - annoying policies (not talking about attending class or electronics, that is normal. youre paying for the lecture hall, go to it??) - teaches some content only from you reading the textbook (only in 216) - slow at grading, not the TAs fault, hes just slow - wont let you email him (at least hes nice in office hours) - rambles a bit",,,,,,,,,,
CMSC250_497,CMSC250,Fawzi Emad,2025,2,"Did not like his teaching style. Old-school ""come to lectures"" method is annoying, especially with him not uploading answers to half of the lectures for the problems. Sign up for him only if you are ok with never seeing an answer key to practice problems.",,,,,,,,,,
CMSC320_204,CMSC320,Maksym Morawski,2025,5,"literally the best. if you want an easy a, don't take max. if you want to learn the concepts, take max. he's so nice and chill. exams grades are a little low but the hw counteracts that easily. take him!",,,,,,,,,,
CMSC330_251,CMSC330,Anwar Mamat,2025,3,"if you're trying to choose between anwar and cliff I wont lie there's not much of a difference whatsoever since they co teach. you can go to either lecture regardless of what u register for bc anwar got rid of his clicker quizzes. not sure about cliff but anwar doesn't use slides anymore to teach and personally it wasn't the best way for me to learn. exam 1 was pretty horrible for everyone, mean was around 65% or something but I'm sure they'll change it up for future semesters. the exams were pretty rough and the projects were hard because ocaml is really annoying but overall if you really lock in for the exams you should be ok since they give so much practice material.",,,,,,,,,,
CMSC335_026,CMSC335,Nelson Padua-Perez,2024,5,"Nelson is a good teacher and very funny. he cares about the content a lot. This class is very fun and very useful for getting started with JavaScript and web development. Would definitely recommend. That being said, exam 1 was kind of a mess because it was not like the sample exams even though he said it would be. The rest of the exams and projects were straightforward. Definitely take him and this class, just expect to put some work into it if you want an A.",,,,,,,,,,
CMSC351_334,CMSC351,Ting Jiang,2025,4,"Ting is genuinely a nice person and very lenient and flexible. Literally, she just gives you back points if you were able to explain your case against why you think you were right (even if it's not correct), she gives back some points to you anyways during office hours. Now, I will say she is definitely not the best lecturer in any form. I never ended up going to her lectures because she wasn't able to teach properly and just speaks jargon most of the time. What saved me in this course was Justin's Notes (God bless Justin). His notes were just mwah, it helped me understand all the concepts without going to any lectures at all, along with watching YT videos of the one and only, Abdul Bari (the goat). I did pretty decent on Ting's exams, and her exams felt pretty do able to me personally. What I found challenging in this course were the weekly online quizzes as some of the questions were actually wack and difficult to answer, and tanked my grade a bit from that. Additionally, I actually had around an A- initially before the final (including all grades except the final), but I kinda bombed the final, which by the way was 30% of my grade, which brought me down to a B. Overall the course is pretty do able and actually great with Ting. Just study well for the final, unlike me hahaha, and you will do well in the course!",,,,,,,,,,
CMSC411_038,CMSC411,Ilchul Yoon,2021,2,Pros: - Dr. Yoon is very nice person - Will answer your question in class... probably because only 10 other people came to class - The 1 programming had better documentation and public tests than most other projects I have seen in CMSC upper levels Cons: - The class is based around curving. It's more stressful than it has to be - Exams and quizzes are stupid long; you will not finish - Exams are only tangentially related to practice problems and homeworks - Lectures are hard to follow and go by too fast. Dr. Yoon has a hard time of gauging when the class doesn't understands a concept he is explaining and will abruptly move on - Asking questions about the homework on Piazza is met with vague answers Will you die if you take this class? No. Will it be more difficult than it has to be? Yes.,,,,,,,,,,
CMSC414_070,CMSC414,Michael Marsh,2024,4,"Because of the way he structures his course, I think you might learn more if you take a different professor. That being said, you could also learn a lot less and be far more stressed about it. Overall I think he's a decent teacher but this definitely felt like a much more conceptual course than a technical one (after the first few weeks, which were admittedly quite technical and a bit difficult).",,,,,,,,,,
CMSC417_041,CMSC417,Samrat Bhattacharjee,2024,5,"Hands down the best professor/class I've ever taken. If you want an easy class, steer VERY FAR AWAY. But if you're up for the challenge, and want to learn a LOT, then take this class. As stated before, projects are no joke. There are only 5 of them but they are extremely long and hard. The final project is also very hard. The tests are also very hard. Averages on tests were 60 and 70, and the projects average around 65. However, there is obviously a very hefty curve as not everyone just fails. Bobby is strict, but he is very passionate and extremely interesting. I'm excited to be registered for his grad course, CMSC 711 next semester!",,,,,,,,,,
CMSC420_185,CMSC420,Justin Wyss-Gallifent,2025,1,"The 7 midterm exam format made CMSC420 one of the most stressful classes I’ve taken in my academic career. Constantly studying for exams every other week has me incredibly burnt out and has started to affect my performance in other classes as well as my general well-being. Over Thanksgiving break, I had a mental breakdown and spent a good couple hours bawling my eyes out on the floor. This is the first time I’ve ever been pushed to this point and I’ve taken many difficult CS and Math classes before. I enjoyed the course content, and I’m sure in retrospect I will be glad to have taken this course, but I cannot in good conscience recommend ANY class taught be Justin Wyss-Gallifent if he continues to organize his classes like this.",,,,,,,,,,
CMSC421_070,CMSC421,William Regli,2024,1,"Overall concepts the course are great. Projects were quite difficult with very little documentation instructions and the not answering of questions in Piazza. Professor Regli thinks that his way is the best way in terms of teaching and making one think about the material so refuses to answer questions outright, instead giving open ended ""hints"" towards what the answer could be. Most of the time I got more confused than clarification. Something else that was crazy was that he released the answers to a homework and then removed it a week or two out of the final exam and refused to answer any questions about him removing it on Piazza and instead just said talk to TA and that was that. I tried going to his lectures but the way that he teaches was quite terrible and difficult not to be doing something else. Also the exams, while not being cumulative were still quite difficult because he did only multiple choice but that means no partial credit for anything, also for the final exam a little less than half of people(133/272) got a grade of 66% or lower, and he said that was good, we still have yet to see what the curve will be like in the course. Overall I think that the material itself was pretty cool and everything but the way that he would teach kinda sucked and was really difficult when trying to get a straightforward answer out of him.",,,,,,,,,,
CMSC422_039,CMSC422,Mohammad Nayeem Teli,2025,4,"I took 320 with Teli and I really hated it because he spent like over half of it talking about machine learning topics instead of like the fundamentals of data science, and didn't teach it well because he was kind of just rushing through everything. However, 422 is (obviously) a machine learning focused course, so this is really Teli's bread and butter and he was able to spend more time on each topic and I got a much better understanding of the topics than I did when he rushed through it in 320. He's actually a pretty solid lecturer and most of the time I was able to keep up. Towards the end of the semester when we started getting into more advanced topics, he started really losing me, but he didn't test much of that material on his exams. His exams were pretty easy, but it was kind of random what topics he chose to go really in depth on, and sometimes these were topics that he didn't emphasize much in class. He allows cheat sheets for the exams, which is really nice. The class also had a handful of online ELMS quizzes on more of the mathematical side of ML. We had three coding projects where most of the code was given to us and it was more of a guided exercise where you wrote pretty minimal code to ""complete"" it. They were really easy, but honestly I wished we had at least one project where we really got to play around with the cool machine learning things that we were learning, and I felt that there was a little too much stress on the conceptual and mathematical stuff rather than the actual implementation. The workload for this class was overall really light, which I did enjoy but I think there was room for more to enhance learning without making it too much. I think Teli is one of the better CMSC upper level professors, so I'd suggest him for any upper levels that he's teaching. He's not my favorite instructor and I have my qualms, but it was overall a good experience and I do think I learned a good bit that I'll be able to use in the future.",,,,,,,,,,
CMSC424_083,CMSC424,Daniel Abadi,2024,1,"Pros: - Great lectures and slides. - Projects 1 and 2 are easy and fun. Projects 3 and 4 are very hard as we have to add additional features to Berkeley's codebase, but they are very useful for real-life applications. Cons: - Required attendance through clicker questions. - Lectures are not recorded. - Does not post answers for the midterm + doesn't post the questions nor answers of the final after they are graded. - Flipped classroom (you have to read the textbook and take a quiz on readings of concepts we have never learned in class. These quizzes are quite difficult but only count for 5% of your grade). - Not enough practice questions for the midterm and final (the only practice material is the reading quizzes). - Really low curve. The midterm median grade was curved to ~83%, and the final grade to 72.7%. The final could have been curved more, considering it counted for 35% of your grade. No other curves other than midterm & final. My main problem with this class: The textbook readings are very time-intensive and difficult, with very little learning occurring. They were overall a massive waste of time. Professor Abadi should flip the ordering of the reading quizzes to be done after we cover those concepts in class. Also, the lectures were a big waste of time. I could have learned much more in less time if they were recorded so I could watch them at home at 2x speed and hit pause. Easy to zone out during lectures. Verdict: CMSC424 is a very useful class for software engineering. Definitely take the class. If you're stuck with Professor Abadi, you'll still learn the course content well, but you could probably optimize your time & grade better with another professor.",,,,,,,,,,
CMSC426_045,CMSC426,Mohammad Nayeem Teli,2024,2,"Knows his stuff, but terrible at gauging how to effectively communicate it. Plus some of the worst administrative manners I've ever seen. Barely shows any interest in communicating with students outside of classes, and when you do manage to get a conversation started, he's eager to trivialize/dismiss your concerns and get rid of you as quickly as possible.",,,,,,,,,,
CMSC430_040,CMSC430,David Van Horn,2024,2,"This was a bizarre course for me. It was the most interesting CS course I took my entire education here at UMD. But at the same time, the professor does not care. The TAs do not care. It's an uphill struggle all the way. Submitting a project even a minute late results in a complete 0, ridiculous for a project-based class. Van Horn effectively walls himself off from his students, never once responding to any email. He doesn't even hold regular office hours for God's sake, he wants you to schedule a meeting with him. Perhaps my personal failing but I would always zone out 20 minutes into lecture although some lectures were incredibly fascinating.",,,,,,,,,,
CMSC433_015,CMSC433,Anwar Mamat,2021,5,"Second class with Anwar and he's a great professor. His exams are pretty easy for the most part since he emphasizes more on projects (which I 100% agree with). The projects in the class range from extremely easy (Hadoop and MPI) to challenging (Akka), but they're all good skills to know. I didn't attend lecture live as he uploaded the recording, and he does fly through the material, but the slides and GitHub repository provide enough examples to help you understand the material.",,,,,,,,,,
CMSC434_029,CMSC434,Evan Golub,2024,1,"If I can save just one person—just one person from enduring this professor—then I have at least achieved something during my time in this class. I'm literally in class right now writing this review, and I'm telling you, if you want an A in this class, it's going to cost you either your sanity, morals, and most importantly, your time. The biggest portion of the class involves working on a group project, but be prepared to spend all your time on it, enduring the professor's critiques and constant demands for revisions. I built an aesthetic project, and that wasn't enough for him. When I asked him about the project rubric, he told me not to focus on making a good project. After I presented iteration after iteration, this professor proceeded to tell me why everything I did was wrong. I spent almost 40 hours on the project, and nothing I did was good enough. As for the exams, I studied extensively, yet I didn't perform well. The questions are straightforward, but your descriptions must be highly accurate to earn a decent grade. I'm taking CMSC430, and my grade in that class is almost 15% higher than in this one. This has truly been a terrible experience, and there are few people in my life I would wish this dreadful experience upon. Please avoid this professor. THIS IS NOT AN EASY A.",,,,,,,,,,
CMSC436_024,CMSC436,Herve Franceschi,2024,4,"Good teacher, explains well, and is pretty organized. But as for someone who's as experienced as he is in the CS world, sometimes it feels like he doesn't know how to use a computer... most recent example: he opened two edge windows but thought one of them disappeared because he couldn't find the page he was just on when he was on the other window. The projects were pretty fun and doable within the time frame if you start early (I started most of them late and still turned in on time). Quizzes were also fair and reflected what we learned. Definitely recommend taking it!!",,,,,,,,,,
CMSC451_065,CMSC451,Andrew Childs,2024,5,"Even though I didn't get the grade I wanted at the end of the semester, I'm still going to give Andrew five stars simply because, despite the super difficult nature of the content (and the notoriety surrounding the class itself), he is a great and arguably one of the most organized professors at UMD. He's super knowledgable about the content and he makes sure to spend a lot of time clarifying confusing parts and often takes time to see if there's any questions he can answer. He's also approachable and can be pretty accommodating for any circumstances that come up, though the class itself is pretty rigid in terms of due dates. He also records and posts lectures and makes his handwritten class notes available in case you can't come to class. Just to be clear, this class is DIFFICULT. If you struggled with proofs in 250 and 351 then this class will be hell, but it can be really useful if you want to think logically about designing mathematical solutions to problems and can help with tech interviews. Homeworks: - There are 5 homeworks (with the lowest dropped) each worth 10% for a total of 40%, - Each assignment comes with 5 questions, which usually follows the format of: here's this problem, given this input design an algorithm that gives some output, prove the algorithm is correct, and give its running time complexity. - He gives you two weeks between assignments, which you should take advantage of because on average each homework can take 8-12 hours. I personally take longer for assignments so I can say that I've spent up to 20 hours on some of the assignments. - The averages for the homeworks ranged from low 70s to high 80s. - Homework solutions are released right after 11:59, so there are no late submissions. You get about 3 days for regrade requests though. Exams: - 1 midterm worth 20%, and 1 final worth 40%. - Essentially they're shorter homeworks with slightly easier problems, but you're given so much less time to do them you really need optimize your time for figuring out a solution, writing the algorithm, and proving its correctness and running time. - They're open note (no electronics though) but you really don't have enough time to spend looking at how to write certain proofs, you gotta know your stuff going in. - The average for the midterm was a 60% and the final a 72%, and he gives a pretty generous curve at the end of the course. He didn't tell us the specific grade cutoffs for the end of the course, likely because students on Piazza were using the last semesters cutoffs to predict the cutoffs for this semester. Tips for success: - Even though the book is optional, definitely read the chapters he gives each week because not only do they give you an in depth explanation about the topics of the week, but it gives you general formulas for solving problems of a specific type which is SUPER useful for homeworks and the exams. Trust me, I hate doing class readings but these are pretty short and can really help you out. - Go to office hours, this definitely saved my grade because without it I would have dropped a few letter grades. Especially Aditya's office hours, he's TA'd the course multiple times and when he gets a crowd of people he goes through each of the problems and explains the context and starts a few approaches. - Start the homework early. I've had friends in this class who wait until the day its due and get to a point where they're starting some problems at 11:30. Some people can get away with this, but I wouldn't take any chances.",,,,,,,,,,
CMSC456_043,CMSC456,Allan Yashinski,2024,5,"Great guy, great lectures, fair homeworks, and fair exams. Extremely easy-to-follow course that covers the mathematical theory of key cryptographic concepts, and Yashinski is a cutie who delivers it all in an extremely absorbable format.",,,,,,,,,,
DATA120_002,DATA120,Mohammad Nayeem Teli,2023,4,"I have no idea about the prof. The class itself was quite easy, especially if you already know programming basics. Just some of the quizzes tend to be unclear/vague which made me lose 1-2 points here and there. But, pretty free A.",,,,,,,,,,
INST326_060,INST326,Gabriel Cruz,2025,1,"His lectures are absolutely pointless. He shows no passion or care for the subject. He has not responded to a single one of my emails. do not take this professor. his TA's are also not the most helpful, plus his autograders are incorrect and broken half the time.",,,,,,,,,,
INST327_020,INST327,Iskander Lou,2023,3,"Overall, this was a fair class. Be prepared to teach yourself mySQL to complete the assignments since you won't learn much from lectures. Labs are free points if you attend the discussion. Make sure to start the assignments (especially the parts of the semester-long group project early) so that you can ask for help.",,,,,,,,,,
MATH140_508,MATH140,Kendall Williams,2025,1,"Took him for calc 1 and I'm leaving a review now because bro came back to haunt me in calc 3. He was unfortunately course chair for calc 3 this semester which meant he got to put together the final exam which ended up tanking the A I had the whole semester (average was a 68%). He's not even a bad person or bad teacher by any means, his exams are just written as if he expects you to live and breathe the course you're taking with him. My calc 3 professor also had lecture right after Dr. Williams this semester, and I remember once as I walked into class his students were finishing a midterm and I saw someone sobbing as they walked out. Made me so happy I didn't have him again, he genuinely might be the math professor of doom and despair.",,,,,,,,,,
MATH141_543,MATH141,Jonathan Fernandes,2025,5,"Jonathan is a great professor. He records lectures and has zoom meetings if you just want to do the lecture from your bed. The discussions are really helpful and the TAs are amazing. One quiz a week and one worksheet per discussion, which we go over in discussion, so it should mostly be a free 100. quizzes are easy as TAs go over practice problems that are basically the same questions as the quiz right before. Exams are 6 questions each with some having part A and B. Exams are out of 105 with a 5 point buffer. They are pretty fair as long as you review, just make sure that you do, otherwise there will be a couple questions you get wrong and with only 6 questions, it counts for a lot of the grade. Curve is insane as the exams will be put out of 95 or 90 depending on the average and the final will replace your worst exam grade if it's better. worksheets and quizzes are also curved so the worst one is dropped. Unfortunately the final is not curved, but that's made up for with all the other curves. Overall really simple class, I didn't even go to lecture after the first couple weeks and just watched the parts I needed. Discussion is more important and more useful for worksheets and quizzes. Honestly, I learned more from discussion than from lecture. Make sure to make a study group with those in your lecture, they will be really helpful to study with.",,,,,,,,,,
MATH240_364,MATH240,Shin Song,2025,4,"Dr. Song's lectures were super engaging, and she always tried to explain topics clearly. Additionally, she was always willing to answer questions. Definitely recommend her to anyone taking MATH240.",,,,,,,,,,
MATH241_523,MATH241,Junyan Zhao,2026,2,"If anyone has had teachers with accents, then you know how hard it is to understand them. However, Junyan, while having an accent, is actually pretty good at explaining things. But, only if you specifically ask him to explain a concept more in class. Otherwise, his main style of lecture is going through material very quickly through class. He goes through a concept, puts up an example, explains the example very quickly, then moves on to the next concept. This makes it hard for people to keep up sometimes, especially as it gets harder into the theorems and stuff. He is a funny guy, but also seems to not care that much about his students. He said to me that he doesn't even make the exams or know what exactly is on them. It seems he's only here at UMD for research and got stuck teaching kids Calc 3. You will have to self-study A LOT to understand and do good on the exams. The exams are straightforward, problems are very doable, but you have to study on your own because Junyan will not be much help. There was also NO CURVE for our class. The policy was whoever got the highest overall grade, curve them up to 100, then everybody gets the same amount of points. So if the top grade was a 99, everybody else gets a +1% on their final grade. So if you averaged 70s on the exams, you're kinda cooked. Beware.",,,,,,,,,,
MATH246_358,MATH246,Margaret Doucette,2025,5,"One of the best professors in my opinion. I always sat in front and had zero complaints about the class. The lectures are thorough and have plenty of examples. She goes over things very slowly, and is very open to questions, and very good at answering them. She is also very good at explaining concepts and where they come from. For each class, she posts a lecture summary with plenty of extra resources should you need them. On top of that, she posts her own notes, which I found to be very useful. Overall, I think that she is a great professor, and if you want to take a class to really learn and understand the concepts, you won't regret taking it with her.",,,,,,,,,,
MATH310_066,MATH310,Kathryn Truman,2025,2,"Kate is a very nice professor who is very passionate during lectures and always has her door open for questions. Unfortunately, her bubbly personality does not make up for the horror that is this course. I would like to say that some saving graces are (1) reading quizzes and a reading calendar that ensure you read the textbook (which is necessary), (2) section outlines with proof outlines and definitions, (3) she will record every single lecture if you just ask, and (4) group works are free points and possibly the only helpful material for exams. My biggest problem with this course was the ""weekly"" homework that easily took me 12 hours a week to complete. The majority of my time this semester went into this one course, and I am just minoring in math. Most of the problems you can get stuck on with few resources on how to complete the proof (if this happens, go see her!). Also, only about 2 questions from the extremely lengthy homework were graded, so if you poured all that time into the homework and maybe didn't do a few questions, you could still end up with a miserably low grade. Although the homework felt like a huge waste of my time, I could always get feedback on my proofs, which helped with exams. Moving on, the exams are too dense to complete in the 50min class period, and the weekly quizzes were crammed into the end of lectures. There were no study guides for the exams, and the only study materials were group work and unassigned homework questions. Also, no curves for the exams that average at a high D (could be because most run out of time). Kate does an excellent job of explaining concepts, but proof-wise, the class mostly felt like copying down proofs. The best preparation is seeing her and having her talk through the proofs with you and the group work. I endured this course because I want to take MATH410, and apparently, this course is good preparation. I wish this course could be less brutal because understanding the concepts is okay enough, but the proof-writing is HARD. Since there is SO much packed into this course, I hope it is all necessary. I understand why some are rating so high, but personally, the teaching style and pacing ruined my experience. Basically, if you are really passionate about proof-writing and want to dedicate a large amount of time to it, go take this class with Kate. But, if you are the type to not go to office hours or start homework late, or you generally have poor time management, try to go for another professor.",,,,,,,,,,
MATH401_100,MATH401,Yaxiong Liu,2025,5,"The easiest 400 level course I've taken at UMD. The homework and exams were easy. He isn't a great lecturer, but the course is structured around Justin's notes, so just learn from it and watch Justin's videos.",,,,,,,,,,
MATH403_036,MATH403,Christian Zickert,2023,2,"Honest to god I think he is not a great professor. It's clear he's passionate, but he assumes you know the material and read the book before his lectures. It's frequent that he makes mistakes, it doesn't teach you everything in a reasonable manner, and he is very fast. If you're already knowledgeable, you will find his classes simple and you will find it easy to build rapport with him. In that sense, he might be the BEST professor to go for. On the other hand, if you are like me - dumb but wanting to learn - you'll struggle.",,,,,,,,,,
MATH405_030,MATH405,Shiferaw Berhanu,2024,2,"This was my first 400 level math class and it was a very harsh introduction to rigorous mathematical proofs. CMSC250 exempted me from MATH310, so take this review with grain of salt. Berhanu is clearly a passionate teacher which I appreciated, but following along in class was almost impossible for me. He zooms through the proofs insanely fast assuming students are following. The only time people were regularly asking questions were at the beginning of the course, and when they did Berhanu makes it seem like the answer is obvious and makes students feel stupid (atleast from my perspective). Our ~25 student class only asked MAYBE asked 1 or 2 questions per class. I was expecting a lot more student/prof interaction given the class size. The only way I was able to get through this class was through teaching myself the textbook, and I’ve heard Curtis’ Linear Algebra textbook is among the harder of undergraduate textbooks. The only positive I saw in taking his course were his midterms. The midterms felt very fair and on the easier side. However, the final felt completely different and was measurably harder than the midterms. I had an A- prior to the final and ended the course with a B. Overall the Prof is a good guy but I think his teaching style can definitely demean students sense of intelligence and turn them away from the course.",,,,,,,,,,
MATH406_045,MATH406,Harry Tamvakis,2023,5,"Professor Tamvakis is just wonderful. When it comes to teaching, he presents great lectures which 95% of the time provide all the information and formulation necessary to complete the exams. He offers outstanding help during office hours which is always useful in completing the homework, and he leads you through the entire process to the final answer rather than some other professors who are afraid of telling you if you answer is right or wrong. The homework is hard, of course, but I appreciate the difficulty because it can make the exams feel easy, which is great of course considering that the homework is only 20% of the final grade. When it comes to exams, he provides exam review problems and goes over most of the problems the class before the corresponding exam. The review problems are always harder than the exam problems so it truly prepares you for what will appear on the exam, in addition to the homework. And best of all, there is a curve AND there is extra credit on every exam and on most of the homework! Definitely would suggest taking MATH406 with Tamvakis as it is one of the hardest math classes you can take!",,,,,,,,,,
MATH410_109,MATH410,Clarke Safsten,2025,5,"Amazing professor, he's great at walking the class through complex proofs and explaining them intuitively. The exams are pretty reflective of what we covered in class, and the quizzes and homework sets are mostly grade boosters. It's still definitely a hard class, as to be expected from Math410, but Dr. Safsten's enthusiasm for the content made the class very exciting. It's obvious that he's very knowledgeable on the content, and was able to answer whatever question students threw at him, no matter how obscure.",,,,,,,,,,
MATH411_042,MATH411,Lei Chen,2024,4,"Pros: - Very willing to help you out in office hours, not as much over email. She might just say come to office hours. - Makes exam reviews and usually posts a video going over it. - SOME exams were like her exam reviews. The ones that were, were comprised of review sheet problems and/or homework problems and basically identical. Cons: - 1st midterm was NOT similar to the review! - Didn't post review video for the final exam review sheet even though multiple people asked and she only went over it on the very last class (which was 2 days before our final exam). - Lectures can be rough and disorganized. She will often ask US if something is correct. I often got lost in a proof of a big theorem because she didn't usually tell us where we were going and how we would get there. She is usually 3 minutes late. So reading the textbook was a MUST for me. - Her notation is not exactly the same as the Fitzpatrick textbook. - She was out of town probably for at least 4 or 5 classes, but she did post a video lecture. - At the beginning of the semester some homework assignments were posted late so we didn't have the full week to do it like we usually do. She also wanted us to turn in our homeworks in paper at first, but then she finally set up Canvas. - Didn't disclose grade cutoffs at the beginning of the semester and the cutoff for A+ ended up being 99! - Assumes some things are trivial in lecture so doesn't go over the whole proof, but often times it wasn't exactly trivial for me. Other info: - Weekly homework assignments come straight from the textbook, usually 6 problems/week. - When you study for her exams, prioritize the review sheet she makes and know the homework problems, but ALSO make sure you know all the other Theorem statements and definitions, etc. - Use Mean Value Theorem when in doubt lol! (Seriously.)",,,,,,,,,,
PHYS121_059,PHYS121,Peter Shawhan,2024,4,"I would lowkey get bored in lectures but he would always pull up the most random experiment related to lecture to lure us all back in. Tests are exactly like the homeworks but with some extra conceptual problems thrown in, but they are graded out of 50 points so 2 questions wrong are you're done. If you have taken MATH120 or MATH140 this will be similar in difficulty but yeah. He seems pretty nice as a professor and he did give us a slight bonus point booster on the first test. If you are not a science major and have to take this for any other major you're probably going to struggle not gonna lie.",,,,,,,,,,
PHYS122_007,PHYS122,Edward Redish,2010,5,I had him for both 121 and 122 and hes a great professor!! His techniques seem weird at first but once you get the concepts you'll always remember them. I'm studying for MCATS right now and I can tell you that all the concepts I learned in his class are of great help to me and the ones I didnt fully understand are coming back to haunt me,,,,,,,,,,
PHYS131_050,PHYS131,David Buehrle,2025,3,"For a physics class he's not too bad of a professor. He loves to talk though, like will repeat the same thing in three different ways before moving on. He also by the end of the semester just stops fully going through example problems and like just talks through his thought process. Can be beneficial if you learn that way, but personally not my fav. His homeworks are helpful and he genuinely wants you to learn, that's evident, and if you study enough by working through problems and solving them either on the homeworks or in the textbooks you'll be alright. Be prepared to do a lot of conceptual work, he likes to ask you estimation problems. He does a ton of clicker questions which are sometimes helpful, but paying attention in class really does help you get to know the info. Overall, pretty good professor, clear with his expectations and how to prepare for things.",,,,,,,,,,
PHYS132_015,PHYS132,Wolfgang Losert,2023,5,He’s a great professor! He made the class funny with his demos and tried his best to make all the hard concepts easy. I would definitely recommend him to everyone as he made physics fun.,,,,,,,,,,
PHYS260_181,PHYS260,Hailu Gebremariam,2025,2,"WOW his lectures will put you to sleep, for that reason alone not worth going. Otherwise exams are medium difficulty and based on homework/in class problems (he does upload his slides), so if you can self study stuff it's fine ig. Quizzes are straightforward, but the final this year was hilariously hard for some reason (it legit looked nothing like previous years, he gave us past finals to study). Otherwise he's pretty receptive to emails and even gave us points back on exam 1 on a problem that was ambiguously worded by mistake, but overall just not great professor for this subject. Find someone else and save yourself the headache",,,,,,,,,,
PHYS261_002,PHYS261,Min Ouyang,2010,3,Lab is very tedious and boring. Too much error analysis and not enough seeing actual applications of real world problems. The class depends on your TA.,,,,,,,,,,
PHYS270_070,PHYS270,Drew Baden,2025,3,"I started off the semester by going to Baden's lectures, but they progressively got more and more boring. I got through the class by doing the homework and learning from that. The exams were extremely difficult, as the averages were around 50-60%, but he curves the class so that the average ends up around an 85%. The structure of the course is also very strange, as we cover many topics that don't seem to relate to each other, which makes studying for the final very difficult. The one good thing I can say about Baden is that he applies the physics we learn to engineering, which makes the class somewhat interesting.",,,,,,,,,,
PHYS371_008,PHYS371,Bei Lok Hu,2022,5,Dr. Hu the GOAT! he is extremely passionate to teach physics. The exams and homework are very similar. Strongly recommend taking this course with him.,,,,,,,,,,
PHYS410_007,PHYS410,Zackaria Chacko,2009,4,"Thinking about taking 410 with Dr. Chacko? Here's what will probably happen to you if you're like most people in the class right now: -You'll spend a lot of time working some tough homework problems -As a result, you'll have gained a lot of knowledge which may be personally gratifying -Then you'll take his exam -After the exam you'll feel like an incompetent idiot who has not learned anything Dr. Chacko is very likeable, and more than anything I respect the man because he's undoubtedly a genius. His lectures mainly follow the book, but he also adds in tidbits here and there that I think will be very useful. And you can tell that he really cares about preparing students for graduate-level classes. What I didn't like is that there are only two exams (a midterm and a final) which together make up 90% of the grade. And the exams are hard! Knowing all the material extremely well will get you about half the points on an exam. Don't bother telling him his tests are hard either, because he'll just chuckle and say, ""I thought it was easy."" I expect there will be a curve, though. Overall, the class has been great, and who cares about the grade you get as long as you learn something, right?",,,,,,,,,,
STAT100_216,STAT100,Matthew Griffin,2025,4,"Professor Griffin makes the class super easy. During lectures, he gives practice questions and worksheet questions that are similar to test questions. Additionally, the tests are exactly like the published exams found in the ELMS modules. To prepare for tests, just go to the published exam review sessions as the GSS leaders will show you how to solve each question step by step. However, he has a strict attendance policy which can make unexpected absences difficult to manage since you have to provide documentation and make up in class activities in office hours. Overall, this was the easiest math class I ever took in my life and even easier than my math classes in High School. Just pay attention, go to GSS, master the Z table, hypothesis testing, and you will get an A!",,,,,,,,,,
STAT400_458,STAT400,Hatice Sahinoglu,2025,1,Sadly she doesn’t answer emails or help at all and her lectures are boring. Pretty bad teacher if you have another choice please choose them,,,,,,,,,,
STAT401_068,STAT401,Anurag Dey,2025,1,"He does not teach, so it's a waste of your tuition money to choose him (especially if you need this course as a prerequisite). He barely got past STAT400 content before he decided to stop lecturing and give us a ""group project"" to work on, which was just an excuse for him to skip the scheduled lecture time more than he already did. Have not gone to that class more than once a week since the middle of the semester.",,,,,,,,,,
STAT410_101,STAT410,Hatice Sahinoglu,2025,4,"Took two classes with her, MATH240 and STAT410. I personally don't understand why her reviews are so low. She's not a 5/5 professor in my opinion, but I feel she deserves higher than 2.67 (current average rating at time of writing). She teaches very by the book, which I found to be a plus since it allows me to take better notes, but some people will find that to be a negative. I personally found that I came away from these classes with solid foundations in the material, so she can't be a bad professor in my book. Definitely better in STAT410 versus MATH240, but it's to be expected that the experience is better with a smaller class. She made every effort to prepare us for midterms and finals. In summary: I feel these reviews criminally underrate her. Work hard and you'll do fine.",,,,,,,,,,
STAT420_017,STAT420,Jonathan Fernandes,2024,2,"Pros: 1) Lenient grading 2) Exam questions are mostly from homeworks and quizzes. 3) He's funny in lectures, and you can see that he's passionate about teaching. 4) Records lectures, and also hosts them live on Zoom. 5) Has lots of office hours. Cons: 1) If you can't do a problem on one homework, you're kinda screwed because he keeps asking you that for the rest of the course. So be sure to go to office hour and clarify it. 2) Extremely disorganized about uploading assignments. Made most of them due in the last few weeks which made it very stressful. Arrived late to class for most of the semester. 3) Speedran through some of the big topics of the course towards the end of the semester while spending a good chunk at the beginning reviewing Stat 410 material. 4)",,,,,,,,,,
STAT430_032,STAT430,Susan Mazzullo,2024,5,"A phenomenal professor. She is great at teaching us SAS, the assignments are clear, and the tests are fair. Take this course with her if you can.",,,,,,,,,,
BSCI160_575,BSCI160,Mary Ann Rankin,2025,1,"Honestly, if it was optional to give zero stars I would. This lady is a super sweet person, but she is a horrible professor. Her exams are extremely hard and rarely related to anything she ""taught"" in lecture. Questions are always so confusing and the answer choices are just as bad, for example she always has a ""two of the above"" or ""three of the above"" but doesn't explain which ones were correct after the exam is finished. She doesn't take any criticism on her exams after we've expressed multiple times that they are too difficult and don't relate in any way to the lectures she has. Point solution NEVER works, so we paid for a subscription to not only barely use it but it's also inaccurate so your grade gets negatively impacted by the end of the semester. The simbio she assigns sometimes takes hours to complete and she assigns multiple a week. She rambles during lecture never finishing her 100 and up slideshows and never puts anything she talks about on the exams. She is extremely unorganized. She did not provide a study guide for the final exam and when we asked how she would recommend we study she had no answer. The TA's were also horrible, they helped with nothing and ignored us most of the time when we asked for advice and help. Going to lecture is pointless because you have to teach yourself everything anyway. When we did have a quiz or exam she allowed us to have bring a note card, but bringing it was pointless because everything we studied was NEVER on the exam. If you value good mental health and happiness do not take this class. SAVE YOURSELF THE TIME, ENERGY, AND HAPPINESS. RUN DON'T WALKKK!!!",,,,,,,,,,
BSCI161_013,BSCI161,Hans Lemke,2023,4,Hans is just the coordinator so you never see him and the TA leads and teaches the class. (which is normal for labs) But you just kinda have to get through the labs and its a lotttttt of busy work. Not necessarily hard but its just long and boring. Kinda fun if you're with friends tho.,,,,,,,,,,
BSCI170_298,BSCI170,Eric Haag,2025,1,"Do not take bio with this professor. Way too much info on his slides and the exams are extremely difficult. Unless you are extremely passionate and have background in biology AND chemistry, do not take this professor. Does not curve. Final exam heavily weighted. Nearly half of my class (150+) dropped throughout and near the end tons of people were close to failing and will because of the final unless you have an A or high B.",,,,,,,,,,
BSCI171_066,BSCI171,Swarna Mohan,2025,2,"Mohan is very unforgiving and cold. Do not even bother going to her for any help, as she will make you feel small and dismiss any concerns you have. She grades harshly, and asking her for regrades will most likely be unsuccessful. The practical was easy, but she took off 15 out of the 40 points because of units, so make sure to remember them. The class is overall simple, and the TAs are fine.",,,,,,,,,,
BSCI201_103,BSCI201,Caitlin Fox,2025,2,"The main issue I have with this class is the RIDICULOUS amount of knowledge you need to know for each of the lab practicals. In the span of about two weeks, it is expected of you to learn intricate details, most of which you don't even get tested on. At the same time, the allotted 2 hours and 50 minutes is way too long for the ""lab,"" where its just the TA reading off the slides and dumping too much information all at once. This class requires way more memorization than what's actually tested. For example, she expects you to learn over 100 bone markings and over 60 muscles (which you also have to memorize the origin, insertion, and the action for) to answer a total of 25 questions. I also didn't like how the exams were structured, where there were stations with a piece of paper to answer for the most part. Throughout that test, I kept thinking how I could have easily utilized the time better by reviewing other questions and/or moving ahead to the more difficult questions. This ""lab"" felt more like a glorified lecture with another set of exams rather than applying concepts learned in class to a real-life model. I like BSCI 201 overall, but this ""lab"" kills the fun of this class.",,,,,,,,,,
BSCI202_017,BSCI202,Tammatha O'Brien,2023,5,"I absolutely love this class and Dr. O'Brien does an amazing job at explaining the hard concepts. While there is a lot of information to memorize, it is Anatomy 2 so what else can you expect? I'm not sure why a lot of the reviews say she is rude, if you go to her office hours she is extremely helpful and easy to talk to. She gives many opportunities for extra credit and you can get one every class just by answering questions which she asks a lot of (you do not have to answer correctly). She drops some of the assignments at the end of the semester which raises your grade. The only thing is this class is at 8 am, so be sure to be prepared for that.",,,,,,,,,,
BSCI207_200,BSCI207,Karen Carleton,2025,3,"Dr. Karen was nice and helpful, but I'm not gonna lie this was one of my least favorite classes (and I usually love biology). The lectures were long (usually 60 slides) and the things on the slide were different from what she was saying (so you have to pay attention to both). Halfway through the semester, I stopped attending because she records the lectures and I just started watching those. DO NOT take notes from scratch, it is wayy too much work. Highly recommend using an ipad and importing the slides into a notetaking app like goodnotes for annotations. She doesn't give any practice tests or extra material for the test, but she does allow a cheat sheet. It is a good way to study because you can condense and organize all the material. If you write small and highlight, you can get a lot out of the cheat sheet. The tests were a lot easier than I thought as long as you spend the time studying before. The material tho was very much memorization based and all the units felt very disconnected, which made it harder to study for the final. Overall, a very heavy class but you should be able to manage if you are willing to put a lot of work in.",,,,,,,,,,
BSCI222_249,BSCI222,Thomas Kocher,2025,1,"Honestly, it's not going to be like any bio you have ever taken. 7 questions, all free response, worth 200 points. No MC, nothing. He's a little less bad than our other option, but I genuinely would avoid him. It is by the grace of God I am going to pass this class, it is worth finding Jesus because this class will give you no hope!!!! God is truly the only hope carrying me through this class.",,,,,,,,,,
BSCI223_078,BSCI223,John Buchner,2025,3,"This class was more challenging than I anticipated, no doubt about it. Still, I think a lot of the super low reviews are from people who didn't put in the necessary time for this class or people who don't know how to adapt to a different classroom style and got a nasty awakening. Yes the flipped classroom model sucks, lectures always felt disorganized because it was literally just clicker questions, but that just means this class is more of a self-study type which isn't SO unusual in college. I wouldn't say the exams were necessarily brutal, yes, they were riddled with small typos/mistakes, but a lot of it boiled down to whether or not you could apply the knowledge learned from lab and lecture. The lab aspect of this class really helps to buffer your grade, while there's a lot of busy work, the small 10, 15, 20 point assignments add up and help you out in the end. I didn't do great on the first exam (low C), did slightly above average on the second exam (high B) and final (low B), but was still able to end up with an A- due to lab assignments. It's really important to have at least a basic understanding of lab tests and experiments, since they make up at least 20-30% of exams, but my TA always provided lab slides, and the protocols are all posted on ELMS. It also helps if your lab group is competent. I got lucky and we were able to divide work evenly, so no one ended up completing the entirety of an assignment on their own...but I heard some horror stories from friends in other sections. My TA was a godsend, and Dr. Buchner's TAs are half the reason why I decided to give him three stars. Along with checking in with groups during labs, she was always willing to stay after lab if we ended early to answer questions, was a quick grader, and responded quickly to emails. This may be more of a Dr. Buchner thing, since he was also understanding with extensions, but my TA was super lenient on late submissions, even for major assignments, and would help walk me through the rubric if me or my group mates were confused. The one thing that was kind of frustrating was that none of the TAs had a good understanding of what exams were going to be like, since this was Dr. Buchner's first semester lecturing since exams were switched back to paper. I think future semesters will be better since the TAs will have more exposure to the in-person exams, but the exam blindness, especially going into Exam I, was extremely stressful. I think it's insanely unfair for people to make comments on Dr. Buchner's mental state. While this class was disorganized at times, like him forgetting to print at least 30 final exams, he is understanding if he sees that you're making an effort in the class. Not my favorite professor of all time, but he's not a demonic, hellish tyrant. If you put in the effort and have a good TA and lab group, you'll do fine.",,,,,,,,,,
BSCI330_155,BSCI330,Kenneth Frauwirth,2025,5,"This class was very interesting. Prof. F does a really good job lecturing and keeping everything clean and captivating. He will explicitly tell you what will and will not be on the exams, and the general format of the class was very well put together. highly recommend.",,,,,,,,,,
BSCI353_031,BSCI353,Chan Lin,2023,4,"• content is kinda difficult, especially if you're taking it before mamphys and never properly understood neuro stuff • don't slack off bc it's not an easy class to finesse • he's sweet tho (and fair-ish)",,,,,,,,,,
BSCI410_107,BSCI410,Louisa Wu,2025,5,"Dr. Wu is one of the most supportive and genuinely caring professors I’ve had at UMD. From the start of BSCI410, she has been approachable, responsive via email, and always available on Piazza to discuss questions or concerns. Her lectures are well-structured with clear diagrams and speaker notes, and the availability of recorded lectures with subtitles made reviewing material much easier. She also is just a cool person to talk to and get to know more about. By no means was this course easy, but putting in the time definitely pays off. She's definitely considerate when it comes to exams and grades - she gave lots of projects to bring up grades and extra credit opportunities. If you want to learn more about molecular genetics, I would recommend taking this class. Exams are open note but don't help that much so its much better just to learn from the Ta's and understand it yourself.",,,,,,,,,,
CHEM131_523,CHEM131,Lee Friedman,2025,1,"If there is any review you listen to, let it be this one. If there is ANY possible other professor you can take, I URGE you, BEG you to take any other option. Dr. Friedman is rude and runs through topics as if you have already learned them in depth. Yes, you should be expected to have a simple understanding of chemistry and remember things from high school, but the amount that I had to learn on my own was honestly diabolical. I spent probably over 10 hours a week on CHEM 131 (not including lab), simply by attending lectures, going to GSS twice a week, and going to office hours and discussions, doing the homework, and teaching myself. I am generally a straight-A student, and got an A+ in my chemistry class in high school. In this class, I worked my actual ass off for weeks, and didn't see the results I wanted since he would test us on the rare niche exceptions. I learned new things just by looking at his old exams. Be prepared to memorize the most unnecessary stuff and spend hours on the homework, while totally ruining your self-esteem. He is insulting and rude, going to his office hours did not help, instead it made me feel small and stupid. The ONLY pro is that his curve is very generous. I genuinely learned everything from Amy, the GSS leader, and Chad's prep on YouTube. I did not miss a single lecture, and it did not help. He is rude and cannot teach, though he clearly really does know what he's talking about. He blames his low averages on his students not trying, though that is not the case. I am literally begging you to take any other teacher. Studying with my friends who were in other Chemistry classes absolutely blew my mind since they didn't even need to know more than half the stuff that I had to know. Also, my TA was so rude and didn't help at all. In conclusion, you can definitely survive this class if you put in the work, but be prepared that it's not easy and that you might be questioning whether you are actually a good student or not. Make sure to take advantage of your resources and start studying as early as possible. Good luck.",,,,,,,,,,
CHEM132_074,CHEM132,Christiana Guest,2025,2,"My main complaint with this course and lab coordinator is that the rubrics for post-lab assignments are incredibly nit-picky and points are taken off for errors that are impossible to anticipate. There is almost no specific directions in this entire course, and I do not blame the TAs. The lab coordinator is mostly to blame.",,,,,,,,,,
CHEM135_432,CHEM135,Samuel Lascio,2026,4,I want to make this short and sweet but I also want to start off by making a disclaimer. If you read through these reviews you can see a pattern between the CHEM131 and CHEM135 reviews. First I think the difficulty of 135 is already common knowledge. Dr. Lascio was one of those professors that I will never forget given I took his class my freshman year fall semester. He responds to emails insanely fast and is not trying to get you. If you go to office hours and show him you care I think you’ll do alright in the end. In class he actually explains and gives examples on the practice problems. Also a notecard was given on all midterms + final. The reason this was a 4 star review was because you’re in the dark for the entirety of the semester with Lascio changing his mind about curves. I was worried I wouldn’t even pass the class after the final but I ended up with a B. TLDR: Chem dept at UMD is terrible and I think this is the best professor for gen chem across the board.,,,,,,,,,,
CHEM231_422,CHEM231,Donald Hong,2025,4,"I can see how Dr. Hong's lectures may be hard to follow at times, however I thought he improved as the semester went on. It is probably necessary to supplement his lectures with outside sources as he can ramble and his notes are not always clear. However, he is fairly passionate about chemistry and taught with enthusiasm. There are some helpful resources available on canvas, including supplemental notes, worksheets, and charts. His exams were fair in my opinion, because they would largely have problems similar to those on the homework/ discussion worksheets. Additionally, his final had some questions that were exactly the same as those on the midterms. Overall, he was a solid professor and it is very possible to succeed in his class.",,,,,,,,,,
CHEM232_064,CHEM232,Monique Koppel,2025,4,"This class so far has been fine. TAQ 1 was a little challenging, but honestly not crazy (I'd review how to tell the density of diff molecules lol) as long as you had a solid theoretical understanding/intuition for extraction (rtfm!). Given the semester GroupMe was rampant with people asking braindead questions 24/7 (eg what experiment are we doing this week??? what reagents does that need !?!?!1/1///???), I suspect that may be the majority of the 1-star reviews Dr. Koppel received below; that is to say I wouldn't stress too hard abt this class. TL;DR not terrible, just accept this class will be more work than the 1 credit suggests (and know OH are a tremendous help).",,,,,,,,,,
CHEM241_255,CHEM241,Lyle Isaacs,2025,1,"So unexpectedly evil and lazy, every time a new unit pops on the slides, the first thing you see is ""nomenclature, read it yourself"" except the nomenclature on the exam aren't traditional nomenclature but random niche molecules that he randomly put in slides. Also the first exam, he basically made an announcement that 50% of the class was in the danger zone of not passing with the average being like a 53%.",,,,,,,,,,
CHEM242_010,CHEM242,Lee Friedman,2022,2,"The lab reports are not hard to do but the exams in this class are ridiculous. Insanely tough spec questions, and a lot of free response on midterm and final that are all or nothing. I wish there was an option to take another professor, but he's the one lab coordinator",,,,,,,,,,
CHEM271_226,CHEM271,Bonnie Dixon,2025,2,"I agree with the review saying her teaching style focuses almost entirely on solving problems just to do well on the tests, which honestly feels like the worst way to actually learn chemistry. She often “forgets” to go over material that shows up on the homework, so I end up wasting hours trying to figure out things we were never even taught... It’s really frustrating, and I get so unmotivated. Office hours can sometimes help, but they’re usually super stressful. There are tons of confused students, lots of noise and chaos, and she doesn’t really give direct answers (which is fine), but she answers in like a riddle form, which makes me even more confused than when I came in. Also, she definitely has favorites.",,,,,,,,,,
CHEM272_040,CHEM272,Amanda Schech,2024,5,"Amazing, wonderful, sweetest chem professor at UMD. Dr. Schech is perhaps the most well organized chem lab director at UMD and I obviously loved the layout of 272, her lectures were extremely informative (and recorded) and fully explained the necessary concepts/information needed to do well in lab, on the reports, and for the exams. Her exams are extremely fair and as long as you use your resources you’ll do great! The reports can be a bit lengthy so I recommend starting them earlier in the week, but Dr.Schech truly makes this class EXTREMELY manageable!",,,,,,,,,,
CMSC131_424,CMSC131,Pedram Sadeghian,2025,1,"Pedram is pretty chill, although I physically could not pay attention to this class because of how monotonous his voice gets. Lectures useless. His exams are hard compared to the other professors(comparing averages it was about 10 to 15 pts less).",,,,,,,,,,
CMSC132_475,CMSC132,Nora Burkhauser,2025,4,"90% of the hate she receives is honestly completely unjustified. Not only were the exams mostly fair (aside from some weird 2 point MCQS), she covered all the content thoroughly in class with projects as supplementation. When people say that she is a bad professor, I feel like they are the students that never show up to lecture, chatgpt the projects, and are then surprised that the exam isn't a cake walk. Yes, the exams were more difficult than I expected and did need a decent amount of preparation or you would run out of time trying to solve the FRQS during the test.",,,,,,,,,,
CMSC216_441,CMSC216,Larry Herman,2025,1,Actually the worst professor ever. Teaches useless shit during lecture and repeats the same useless information over and over again. Forced us to learn assembly and other important concepts on our own. Exams are nothing like the practice. Averages on both midterms were 65 but blames the class instead when it says more about him. It’s been a week since the final and I still don’t know if I’ll pass the class or if he will curve like he said he would. What professor forces students to learn the main topics of the class on their own?,,,,,,,,,,
CMSC250_496,CMSC250,Fawzi Emad,2025,5,My goat. Excellent and engaging lecturer and the homeworks tbh prepared me for the exam so well I never had to study anything else. The quizzes initially caught me off guard and I flunked the first few - I strongly encourage you to review the homeworks because he basically pulls the quiz problems directly from them. Course definitely intimidated me but he taught it in a way that made the information click really fast and stay relevant throughout the course. Honestly 250 with Fawzi was my favorite course yet.,,,,,,,,,,
CMSC320_203,CMSC320,Maksym Morawski,2025,5,"I HIGHLY recommend taking this class if you're interesting in learning about data science and being prepared for data science interviews. His exams are very much pulled from what those interviews could be. I studied by taking notes on things that didn't make sense the first time I learned them, until they made sense, over and over and it has worked. I feel like a lot of people tried to study using practice exams, but that's not super helpful since his exams are different from one another. Practice exams in this course should be more like a last checkpoint / once over before the exam, not a sole study tool. These were probably the most entertaining lectures I've ever been to. Max is also a super nice, thoughtful, and funny person who is clearly trying very hard to help us. He takes time to explain why he's structuring the course in the way that he does during class. He even added an assignment at the end structured for us to be able to put it as an impressive project on our resume. The assignments were super open ended and you could do the bare minimum and get an 100. If you have extra time and want to really commit, you'll get a bunch of EC for the extra stuff you do. All in all, my favorite class and prof at UMD. I feel like I got more prepared during this class for the job market than any other course. I loved how he taught us such modern AI models and adjusts the curriculum to new innovations. Really appreciate this course. Would recommend to anyone.",,,,,,,,,,
CMSC330_250,CMSC330,Anwar Mamat,2025,1,"i dont know why there are so many positive reviews for anwar, this guys teaching style is so boring to me. all he does in class is open up emacs and type up random examples all class; like sorry i just spaced out so much during lecture because who wants to watch some guy yap as he types up random notes for an hour and 15 minutes?? i wish he would bring back the slides and actually go over them in class because i have to spend the time in class listening to his lectures that dont make any sense and then spend extra time outside of class going over his slides and the mini quizzes in them since he doesn't. also he would like call on people randomly in class like if he thought certain people weren't paying attention which is like my worst nightmare. anyways it doesn't really matter who you take in this course but i would say to take cliff because hes younger and brings the vibes. he had better exam grades on average last semester but this semester anwars sections had higher grades so 🤷.",,,,,,,,,,
CMSC335_022,CMSC335,Nelson Padua-Perez,2024,5,"His exam materials are all included in his bullet points for exam topics, which I thought was fair. The class was fun and chill, and projects were fair and easy. He also removed the last project just so we could have more time to do the final project/study.",,,,,,,,,,
CMSC351_333,CMSC351,Ting Jiang,2025,3,"Nice person, okay lecturer. A lot of people say the strategy is to sign up for her sections and attend Justin's lectures instead - you get the better lecturer and better exams. I didn't do that and felt the class was just fine. Some of her explanations for algorithms or concepts were a bit unintuitive, but it clicked for me later after minimal self study. I personally found that Justin's notes were good for overviewing concepts at a high level, while Ting's slides were better for reviewing specific details and the why/how of certain concepts. Again, I didn't attend Justin's lectures, so I don't know if what he says out loud fills in the gaps in what he writes and makes it stick. I found her office hours very helpful. She's willing to put in the time to explain tough stuff and answer stupid questions, she's pretty responsive with emails, and she takes student feedback on adjusting the difficulty of midterms. I feel bad giving her a 3/5 and she'll probably improve (this was her second semester teaching I think?) but I think it's accurate to my experience. All in all, you won't go wrong with her. Just put in the work and you'll be fine.",,,,,,,,,,
