review_id,course,professor,year,rating,review_text,project_heavy,exam_heavy,homework_heavy,time_consuming,self_learning_required,harsh_grading,disorganized_course,fair_but_strict,evidence_snippet,label_rationale
MATH401_043,MATH401,Matthias Wellershoff,2022,5,"solid professor. it was his first time teaching the class and I thought he was pretty good. he has very clear guidelines, gives ample time for homeworks (which aren't too difficult), and the exams are pretty straight forward and predictable. also doesn't require attendance and records all lectures and posts notes",,,,,,,,,,
MATH410_051,MATH410,Denny Gulick,2022,5,"Although MATH410 is believed as a tough course for Math majors, I had really good time in the class. Prof. Gulick is very sweet and friendly. He makes all the things straightforward and tries his best to make everyone to understand. Reply to email super quick and always be willing to help. The old exams are useful, my suggestion is to do all the old ones before your exam. And remember all the important ideas in his notes. The notes are fantastic! I really appreciate his work. After his class, I gained my confidence back and enjoyed the beauty of Math.",,,,,,,,,,
PHYS121_026,PHYS121,Edward Redish,2007,2,"He's not the best teacher I've ever had-very confusing, not very clear, and his approach to teaching is very different from other physics courses. BUT, he does try to make the material interesting with interactive lectures. He requires a lot of independent work; I learned more from doing homeworks and talking to other students, rather than listening to him.",,,,,,,,,,
PHYS260_123,PHYS260,Michelle Girvan,2024,5,"It honestly baffles me that Girvan’s reviews are so low. She’s one of the rare professors that genuinely cares about students’ understanding the subject, and she goes out of her way to make sure we feel heard. She’ll ask for feedback on her teaching during class, provide a ton of practice problems, and tell us what to study for midterms. Every time I’ve had a question after a lecture, she’d answer it even if she had to stay after class to do so. The lectures are really organized, and Girvan teaches with enough energy to keep you awake and engaged. The main gripe I see on here seems to be that the exams are too hard. While they’re definitely tough, they’re very fair, and she also gives you every tool you need to do well on them. That, and it’s good prep for finals, which often have harder problems than normal. If you take Girvan, you’re probably going to get a better grade in this class, plain and simple.",,,,,,,,,,
PHYS270_010,PHYS270,Konstantinos Papadopoulos,2010,3,"Not going to lie, most lectures were pretty boring. He posts all his powerpoints online so obviously it is very difficult to find the motivation to go to class. However, he would include questions on his exams that were solely taught in class and not on the powerpoints. His review sessions would usually include a problem or two that would be on the exam and the review documents he posted on his website were very similar to some of the exam problems. Average exam scores were very low, however, there were huge curves for all all of them including the final. Overall, not bad at all for engineering-physics.",,,,,,,,,,
STAT100_160,STAT100,Archana Khurana,2024,5,Khurana explains things well and is really nice! Lectures are well-paced. Homework is well explained and mimics the lecture content. Exams are super similar to practice exams.,,,,,,,,,,
STAT410_038,STAT410,Terence Long,2022,5,"not organized at all, no online notes or recordings, but exams were very fair. the averages were all pretty high. there were like only 5 or 6 homeworks and they were all from the textbook. and then the grade cutoffs were pretty generous too. 90 was an A.",,,,,,,,,,
BSCI160_517,BSCI160,Bill Fagan,2024,1,"Do not listen to his positive reviews. He is a subpar lecturer and not even a 2-page cheat sheet will save you from his needlessly difficult exams. The homeworks were tedious and confusing. Would not recommend taking BSCI160 if you were looking for an easy lab gen ed, especially with Fagan. He is like a human screensaver, always there but never doing much. The TAs were a lot more helpful and understanding than he was.",,,,,,,,,,
BSCI170_239,BSCI170,Michael Keller,2025,5,"Definitely the easiest science class I’ve ever taken. Didn’t take AP bio in high school and only had to spend 3 hours per exam writing down each term that was necessary to memorize. Exams are extremely straight forward as long as you memorize the definition of the terms he gives on the study guide you’re guaranteed an A. Final was a little bit more conceptual so u had to understand everything a little bit more but he only gave us information on exam 3 and up for it. Also he gives 20 extra credit points for showing up to class. Overall really lectures were kinda boring but he gives u the major points you need to know on a pdf anyways, midterms were extremely easy, homework’s and quizzes were free points, final was a little harder, but overall an easy A.",,,,,,,,,,
BSCI171_007,BSCI171,Swarna Mohan,2021,1,"The absolute worst professor at the University of Maryland. Completely unhelpful and way too much of a workload for a single credit. I would not recommend this professor and I only hope that she is fired soon, so that other students will not have to endure her pathetic teaching style and this horrible class experience.",,,,,,,,,,
BSCI201_046,BSCI201,Nelson Bennett,2023,5,I prefer him over Lombardi. He goes at a steady pace and will tell you what will be on the exam. I know a lot of people really like Lombardi's way of teaching but she can definitely rush whereas Bennet does not have that problem.,,,,,,,,,,
BSCI207_142,BSCI207,Nicholas Fletcher,2023,5,"Dr. Fletcher is amazing. A good person, fair grades (lowest midterm is dropped!), extra credit, and reasonable workload are all things you get with him. Additionally, he encourages questions, is good at explaining topics, and is very welcoming. For the workload, he assigns a short concept check after every lecture, the classes with the group activity have some prep material involved, and there are usually 2-3 homework assignments per midterm, but that's it. For studying, Dr. Fletcher posts an exam guide before every exam that includes some practice exam questions that might even appear on the actual exam. He also allows you to write notes on your equation sheet to use as a reference on the exams. Thank you so much Dr. Fletcher for allowing the reference sheet because there is just so much content covered in BSCI207, I wouldn't even know where to begin studying for it. The exams themselves aren't that hard and they accurately reflect the lecture and GAE material, but there's just a lot of material you have to remember. He also records his lectures which is extremely convenient for note-taking considering the amount of content in this course. The only real downside I can think of is that the final exam is worth more than 1/3 of the final grade, so you really have to study for it. Even then, having this downside is more than worth everything else Dr. Fletcher has to offer.",,,,,,,,,,
BSCI222_192,BSCI222,Claudia Silva Aldana,2024,3,"I would not recommend taking this course with Dr. Silva. She is a very kind person, but when it comes to teaching... The harder topics were difficult to understand with how she would explain them. I would say that the discussion mainly saved my grade as there are exam reviews you can attend. If you do end up taking genetics with Dr. Silva I would very much focus on the practice exams and the homework questions as a lot of the time she took questions straight from both to put on the exams.",,,,,,,,,,
BSCI223_022,BSCI223,Erin Tran,2021,5,"Dr.Tran is an amazing and kind professor. I will admit that the lab assignments were pretty annoying. Dr.Tran's exams are very fair, as long as you attend the lectures and review the material you will succeed on her exams. She also gives extra credit.",,,,,,,,,,
BSCI330_097,BSCI330,Kenneth Frauwirth,2023,5,My favorite professor ever! So understanding and really knowledgable about the course. He tries to make the class as interesting as possible even though it sometimes might get a little boring. The exams are fair and he reuses a lot of questions.,,,,,,,,,,
BSCI410_049,BSCI410,Louisa Wu,2022,5,"Dr. Wu is a great professor! Her lectures can move a bit fast, but if you ever have any questions she is always happy to help. Not only that, she would provide the lecture recordings which was great to rewatch in case you miss any details. When I took the class, the lowest grade out of three exams (two exams and a final) was dropped and she offered extra credit which was a plus. Of course, the class is not super easy since it is an upper level, but if you put in the work and ask questions when you are confused, you should be fine. Overall, I would say it was a great class to take.",,,,,,,,,,
CHEM131_465,CHEM131,Lee Friedman,2025,1,"DO. NOT. TAKE. This professor is single-handedly crushing my hopes and dreams. He cannot teach to save his life; he is insulting- don't ask him questions if you don't want to be made a fool. If you don't have a solid chemistry background you will fail. There was not a single topic he covered enough to make me feel comfortable. This class is quite literally self-taught with a side of insults. Awful teacher, awful person, worst professor in my three years of college.",,,,,,,,,,
CHEM132_015,CHEM132,Christiana Guest,2021,1,"everything you read is true. i got a 29% on my midterm, which was released a day after dropping period. the labs make sense and can be useful, but Guest is as uninvolved as humanely possible. exams are completely unreasonable and consist of poorly written multiple choice (multiple choice for a LAB exam? yup.) She does not deserve to be associated with the great State of Maryland.",,,,,,,,,,
CHEM135_371,CHEM135,Samuel Lascio,2025,5,"GOAT. I had a C in Chemistry when I was in 9th grade, and never learned it since then. I really hated this subject until I took his course. Frankly, it's a difficult and challenging class. The pace is really fast, but Prof Lascio always show the class how to solve test-level problems step by step. Also, he doesn't record his classes, which makes the attendance rate much higher than my other STEM classes, and it actually compel me to attend lessons everytime. The practice exams he gave were basically having the same structure and difficulty as the actual ones, which is great if you simply do it before the test.",,,,,,,,,,
CHEM231_364,CHEM231,Sonia Hirschauer,2025,5,"Nice Professor, Lots of Resources, STUDY A LOT She gives SO many practice problems, which is so helpful. I liked being able to take exams home too. Dr. Hirschauer gives students the chance to ask questions and is very non passive aggressive when students ask questions about things that have already been explained (which is nice bc the course is hard). Study more than I did pls, do not underestimate this class. Exam averages are usually in the 60s, I think.",,,,,,,,,,
CHEM232_006,CHEM232,Monique Koppel,2021,1,"Labs were difficult but TA office hours were very helpful. I was on track to receiving an A this semester, but went down to a B with the absolutely unnecessary final. The final was extremely difficult and it was very disappointing to be assigned one despite the fact that we have been home for a year due to the pandemic. Koppel was very reluctant to give any sort of leniency. Try to do well on the labs, because the final will bring you down a few percentage points. Again not sure why it was at all necessary, especially considering the fact that we were able to demonstrate our understanding of the material with our labs.",,,,,,,,,,
CHEM241_198,CHEM241,Bonnie Dixon,2025,1,The first day of lectures she told us she prided herself on being apathetic. Does not care to help students. Hands out 0s like candy. No partial credit on pages of mechanisms. Yaps all lecture long and none of it pertained to the homework or tests. I should have withdrawn while I had the chance.,,,,,,,,,,
CHEM271_169,CHEM271,Alice Mignerey,2024,2,"I would not recommend taking Dr. Mignerey. I had her for CHEM271 but would probably not recommend her for any other course because I'm sure her teaching style is the same. She almost never explains concepts in a way that students understand. Most of the time, she just spent the entire class period copying exactly what was on her slides to a piece of paper. She would start a train of thought and then forget what she was talking about and say ""okay yeah so..."" and then move on. I still went to lectures but paying attention honestly just made me more confused sometimes. The saving graces were Sam, the TA, and that her exams were very similar to her practice problems. But, I don't really think I learned much in this class and wouldn't recommend taking her.",,,,,,,,,,
CMSC131_351,CMSC131,Aaron Kyei-asare,2024,4,"Professor Aaron is very chill but I feel that if you are completely new to computer science you will need to rely on self studying. This wasn't a problem for me as I had prior experience, but he frequently cancels class and doesn't spend that much time going in depth on topics. If you ask his TA's or him questions they should be able to answer them fairly well though. The main reason I ranked him so high is because he's very funny. He comes across as more of a friend rather than a professor, and frequently makes lectures enjoyable with his jokes. The reason he's not 5 stars for me is because he grades assignments extremely late, it takes him about a month to grade exams and it takes him the whole semester to grade projects.",,,,,,,,,,
CMSC132_404,CMSC132,Larry Herman,2024,5,"I felt that Mr. Herman was an amazing instructor. I know his sense of humor isn't for everyone as it can be a bit dry, but you can tell he cares about the class and wants everyone to succeed. To succeed in the course and get a great grade I will give this advice: 1. Always show up to lecture. He doesn't post videos about his lectures and it is so valuable anyways to see him talk through the problems in front of the class. 2. Get on projects early. He gives this advice throughout the semester but I can't stress it enough, one of the keys to my success in this course was doing the projects early, picking up the 6 points of extra credit, and by taking my time and writing good student tests, I consistently got 106's on the projects, which gives you a lot of wiggle room to mess up on exams. 3. Do the practice exams. Going along with point 2, do those projects, you also need to do the practice exams. His review is incredibly helpful and while it may be intimidating to tackle a 20 something pages review document, by the end of that you are going to be a pro and hopefully ace the exam. He will talk a lot in class about the importance of doing the review and he is not kidding. In my opinion it is most helpful for the MCQ section because those can have some tricky questions, but the practice exam almost certainly contains similar questions, or at least guides you on what you need to learn. If you do these three things I feel you will be very prepared and his class should be a pretty straight-forward A. So concluding about Mr. Herman: - He posts super helpful review material and valuable projects - His lectures will help you learn the material really well - He loves frogs (a lot!)",,,,,,,,,,
CMSC320_134,CMSC320,Mohammad Nayeem Teli,2024,3,"He's very okay. Very boring lecturer, about 3 weeks into the semester, only about 15% of the class shows up. The projects descriptions can be really confusing, but they're graded very leniently, and it's easy to get 100%. The exam was kind of lame, since it was mostly quizzing us on random numpy functions. We got to bring in our own cheat sheet, so the exam really just tested us on what we remembered to put on our cheat sheet or not. I wouldn't recommend taking him, but he's not bad. It's a fairly easy class, just paying attention is the hard part. Are you following this??",,,,,,,,,,
CMSC420_110,CMSC420,David Mount,2023,5,"David Mount is super passionate about data structures, and it makes him such a great professor. His exams are difficult, but they're all very fair and you get a cheatsheet for each one. Overall, a really well taught, organized class and great lectures/notes.",,,,,,,,,,
CMSC424_012,CMSC424,Amol Deshpande,2020,1,"This class as an online course has been horrible. The homeworks are absolutely killer and take 10+ hours a week to get done, if you can even figure them out at all. They’re usually 20+ questions and some programming assignment that the instructions are often unclear for. Multiple times during the homework it feels like during lecture we were taught how to do a doggy paddle and the assignment is like figure out how to swim across the Atlantic, good luck. The midterm was poorly done too, with 2 parts on elms being multiple choice and a writing section, timed. I truly feel like I haven’t learned that much and the homeworks are incredibly frustrating. Lectures are not great either and we have a synchronous time every week where we meet and he just repeats what’s on the slides from the videos we already watched. This class is very poorly organized and I would not recommend it to anyone due to the frustration and headache.",,,,,,,,,,
MATH140_437,MATH140,Jonathan Fernandes,2025,4,"Professor Fernandes isnt the best at actually teaching the material, but he does make this class enjoyable. He cares about his job, and will always answer any questions you have. The exams are just like the practice exams, and the discussions are very helpful. You dont really have to go to lecture, but i recommend going to discussion. Throughout this class, I only went to discussion and have done fine. The worksheets and webassign homeworks can suck and are normally much harder than the exams, but the TA's help out a lot with those. The grading for exams are also very generous and you can get a lot of points even if you make many mistakes. Overall, if you keep up with the content and understand whats going on, this class wont be any trouble.",,,,,,,,,,
MATH141_474,MATH141,Kendall Williams,2025,5,"TLDR: Show up to every class & discussion, do your assigned problems, and show up to office hours since he's 100% willing to help. I've been wanting to write this review for a while, as someone who took Dr. Williams for 140, currently taking him for 141 and planning on taking him for 241. I'm going to say that he's a good professor and a fair grader. One thing I did not do in 140 that I do now that helps a ton is going to office hours. When I say that his office hours are life savers, I truly mean it. He's literally open to explaining material and guiding you through everything that it is CRIMINAL not to go. And even if you don't have him, as long as he's teaching your course that semester you can still show up and get help. I cannot stress this enough, his office hours are literally just three hours a week of him just helping people with various stuff (textbook problems, WebAssigns, etc). Another thing that Williams does is take problems verbatim from the textbook. 9/10 you can find the textbook online, but even if its a paper version, BRING IT TO CLASS. Williams will literally assign problems directly from the textbook onto our exams. I can confidently say that if you do 10% of the textbook problems from each section, you'll be guaranteed an B on each exam. Make sure you also attend lecture as much as possible, as Williams LOVES to put problems we directly went over in lecture on our exams. On our most recent exam, the last problem was something he had done two classes ago. If you attend lecture and do his recommended problems, you should be passing pretty comfortably. When it comes to discussion sections, from my experience I'd also try to go to them. They're a lot harder than what he puts on the exams, but still great practice. My only critique for him has to be how we do not have any recorded lectures this semester (he was recording for 140) and that if you miss one class/take one bad set of notes, it could set you back severely depending on the content. Otherwise, he's a great professor!",,,,,,,,,,
MATH240_295,MATH240,Wiseley Wong,2024,5,"pretty good professor, teaches concepts well and as a freshman, i was able to get through the class fine. though i can't compare him to any other math professors, i think he did a good job this semester. the only thing i disliked is that he doesn't post notes or videos so you need to go to class and take notes. i was usually 20-ish minutes late to every class, but i believe if i wasn't so late to class, i would've done a lot better in the course. going to discussions was super helpful for me! would def recommend if you are willing to go to every class and pay attention!",,,,,,,,,,
MATH241_465,MATH241,Jiwoong Jang,2025,1,"Take literally any other professor. Jang spends lectures at the chalkboard speeding through the example problems that are already fully solved out in the textbook. He does not change the content in any way for your understanding. He uses the same terminology as the textbook and simply restates what’s already in there (theorems and problems), which doesn’t help me at all. A nice guy, but he struggled to communicate with students and understand/answer their questions. In my opinion, he’s not going to teach you, you are going to teach yourself. QUIZZES ARE TEXTBOOK PROBLEMS FROM THE ONES HE “ASSIGNS” OR EXAMPLES. They were the whole semester!! Exams aren’t hard if you’re on top of the material and rely heavily on outside sources/textbook. A good TA makes a world of a difference.",,,,,,,,,,
MATH246_300,MATH246,James Conway,2025,5,"TL;DR: MATH246 can be a tough class, but Conway is probably one of the best teachers to take it with. Really made it so this was one of the classes I didn't have to worry too much about the class during the semester Pros: - The three Midterms were very similar to the material we covered in class and the practice problems he said to do. Nothing felt unfair, and it felt like we had covered all the material at some point. - He has a good grading schema for exams, where your lowest midterm grade is worth 8%, and your other two midterms are worth 17% - There were weekly quizzes, but our discussion section gave the quizzes at the end of discussion, so the quizzes felt fine - There were a few Matlabs, but for the most part these just help boost your grade - For the most part, he's a pretty solid lecturer. He explains things really well, records all of his lectures, AND posts his handwritten notes - He ended up curving the class at the end of the semester by one letter grade (A- to A, B+ to A-. etc.) I'm pretty sure the sole reason this happened was because of how hard the final was. Cons: - This is just a personal preference, but lectures can feel a bit boring or slow at times. - The common final was absolutely horrible, the worst final I've taken in my entire college career.",,,,,,,,,,
MATH310_012,MATH310,Steve Halperin,2012,1,"This class was an absolute train-wreck. Steve Halperin is a cool guy, but his ability to teach and prepare you for his tests is more or less like giving students butter knives when there is a gun fight. Absolutely horrible teaching ability + his cryptic book makes 310 an absolute atrocity of a class. And this is not from some one who is bitter... I actually scored really high on all the homeworks and midterms; this was just a high stress class that makes you go insane at times.",,,,,,,,,,
MATH401_042,MATH401,Matthias Wellershoff,2022,4,"Super nice guy. He was very open to feedback about lectures and other class matters. He gave a reasonable amount of work and his exams weren’t terribly difficult although the last exam was heavy on theory. He also does his best to make lectures interesting. On a more informal note, his hair is amazing and he says the words “pivot” and “variable” funny since he isn’t American. My only complaint is that I found his lecture style not very effective, but that may just be me.",,,,,,,,,,
MATH410_050,MATH410,Stefan Doboszczak,2022,5,"My favorite professor at UMD. you can tell he's very smart and really loves math, and is always great at explaining material. he's also super approachable and loves answering questions. homeworks are fairly challenging but if you just pay attention in class and takes notes you'll be fine (he grades most of the hard problems for completion anyways). exams were fair and individually curved as needed. 100% take him if you have a chance for any class",,,,,,,,,,
PHYS260_122,PHYS260,Hailu Gebremariam,2024,5,"Chill, kind of dull but he teaches you everything you need to know. His quizzes, hw, and tests all build off each other and are pretty straightforward and fair if you just pay some attention in class. He goes really slowly in class, so I ended up not paying attention more than half the time and I was totally fine. Just take notes, do the assignments, and the tests will be really easy. Grading is fair, and discussion was kind of worthless for me because the TA barely spoke english.",,,,,,,,,,
PHYS270_004,PHYS270,Rabindra Mohapatra,2010,3,"Mohapatra is an average lecturer, and class notes were either somewhat disorganized or not thorough. However, he's really nice and helpful in office hours. The weekly quizzes he gave were fair for the most part, and helped to indicate what topics were most important. Tests were not too difficult, but don't expect to get anywhere without reading the book. The Mastering Physics assignments ranged a bit in difficulty, but were probably the single most useful part of the course. Doing well in this class is all about practicing a variety of problems, and Dr. Mohapatra didn't assign a bunch of single bar problems like the other teacher (Bantu) did. I personally found his accent entertaining and very easy to understand, and I also thought he was pretty funny. He's very responsive by e-mail, and is extremely understanding about grading concerns. You probably won't find much better teachers for PHYS270.",,,,,,,,,,
STAT100_159,STAT100,Matthew Griffin,2024,2,"Honestly it's a really easy class, but the way he handles his class is SO ANNOYING. He is extremely strict on random things. He loves to call out people who are late and then gives a speech afterwards about how people shouldn't be late to his class. He also takes attendance every lecture and makes a big fuss if someone misses his lectures. He has assigned seats for a lecture class with over 200+ people, which just seems unreasonable. Not only that, but he takes the first 10-15 minutes of every class going over his rules because he's so paranoid about it. He walks around each lecture to try and call out someone who isn't paying attention. He just gives off high school teacher who wants to be taken seriously. I'm only giving him 2 stars because his class easy and he does give extra credit opportunities.",,,,,,,,,,
STAT410_037,STAT410,Mestiyage Gunatilleka,2022,5,"I was honestly really scared to take STAT410 because of how hard I heard it was compared to STAT400, but Danul (his first name) truly made this an enjoyable experience. First of all, the man actually cares and tries his best while lecturing and you can clearly see that. He really does try to put an emphasis on teaching people to understand the broad underlying themes and concepts of statistics rather than being pedantic on the small technical details which I really appreciate. This is the first time I've taken a statistics course and not felt like it was just another chug and plug math course- I felt myself able to apply the concepts I learnt. The HWs are a little tough, but this is no problem because you can go to his OH and he will help you through it all (I was able to get 100% for most of the HWs this way). Some HW questions are graded only for completion which really helps. Quizzes are pretty simple just review each weeks notes and you'll be fine. The exams are extremely fair and are VERY similar to the practice exams he gives. To top it off, he is very accommodating in general. Whenever the class had a major doubt about one of the HW questions he addressed the problem directly and just gave us an extension. He dropped the number of HWs near finals weeks cuz he knew we were already very busy. Overall, this class does take effort, but it is certainly doable when you take it with this GOAT",,,,,,,,,,
BSCI160_516,BSCI160,Emily Bruns,2024,5,"Super nice professor, really cares about her course, the material she is teaching and her students. I am not a fan of this kind of biology but she made the class fun. The attendance is essentially mandatory, but she does record lectures. Exams are very similar to the homework and reflect exactly what she teaches in the course.",,,,,,,,,,
BSCI170_238,BSCI170,Michael Keller,2025,5,"Dr. Keller is an amazing professor. I love the simplicity of his lecture slides because they give me the chance to take my notes and write down what he says in lecture into my own words. He also records and posts, which is helpful if you ever miss a class. He also gives clicker questions as extra credit, which will help you out a lot at the end of the semester. He is very understanding and lenient with his grades. For example, he gives you about a 3-day extension on the weekly quizzes if you accidentally miss the Friday deadline (happened to me once, and I was panicking). Although he doesn't curve the course/drop an exam, the extra credit, homework assignments, and weekly quizzes make up for it. His exams are extremely fair, and his lectures/homework truly prepare you for the class. I never got below a 92% on an exam (including the final). His positivity radiates into this class, and it's obvious that he truly loves what he teaches. Definitely recommend taking him!!! You WILL NOT regret it.",,,,,,,,,,
BSCI171_006,BSCI171,Swarna Mohan,2020,3,"Professor Mohan is strict and straightforward. She is not very helpful herself, especially since this class is asynchronous, so if you need help you have to ask a TA. The lectures are not that long but do not provide adequate information for the weekly quizzes. Overall this class is a LOT of work (labs, quizzes, lab reports) all for just 1 credit.",,,,,,,,,,
BSCI201_045,BSCI201,Nelson Bennett,2023,5,"he made the content very easy to understand. go to class, take notes, and study a lot. his exams are fairly easy if you study 1-2 weeks in advance.",,,,,,,,,,
BSCI207_141,BSCI207,Karen Carleton,2023,5,"She is easily one of the best professors I've had so far and potentially one of the best I will ever have. She is not only very experienced with teaching this class but is also genuinely invested in the content and her students. This was the first biology class I had taken in 2 years (AP bio junior year, freshman at the time of writing this) and she made the daunting amount of information in this class extremely manageable and interesting. I will say her lectures are very content packed and we didn't finish all of it every lecture but I think that's just the nature of the class and is difficult to work around. There's also GAE classes which are in-class group activities that essentially force you to make study friends which I really appreciated as I probably wouldn't have gone out of my way to talk to people there otherwise. Her exams are completely fair and not too difficult if you adequately prepare for them and she lets you make cheat sheets for them. She does not curve the class (I don't think it needs too) but she drops the lowest exam, the lowest homework grade, and the lowest GAE score. That said, the homework are for completion, the GAE activity, and the GAE pre-quizes are open note so you'll basically guaranteed to ace them. Overall, I would HIGHLY recommend taking 207 with her.",,,,,,,,,,
BSCI222_191,BSCI222,Kimberly Paczolt,2024,3,"Just mid to be honest. Exams are okay, but you have to be weirdly specific to get exam questions right. Her lectures don't 100% prepare you for exam material but prepare you for 70% of the exam material. Every lecture is also very rushed. However, the upsides are, that the review sessions done in discussion are extremely helpful and have a good amount of extra practice problems. The 222torials are also extremely helpful and focus on the exam's hardest topics. I recommend doing them over again if you get stuck on that topic. SHe also drops a few low stake assignments to boost your grade.",,,,,,,,,,
BSCI223_021,BSCI223,Erin Tran,2021,5,Dr. Tran is awesome. She is very knowledgeable and from I have experienced does not read off of slides? She explains concepts very well and you can tell she has enjoys teaching.,,,,,,,,,,
BSCI330_096,BSCI330,Carmen Cantemir-Stone,2023,5,"Don't listen to the people complaining, she is a good lab professor and great lecturer.",,,,,,,,,,
BSCI410_048,BSCI410,Stephen Mount,2022,4,"I took BCHM461 the same semester as this and I thought this class was harder despite Dr.Mount handing out more A's than BCHM461. BSCI410 is very similar to BSCI222 with a bit more detail added in. Dr.Mount is literally one of the most brilliant professors I have encountered at UMD. From the very first class, you can tell by the way he talks that he knows his stuff. However, learning from him is a bit of a challenge. My friends and I joke that he just operates in the 4th dimension while you're only in the 3rd dimension. He is so brilliant and uses so much jargon it can be incredibly difficult to learn from him. At the beginning of the semester, I had a really hard time figuring out how to study for this class because his teaching was really hard to understand. Do not read the textbook, look at(and memorize) the powerpoints! I do not think Dr.Mount is a bad professor or his class is excessively difficult, but you have to kind of learn things on your own. Find a group to study together with before the exam, it'll help a lot.",,,,,,,,,,
CHEM131_464,CHEM131,Lee Friedman,2025,4,"Friedman is seriously not as bad as everyone says. His exams are fairly difficult but they are very similar to the practice exams he provides. He has a generous curve at the end of the year; he said that a 75% in the class would be an a overall at the end of the semester. He also takes time to answer questions during class and answers them thoroughly, so if you are confused just ask him. He doesn't record lectures which is kinda annoying considering the class is at 8 am, but he always posts notes which is helpful. I didn't take AP chem but I'm doing fine in this class, you just have to ask questions, do a lot of review even if you don't have an exam coming up, and use his practice exams to study, and you'll be fine.",,,,,,,,,,
CHEM132_014,CHEM132,Christiana Guest,2021,2,CHEM132 is needlessly complicated but Dr Guest is fairly easy to reach as long as you go through a TA,,,,,,,,,,
CHEM135_370,CHEM135,Alice Mignerey,2025,1,"If you want to self-study chemistry this class is for you. Reading through almost the entire textbook was more helpful than anything else. There is no reason a 100 level class should have this massive of a curve, the material is not that deep, just a lot of memorization. Unfortunately, her lectures are basically useless and her slideshows are unreadable unless you were there as she was actively writing on the slides as she was going through the problems. Her writing jumps all over the page and sometimes she just pulls numbers out of nowhere without explaining what they are. For example, using the speed of light constant without ever introducing it as such and just saying you plug in a seemingly random number. She also goes through the material really fast (faster than the other CHEM135 professors I'm pretty sure). The ALEKS homework is pretty mid. I would say about 1/4 of the ALEKS questions were not relevant, and the website itself can just be pretty annoying at times, but it is graded and sometimes helpful practice. The first midterm was pretty similar to the practice, but that gave false hope for the second, which was nothing like the practice. The third was somewhere in the middle. If you want to be somewhat taught the material go to the once a week discussions (which is not enough to make up for the useless lectures). The TA I had (Aleena) was pretty good and posted nice notes. The other TA (Matt) I heard was amazing, but I'm pretty sure all of his discussion sections were in the morning.",,,,,,,,,,
CHEM231_363,CHEM231,Sonia Hirschauer,2025,2,"dude. this class clapped me. the pp sets are unbelievably easier than the exams - they give you a false sense of security and then you get slammed with impossible questions that she has never shown us how to do before. shes clearly very knowledgeable about the subject but the differences between the lectures compared to the exams is insane. she does not curve the exams, she provided us with a grade cutoff after like the third exam which apparently our C- is equivalent to the other class' B. insane work. the final is cumulative and we are given ONE practice exam. all we get for practice for the other exams is pp sets which again are SO MUCH EASIER than the exams. gss leader aubrey was fire ta praha was buns",,,,,,,,,,
CHEM232_005,CHEM232,Monique Koppel,2021,3,"Labs weren't too bad however the TAs could be very picky with answers to post lab questions. Overall not too bad, the final is challenging so make sure to study and get a high enough score so it doesn't completely ruin your grade. Office hours are very helpful for any confusion to labs. Make sure to do the prep work for labs because it will make everything easier for you.",,,,,,,,,,
CHEM241_197,CHEM241,Jeffery Davis,2025,5,"Good: Very nice and makes class fun (I saw him one day passing at Mogee Tea and bro came up to me and gave me a fistbump), drops 1 exam including final and aren't too hard (as someone coming from Baxter and Stocker), practice exams very similar to real exams, overall anything you will need to know will have been on the lecture slides that he posts, 9 EXTRA POINTS for a class out of 300 points total. Bad: Probably have retired by the time you read this, teaching style a bit rough to follow and a disorganized, you will need to look up stuff after class and teach yourself a bit. Overall if he hasn't retired: take him",,,,,,,,,,
CHEM271_168,CHEM271,Alice Mignerey,2024,2,"Not a very strong instructor. Her lectures are very disorganized and almost entirely practice-problem based. This might have been fine, except for that the vast majority of her lectures are spent trying to find and correct her own mistakes (and fighting with her computer). I personally eventually stopped attending lectures, and only went to the discussions and GSS classes to learn the content elsewhere. Otherwise, her exams are fair and very similar to her practice exams, and she seems to be a nice person. The homework system she uses (Aleks) is pretty time intensive, but a good resource for learning content. I have heard from other students that she grants extensions on homework pretty generously.",,,,,,,,,,
CMSC131_350,CMSC131,Elias Gonzalez,2024,5,"Intro: great professor and good guy; maybe not the best teaching ever but definitely good and would take him again Pros: - very personable, friendly, - really liked labs/projects were generally not bad, sometimes had to ask a # of questions - piazza was good and my experience with his TAs were that they were responsive and helpful - practice exams get you somewhat used to the upcoming mid term - a little bit of the content/questions transfers over so I would definitely use them - grading expectation is clear and you can clarify with TAs/him - records his videos which is VERY HELPFUL for me Cons: - sometimes the content feels all over the place; perhaps its not his fault necessarily - can rush through content or miss certain details, and sometimes we'll miss stuff during lecture that is somewhat important or pushed back - exams can be kinda tricky/work beyond what we were taught (or sometimes they'll have the problems that make you think beyond the content/examples we went in class) - didnt really respond to my emails but I didn't send many so Neutral: - sometimes goes on a tangent/off topic slightly during lecture but I think they're cool - getting grades can be slow conclusion/tldr: 5/5 professor, would take again dont take the NUMBER of cons vs pros, I really like him as a professor, take him for sure",,,,,,,,,,
CMSC132_403,CMSC132,Nora Burkhauser,2024,3,"Nora is a nice person and will try to be as flexible as possible when it comes to assignments and quizzes and exams and such for dates and grading, as we had a curve at the end for our final exam and the final grade, for example. However, given that it is her first time teaching at the college level, she is not a good lecturer at all. She did not seem familiar with the content and when she would try to explain things it just seemed vague and like a whole lot of jargon that did not really make any sense. It also seemed like her lectures were directly derived from the slides and any deviation from them, such as if someone asked a question, would result in her likely saying ""I don't know"" or ""I'm not sure"" or ""Let's find out"", which is often times not very helpful. The discussions are alright but do not always go over the concepts taught in class in an overlapping way. The content covered in the class is not too difficult in my opinion as there are so many good resources better than lecture itself that go over things like data structures and other concepts discussed which was a great help. With some time, I think she could be a great professor, however, she is not a good professor as of now.",,,,,,,,,,
CMSC320_131,CMSC320,Mohammad Nayeem Teli,2024,2,"he's nice but i haven't been able to pay attention in a single lecture the entire semester they're so dry and content dense so i've had to self study projects aren't hard but they're tedious practice exam was not helpful for exam 1 (formatted pretty different from the actual exam), a lot of the exam came down to guessing what to write on the allowed note sheet because it wasn't clear how much detail we needed to remember for the different parts of the sheer amount of content we covered",,,,,,,,,,
CMSC420_108,CMSC420,David Mount,2023,5,"1. Did you find the exams and major assignments fair? · Fair exams. Mount provides practice problems with answers and past midterms. · Midterms can be time-constrained. Pace yourself. The final exam is not time-constrained. · Homework due before each exam, no late submission. Review each homework in the class before the exam. 1-2 questions on the exam are very similar to the homework questions. · The exam averages range between 75 and 80, and overall, they are fair with usually one curveball question. The exam format typically consists of 30% short answer theoretical questions (multiple-choice/fill-in), 30% pseudo code, 10% drawing tree operations, and 20% theory longer questions. – 2. Did you feel the professor had reasonable expectations for the students in the course overall? · 4 written homework assignments, covering theory, tree operations, and pseudo code. Directly applied to the exams, 3-4 hours each. · 3 projects, 8 hours each. Straight forward with Mount’s detailed descriptions. · Exam prep, 8-10 hours. Very clear expectations, format. Do the practice problems, review the past exams and especially the homework, and go through emphasized points during lecture. – 3. Did you like the professor's teaching style? · Provided a brief history for each data structure, as he had direct knowledge of or connections with the creators. · I appreciated that the lectures focused on the essential content for exams. Occasionally, the lectures delved into theory, but Mount made it clear which theories we should and shouldn't prioritize for exams. · Very flexible format with all recorded lectures. · As other reviews have mentioned, there is a theoretical focus for homeworks and exams. I think some theory is necessary to think critically about using and creating data structures. If you’re not a theory person, you can still succeed by doing the practice problems and reviewing relevant theoretical portions of lectures. · The professor releases homework 1 week before the due date, but provides 2+ weeks for projects. – 4. Was the workload appropriate for the number of credits? · Yes, the workload was fair/on the lighter side. · See hourly breakdown per assignment category above. – 5. Was this course valuable or a waste of time? · Valuable to efficiently work with and manipulate trees. · Relevant for competitive interviews and working with trees in general. I’ve used the concepts from this course when doing leetcode. · Understanding how to guarantee logarithmic height in practice was the key theme in the class! We explored rotation, rebuild, split/merge/adoption, and random number generator to ensure balanced height. Other important concepts were B-trees, tries, and memory management. · Projects taught useful concepts such as locators for tree nodes, internal/external node structure, comparators, and traversals.The 1000+ line project was a valuable exercise. · Working directly with Mount was a pleasure because he genuinely cares about students' education and growth. – 6. How much support did you receive throughout the semester (office hours, extra resources, etc.)? · Mount provided the most support among all the professors I've ever had. · Provided fast-forwarded lectures, recorded in-person lectures, latex notes, and hand-written notes. Personally, I found the hand-written notes and in-person lectures sufficient for success. · He answered every single question on Piazza, providing thorough responses and marking every question as a ""good question"". If you were stuck for a while, he was willing to download your submission from Gradescope and help identify what went wrong. · He offered extensions when needed, had lenient grading policies, and allowed regrades indefinitely. He was the only professor who shared exact grade cutoffs, and regrade requests could be submitted even after the semester ended. · Mount was always available to answer questions during and after class, and he provided extra office hours before exams. He even conducted a final exam help session on the weekend the day before final. – TLDR: Mount is an excellent professor who provides fair assignments, a manageable workload, and ample resources for success. The course covers important concepts for a software engineering career. Mount's enthusiasm and experience as a lecturer make the early morning classes enjoyable. Even though lectures are recorded, make the effort to attend! I highly recommend taking any course with Mount!",,,,,,,,,,
CMSC424_011,CMSC424,Amol Deshpande,2020,4,"Nice professor. Didn't do the best job handling covid, but was clearly trying and cares.",,,,,,,,,,
MATH140_436,MATH140,Boyu Zhang,2025,1,"Dear fellow students of the university of Maryland, coming into college I was an hopeful ambitious student with dreams to be a math major, but due to Professor Zhang my dreams have crumbled, I have began a gamblining addition and a drinking issue all thanks to professor Zhang, not only does he not know what he's doing he's overly passionate about math which took my passion away he sucks ur passion slowly and slowly , thanks to this course I found out what addiction is.... :)",,,,,,,,,,
MATH141_473,MATH141,Timothy Pilachowski,2025,1,This teacher does absolutely nothing. He doesn’t get up from his desk and just reads slides online to his students. Most people I know don’t go to any of his lectures because they are comically basic…he just sits there reading his slides.,,,,,,,,,,
MATH240_294,MATH240,Wiseley Wong,2024,5,"Wiseley is a good professor for MATH240. The lectures can be a little content heavy and you might get lost sometimes, but it helps to write out some stuff on the sides in your own words, and that usually clears things up. Most of the time, you can figure it out after, but if not, you can always go to the office hours, the TAs are really helpful. There are 10 quizzes and they make up 15% of the total grade and the lowest scoring 2 are dropped. If you're absent, you don't get to make up the quiz, it's just a 0 that gets dropped if it's one of the lowest 2, so try not to miss too many quizzes. Otherwise, quizzes are super easy because the TA does practice problems on the board that are the exact same ones as the ones in the quizzes. There are 4 MATLAB assignments. Pretty chill, get it done in time and you're good. Sometimes the grading feels nitpicky but it's not the end of the world because it's only 10% of the total grade. There are 3 midterms, each being 15% of your total grade. Do the practice exams beforehand and make sure to study theory a lot. There's a lot of true/false questions that seem impossible to answer at first, but if you think it through and understand the fundamental theory behind it, it'll make sense. Otherwise, there's rarely a curveball, but on the off-chance there is, it's not super hard to figure it out on your own. The final exam (30% of total grade) for the Fall 2024 semester imo was a bit of a curveball, but it didn't seem to be that way for the past semesters' final exams (which are publicly available). Even still, I did pretty good on the final, so it wasn't too difficult. Just do the previous semesters final exams and (just like for the midterms) study the theory a lot and you'll be fine. Overall, relatively chill class, lots of resources, and you won't get hit by anything crazy.",,,,,,,,,,
MATH241_464,MATH241,Manoussos Grillakis,2025,1,"Grillakis is one of the worst lecturers I've ever had at UMD. His teaching style is too theory heavy, his voice is extremely monotonous and will put you to sleep. The class feels as if he does not care and want to put energy/effort into it. You can see this in the way he just copies and pastes the notes he has printed out before class onto the board. It really feels as if he teaches to the board and not to the actual class. You basically have to self teach yourself this course via the book and Justin's notes.",,,,,,,,,,
MATH246_299,MATH246,Arnaja Mitra,2024,4,"Prof Mitra is a very knowledgeable and sweet person. Her exams were very reasonable as well as weekly quizzes. However sometimes she can misinterpret questions and leave you a bit more confused than before. If she does not clear up whatever concerns there are, they certainly can be answered by justins notes or levermore math 246 resources can. Overall she genuinely cares about her class and wants everyone to succeed in her course.",,,,,,,,,,
MATH310_003,MATH310,Kathryn Truman,2011,5,"As has been said, Dr. Truman is great. Very conscious of students' needs. Exams are easy. Homeworks can be a bit daunting at times and only having <1hr office hours once per week doesn't help. However, I found the class to be a bit of a waste of time. Roughly 80% of the course is easy. I'd say the other 20% is manageable at worst. The only reason I'm getting a B is because I missed one of the exams. If you're confident with your mathematical skill, I'd say either take 307 during the summer with her or don't take it at all.",,,,,,,,,,
MATH401_041,MATH401,Tamas Darvas,2022,5,"Great prof. Exams are just like homework problems, and he has a great personality",,,,,,,,,,
MATH410_049,MATH410,Manoussos Grillakis,2022,4,"Certainly not the greatest professor I have had but I found him to be better than what most of these other reviewers described. First of all he is very generous with his curve with 85% being an A-, 70% being a B- and 55% being a C- on top of dropping 1/8 HW’s and 1/3 exams. The exams were not crazy difficult with a lot of problems being very similar to either the hw or the (ungraded quizzes he gives out). The final was extremely easy too in comparison to the exams. His lectures are definitely the worst part however. His handwriting is good and his accent is pretty mild in my opinion but he tends to go on tangents and can be pretty confusing. For the homework I felt I had to teach myself from the book and learn from online resources often as I had not learned from class. It’s definitely a doable class though and if you put in a reasonable amount of time then you should be able to get a decent grade with the aforementioned curving.",,,,,,,,,,
PHYS260_121,PHYS260,Michelle Girvan,2024,1,"Oh where to begin... this wonderful human being lacks the compassion and humanity to properly guide her students to success. Beyond lacking the ability to adequately care about the content she is teaching, she has some wild vision of how test taking should be, creating lucid nightmarish problems that you couldn't fathom or comprehend if you were a hindu guru with all your chakras unblocked. She has no bearing of the actual ability of her students and believes having to curve her exam 10+% to achieve a 70% class average is the way to go. I've never even considered writing one of these reviews before but after this disaster of a semester I am. She makes all these pledges of ""catering her teaching to her students"" and ""improving her teaching method"" just to turn around and continue on her merry way regardless of how far behind some people get. I got a 3 on this AP test in highschool and genuinely believe that the most optimal method to pass this class is to impersonate your younger sibling voyage back to highschool and try to get a 4 on that exam than take this class with girvan. If you can't get a different lecturer just take it next semester.",,,,,,,,,,
PHYS270_002,PHYS270,Theodore Kirkpatrick,2010,3,"I thought these reviews were a little misleading. He is not at all as bad of a teacher as everyone here claims. Yes, lectures sometimes involve proofs and derivations which can be difficult. However if you write down what he does on the board and just listen to what he says you will learn something. The tests can be really hard if you don't go to class or the review. In class he does examples which he warns may appear on the test in almost identical form. Going to the review also gives you almost everything that you need for studying including at least one identical problem. I enjoyed this class and I liked him as a teacher more than my other two physics teachers I had here. I'm done taking physics classes but if I had to take another one I would try to get in his class again.",,,,,,,,,,
STAT100_158,STAT100,Matthew Griffin,2024,1,"I wanted to give this professor the benefit of the doubt during the first month of the semester, but I don't know why I bothered because he legitimately sucks. He acts like a high school teacher that has beef with his students. The time he could be spending actually doing his job are spent complaining about students wearing hoods, headphones, and them not paying attention to him during lecture (probably because of how hard it is to take him seriously). Not to mention attendance, which is something he hammers in so hard that it's overkill. He has assigned seating, daily in-class assignments, and his 12+ TAs pretty much serve as security cameras to find those skipping class or are late. He'd rather talk about attendance for the first 5-10 minutes of class instead of teaching. Not a single other professor I've had has ever cared more about attendance than him, and I doubt it's because he wants to help us be successful. He also gives out a ton of assignments such as the RStudio practices (which are only covered in discussion), weekly online homework (which doesn't correlate with the lecture speed a decent amount of the time), and the in-class assignments too. As for why there is so much work, I could not tell you. This is STAT100: it ain't that deep. I could go on and on about this professor (like how he can't stick to a consistent lecture pace), but I think you get it. I have no clue why this professor has a high average rating because the issues he has can be traced back to over 2 years ago. Sure, the professor gives plenty of extra credit and the assignments he gives are not too hard, but I couldn't care less about that since he's completely obnoxious. Don't make the same mistake I made when only looking the average rating and the most recent review. The devil is in the details.",,,,,,,,,,
STAT410_036,STAT410,Sandra Cerrai,2022,5,"I really liked the ordering of how prof Cerrai structured the content of STAT 410. I also thought her homework’s and exams were very reasonable. Although the averages of her exams were *low*, she offered quite the reasonable curve and even gave us an extra assignment to boost our grade after the second midterm. Her lectures are quite fast paced, but she interjects quite a bit saying that we can stop her at anytime and ask questions.",,,,,,,,,,
BSCI160_515,BSCI160,Leo Shapiro,2024,5,"The class itself is kind of boring but Dr. Shapiro is an amazing professor. He clearly enjoys teaching and is very passionate about what he does which is refreshing compared to other professors I've had. His exams are fair and basically taken right off the slides which he always posts. As long as you go to class and study the terms you will do well. He is very flexible and understanding with homework deadlines, and he explains all the information in a clear and easy to understand way. I would take this class again!!!",,,,,,,,,,
BSCI170_237,BSCI170,Michael Keller,2025,5,"Keller is a great guy and an excellent professor. Those who say he isn't good clearly haven't taken a class that requires a lot of studying. Yes, his lectures can be a bit slow at times, but you will learn everything you need to know for the exams through his lectures since his slides don't give a lot of info. But he posts a lecture video after each lecture, so you can get away with not having to show up. He does not give any curveball questions, and everything you need to know will be in the worksheets, quizzes, practice exams, or the major points. The major points docx is something that I wish all my professors would do. Yes, having four exams and a final is a lot, but honestly, his exams are relatively simple/straightforward; there was never a time when I got to the exam and there was something he didn't teach. Yes, the worksheets can get hard, but he only keeps the top 5, and we did around 10 of them, and all the practice exams you get 2 tries. I feel that as long as you pay attention and put in a little bit of studying and take advantage of his exam review study guide, you should do pretty well.",,,,,,,,,,
BSCI171_005,BSCI171,Swarna Mohan,2020,3,"171 was a very easy class to do online that requires very little effort. The lab simulations were kind of silly, and based on the lab manual, I imagine the labs would be pretty difficult to do in person. The quizzes were very easy, and you had to take them all twice, where the second attempt is worth more points (the questions are exactly the same though). Dr. Mohan didn't really make much of an effort to reach out to students; I don't even know what she looks like. Her pages on elms were also pretty cluttered, but they gave specific enough instructions.",,,,,,,,,,
BSCI201_044,BSCI201,Nelson Bennett,2022,5,"Bennett is a good professor. Yes, he sometimes tells wildly inappropriate stories, but he explains concepts really well and his exams are borderline easy. Many people including myself were frustrated because he is not the professor we signed up for, but he really is not a bad professor or an unfair guy. Some reviews here are also just mad that he did not tell us exactly what question he was going to ask us on the free response which is unfair to even expect from him. He is really straightforward and you will have access to all of the knowledge you need for anatomy 1.",,,,,,,,,,
BSCI207_140,BSCI207,Nicholas Fletcher,2023,5,"dr. fletcher is so sweet!! he's an amazing professor and really explains so many concepts very well, making them both interesting and informative. lectures are recorded, there are concept checks and outside pre-work usually once a week (GAEs), and homework is graded for completion. while the slides were dense, they're always easy to come back to and relearn if you don't fully understand or miss a concept during class. the work is very manageable and dr. fletcher is the GOAT!! :D",,,,,,,,,,
BSCI222_190,BSCI222,Kimberly Paczolt,2024,5,"Coming from an average student who was scared to take genetics, Dr. Paczolt is honestly pretty solid. Exams are very fair, ELMS page is organized to perfection and SO easy to navigate, and the tutorials she made are the most helpful things ever. I had a hard courseload but she made it quite easy to study genetics. I got spooked at first from reading her Planet Terp reviews but tbh? I have no clue what most of these reviews are talking about. She had a hint of condescension maybe two times total during lectures this semester. But who cares? I have had MUCH worse professors. If you get Paczolt, no need to worry. You can do well in the class.",,,,,,,,,,
BSCI223_020,BSCI223,Erin Tran,2021,2,"Not a very engaging professor. You can tell that she likes to read off the slides. However, her exams were fair but lacked clarity and often not provide clear directions when it comes to assigments and projects. In hindsight, the class seemed to be all over the place.",,,,,,,,,,
BSCI330_095,BSCI330,Carmen Cantemir-Stone,2023,1,"She seems chill but the final lab project is actually rediculous. They give no explanation as to what to do, honestly so annoying",,,,,,,,,,
BSCI410_046,BSCI410,Louisa Wu,2021,5,"Dr. Wu is a very caring person and the most willing to help professor that Ive had so far at UMD. The content in BSCI410 was challenging but her putting up the notes on ELMS helped alot and there was plenty of office hours. Her and the TAs respond to emails very fast so its easy to get help on content/ HW when you are stuck. When I took it online you were able to go back and rewatch lectures which was definitely a positive. She offers extra credit for group work and other assignments and is very transparent in how the grading is done in the class. Make sure that if you have questions, ask Dr. Wu or the TAs and they will 100% help you anything. I would take this class again.",,,,,,,,,,
CHEM131_463,CHEM131,Amanda Schech,2025,5,"I ABSOLUTELY LOVE DR. SCHECH! First off, she has this incredible energy and enthusiasm for this subject that is very contagious and makes you want to go to class. Second, she is so good at teaching content and explaining things conceptually. She doesn't just tell us what to memorize but rather she explains why processes are the way they are. Chemistry in the past for me was always memorization, whether it was hybridization or bond angles in general, but Dr. Schech would thoroughly go through everything to make sure we understood. There are 3 self study assignments so that she can spend more class time on difficult concepts, but these assignments were really easy and she gave practice problems for them too. She also gives examples sometimes on concepts that could be tested on the MCAT or DAT, which I really appreciated as most of the people in my class were going into some pre-health career. Overall, Dr. Schech was one of the best professors that I ever had and I would 100% recommend anyone to take her class just to get her as a professor.",,,,,,,,,,
CHEM132_013,CHEM132,Christiana Guest,2021,1,"Extremely hands off. Her zoom sessions aren't even that helpful and her TAs are the only people that give any help whatsoever, and even my TA doesn't seem to know what they're talking about. The whole class is a mess and the grading is awful and done by TAs. If I feel as if I would do a better job than my professor and TA, there is a clear problem with the course.",,,,,,,,,,
CHEM135_369,CHEM135,Alice Mignerey,2025,1,"Bro, learned nothing from her. I just learned from ChatGPT. We got 37/80 average grades for exam3. Wtf?! The only thing she provides is ppt and super shining low exam scores and super high quality exam questions.",,,,,,,,,,
CHEM231_362,CHEM231,Lenea Stocker,2025,4,"I really like Stocker as a professor and the fact that her exams for the most part were pretty fair. She does go pretty fast in lecture but in my experience, is very approachable either at the start/end of class and during office hours. The one thing I didn't like was the fact that our grade only relied on your exams which can be pretty nerve-wracking. She only provides exam keys to 2 of her past exams which is annoying and she also doesn't post your overall grade/final grade cutoffs, also annoying. I don't really understand her hiding those like it's the recipe to her mom's peach cobbler and we are trying to steal it. But overall, I really liked Stocker as a professor and would recommend if there are no other options. Your grade might be better with a professor who has other graded assignments/extra credit.",,,,,,,,,,
CHEM232_004,CHEM232,Monique Koppel,2021,1,The online lab was a mess. Super disorganized and whenever people were confused she had a lot of attitude.,,,,,,,,,,
CHEM241_196,CHEM241,Lyle Isaacs,2025,4,"I honestly cannot believe I got an A in this course. I remember being so terrified the first week of classes because he started lecturing on the first day and I was already lost and all of my friends had Davis so I was freaking out. The night before the first midterm I literally considered withdrawing (thankfully I didn't). However, I grew to love his teaching style and found his lectures to be interesting. Isaacs is very passionate about organic chemistry and it definitely helped me stay focused during the 75 minute lectures. He can be pretty cold at times but he tends to throw in a few jokes when lecturing which lightens the mood. I've heard he's not the most helpful at office hours but I never went lol. You have to go to lecture for the clicker questions, and honestly if you don't go you will be very lost. I only missed maybe 4 lectures the whole semester and I felt it set me behind when studying. He included about 100 points of clicker questions, which were graded half for accuracy and half for trying. Each midterm was 200 points and the final was 300 points. There are no homeworks so no buffer. Averages were in the 50s-60s and the curve was pretty decent. I had about an 80 in the class, scoring roughly 70s and 80s on the midterms and final, and ended with an A (he guarantees that if you get at least an 80 you will have an A). I was hoping his curve would be a little bigger, sometimes he changes it, but I guess not last semester. His notes are very difficult to read and follow along with after lecture so I tended to mostly use the textbook and took notes on each topic to study. Sometimes the textbook uses different mechanisms than he teaches so make sure to double check things. He included 10+ previous exams WITH answer keys for each midterm which was extremely helpful. Here are my tips for success: -Start studying at LEAST a week before the exam. You can't cram for this class. -Go to discussion and ask questions. I absolutely loved our TA he was amazing and so helpful. -Take notes on the textbook to study. Do all of the practice problems at the bottom of the page. -If you can come up with your own practice problem or explain it to someone else, you probably know the material. -Learn all of the mechanisms for each reaction and make sure you can replicate them. -STUDY OLD EXAMS. This is absolutely key to success. The questions he uses on exams are very similar conceptually to old exams and sometimes even the exact same. -Don't forget about nomenclature. These are freebies on the exams if you study these. Make a quizlet and just go over them once a day if you can. -Go to GSS and office hours. Tbh I never went but I always attended the exam reviews from the GSS leader. I also did his worksheets from the sessions to study. GOOD LUCK!",,,,,,,,,,
CHEM271_167,CHEM271,James Rainbolt,2024,4,"I actually took Rainbolt for Orgo I and wasn’t the biggest fan of Rainbolt, but gave him a chance for Gen Chem II (since the only other option was Mignerey and I’ve never actually taken a course with her) and I’m extremely glad I did. Maybe I was a bit too harsh on him during Orgo I or he completely changed his lecture style over the past year but I absolutely love this class. There’s no homework, you have to purchase the module packet but it’s so extremely helpful and gives you all the information necessary to do well on the exams, there’s weekly quizzes that aren’t too hard (just makes sure to have your notes with you), and the exams are pretty fair. Rainbolt has also been posting previous semester exams to help us study which has been EXTREMELY helpful!! The only complaint I really have is that your grade is essentially all exams so it’s crucial you actually study and do well, especially if your class averages are relatively high and there’ll be little to no curve. I also have always enjoyed the pre lecture videos and am glad he’s kept doing those!! Overall really glad I took Rainbolt again especially since he’s become significantly better at navigating ELMS!",,,,,,,,,,
CMSC131_348,CMSC131,Kadin Fisher,2024,5,"Super enthusiastic and made learning feel fun. I had this discussion class in the Freshman Connection program and taught every Monday and Wednesday. We had 3 Labs and 3 Quizzes in the class but we were always prepared for them and Kadin went above and beyond the slides, showing on the whiteboard the behind-the-scenes of how coding works. If you had any questions, not even relating to coding, you could go up and ask him after class and it would not feel invading.",,,,,,,,,,
CMSC132_402,CMSC132,Nora Burkhauser,2024,4,"I would like to start by saying that I went to almost all of her lectures, and I saw a LOT of new faces at the final exam. She never intended to record the lectures, she didn't have to, she did it because WE asked her, she did her best to accommodate us. So if these students didn't feel like showing up to her lectures, that is on them not on her. I think she didn't record 2-3 lectures. When I took Pedram, he didn't record 2 lectures, so there is that. I am sensing a lot of these reviews are from students who didn't go to her lectures because there is a lot of misinformation in these reviews. She apologized for the second midterm, and besides that one, all of her exams were easy and exactly like the practice exams. I took her because I heard bad things about the other teacher and I made a risky decision to take a new professor instead of the one that has been teaching for years. I see a lot of A's for a teacher that has such bad exams. If she was as bad as all these reviews make her seem to be, then they had 2 weeks to switch to the other teacher (he had A LOT of open seats and does not record lectures), just saying. They were hoping for a NEW teacher who would have 10 years of experience of being a lecturer. Instead they got a NEW teacher that made some mistakes. Shocker. I am giving her 4/5 stars because she could have explained things a little better and because of the projects being delayed so much. To anyone trying to decide whether to take her or not, all of her mistakes were caused because it was her first semester, so they will probably not happen again. I think that she will be fine starting the fall of 2025, when she will have 2 semesters experience.",,,,,,,,,,
CMSC320_126,CMSC320,Maksym Morawski,2024,1,"He is a quirky guy who has his funny moments but at the end of the day, is a terrible instructor and comes off as incredibly arrogant and annoying. Yes, his lectures are engaging, but for all the wrong reasons. He rambles on about his work and personal experiences but ends up teaching very little substance as a result. He takes pride in his slides for being minimal, which isn't a problem by itself. But when you combine minimal slides containing useless information and formatting and an instructor who rambles on about pointless topics the whole lecture, then it becomes a problem. Exams are not fair. He tells us that to do well on exams we need to have a deep level of understanding of the material and to think outside of the box, which again, isn't a problem by itself. But he never gives us practice material to achieve that, as the homeworks are super straightforward and generally unrelated in concepts to exams, and doesn't teach properly enough to expect that from us. This is evident from our exam 2 average, which was 69 percent. Comparing that to Fardina's class (the instructor he was co-teaching with), which was 86 percent, it becomes comically unfair. He also never curved because of that exam even though he said he would. He said he instead ""compensated"" by making the final a bit easier, which is funny because our final exam average was still low at 82 percent compared to Fardina's 96 percent. At least CMSC320 isn't too difficult conceptually, with much higher weightage on homework, and less on exams, allowing many students, including me, to barely manage to get a good grade. I just feel really bad for people who were stuck with him for CMSC250 and/or will be for CMSC351, because those are objectively two of the most conceptually difficult CS classes students will take, with high weightage on exams, and Max will do everything to make it even harder for you.",,,,,,,,,,
CMSC420_107,CMSC420,Justin Wyss-Gallifent,2023,5,"Justin is slowly but surely making his rounds through the CS courses, and he taught 420 reasonably well. I will say, I've had Justin 3 times by now and its pretty standard what to expect with him: his notes are always AMAZING - makes it hard to want to go to class hehe; his midterms are usually easy (but watch out for the final!!!), and overall his homeworks are manageable and graded leniently. He had a few hiccups with teaching some of the content in this course, but imo that's to be expected since he's only jsut recently started teaching CS courses. This course also had some projects and they took time and effort, but definitely were no biggie. Love Justin, he's the goat!",,,,,,,,,,
CMSC424_010,CMSC424,Daniel Abadi,2019,3,Pros: Nice guy Lenient grader Listens to student's concerns Easy and fun material in the beginning Cons: Extremely boring lecturer The class material is extremely boring for the most part Towards the end of the semester the material becomes very difficult,,,,,,,,,,
MATH140_434,MATH140,Boyu Zhang,2025,1,"Took MATH140 with Boyu last semester. Good guy, awful teacher. Oftentimes had no clue what we were even doing in class because he would just mumble about some theorems and then do proofs on the board rather than explain what the hell he wanted us to do or how to apply what he was trying to teach. Coming back to post this because I thought I was genuinely just dumb or something, but now that I'm in Calc 2 and having lots of success, I can confidently say that the ONLY reason I struggled AT ALL in MATH140 was because of Boyu. ABSOLUTELY AVOID. DO EVERYTHING IN YOUR POWER TO GET A PROF OTHER THAN BOYU. YOU WILL REGRET IT IF YOU TAKE HIM.",,,,,,,,,,
MATH141_472,MATH141,Hussain Ibdah,2025,1,"garbage. hard to hear, not good at explaining topics. messy notes. calc 2 is one of the hardest classes here and he doesn't help.",,,,,,,,,,
MATH240_290,MATH240,Owen Guch,2024,5,Owen is an S-tier TA. He goes out of his way to hold additional office hours. He does examples which are similar to the problems you will be tested on. He’s really good at math and a nice person. He works really hard and he got burnt out towards the end of the semester but still held office hours even after reading day. He’s truly one of the best TAs I’ve ever had. If you get Owen you’re lucky and can expect a smooth linear algebra class.,,,,,,,,,,
MATH241_463,MATH241,Manoussos Grillakis,2025,3,"Oh Grillakis, how much can we beg for your mercy? We don’t want to spark some major controversy Lectures feel like a drag with all of the mumbling And our exam grades are tanking and tumbling Each class in the Armory only brings misery When we ordered Math and got Physics Delivery I love physics too, but we’re here for Calc 3 Our souls are just waiting to be home and free Sometimes my friends make mistakes on exams After all the cramming and last-minute jams Regretting their errors inside of their dorms That’s why this class needs some major reforms It seems partial credit is rare with the Grill And the GPAs begin rolling downhill The TAs don’t seem to help out very much And I’m crying, suffering, and thinking a bunch When tests are the only grades saving our hiney And MATLABs only make things a little shiny Thank heavens, there exists that beautiful curve Or else all our grades would fall, undeserved Anyway, onto the review… MANOUSSOS GRILLAKIS: The course’s structure was very questionable this semester, and with Grillakis’s lectures being somewhat subpar compared to other professors, you should definitely consider taking another section. The extra quizzes and homework are worth it as others are saying. LECTURES (Rating: 1/5): These lectures were abysmal. The class GroupMe agrees. It’s as if he’s mumbling at the board, writing physics problems instead of going over multivariable calculus. If you don’t do some sort of self studying, you will be g r i l l e d on the exam (pun intended). DISCUSSIONS (Rating: 3/5): Discussions are alright. The TA spends time going over around 4 practice problems during the class. They’re usually from the textbook or review guides. If you don’t need help and can do all the practice problems easily, then you have no need to go to discussion as nothing is collected and graded. HOMEWORK (Rating: 5/5): Besides three exams making up 93 percent of your grade, there were three small MATLAB projects to boost the grade. They are pretty easy if you follow the directions but they get harder as you delve into 3D plots. Finish them early and prepare for the exams. EXAMS (Rating 2/5): Oh dear goodness. You better lock in for these exams, lucky dorm dwellers. One question is worth nearly six percent of your grade. A single wrong move and poof! Thankfully, the class is curved with 15% cutoffs for letters and +/- (example: 70% is a B-; you need 55% to pass the class). So one bad day can’t necessarily hurt you if you’re looking to pass. But if you want an A, you need to try. OVERALL RATING: 2.75/5 Structure for Fall 2025: Entire course out of 430 points Exam 1 (100 points) Exam 2 (100 points) Final Exam (200 points) 3 MATLABs (30 points)",,,,,,,,,,
MATH246_298,MATH246,Antoine Mellet,2024,5,"Great teacher, he's very organized, knows how to explain new concepts easily. Gives plenty of practice that prepares you for the midterms and final. Accent really shouldn't be an issue for anyone. His TAs were also goated, shout out to Seth!",,,,,,,,,,
MATH310_004,MATH310,Kathryn Truman,2010,5,"Dr. Truman is a very energetic and knowledgeable instructor. She is also an academic adviser, so if you take class with her she will know your strengths and really know what kind of schedule you can handle. Teaching wise she knows what she is doing and she makes herself available via email if you ever need extra help. 310 was a pretty easy class up until the last section when we started calculus proofs. She is definitely one of the best 310 instructors at CP, I am going to try and get her to teach me 406",,,,,,,,,,
MATH401_040,MATH401,Raluca Rosca,2022,1,"After a few weeks, the entire class went downhill. I went to the lectures, but you do not need to. Very easy class. She started getting lost in lectures while reading from the textbook and sometimes just showed the textbook on the projector and read from it. We were expected to have 200 points of homework, but we were only assigned 2 or 3 in the first month, and then she stopped doing that. 2 exams, with in-person and take-home portions. Group works were fine, just had to go to them, and almost always got full credit. The exams were extremely fair compared to previous exams for the course, but we were always assigned the in-person portion weeks later than expected. The second take-home portion was released late and made due on reading day. The worst part of this class was that no exam grades have been released and I just took the final. Not one. Weird.",,,,,,,,,,
MATH410_048,MATH410,David Hamilton,2022,5,"He is overall a good professor. He doesn't really know how to break the material down for others to understand and only explains the way he knows best. If you go in for office hours that is where you'll be able to understand everything because he breaks down the proofs even more (showing more steps). I remember there being about 3 questions on the midterms and they are kinda like hit or miss. If you get 2 questions completely right then you pass the exam. His exam reviews are helpful in a sense because it is set up just like the exams. All in all, if you pass 2 exams you basically pass the class. There is also a huge curve but I'm sure that is only if he sees that you are really trying to understand the material.",,,,,,,,,,
PHYS260_120,PHYS260,Michelle Girvan,2024,2,Just take Hailu for your own good. Her lectures leave me more confused than if I didn't go.,,,,,,,,,,
PHYS270_017,PHYS270,Hailu Gebremariam,2009,4,"Dr. Bantu is a very nice, easygoing professor who made PHYS270 a relatively easy experience. He's a rather dry lecturer, but he cracks jokes in lecture occasionally to wake up the many sleepy, bored students. However, his class was not too hard., especially compared to the other professor, Jenkins. The tests were straightforward (except maybe the second one, which almost no one finished), and the final was not even cumulative! MasteringPhysics was the homework system used and there was always help available if you knew where to look. There were quizzes in lecture at the end of each chapter, but most of the time you did not really have to go to lecture since he posts lecture powerpoints online. Also, discussion is useless. My TA always went on tangents that usually ended in him talking about Maxwell's equations, which was irrelevant to most of the topics we were covering. The worst part of this class is the lab which counts for 25% of the 270 grade. Fortunately, we only had it every other week, but my experience was awful since no one knew what he or she was doing and the TA couldn't speak a word of English and explain anything! Overall, definitely take Bantu over any other PHYS270 professor!",,,,,,,,,,
STAT100_157,STAT100,Matthew Griffin,2024,1,"I actually hate this man and this class more than I have EVER hated a class or professor. He treats his students like children and constantly reminds us with his narcissistic comments about how he's ""trying to do everything in his power for students to do well in his class"" but won't hand out the class activity to someone who is even 5 minutes late. There is zero point in going to his lecture because he complains for 3/4 of it, and the other 3 seconds he leaves for students to complete his class worksheet. He then says if it's not handed in that very second students receive a zero. At first I had some empathy for this man, but he offers none to his students so I'm done holding my tongue. This class is NOT an easy A, it is more brain power than I've had to exercise for a course in a long time and I am a junior. I hate this class. SAVE YOURSELVES AND DO NOT TAKE A COURSE WITH THIS MAN.",,,,,,,,,,
STAT410_035,STAT410,Mestiyage Gunatilleka,2022,5,"The tests were crazy the averages were 90+ and this class was very bearable with him, would recommend.",,,,,,,,,,
BSCI160_514,BSCI160,Bill Fagan,2024,1,"Bill Fagan is the absolute worst professor I have had the disprivilege of being taught by. Before taking this course, I did take a look at the PlanetTerp reviews. At that point, there were only three that had a lot of good things to say about him. After taking this class, I'm convinced he wrote those reviews himself. He does technically curve every exam as they have 108 questions but are graded out of a 100. However, the exams are so tricky to the point that this curve nor does the two page cheat sheet helps. He does not do a good job at teaching. He claims he is trying to build better relationships with his students and does a ""lyric of the day"" related to the content, but it is so hard to enjoy this class due to his teaching style. Attendance did go down throughout the semester solely because he reads off the slides, claims there is no trick questions, then we are faced with trick questions. I've genuinely studied for every exam, along with making my cheat sheet, and left feeling horrible about myself after every one of them. His TA's really are great though. Best and only part of this class was his TA's.",,,,,,,,,,
BSCI170_236,BSCI170,Eric Haag,2025,2,"Dr. Haag is a kind and approachable professor, but I found his teaching style to be challenging for an entry-level biology course. The exams are heavily weighted, and while there are in-class worksheets and concept checks that offer “free points,” they don’t do much to support your grade if you struggle on the exams. He does drop the lowest midterm, which is helpful, but there’s no curve, and the final exam is cumulative, which makes it difficult to recall the 25+ topics. I had to spend hours teaching the material to myself outside of class. Office hours were helpful, but overall, I think more structured support or review opportunities would have made the course more manageable. If you're someone who likes independent studying, you might be fine, but if you prefer more guided instruction and balanced grading, this class may be tough.",,,,,,,,,,
BSCI171_004,BSCI171,Swarna Mohan,2020,2,"The professor herself did not really engage at all especially in the virtual setting and she did not provide much clarification. On the flip side, the class itself was not too hard to get a decent grade although the workload for it was too much for a 1 credit class. The TAs I had this year was a lenient grader and gave good clarification on assignments.",,,,,,,,,,
BSCI201_043,BSCI201,Nelson Bennett,2022,5,"I really enjoyed this class. He does tell inappropriate jokes throughout his lecture, but it kinda helps you remember lecture content better. The objectives are pretty pointless. The exams are very doable if you attend every lecture and are constantly studying the new material. I also recommend making a practice exam for yourself for the final.",,,,,,,,,,
BSCI207_139,BSCI207,Nicholas Fletcher,2023,5,"Would recommend taking Fletcher. He tries to make lecture engaging and is very enthusiastic about the material. For assignments there are a few homeworks, which are challenging but not too difficult, concept checks after every lecture, and the group worksheets done usually once a week or once every two weeks. The exams are very fair and he allows a note sheet for each one. In lecture he also explains the topics beyond just what is written on the slides and records his lectures which is very helpful for studying. Great teacher!",,,,,,,,,,
BSCI222_189,BSCI222,Kimberly Paczolt,2024,2,"I took Paczolt in Spring '24, and honestly, if you can, take 222 with someone else. This class had way too much information, and for exams, you had to remember concepts down to the exact term to get points. On top of that, she’s pretty condescending—not just a “bad day” thing either. I went to her office hours once and never again. Paczolt focuses more on memorizing random details than actually understanding the big picture, and her exams were just plain hard. Oh, and good luck figuring out where you went wrong because she doesn’t post answer keys—you’re expected to “hunt” for them yourself! This class was rough, but if you push through, you'll make it. It's a shame that for such an interesting topic, you need to tolerate a professor who fails to instill that passion for it.",,,,,,,,,,
BSCI223_019,BSCI223,John Buchner,2020,1,"Maybe because the course is online due to COVID, but his way of teaching does not make sense at all and he assigns too many assignments per week. His major assignments (PAKs) are genuinely useless and needs EXTRA (I mean whole new) research just for those assignments. His lecture videos are very brief and not at all detailed, so basically useless for all the assignments. His research box assignments, which we have to read a research article per week and analyze, are way out of our league and not at all related to the course. So, basically I have wasted my semester reading and doing shits that are not even related to the college-level GENERAL microbiology. I don't know who else teaches this course and about their ratings, but DO NOT (I MEAN IT) DO NOT TAKE BUCHNER IF YOU WANT TO LEARN ABOUT MICROBIOLOGY.",,,,,,,,,,
BSCI330_093,BSCI330,Sergei Sukharev,2023,1,"Awful professor. Says ""I will only give extra credit to students that deserve it"" after everyone completed it. And the extra credit was by no means easy. You have to use an outdated program to analyze molecular structures, and he gives you no support or help. Also at the end of the semester, the grade distribution was absolutely bonkers. Some people got a lower percentage in the class, but they somehow received a better grade. Mentions nothing about the curve, completely disorganized, and cannot teach to save his life. DO NOT TAKE!!!!",,,,,,,,,,
BSCI410_045,BSCI410,Louisa Wu,2021,5,"Dr. Wu is such a caring person and she is one of my favorite profs at UMD. BSCI410 can be challenging in terms of content, but Dr. Wu does a lot to help students do their best. Lecture slides are posted and lectures were recorded, which made exam review a lot easier. Dr. Wu can go quite fast in class, so watching the recordings helped me go back and re-listen to different slides. Also, Dr. Wu is really great at answering questions in office hours or over email. Also, there are a few extra credit opportunities that I highly suggest taking advantage of because they really helped me in the end. Overall, if you study hard, ask questions in office hours, and do the extra credit, you can get an A in BSCI410.",,,,,,,,,,
CHEM131_462,CHEM131,Lee Friedman,2025,1,"Do not take this course with this professor. If you can take it with anyone else, do it. If he is your only option make sure you have a lot of time to go over his material, but at that point consider taking it with a different professor the following semester. His exams do not reflect what is taught in the class, and there isn't a curve. Go to GSS, do the homework, go into office hours, do all of it. His posted notes are not legible, so make sure you go to every single lecture. If you get anything from this review, TAKE THIS COURSE WITH SOMEONE ELSE.",,,,,,,,,,
CHEM132_012,CHEM132,Christiana Guest,2021,1,"If I could give negative stars I would. Christiana Guest should have her teaching degree suspended. She was the WORST i repeat the WORST professor I have EVER had. She shouldn't even be called a professor. The class suspects that Christiana doesn't actually exist, and rather UMD chooses a random student with zero chemistry experience to act as Christiana Guest because they couldn't find anyone else. To begin, this is a one credit course. However, it has the amount of work as a 4 credit class. To put it into perspective, my TA explicitly said to me midsemester, ""This is a one credit course? Why do you guys put so much effort into this?!"" I spent more time on this lab as I spent on my actual chem lecture class. Be prepared to spend hours on top of hours every week Lets talk about the midterm. Everyone fails it thats just how it is. My TA basically told me not to even study for it because everyone fails and there's no point and when we looked at him with concerning faces he said ""Lets just put this into perspective, I failed both my midterm and my final and I'm your TA so you guys will be fine."" In any of your classes has your TA blatantly said that they failed their exams???? Another thing, Dr. Guest only has one hour slot of office hours herself, which she usually only shows up for about 10 minutes for, with her camera off, and its during my actual lab section so i have zero way of commuciation with the so called ""professor"". and you must go to if you have an issue with grades as she does not answer emails. I logged onto the zoom, (her camera was off!!) and one student mentioned an issue he had with a grade. He mentioned how he has emailed her every day for the whole semester about the first assignment that he has a 0 for. She simply responded, ""Why are you only telling me this now?"" with her camera still off. I came to her with another issue after emailing her every day for a month because I had missed a lab due to religious holidays and I hadn't heard back from her or the TA. She again didn't have her camera on and her response to me was ""why didn't you title the email to be more urgent?"" Hmm I don't know, maybe it's because in her syllabus it says specifically to title your emails a specific way or else she won't see it. She even told me ""I get too many emails so I can't respond to my students."" I'm sorry but what's the point in having an email and having specific instructions in your syllabus for emailing you if you don't check your emails to begin with. Now lets move on to the pre labs. The pre labs were on lockdown browser and there were automatic answers they were looking for that were usually wrong, so even if you got the answers right, it was graded wrong. As a result the average on the pre lab quizzes were usually between a 2-3 out of 10. She hasn't done anything to fix this. The questions were completely arbitrary, something we never learned and had zero clue how to do. Also, we had 10 minutes to answer 10 questions of something we have never seen in our life before. She claims that the pre lab videos will teach you how to do this, but do not watch them!!! This will be the biggest waste of your time!! Again, putting into perspective, you watch the video and thoroughly study it, read the lab, waste all this time, take the quiz to realize you know nothing on it one bit. Moving on to the labs. The labs had the most difficult and time consuming questions. They were graded extremely harshly and arbitrary, each TA grading it however they want. It's based on luck which TA you had. This class doesn't have anything to do with hard work, hard work does nothing for you in this class, it solely relies on luck. Randomly everyone's grades went up because everyone was doing so poorly. However, it was a game of chance how much your grade would go up. Some went up 2 percent, some went up 15 percent, it happened out of no where with zero explanation. STAY CLEAR OF THIS CLASS. IT IS THE WORST CLASS I HAVE EVER TAKEN AND I HAVE NEVER HATED MY LIFE MORE. But, because you all have to take it as she is the only option for this lab, all I can say is best of luck.",,,,,,,,,,
CHEM135_368,CHEM135,Shane Collins,2025,5,"Sure, he may just read off the slides. I don't see a problem with that. He's polite and is pretty good for answering questions. His discussions are very helpful for understanding topics that he rushed through in lecture. Nothing spectacular, but nothing bad either.",,,,,,,,,,
CHEM231_361,CHEM231,Bonnie Dixon,2025,5,"People say she's mean & to take Hirschauer because she is easier, but both those statements are false. Dixon's exams are related to exactly what you did for homeworks and for class. She is a great lecturer, who moves fast at times, but the slides are always posted & you can ask questions in office hours. You NEED to watch CAN which is recorded & posted if you miss it, & you NEED to go to office hours if you want to do well on homeworks & thus the exams. Office hours are better than discussion, because Dixon can answer more questions directly than the TA Lilly can, & she encourages you to work together which allows you to think it out, share answers, exchange #s, & have a sense of community. She gives TONS of extra credit so it is very likely to get a 100, but to get all extra credit points you need to join a study group because the assignments are haaard. She tells lots of stories that relate to what is being learned to help students remember things, & because she has been teaching for a while she knows exactly how to help students. Don't get me wrong Orgo is a really hard subject, and you have to work on it most nights of the week, but Dixon is a wonderful professor to have teach it!",,,,,,,,,,
CHEM232_003,CHEM232,Monique Koppel,2020,1,Dr. Koppel's lab was a mess! The lab videos were not helpful. You had to go to several office hours to understand how to do the labs. The final was AWFUL (less than 50% average) and not on anything we covered. She's super strict so don't think about cheating. Thankfully she did a huge curve at the end because she knew everyone failed her final.,,,,,,,,,,
CHEM241_195,CHEM241,Lyle Isaacs,2025,4,"In my opinion, orgo 2 is a lot harder than orgo 1. The only difference is that you’re already exposed to the material so you probably figured out how to study for the class. That being said, no matter which professor you get, you’re going to have to study a lot regardless. Isaacs reuses a lot of questions from practice exams (which he gives you all the way back from 2011), or will change questions to require the same/near identical steps. I still recommend watching additional youtube videos on content and practice problems (my favorite are That Organic Chemistry Tutor and Organic Chemistry with Victor). 80% or higher is a guaranteed A-/A/A+ and I got an 85% which was marked as an A. Make sure to stay on top of studying because clicker questions in class are partially graded on accuracy. If Davis is available, I’d say you’re better off getting an A with him but I still found Isaacs to be a really great professor.",,,,,,,,,,
CHEM271_166,CHEM271,YuHuang Wang,2024,5,"Fantastic professor! He is fair. His class utilizes the homework, power points and the textbook. For the exams, at the beginning of each power point there are chapter objectives. These chapter objectives match the questions he is going to ask on the exam. There are no gimmicks nor are there surprises, what he teaches is what he tests.",,,,,,,,,,
CMSC131_347,CMSC131,Aaron Kyei-asare,2024,5,"Took CMSC131 in the Fall 2024 Freshman Connection program and was really well. I had prior knowledge of computer science so the class was really easy except I never learned what memory maps and how to draw them so that was a little hard to understand at first. I think the best to compare this class would be to an AP Java Computer science class and if you put in the effort and want to learn you could pass the class. For the assignments, we had 5 projects, usually with a 2 week deadline and were really easy if started early and could get help online on Piazza (class could ask questions to the professor). There were also 3 different quizzes during the discussions but the TAs would usually go over what will be on it and will set up for success. There were also 3 midterms (final yet to take) and the second mid-term was super long which I was not expecting and had many questions that were just wrong so it had to have been curved a lot. I think Aaron could've put a little more effort into teaching the class because sometimes it would feel self-paced. There were also a lot of days were class was cancelled for no reason when non freshman connection courses would be 2-3 weeks ahead (project wise).",,,,,,,,,,
CMSC132_401,CMSC132,Larry Herman,2024,5,"Larry is a great professor. It is true that he speaks slow sometimes and I can understand if people find it boring, but overall I think he is great at explaining subjects. If you go to lecture you can trust that he will teach you everything you need to know. MIdterms and Final were fair + he gave a lot of good practice material beforehand.",,,,,,,,,,
CMSC320_125,CMSC320,Maksym Morawski,2023,4,"The class with Max is generally straightforward, especially the programming assignments; the homework on SQL and Pandas borders on trivial, and the later assignments simply require using some Python libraries and can be completed with the help of a wealth of online tutorials. A couple assignments involve writing a report, and while they can be graded rather subjectively, it's simple enough to manage a decent grade on them with a few hours work. Our final project was released quite late, and thus was reasonably easy and minimal in time required. The exams are designed to be open ended and make you display true conceptual understanding, as opposed to simply regurgitating material from the slides; it's not clear how effective this model was, as the averages on the first midterm were very high but were below a C for the second. Regardless, all the exams are doable if you really think about what Max is asking you to answer (rather than assuming what he is asking based on how a normal CS exam might go). Max is prone to going on tangents while lecturing, keeping track of his idiosyncrasies can be annoying when trying to submit work that meets his standards, and his slides are wholly unhelpful; in spite of all of that, if you follow along in class and spend a few hours studying for the exams you'll be fine. I ended up enjoying Max's teaching style as a whole, even if it could sometimes be strange or frustrating. Recommend.",,,,,,,,,,
CMSC424_009,CMSC424,Nicholas Roussopoulos,2018,2,"Very outdated class. My class average was a 50% and I got above that just by cramming before tests/quizzes. The final project this semester required us to make an android app and node js server, none of which even had to implement all of the advanced things we learned. Slides are also mediocre and literally just ripped from the book. I feel like I learned all of the important stuff with one the first 5 weeks then the rest of the course was just needlessly complicated and not very useful.",,,,,,,,,,
MATH140_433,MATH140,Shin Song,2025,5,"Best calc 1 prof at UMD. I've not once gone to a lecture, just taught myself everything (I haven't taken any kind of math class in 3 years). It's not an easy A of course, but it's manageable and her exams are so fair. The only thing I used to study was the discussion worksheets, chatgpt and the study guides. Her exams don't stray away from these. You don't need to go to lecture IF you can actually hold yourself accountable and put 2-3 hours of studying in every week. 25%ish of your grade is from discussions, so you need to go to those, but you shouldn't be losing any marks there the quizzes are very easy and worksheet answers are gone over in class. And the online homework isn't a pain, you just need to submit 10 of them with a 60% or better to get full marks (and there's like 30 opportunities). Takes me about 20ish minutes to get to a 60% and then I stop because they're not super helpful for me personally. Exam averages were around 75% each. Hardest to easiest exam (IMO) was 3 -> 1 -> 2 -> 4",,,,,,,,,,
MATH141_471,MATH141,Anna Szczekutowicz,2025,5,"Dr. Szczekutowicz is a model instructor. She gave me everything I needed to learn Calculus 2. Excellent lectures that concisely and clearly explained every unit, and always had examples that introduced the more difficult problem types. She always gave us problems that prepared us for the upcoming exam, a trait that I feel is critical for a class like MATH141. Her exams her very fair, and I felt like she wanted me to succeed the entire time. When I went into office hours to get help, she didn't just answer my question, but helped me 'think' about how to best use the toolbox of integral solving methods. I got a 88% on the final, and I could not have done it without Dr. Szczekutowicz as my teacher. If Dr. Szczekutowicz is listed as an instructor for any future course I take, I would pick again her in a heartbeat.",,,,,,,,,,
MATH240_289,MATH240,Shin Song,2024,1,"Would put a 0 if I could. Lectures are out of the textbook and weekly quizzes aren’t that hard, but she is a bad teacher. Bad examples, doesn’t really “answer” any questions, puts out very few sample exams/reviews, and she doesn’t really explain a lot of the important things of the class. If you take this expect to have to learn on your own.",,,,,,,,,,
MATH241_462,MATH241,Manoussos Grillakis,2025,1,"Genuinely awful professor. Lectures are theory heavy and do not prepare you at all for the exams. They are not worth going to. There are no homeworks or quizzes to boost your grade, making it harder to pass the class. If you unfortunately have to take him use Justin Wyss-Gallifent's notes to self study. Discussion can be helpful with a good TA.",,,,,,,,,,
MATH246_297,MATH246,James Conway,2024,3,"This may be a problem with the course in general, but the textbooks used were almost useless, the lectures were quite surface level to the point where you essentially had to rely on memorization to solve the problems that were asked, and the final was based almost entirely on the stuff that required the most memorization. Also, the professor was quite difficult to ask questions to, and most times when I asked a question he would give a half answer.",,,,,,,,,,
MATH310_005,MATH310,Kathryn Truman,2009,5,"Kate was one of the best math instructors i have ever had. She went over anything and everything that was on tests. Tests were straight forward and about 90% of test questions were hw's. she gives 15 free points before exams with ""group quizzes."" If you stay on top of hw's you will completely fine and get an A",,,,,,,,,,
MATH401_039,MATH401,Raluca Rosca,2022,2,"Very nice person, kind-hearted, and often has a bit of humor. She clearly understands the material, but it seemed a few weeks in the class started to die down and her reviews started to make sense. Although for MATH401, the class is not particularly difficult (due to easy material and maybe Justin's notes (which the course is run on) being fantastic, so it does not matter the teacher), she made it quite frustrating. We were told to expect some 200 points of homework assigned (one every other week or so), but we were only given 3 assignments and they were all at the start and only on the first few topics. We also were told to have 2 exams with in-person and take-home portions, which we did get, however, the take-home portions were released weeks after she said they would be and the second one was due 4 days before the final. She was extremely lenient with the due dates, but that does not matter as NO EXAM GRADES WERE POSTED for the entire semester. I am not sure if this was her fault or that she did not have enough help, either way extremely aggravating.",,,,,,,,,,
MATH410_047,MATH410,Denny Gulick,2022,5,"I loved Denny and his attitude. He makes the class fun. Weekly pop quizzes (usually on Fridays) and homework due every class. Sometimes the homework can be hard, so find a study group! Mine got me through some tough homework problems. Memorize and understand the major theorems he teaches-- he calls them one, two, and three star theorems, ranging in importance. Quizzes usually ask for these theorems, or a definition, or a T/F question, or an easy computation problem. Memorize these theorems, please. I didn't do well on some quizzes due to sheer laziness in not studying except for exams. Totally my fault here-- he really makes these quizzes easy, honestly. He gives old exams to study with a few days before an exam, but if you ask him to share them earlier, he will. His exams are very similar to old ones-- usually the same ideas are tested, and there's usually one or two problems that are the same as the old exam, just the numbers or function is changed. He also hosts review sessions before each exam, which is nice. Do go to these, he will answer all your questions and do as many proofs as you ask of him.",,,,,,,,,,
PHYS260_119,PHYS260,Michelle Girvan,2024,5,"She is one of the better professors I have had here. She is super accommodating of students and will extend assignments deadlines for the entire class if a couple students need extra time. She was very understanding and supportive of my ADS accommodations as well and she really tried to remember who I was which I thought was impressive considering there's like 100 people in my lecture section and my attendance wasn't the best. While ExpertTA sucks, she acknowledged its limitations, didn't penalize feedback on the homework attempts, and I felt that she really worked with the students to make it a better learning experience by giving a breakdown of what we could expect from each problem on the homework. She emphasized conceptual problems on the quizzes (which are open note) and equation derivations during lecture which really helped reinforce the core concepts. Lectures are confusing sometimes if you don't do any sort of prep ahead of time but literally just take 5 minutes to skim through the textbook synopsis at the end of each chapter before lecture and you'll be fine. The great thing about how she has the class set up is that if you miss a couple lectures, you won't get hopelessly lost as long as you attend office hours, review the slides, and actually read the textbook explanation after. Her exams are also not abnormally difficult considering it's physics. You just have to be smart about how you prepare your equation sheet and what you practice. If you put 3-4 hours of extra practice in before your exam and review the practice exam in office hours/tutoring, you'll be fine, especially because she is very generous with curving. Like, I passed the 2nd midterm (which is the harder one) and I straight up didn't study for it or attend lecture for a while leading up to the exam (would NOT recommend doing this, I was just out sick). Overall, she's a very informative and kind/helpful professor teaching a course that covers a lot of concepts that aren't particularly intuitive. Take her score here with a massive grain of salt and keep in mind that her PHYS260 class has like 200 students between both sections and very few of them actually leave reviews, even if they have good experiences.",,,,,,,,,,
PHYS270_016,PHYS270,Hailu Gebremariam,2009,4,"Bantu is a really nice guy and a decent lecturer, although he can be kind of boring. He goes through the material pretty slowly, which means his tests end up covering less material than usual for 270, so they are not very difficult in general. He grades very fairly and I think there was a curve at the end of the semester. He usually does one pop quiz a week, but the questions are so easy (as long as you have the equations written down). The Mastering Physics hw is not too bad, especially since he gives you 5 chances to answer each question correctly, with no loss of credit until the last chance is used up. The only really annoying thing about Bantu was that he never emailed us when he posted assignments, so you basically have to check Blackboard constantly to see if there is a written assignment and you have to check MP to see if there is a new online assignment. Overall, Bantu is definitely one of the better physics professors.",,,,,,,,,,
STAT100_156,STAT100,Matthew Griffin,2024,1,"This professor is extremely strict about whatever he can think of. He takes attendance for the first and second half of class. For example, if you're 5 minutes late, you're going to be marked absent by an amp (assistant TA) for the first half of class. Attendance is also taken for every discussion (to get you to attend) with some TA's who don't even enjoy teaching or helping with the coding, making it pointless for you to go for help. Every week you are expected to complete multiple MyLab homework assignments, readings, and coding projects which the professor cares about the most. He calls out students who walk into class with headphones on or hoodies up and honestly treats the class as if they are misbehaved middle schoolers. You can try to reach out about being absent, but you need a properly excused note from the doctor or school. It is often suggested that you attend his office hours just to get a response. I highly recommend staying away from this professor because although it might be ""an easy A if you do your work"" it is not worth the mental strain. This course should not be as overwhelming as it has been and is treated as if it should be prioritized over other courses considering the heavy workload and repeated expectations. The professor also emails his expectations every single week! Good luck!!!",,,,,,,,,,
STAT410_034,STAT410,Terence Long,2022,5,"Very cool guy and standard lectures. Follows the textbook to a tea which is great if you fall behind in lectures or want more examples. Generous cutoffs with A being a 90%+ as well but I often found the lack of practice material before exams not great. Sure there was the textbook but there were plenty of examples that were too convoluted or too simple to show up on an exam. Other than that, Terence was great. If you have the option, take Terence.",,,,,,,,,,
BSCI160_513,BSCI160,Bill Fagan,2024,5,"There are a lot of negative reviews for Fagan, but I had no biology experience since freshman year of high school and had a great experience in this class. He will add buffer points to exams (for example having 108 points possible on an exam but only grading out of 100, so above 100% is possible), and even added a few points curve to some of our midterms. Not only that, but he allows two full sheets of paper front and back each as notes on the exam... plenty of space, if utilized, to have notes on anything you need to remember from the lecture. There are reviews that criticize him for ""reading directly from slides,"" but then some criticizing that he will add concepts that he talked about in class that weren't directly written down. Both of those can't be true at the same time, and in my experience the slides that he also posts for viewing on your own time as well are a great tool to have, but you have to go to lectures (missing one won't be the end of the world) and that's also kind of the point of an in-person class. There are also assigned readings, which admittedly I didn't even do unless I was having trouble with a concept, but I would guess that people who are struggling in this class didn't use this at all. There were only 5 homework assignments, very doable with the TA's available over email for extra help, and never took me much more than an hour. Some took fewer than 30 minutes. I am aware of many people doing them last minute the night before they were due, which I would just never recommend because then there is far less time to receive help if you end up needing it. I'm not sure if people who had bad things to say about Fagan were just not showing up, not paying attention or just taking notes straight from the slides. I can say that there was a noticeable drop in attendance after the first week, and he even showed us in the beginning of the semester grade distributions for those who attended nearly every lecture vs those who did not. Again, even though attendance isn't graded, this is college. Just show up twice a week. I feel as though I didn't have to go above and beyond to do very well in this course. I just showed up, listened and took notes, and used the resources he gave us (and even then sometimes did bare minimum). The TA's were also very helpful, and do deserve a shout out as well. This is not a throwaway class, and if you are in a science major you will likely face so much worse than this very manageable class. I'm not sure what others were expecting, but based on my personal experience I would absolutely recommend Dr. Fagan for BSCI160.",,,,,,,,,,
BSCI170_235,BSCI170,Michael Keller,2025,1,"I HATE this man. He talks too much about the same things every class. He gives us 5 exams with no curve and no dropped exams. His worksheets and quizzes rarely helped with the exams. His exams are difficult and no matter what you do, there will still be something on there that you did not study. He also offered no study guide or review whatsoever for the final. We had to try to cram everything into our brains without knowing what we were actually going to need for the final. There's no reason he cannot give a list of topics covered on the final. I wish I never took his class.",,,,,,,,,,
BSCI171_002,BSCI171,Swarna Mohan,2020,1,"During this Spring20 semester as bio171 lab has been online, this lady (as the head of the department) was a NIGHTMARE to deal with. She thought that by opening up a discussion thread she would be able to answer all questions students had in an efficient way. As students, we assumed she would be answering all our questions and trying to be as helpful as possible as moving a lab online is very difficult for students to manage as much as the TAs. But NO. She was of NO help when you asked a question in the discussion thread, and just tell you to refer to a different page, when we already didn't understand that page in the first place. Overall, I wish I never had the chance to have to work with this lady, as she was very bad with communicating and helping her students during this semester. Just horrible!",,,,,,,,,,
BSCI201_042,BSCI201,Nelson Bennett,2022,3,"Dr. Bennett is an interesting professor who can sometimes make individuals uncomfortable. He is one of those professors you like or absolutely despise, depending on your personality. Dr. Bennett can be pretty difficult to contact, so if you need extra help, I would recommend building a relationship with your TA. This class is very straightforward with just exams. He does not curve, which is normal for these classes and can make classes boring. As a lecturer, he is very boring and can crack some uncomfortable jokes. During lectures, he draws a lot of diagrams which is helpful, but when he just goes over slides, it can be unorganized. His topics do not always align with lab, so it can be pretty repetitive or annoying trying to study 2 different topics. Honestly, I don't show up to lectures often, as I found myself dozing off or losing concentration in class. I would recommend just going over the slides and the objective page he provides on your own time, which is very helpful. His exams are straightforward, so as long as you understand his objective sheet, you'll be ok. Cramming for this class before exams can make this class extremely difficult, so I would recommend putting a moderate amount of effort into studying this class. Overall Dr. Bennett is not a spectacular professor, but not the worst. As long as you find the topics interesting and have good time management and studying strategies, you'll be fine. This class has ALOT of memorization, so make sure to take notes, make flashcards, and practice. Be prepared to work your ass off if you want an A.",,,,,,,,,,
BSCI207_138,BSCI207,Nicholas Fletcher,2023,5,"Probably one of the best professors i've had. He actually cares about his students and always comes in with a smile, which does more than you think if you're having a stressful day :). I would love to take him again. My advice is don't try and memorize the powerpoints. I would write almost everything on the powerpoint on my reference sheet and it would barley help. This is because he wants you to have a good understanding of overall concepts, rather than trying to memorize a bunch of facts. Great class, if you do the work, it is easy to succeed with Dr. Fletcher!",,,,,,,,,,
BSCI222_188,BSCI222,Kimberly Paczolt,2024,1,"She did not help at all and she was very dismissive. She is not approachable at all. There was an error made while grading my exam adding up points, and when brought to her attention, she said she would need a regrade because she could not read the number of points given, but couldn't regrade because I did my exam in pencil. Perhaps if the number was written clearly, a regrade wouldn't be needed? The discussion also was kind of unrelated, and the project didn't really add to the learning in that class. The exams are pretty hard to study for because wording is very tricky. The lecture is also so boring and puts everyone to sleep. Probably one of the worst professors I've ever had.",,,,,,,,,,
BSCI223_018,BSCI223,Erin Tran,2020,3,She was pretty average. The class mostly depends on lab points. The exams she gives are pretty difficult but I've heard they're better than Buchner's. She kept things clear and relatively easy to understand.,,,,,,,,,,
BSCI330_092,BSCI330,Kenneth Frauwirth,2023,5,"During the semester I took this course, I had a lot going on and ended up having to make up 3 of the 4 exams. Dr. Frauwirth was always incredibly understanding. He also records lectures, so if you miss any or were just confused, you could still keep up with the class. I found his lecture style incredibly helpful and could not recommend him more!",,,,,,,,,,
BSCI410_044,BSCI410,Louisa Wu,2021,5,"Dr. Wu is a super caring professor and tries really hard not to overextend material onto her students esp in how a tough a time the pandemic has been. Her wording during lectures can be a little confusing at times, but for a 400-level professor she's extremely available and makes it easy for students to ask questions during office hours and before and after class to clarify material. The material at the beginning can be kind of dense, but she gives a lot of extra credit opportunities (which involve fun real world applications) to boost up your grade. It's definitely not easy material, but Dr. Wu does her best to make it relatively easy to get a good grade.",,,,,,,,,,
CHEM131_461,CHEM131,Lee Friedman,2025,1,"Literally dropped out his course His tests are wayyyy different from the old exams he provides Goes super-fast when lecturing so unable to keep up GSS only helps if you understand what went on in class and can build off that He expects you to get things instantly then moves on quickly Curve is high but you have to be in the range which is extremely difficult because he only gives 9 questions on a test if you get one question wrong, you're cooked, does give partial credit but the questions are super long and time consuming GSS people are really nice thats the only reason theres one star He has this thing against phones won't post the notes if he catches people on it calls them out Hes very old school and not funny even though he tries to be Will not adjust his teaching methods, doesn't record his lectures or does slides if you get a <40% on the first with him, drop out instantly don't get a W DONT TAKE THIS CLASS WITH HIM If you got stuck with him like I did pray, go to gss, go to office hours, pray, watch videos, if you think you have that topic covered you don't go over it 3 more times and look for different aspects of that topic, tests are extremely unfair",,,,,,,,,,
CHEM132_010,CHEM132,Christiana Guest,2021,1,Definitely not a good professor because she makes the course more difficult than it needs to be. The final exam dropped most people I know's grades by a letter grade!,,,,,,,,,,
CHEM135_367,CHEM135,Samuel Lascio,2025,5,"he's honestly a really great professor and a very chill, down to earth guy. the class is just soooo hard but I think I would be doing just as bad with any professor LOL. super hard class but def a great professor. he also responds to emails really quick and thoroughly which is nice.",,,,,,,,,,
CHEM231_360,CHEM231,Bonnie Dixon,2025,5,"To start with the negatives, the course ended up being a lot more work than I had expected (not really a negative just an error on my part). Her HW and extra credits are also very difficult, and her notes can be a little messy at times. On the other hand, I found her to be very good at explaining the concepts in class, and she provides an incredible amount of resources to help you succeed. She puts a lot of time into helping her students do well, so if you use your resources, you'll be fine. If you can understand the HW and extra credit on your own, her tests will be a breeze, and the extra credit can give you 12% on the test, on top of the 15-20 point curve she already applies. In all, the class is a lot of work, but Dr. Dixon wants to see you succeed and will help you as much as you need along the way. Many people don't like her because of how difficult her class is, and while she likely is the hardest orgo teacher you can have, you'll be all the better for it by the end.",,,,,,,,,,
CHEM232_001,CHEM232,Frederick Khachik,2014,4,"I had him for lab, so I cannot give an accurate review of him as a professor, but here's what I thought of orgo lab: I hate lab, mostly because the order in which information is learned is completely unrelated to the order in which things are learned in class, and the lab textbook does a really shitty job of explaining concepts, but the professors can’t really do anything about that. Memorize the review guide the professor sends out before the midterm and the final, because they’re hard and the average is usually pretty low. Khachik gave out an incredible curve at the end of the semester, but don’t count on that. I screwed up both my midterm and final but did well on my labs so I still managed to get an A.",,,,,,,,,,
CHEM241_194,CHEM241,Jeffery Davis,2024,4,"Dr. Davis is the sweetest man who truly wants every student to do well in Orgo II. To be honest I only went to around 5 lectures over the course of the entire semester because I didn't really find them helpful (and it was an 8 AM)-- his lectures are kinda disorganized, slow-paced, and focused on the wrong things at times. I self-studied the entire course from the textbook and Dr. Davis' lecture notes (which he posts immediately after each class). Honestly I'd recommend this approach because his teaching is pretty aligned with the textbook content and the practice exams do a decent job of preparing you for exam questions. His TAs (particularly Nick) are also amazing and go out of their way to help students and hold review sessions! As for grading, Dr. Davis offers a generous curve- an A (no minus) was 90% and there was some extra credit, as well as the option to drop 1 out of 4 exams (including the final). I appreciated how quickly and transparently everything was graded and I thought the design of Dr. Davis' course is very fair and generous overall.",,,,,,,,,,
CHEM271_165,CHEM271,YuHuang Wang,2024,1,"i took this professor after reading the reviews thinking he couldn't be that bad, but omg. I'm sure he's a lovely person and he's definitely very smart, but he could not lecture in a way that allowed me to understand the material. i genuinely struggled more in this course than i did in organic chem 1 or 2 and i fully believe that is the fault of the professor. i stopped going to lectures once i realized that the topics discussed were rarely related to the homework, and they were impossible to stay awake in. the practice problems were useless as they were never fully worked out, and the posted lecture slides didn't include solutions so i couldn't use them to study. the only way i managed to pass this course was by attending the GSS sessions and completing the online homework, which sometimes provided feedback for incorrect answers. also, it didn't help that the TA was even more unorganized and i didn't learn anything from discussions either (but still had to attend because i needed those participation points lol). it's really unfortunate that the instruction was so bad because i feel like the material shouldn't have been as hard as it was. the exams were rough, and the class typically averaged around 50-60%.",,,,,,,,,,
CMSC131_346,CMSC131,Elias Gonzalez,2024,5,"Great professor. The only thing I would say though is that he does go through the material pretty fast and that during the mid-terms there would always be a mistake, but besides that he knows what he is talking about and is overall a great guy. There are 3 mid-terms (8%, 12%, 12%) and a final exam worth 18%. As long as you do well on the coding assignments, labs, and quizzes you don't have to score crazy good on these exams to get an A. btw he FILLS UP SO FAST for 132 because everybody knows he's a great professor, so if you are hoping to take him for 132 you can only hope that you have enough credits to register earlier than most.",,,,,,,,,,
CMSC320_123,CMSC320,Maksym Morawski,2023,3,"My opinion: He is not that bad as some of the 1-star reviews state, and also not as good as some of the 5-star reviews. He taught the class in a way that was different from what one would expect. The subjects taught in class are very simplified, so students are encouraged to do outside research on what you learn in class. The projects were really fun for me as for some of them we were free do implement them how we wanted to. On the other hand, the exams were quite difficult and required us to expand on what we have learned in class to a large extent.",,,,,,,,,,
CMSC424_008,CMSC424,Daniel Abadi,2018,4,"Good Professor, kinda boring to listen to during lectures but the material is interesting. Willing to listen to students about concerns with the class and will actually do something to address these issues. Exams are pretty hard though, but he curves them enough.",,,,,,,,,,
MATH140_432,MATH140,Jonathan Fernandes,2025,5,The professor realy break it down for us. The class is though si you need this kind of profesor who love what he is doing. He was very patient to answer all my questions. Will recommend 100%,,,,,,,,,,
MATH141_470,MATH141,Jaime Paradela,2025,4,"Jaime is a great teacher. While his lecture style is a little dull, he explains the content thoroughly and his office hours are very helpful. They were often pretty sparsely attended, so when I went to his office hours, I basically had one-on-one tutoring. He was very open to students asking questions and I felt like I could much better understand the content with his explanations outside of class. If you don't want to put in that effort, then maybe he's not the best teacher for you, but I really enjoyed learning with him over the course of the semester.",,,,,,,,,,
MATH240_288,MATH240,Owen Guch,2024,5,"Best TA I've ever had. Gave amazing explanations, positive, kind, clear, knowledgable, and always helpful during office hours. Wish he taught the class. Should consider being a lecturer.",,,,,,,,,,
MATH241_461,MATH241,Kendall Williams,2025,1,DO NOT TAKE THIS PROFESSOR. Genuinely the worst class I’ve taken in my life. Never gotten less than 80s on exams before and his averages r like 40-50. Barely curves and his lectures r so boring and he just writes notes for you to copy. Exams r all hard word problems and u need to spend 10 hours studying to barely pass.,,,,,,,,,,
MATH246_296,MATH246,Alice Wang,2024,1,"I took this professor’s class a while ago at a community college and do not recommend her, whether at UMD or otherwise for the following reasons: - The course was poorly organized, with exam dates not correlating with the end of the specific units. - The recorded lectures felt unnecessarily long, and weren't created specifically for an asynchronous class. - The class was uncurved, which is atypical for a differential equations class. - Four lengthy exams were crammed into the final two-thirds of the winter session (about three weeks of a five-week ""semester""). - There were only two days between the last midterm and the final for the winter ""semester."" - In my interactions with her, she was patronizing and acted like anything she did was a favor for her students; she was also more preoccupied with self-exculpation than helping her students within the scope of assigned job duties. Overall, the entire experience was a hellscape.",,,,,,,,,,
MATH401_037,MATH401,Lutian Zhao,2022,5,"Zhao is new here but he makes the course very clear and easy. HWs are super helpful and do-able. Go to class and practice a little bit, then you can get an A. Take it!!!",,,,,,,,,,
MATH410_046,MATH410,Denny Gulick,2021,5,"MATH410 is regarded as one the four toughest math classes at UMD. However, Denny does a fantastic job at teaching the course and makes the material much more straightforward compared to MATH310. There are 3 homeworks each week and a pop quiz. While this is a pain it keeps you on track for the course as there is a lot of definitions, theorems and arithmetic to learn. The quizzes are usually very easy and ask to state a theorem/definition (the ones he stars in class), a 2 sentence proof or basic arithmetic. The exams are 5 questions each with 2 parts and can be a time crunch but are manageable as well. He will ask you to state theorems/definitions (again the one he stars), arithmetic and more in-depth proofs. In general he takes half of your lowest midterm, drops 1-2 quizzes and does a curve at the end of the semester, midterm averages are in the 70's. In order to succeed in this course memorize the theorems/definitions as well as how the proofs work and you can get at least a B. This class can seem very daunting to math majors but Denny does a great job at teaching it.",,,,,,,,,,
PHYS260_118,PHYS260,Hailu Gebremariam,2024,5,"As someone who struggles with physics heavily this class is certainly difficult and I am going into the final unsure if i can make the B :( That said Hailu is a good professor. Super straightforward, no curveballs, exams test students' aptitude in a fair sense. He will curve but only if the averages fall below a normal distribution. I also have never gotten any sarcasm/condescension from him as some of these reviews say. He may be monotone but he also cares about doing his job well and wants students to succeed. In fact I was in a bind with having to miss one of the exams and he was very understanding and accommodating to me. TLDR: If you get Hailu, you will be fine!",,,,,,,,,,
PHYS270_013,PHYS270,Konstantinos Papadopoulos,2009,3,"It only requires V5 but actually uses V3,4 and5. Does not make sense to buy 3 books. Try the full volume(ISBN:0805389601)! It will be a lot cheaper.",,,,,,,,,,
STAT100_155,STAT100,Matthew Griffin,2024,1,"By far the worst prof, I have ever had. All he cares about is attendance, and during the lectures this takes up at least the first 20 minutes. DO YOURSELF A FAVOR AND STAY FAR AWAY FROM THIS GUY!",,,,,,,,,,
STAT410_033,STAT410,Terence Long,2022,4,"i liked long's teaching and he explained everything pretty well, but the class wasn't well organized. there were no notes online, and i missed a week due to covid so it was a bit hard to catch up. also, he never answers emails and would constantly post homework later than he said he would. however, his tests were reasonable. tl;dr pretty good teacher, horrible organizer.",,,,,,,,,,
BSCI160_512,BSCI160,Emily Bruns,2024,5,Very nice but lectures have participation points. Drops the final or lowest midterm grade. Very good professor and actually likes what she teaches. Would 100% take this class with her again. Exams were pretty easy if you master the practice problems she gives on canvas and use the study guide.,,,,,,,,,,
BSCI170_234,BSCI170,Eric Haag,2025,1,"Imagine trying memorize and understand 30 topics in a 60 slide. Impossible espcially for someone who is taking Chemistry at the same time or other similar courses. Concept checks and pre-quizzes are just a tiny bit helpful, not to retain knowledge but to get a grade booster, even though I tried to understand what any of the questions mean with my burnt-out brain. I feel like everything on the slides and the exams are written very complicatedly. Mitosis and meiosis, DNA replication; the Amoeba Sisters on Youtube explained it all better and simpler. It is ""Intro to Bio"" we don't need all those extra terms and crap, I had to teach myself most of the time. TAs aren't really needed for this class except exam days. He doesn't curve. I can't believe I wasted so much tuition money for this useless class.",,,,,,,,,,
BSCI171_001,BSCI171,Swarna Mohan,2020,1,This professor did not care about the students while going through a rough time in S20,,,,,,,,,,
BSCI201_041,BSCI201,Nelson Bennett,2022,1,"If you have the opportunity to take anatomy with another professor, do it. Bennett makes this class A LOT harder than it needs to be. He bounces around with his slides in lecture which can be very confusing, and he tries to make jokes throughout the class, but they are very uncomfortable. The objective lists that he provides for each unit does not cover all of the material that will be on the exams. And the most frustrating thing that Bennett does is that he will tell us specific things that will be on the exams and that we should spend a lot of time studying, but then when we are actually taking the exam, the things that he told us that are important aren't even on there. I highly recommend that you put in 110% into this class by consistently reading the lab manual and going to GSS each week if you want to get a decent grade in this class.",,,,,,,,,,
BSCI207_137,BSCI207,Karen Carleton,2023,5,"Dr. Carleton is very kind and tries to make the class interactive by asking students to answer the questions and there’s an activity once a week where you work with others. Her lectures are recorded and she posts the slides with the content. If I didn’t have her at 9am I would’ve gone to class more often lol, but she’s a good professor. She also allows a cheat sheet for exams",,,,,,,,,,
BSCI222_187,BSCI222,Kimberly Paczolt,2024,5,"Dr. Paczolt is a great professor, who provides many opportunities for her students to succeed. She has many completion assignments (including practice exams) & extra credit opportunities for students to boost their grades. Additionally, she has an entire website with practice problems and explanations for some of the more difficult topics. On top of that, she records lectures, posts YouTube videos, and makes topic outlines for each unit. Additionally, before each exam, there is an exam review in discussion. I think a lot of people give her a hard time because the course content is difficult and there's a lot of it - but that isn't necessarily her fault. It is a 4 credit class on a difficult subject, so you can't expect it to be easy. It takes up a LOT of time. I didn't talk to her much one-on-one, so I can't speak to whether she is condescending or not. Based on what I've seen in lecture and the few times I've asked her questions, she seems to be a very enthusiastic and passionate professor. Also, there was NO FINAL for this semester. There were 4 midterms, but they were non cumulative. However, I will say that I strongly disliked gene lab. It seemed unrelated to course content & a waste of time. My TA was a harsh grader, so it was dragging my grade down a bit as well.",,,,,,,,,,
BSCI223_017,BSCI223,Erin Tran,2019,1,"Has no idea how to teach. All she does is read the slides (everyone in college can read on their own thank you!!!!). Mandatory clicker points so you much show up to hear her read. Nice person, but other than that, pretty bad teacher.",,,,,,,,,,
BSCI330_091,BSCI330,Sergei Sukharev,2023,3,"I took this class very late in my college career, so I had already taken mammalian physiology, genetics, molecular genetics, biochem, and many other very hard classes. You could imagine my surprise when this class, which only prereq was one intro chem and bio course, ended up pulling from all of those classes and more and was one of the hardest classes I've taken. Luckily I was able to get an A due to the knowledge I gained from previous classes, but I couldn't imagine what it must've been like for the younger students who had no prior knowledge of any of these concepts before. I understand it was his first year teaching this class and he is used to teaching like 700-level courses, but the students shouldn't have to suffer for that. I think he was nice, but i hope if he teaches next semester, he tries to clean up and simplify the course because it was way too advanced for what the course should have been. I do think that ppl didn't take advantage of his office hours enough tho, if you went after you got an exam back he was very generous with giving points back if you explained and fought for your case, it definitely gave me to boost to get the grade I got.",,,,,,,,,,
BSCI410_043,BSCI410,Louisa Wu,2021,5,Dr. Wu is so caring and makes herself available through office hours and Piazza. The material can be difficult so definitely take advantage of office hours and the textbook. She also offers extra credit and just generally wants you to succeed.,,,,,,,,,,
CHEM131_460,CHEM131,Frances Stump,2025,2,"Don't take her unless you are ready to rely on external sources. She sucks at teaching; She goes super fast for the hard topics and soooo slow for the easier topics. I know that it's only her second semester teaching, and she's a nice person but she isn't organized. She prints her slides out, writes down notes on the slides, and then posts the notes. She talks a lot during the lecture, but it's really hard to keep up with her and she doesn't record her lectures so you can't even look back on what we learned in class. She does post her notes (that she drew/wrote onto the printed slides) but they don't connect really well. Her tests tend to be really hard and if I'm being honest, there's a lot of content on the test that we never properly learned in class or that she completely skips over and expects you to learn on your own. Overall, great person but not a great lecturer!",,,,,,,,,,
CHEM132_009,CHEM132,Christiana Guest,2020,2,"Definitely not the worst professor, but she definitely makes the lab course more difficult than it needs to be. While the labs themselves were fine (the TAs ran them), the other assignments like pre-lab quizzes and the final exam were usually poorly written and hard to understand, with multiple typos. She also did not post answer keys for them after you took them so that you could understand your mistakes. She can also be difficult to communicate with, and is strict with email formatting. That being said, she still explained material well in review sessions and Panopto lectures, and overall seemed like a nice person. She also gave a rather generous final grade curve.",,,,,,,,,,
CHEM135_366,CHEM135,Alice Mignerey,2025,1,Never take this teacher. Only reason Im kinda gonna pass is because of TA Matt. If you have to take her with no other choice Im sorry and lock in. Her practice exams are either super helpful or are a fakeout from the actual test. Slideshows are useless and her lectures are terrible.,,,,,,,,,,
CHEM231_359,CHEM231,Lenea Stocker,2025,4,"Although I have not done as well as I had wanted to in this course, it is not Dr. Stockers fault. Her exams I believe are fair and I just made many many stupid mistakes on them because I rush during exams. I took Stocker for gen chem and I did well, ending with a B+. Her teaching style is the same for both courses, where she moves fast during lectures trying to cover anything, but she will answer questions during lecture if you raise your hand. Also she will give time before and after lecture if you need to speak with her about something. I was never able to attend her office hours because they conflicted with another class, and it does kind of suck that she won't change her office hours or make exceptions but I get it because she has young kids and doesn't need to be in her office all the time. She does not post her notes or record her lectures so make sure if you miss class you have a friend covering for you. She also only does exams so make sure that you study, please! She has TONS of practice problems and practice sets, all of which have answer keys. However, her old exams don't always have answer keys, but there are always one or two that do. Despite what other reviews say, she does give a list of things to study about a week before the exam and most of her exams follow the examples given in her practice problems sets for specific topics, like resonance or reactions of alkenes. She also does LOTS of practice problems with the class, which is incredibly helpful, and if you don't understand something, just ask and she will explain it again. The TA is really good and he answers questions fully during discussion. I think that if you have her, as long as you study, you will be okay :)",,,,,,,,,,
CHEM241_193,CHEM241,Lyle Isaacs,2024,3,"Isaacs is not the greatest at teaching the content. However, he is candid about the content of the exams. You have to do textbook problems, read nomenclature from the textbook, and do as many practice exams as possible. He provides like 10 practice exams per midterm, but none for the final. Also, the midterms and the final are very fair. The curve is 50% to 80% is a guaranteed B or C. And above 80% is a guaranteed A. I do believe he strays from the curve sometimes, but only in a way that benefits everyone.",,,,,,,,,,
CHEM271_164,CHEM271,YuHuang Wang,2023,1,"You guys. Please. don't take professor wang. Although he is very intelligent and very very nice, you will not learn in this class. I had to spend hours outside of class teaching myself concepts that he went over in lecture because he is unable to teach. He does very few example problems and skims over very important topics. he is also very bad with communication unless you come to him in person. I have written him several emails he has yet to respond to. His accent is also very very strong and it can be difficult to understand at times. The exams are basically reworded questions from the textbook which was nice as it always felt super familiar, however, they do not give any partial credit on exams. There have been questions where i have gotten almost completely right but because of a small error, it would deduct me full points. this was too much stress for a two credit class...",,,,,,,,,,
CMSC424_006,CMSC424,Amol Deshpande,2018,5,"Very nice professor, willing to work with his students. His projects earlier on in the semester aren't a joke (unless you've already studied python and django). So much stress in finishing each project, but it really hammered in the concepts for databases. I would recommend this course, but probably not to final semester seniors.",,,,,,,,,,
MATH140_431,MATH140,Jonathan Fernandes,2025,4,"The guy is a little disorganized but he really does care for your success in the class and will stay to talk to you after lecture to answer all of your questions. Sometimes there will be typos on worksheets (that the TA usually corrects in discussion) and he will give a class-wide extension for his mistake. As long as you don't completely bomb an exam (like less than a D), you will be saved by your worksheet and homework grades. They're time consuming, yes, but they serve as good review for exams anyways. The TA will walk you through 1 or 2 problems in discussion so you only have about 3 problems left when you go home. As others have said, he's really not all that bad. Just go to lecture, discussion, and if needed office hours. You'll be fine.",,,,,,,,,,
MATH141_468,MATH141,Anna Szczekutowicz,2025,5,"Fantastic professor and explains concepts very well. Only negative interaction I ever had was when asking if she was going to post sample final exam solutions to study. She found this very rude and made me very aware of that fact, saying she wouldn't and to solve them myself (I had not asked her to solve them for me). Sample exams and solutions are available, as I got them from other friends, so just ask around from friends in other courses if you can't find them in the test bank. Just try to be respectful when talking to her and the class will be great.",,,,,,,,,,
MATH240_286,MATH240,Shin Song,2024,5,For her first year being a professor I personally think she did a great job. Her teachings were right out of the textbook so if you didnt understand it you could look in the textbook to help yourself out. She also posted her notes after lecture which was helpful for studying. She had a weekly quiz in discussion but if you understood what was taught in lecture it was really easy and just like a problem done in class. Her exams weren't the easiest but if you do her practice exam and look over your work you will be fine.,,,,,,,,,,
MATH241_460,MATH241,Kendall Williams,2025,1,"The one good thing about Dr Williams is that his lectures are pretty good, and he generally explains topics well. However, he makes the tests unnecessarily hard. The average on the first midterm was a 45%. The questions are much harder than anything you'll see in class, and they are all word problems. You should take any other professor if you want a chance at doing well in this class without it taking up your entire life.",,,,,,,,,,
MATH246_295,MATH246,James Conway,2024,4,"246 is a difficult class with so much content, but Conway makes it manageable. He lectures very clearly and he goes through many example questions. There are 4 Matlabs, but each took no more than 30 minutes. Midterms felt very fair. This may be an issue across 246 due to the amount of content, but it often felt like Conway would lecture too fast and it felt difficult to keep up with him. I'd look down at my notes for 5 seconds, and by the time I'd look up, he'd written a whole page on his iPad. Another issue with 246 (not necessarily with Conway) is that I felt way too rushed on the final exam, along with many of my peers. Multiple people I know couldn't finish it because there were so many questions.",,,,,,,,,,
MATH401_036,MATH401,Lutian Zhao,2022,5,"Does a pretty decent job at explaining concepts but can go too fast but he will slow down if you ask. There is no final exam only a final project that I think most of the class got an A on. Homework's only have 2 problems due once a week. Practice problems reflect what will be tested. Overall highly recommend taking him for this class, it was as close to an easy A math class as you can get!",,,,,,,,,,
MATH410_044,MATH410,Lei Chen,2021,3,"A little disorganized in lectures, so there is maybe a 30% chance you will not know what she is talking about in class. She always answers questions, so if you are confused ask her a question. Her office hours are much more helpful than the average professors office hours. The homework's are pretty difficult, but as long as you can do her exam reviews, the tests will not be hard at all. She genuinely does not want anyone to fail the course. Her whole motto is that MATH410 is for learning, not failing so as long as you can show that you have learned material, you will pass. The 10% curve at the end was also helpful. Not the best, but far from the worst.",,,,,,,,,,
PHYS260_117,PHYS260,Michelle Girvan,2024,4,"Exams are long if not also difficult but you get a note sheet and a curve. So study hard and go to office/tutor hours. There’s weekly HW and Quizzes that can be tricky if you don’t study or go too fast. Professor Girvan seems to really care about making sure things are in detail and took a lot of time this semester to listen to students. I struggled the most with connecting lecture to online work to exams, but overall solid Physics III class",,,,,,,,,,
PHYS270_012,PHYS270,Konstantinos Papadopoulos,2009,2,"Not a great professor. He can't really teach and has an accent. Just try to learn from the book, doing MasteringPhysics, and discussion class.",,,,,,,,,,
STAT100_154,STAT100,Matthew Griffin,2024,1,"By far the worst professor I have had in my time at Maryland. He cares more about students not wearing headphones, being on their phone, wearing hoodie or hat, attendance then he does about actually teaching the material. I have never experienced a professor like him. Someone must have hurt this man because I have never seen him smile. He walks around the lecture hall and will press you out to finish an activity assignment and will threaten to give you a 0 while standing over you unless you turn it in. And if you take this class you literally cannot have a family emergency, have cancer, religious holiday, etc because he does not give a ****. He will doc you points for a missed lecture. Long story short this man takes half of his lecture filling out google forms and paper forms to confirm that you attended his lecture. I would recommend this class for people who want to inflict mental pain on themselves. Otherwise I would stay away",,,,,,,,,,
STAT410_032,STAT410,Mestiyage Gunatilleka,2022,5,"He has an amazing grasp of the content and his lectures were great in my opinion. He is usually very good at answering questions as his understanding and teaching ability are up there with the best I have had here at UMD. Homework is meant to challenge you, but the grading is very generous if you give a good attempt. Exams are much easier and are more closely alike to the more simple examples gone over in class. Looking at the other reviews, definitely expect to spend some time on homework as you usually need a deep understanding to get to the solution, but he often helps. He gives extensions if you ask or enough people ask. Another review said he does not tell you where you are in the book, that may have been true in the past, but this semester he always told us where we were, and if you just ask what example it is he tells you. I assume he doesn't write it on the board every time because chances are most people wouldn't need to know it. Also, I want to give credit to him for being mature about distractions in our class as it was often interrupted.",,,,,,,,,,
BSCI160_511,BSCI160,Bill Fagan,2024,1,"Hey Bill. Girl, you have done it again—constantly lowering the bar for all of us, and doing it flawlessly. I’d say I’m surprised, but let’s be real: you lied on day one when you claimed, “I never ask trick questions.” Or how about when you ask the class a question and everyone sits in silence because half the class already knows better than to show up for your mindless recitation of the slides? Oh, and don’t think I forgot about the homework, Bill. I don’t think I ever will forget how spectacularly poorly worded it was, asking us to rearrange population equations using differential equations that you genuinely typed and said ""I'm cooking with this"". Speaking of “poorly worded,” let’s not skip your exams that remind me of having psychosis at midnight in the middle of the woods. My favorite moment? The question asking, “Where in these regions is there a desert?” followed by options like Algeria and Kenya. Kenya and Algeria, Bill? When exactly did you teach us about Africa's geology, and did you know they both have deserts? I would rather be stranded in the Sahara with no water than have answer that question again. While we’re on the topic of questions, can we talk about your idea of “help”? Elizabeth and Charlotte, the TAs who carried this course on their backs with the care and competence you apparently couldn’t muster, were sent from heaven. Why were you such a brat (not in the good way) to your TA's Bill? Did they snatch your weave before the semester started? Meanwhile, your sole contribution to my exam stress was strolling by as Charlotte was actually helping me and dropping this gem: “Oh well, do better next time,” before catwalking off to add absolutely nothing of value. Bill, lick my soles. I also want to take a moment to celebrate how relevant BSCI160: Ecology and Evolution will be to my Cell Biology and Genetics major. I can’t wait to apply these vital lessons on desert geography? Also Bill, what heroin did you give the pre fall 2024 students? There must have been a mistake on the nameplate or something, as I see no real reason to give this man any five star review. Ultimately, Bill, I’d love to end on a high note and call you a good person, but oh well, do better next time.",,,,,,,,,,
BSCI170_233,BSCI170,Eric Haag,2025,1,"he's a nice guy, but don't take his class because its really hard and the exams are hard",,,,,,,,,,
BSCI201_040,BSCI201,Nelson Bennett,2022,4,"Bennett is definitely an interesting guy... but I've actually really enjoyed his class - he is constantly making real life connections to lecture content and I feel like he moves at a good pace. He does skip around the slides a lot but if you go through after, all the information is there that you need to know. The exams are a lot of information but that's expected of anatomy - if you put in the effort that you know this class is going to take, his exams are actually quite manageable and pretty easy. He's decently good at simplifying concepts, and his drawings during class help to visualize structures and their processes. I recommend him as an anatomy prof, just be prepared for some really cringy, out-of-pocket jokes.",,,,,,,,,,
BSCI207_136,BSCI207,Nicholas Fletcher,2023,5,"Literally the best professor I have ever had. He cares about his students so much, and wants all of us to do well in his class. I hope to have him again for BSCI370 because he makes me enjoy the class, and his teaching style makes everyone enjoy coming to lecture. If you have a chance to take a class with him, do it.",,,,,,,,,,
BSCI222_186,BSCI222,Kimberly Paczolt,2024,1,"Please do not take this professor. She is not accommodating at all, rude to approach, does not answer questions in class at all, and is just overall not a good person. She makes her classroom environment so so awful, students will ask questions and she just makes them feel stupid. If she is the only option for BSCI 222 you will get through, but just know her character is the worst part about her, the class itself has interesting material but her as a person is just awful!",,,,,,,,,,
BSCI223_016,BSCI223,John Buchner,2019,4,"Buchner makes lectures very interesting and connects material to real-life examples, which made everything easier to understand. It definitely helps to have at least a little background in biology, because a lot of it I've seen before. His first exam was really hard and I failed, but after that, I got As on the second exam and the final. Study the PAK material. His exams are so long and you have to budget your time really well if you want to finish. The lab is a decent amount of work, but it's an easy boost to your grade if you submit everything on time. It's not super hard to get an A in the class, you just have to focus on the bigger concepts when studying. I do recommend Buchner, just be ready to put in the time for a 4 credit class!",,,,,,,,,,
BSCI330_090,BSCI330,Sergei Sukharev,2023,3,"His teaching style was not really the best for my learning. Although I did well in the class, I had to spend an insane amount of time preparing for exams. Although I hated every second of this class, I did learn a lot. He is a nice, quiet guy.",,,,,,,,,,
BSCI410_042,BSCI410,Vera Stupina,2021,4,"Dr. Stupina was very knowledgeable and overall a good professor. Her lectures were very dense, but she was happy to review concepts in office hours. Her homeworks and exams were not too hard. I did not think there was a language barrier. I would recommend her for BSCI410, but I would suggest previewing the lecture slides ahead of each class.",,,,,,,,,,
CHEM131_459,CHEM131,Frances Stump,2025,5,She is great imo. Very easy to understand and fair grading. It was easy to study for exams with her study guides and she was very lenient and nice.,,,,,,,,,,
CHEM132_008,CHEM132,Lenea Stocker,2020,4,"Pros: One of the easier STEM labs you'll take. I'm not saying it's easy, but in comparison to other poop courses, it is. The exams are manageable and fair if you study and review your notes. Cons: A lot of work.",,,,,,,,,,
CHEM135_365,CHEM135,Shane Collins,2025,4,"He was a fine teacher. He just kind of read off the slides but he answered questions if needed. Overall, the class is mostly just looking over the notes and doing the homework. He allowed for a notecard on the exam which was helpful. Just make sure you study!",,,,,,,,,,
CHEM231_358,CHEM231,Sonia Hirschauer,2025,2,"Ignore all the past reviews because they are completely irrelevant. She is SO overrated, and her class is insanely difficult. She posts these practice problems, but no matter how much of her practice you do, her exams will kill you. I have spent days in the library this semester, and when I finally feel ready to take the exam, I have no idea what to do. Take anybody else.",,,,,,,,,,
CHEM241_192,CHEM241,Lyle Isaacs,2024,2,"Only reason he doesn't get a 1 star is because he's a little bit better in his office hours. But overall his teaching style is very slide based. One day we had another professor cover his class and that was the most I ever learned in one of his classes. A 50% is guaranteed to be a C, so that should tell you how bad the exams are, you study for hours and days only to get a C on them which ends up not being that bad but you have barely any clue what your grade is until the end of the year. He teaches like you're on of his grad students with years of chemistry under your belt, do yourself a favor and go with another teacher if you can.",,,,,,,,,,
CHEM271_162,CHEM271,Andrei Vedernikov,2023,4,"I am not that great at physical chemistry lol but shout out to Bryan the ta for hosting the most amazing review sessions and sending them out to us as recordings. saved my ass fr. stopped going to class few weeks in, slides did not help imo but provides some context. youtube lol. Dr. V is nice and he just talks very softly. sit in the front if you do go. lectures are not recorded. homework on pearson due every week just about. he really does like going into theory behind the problems but might not go through a problem. can tell is a professor who really likes the subject he teaches. i stayed up pmuch whole night studying for final. DO THE PRACTICE EXAMS!!!!!",,,,,,,,,,
CMSC424_002,CMSC424,Nicholas Roussopoulos,2011,3,"Very tough class. He is a funny guy and knows his material, but expect everything to be self learning through reading the disastrously insane textbook as well as his lengthy slides. 2 homeworks (5%), 2 SQL Assignments (10%), 1 Project (30%), 1 Midterm (22%) and Final (33%) The class project involves scraping web data for a topic he chooses. Everything else is done on your own. Midterm and Final is extremely long and tough even for the TA to finish with the allotted time. No curve. If you are the ""C"" type of CS student who puts in <=60% and expect to pass then expect to get murdered in this class. No pusssyfooting or you WILL get stomped on and tossed aside with a D or F.",,,,,,,,,,
MATH141_466,MATH141,Anna Szczekutowicz,2025,5,Anna is an amazing professor. She understands how difficult calculus 2 is to comprehend and makes sure to teach you all of the difficult problems as well as give you challenging problems on the worksheets. Anna explained and broke down every topic to it's roots. It is clear how much she enjoys teaching the class along with her in-depth understanding of the subject. -Exams were difficult but never threw tricks at you -Lots of homework -TA's were super helpful,,,,,,,,,,
MATH241_459,MATH241,Jiwoong Jang,2025,5,"Professor Jang is incredibly kind, his class is relatively easy, and he really cares. His exams are easier than all the other sections. He prepares you well for exams and works hard to explain the material and help students. He is also a very nice and actually very funny professor. The other reviews are wrong, you certainly should take this class.",,,,,,,,,,
MATH246_294,MATH246,Pablo Cedillos,2024,5,I had Pablo as TA for Math 246 in the spring. Everyone in my discussion loved him. He taught well in discussion. He is a really nice guy.,,,,,,,,,,
MATH401_034,MATH401,Allan Yashinski,2022,5,This class is one of my favorite math courses I've taken. It takes linear algebra and shows various applications for it. Allan did a great job in lecture explaining the concepts. The homework's were representative of what was discussed in class and Exams represented the homework's. Groupworks were very helpful for practice and helped to clear up and confusion you may have. Overall class wasn't too difficult and if you study for exams you can easily get a B.,,,,,,,,,,
MATH410_043,MATH410,Stefan Doboszczak,2021,5,"The best math professor I've ever had, even better than Justin. I was prepared to take what all my friends have called the worst math class for a math major and understood everything he went over. He always answered the questions that students had in lecture and also had very generous curves. Take him for anything you can.",,,,,,,,,,
PHYS260_116,PHYS260,Hailu Gebremariam,2024,4,"I do not understand why Hailu gets such bad ratings. He is very knowledgeable and not a bad professor by any means. His lectures may be a bit dull and you'll want to fall asleep in the middle of it, but he makes up for his monotone voice with numerous example problems in lecture. Also, the midterms were more than fair, especially if you put enough information on your cheat sheet. We ended up a few weeks behind according to the syllabus, so a good chunk of the material on the syllabus won't be on the final (neat). The homework's aren't even that bad either and the quizzes are very manageable. Legit show up to lecture, don't fall asleep, and put a lot of information on your cheat sheet and you'll come away with a B- at the very worst. The exams aren't curved but the class is, basically: top 20% get an A, then the next 40% after that get a B, then the next 25% after that get a C. The only way you fail the class is if you don't try. Hailu will not be the reason you do bad in this class.",,,,,,,,,,
PHYS270_008,PHYS270,Thomas Cohen,2009,4,"Tom Cohen is a pretty cool guy as far as physics teachers go. He tried really hard to make boring material seem at least vaguely interesting and his tests looked a lot like the practice tests. He was very open to meeting with students, discussing concerns, and going over material outside of class. Overall he's a very approachable guy who just wants students to have a painless physics experience.",,,,,,,,,,
STAT100_153,STAT100,Matthew Griffin,2024,5,"Griffin is a strict guy but you can tell he genuinely cares about his students. I overslept for one of his exams because I spent so much time studying for it and I thought for sure he wouldn't let me take it, but he let me take a makeup and I got an 83:)!! There's a lot of extra credit opportunities throughout the semester that help a lot so definitely take advantage of those, some are really easy questions that a 5th grader could answer. Plus he also brings donuts for his students sometimes which is awesome if you haven't eaten breakfast yet. You have weekly assignments that are strictly due on Sundays at 11:59. You do have to learn some coding for them which isn't too hard, you go over the coding in discussion with your TA. If you need help you can just ask your TA or student helpers in discussion. There are also assignments in MyLab but he's super lenient on the due dates for those. STAT math is different than normal math so this class was really easy. You do need to buy access to MyLab and you need to buy a calculator if you don't have one already. Griffin is really strict but he does it cause he's caring.",,,,,,,,,,
STAT410_031,STAT410,Mestiyage Gunatilleka,2022,5,"Genuinely, I would give Prof. Gunatilleka 4 stars but I want to raise his reviews a little bit. He is generous and nice, the sample exams are always helpful. Besides, the exams have average around 80~90, which is decent. The HW is tough but you can always get full scores. I would recommend you guys to take his class. Disadvantages: Not well-organized, you neither know where his examples are from nor which page he is talking about.",,,,,,,,,,
BSCI160_510,BSCI160,Bill Fagan,2024,4,"Bill basically only read off slides, he rarely answered questions when hands were raised, one time i put my hand up to ask a question, and after he read 5 slides (not like short nothing slides, he covered 5 slides worth of content) i put my hand down b/c my arm was tired - i stopped going to class after this, i can read the slides myself thank you. Exams were fair, and he let you have 2 pages of notes for them For midterm 2, i woke up the day of the exam, read all of the slides for the first time and took 2 pages of notes, took the exam and got a 97%",,,,,,,,,,
BSCI170_232,BSCI170,Michael Keller,2025,2,"Most of the people leaving glowing reviews here have already learned a lot of the content in BSCI170 through AP Biology or another class. Keller is a great person, he's good at making the amount of content covered in this class less daunting. But, he has a few fundamental problems that need to be addressed. There are 5 exams total, including a cumulative final exam at the end. No curves, no dropped exams. The midterms are difficult if you are at all unfamiliar with a concept. It's hard to fully master everything given the density of the course content, and a lot of the time the topics the exams focus on are not equivalent to what Keller spends a lot of time discussing in class. There are matching questions which can be worth up to 20% of your exam grade (good luck if you get one pair wrong!), and a lot of open-ended questions with diagrams with unclear arrows to label. Yes, having 5 midterms can help cushion you if you mess up on one. But, with more midterms comes more opportunities to have a bad day, which Keller does not account for. As I stated before, they are very dense, and one is even during the second week of the semester. I enjoyed the lectures Keller gave, but at times it was difficult to pick out what is important to know for the exams. He gets caught up in a lot of niche details mostly because he is very passionate about Biology. I personally like because I find it interesting, but to most people it can turn out to be pretty distracting. Exam prep materials were sparse, only 10 multiple choice questions which were nowhere near the difficulty of the exam questions. He provides a nice list of key points from each class, and worksheets to complete, which are great but they only scratch the surface of what he wants you to know. Slides have a sentence or two on them if you're lucky, otherwise it is just bullet points to look at. Having the lecture recordings provided was nice, but as I mentioned earlier, he can gloss over important information at times in favor of other things he finds interesting. Overall, my best advice for taking this course is to have a strong background in chemistry and be prepared to do a lot of self-studying for exams if you don't know a ton about Biology already. Keller is very approachable (when I have been able to get ahold of him, which has at times been super difficult) so try to talk to him if you are struggling.",,,,,,,,,,
BSCI201_039,BSCI201,Nelson Bennett,2022,4,"Huge agreement with the review from 11/03. To be honest, I think he's one of the better STEM professors I've taken. I have really enjoyed in his lectures and his exams are pretty fair based on the content that he expects you to know. Some of his jokes are a little uncomfortable, but they're also sometimes funny. I have friends taking the other professor, and I am definitely really glad I had Bennet for Anatomy 1. Some of his lecture slides I feel overcomplicate certain processes, but overall, I think his lectures are decent. He also tried his best to match his lectures with the anatomy labs so that when we started something in lab, we had a little background from lecture. I've been going to lectures consistently up until recently, and honestly, going to lectures does make things easier because he goes over the content in greater summary, but I think you'll also be fine if you just sit and grind the slides. I will say that I wish we had some sort of practice exam before, just to get a better idea of what we'll be tested on. This class is mostly memorization and it's not as bad as everyone in these reviews is making it seem.",,,,,,,,,,
BSCI207_133,BSCI207,Leo Shapiro,2023,4,"Dr. Shapiro is super nice and fun! I don't see why other reviewers called him boring. He really cares about these topics (especially scaling, so be sure to study that). His lectures are super super dense, which can be tiring, but he makes jokes to help you get through them. He is very open to criticism. One of my classmates informed him that he lectured too fast, and by the next class it was fixed. He assigned a super hard homework, which received complaints, and he apologized. It did not happen again. You definitely don't see this type of behavior often from professors. When a class average on an exam was too low (I don't know exactly what percent that was) he would scale it up a couple points. Also, an entire exam was dropped, and there were a couple points of extra credit given during the semester. There are small multiple choice quizzes given on each topic, and 5 homework assignments. He extended the deadline on a lot of our quizzes, but I would not expect that to occur as often in the future. The exams are a bit tough because the material is a bit tough. But, they're fair, especially given that one of the 3 exams was dropped. Overall, I would take a class with Dr. Shapiro again. I have not had many STEM professors that care about their students as much as he does.",,,,,,,,,,
BSCI222_185,BSCI222,Claudia Silva Aldana,2024,1,"If I could give 0 stars I would. I'm not typically someone to review on Planet Terp but if it is to help people to NOT take her and save them from this horrible class I will. I genuinely love genetics and the content; so studying and engaging wasn't an issue for me. Dr. Silva is the issue. Her exams are worded extremely bad which is why so many people did not succeed in her class. She also does not like to give partial credit. Silva also has a very strong Columbian accent which makes it very hard to understand her because she talks extremely fast. Her slides are written partially in Spanish and as someone who has never taken Spanish this is horrible. People on here are saying that they like how she does study guides and lecture tutorials, but these are made by Dr. Paczolt not Dr. Silva. They are used by Silva because it is the same class as Dr. Paczolt so with the material it is structured in the same way besides the slide shows. So sometimes, Silva will put things on our exams that the homework and material from other professors don't focus on.",,,,,,,,,,
BSCI223_003,BSCI223,Daniel Stein,2011,3,"well first off there is a 2 to 3% curve in the class. He tells you all semester theres not, but there is. Also stein isn't a bad professor or lecturer. His exams aren't too tough if you do his study guide questions, but the set up of the class especially the lab is atrocious. Alot of times in lab we did not have to correct equipment needed for the lab and even the Tas were confused on what to do. But for steins class all you need is to get like 85 on his two exams and wont he final, as he gives a lot of extra credit (pak points up to two percent increase), and he has two group assignments worth 10% of your grade that it should be easy to get an A in (my group got 99 and 101 and our projects were that good (we also had a good TA)). Also with this class make sure to read each question carefully because alot of it isn't to hard, but can be tricky if you are not reading the questions correctly. Also this class is made alopt easier if you have taken bsci 222 and understand the central dogma. THe entire second exam is the central dogma and if you get it you are guaranteed at least an 85 on it.",,,,,,,,,,
BSCI330_089,BSCI330,Sergei Sukharev,2022,3,"He is such a sweet guy!!! But, he's not the best professor. He packs so much information in just one lecture and each exam we have covers about 9-13 lectures each. He was not consistent in recording lectures which was frustrating because I would miss so much during each lecture and could not go back and see what I missed. The only reason I did well was that I went to every lecture, every review session, and every office hours he held before an exam. You have to be willing to put in the work by looking through his lectures and taking extensive notes.",,,,,,,,,,
BSCI410_041,BSCI410,Zhongchi Liu,2021,5,"Dr. Liu was very sweet and overall a really great professor. Her lectures, homeworks, and exams never got too difficult or took up too much time. (Almost too easy...) She could explain concepts fairly well. She made time for her students, holding many office hours. I did not think there was much of a language barrier. I would recommend her for BSCI410 to anyone in the future.",,,,,,,,,,
CHEM131_458,CHEM131,Alice Mignerey,2025,1,"Pros: - Super chill - TAs are really good - Most people hate ALEKS but honestly, it's not that bad and a great source for studying - Gives a really good curve Cons: - Probably the worst lecturer at this school - Tests are extremely difficult - She's terrible with technology and never focused I went to like the first 3 weeks of lectures and discussions and stopped after that. I definitely recommend not taking her but if you do you will need a tutor.",,,,,,,,,,
CHEM132_006,CHEM132,Christiana Guest,2020,1,"I wish I could give 0 stars. Dr Guest is rude, unintelligent, and does not care about her students. During review sessions she laughed at students who were struggling with difficult material. She has an accent that makes it difficult to understand her. Our lab final exam had an average of 40%. The final exam also had lots of typos and mistakes on it, and was overall just horrible and bad. Dr Guest should not be in charge of a chemistry lab at UMD. I did not have a good experience with her this semester.",,,,,,,,,,
CHEM135_364,CHEM135,Andrei Vedernikov,2025,1,Useless. The textbook teaches better than him. His notes are just confusing and is overcomplicated.,,,,,,,,,,
CHEM231_357,CHEM231,Sonia Hirschauer,2025,3,Her notes are very good and she is very nice but she is a little overrated. She provides pp sets with practice but imo it’s not enough. Other teachers have multiple practice exams and that would have been super helpful. Her exams are WAYYY harder than the practice she gives. Overall she’s one of the better orgo teachers for sure but just not as good as ppl make her out to be.,,,,,,,,,,
CHEM241_191,CHEM241,Lyle Isaacs,2024,5,"Honestly, I thought I wasn't going to be able to get an A in his class, but I ended up making it happen. His exams are pretty hard, especially compared to other professors so be prepared to spend a lot of time studying for them. He recommends reading the textbook and doing the practice problems, but I didn't always have the time to do that. My advice is, if you have the time, read the textbook and do the practice problems. Some must dos in my opinion are: review all of his lecture notes before his exams (he uses a lot of examples from lecture that are tricky- you think they make sense at the time but unless you review them you won't remember on the exam, and DO THE PRACTICE EXAMS. There was one midterm exam (the 2nd one) where he told us not to look at the old exams because all the material was different, and the average was like a 50% because he had pulled basically all the material from old exams :). The thing that locked me in for the final was redoing my classes midterms 1,2,3 over and over until I got 100's, I read the last chapters full of new content and did those practice problems, went through his final exam review guide and made sure I understood everything, and then did as many old midterm exams as I could. Throughout the semester, I also went to discussion at least once, sometimes 2 times a week and then went to his problem solving sessions on fridays. For midterms 1,2,3 I at least worked through the reaction summaries at the back of each chapter too, which was enough to get me to a grade that was above the average, but not an A. I didn't focus on doing old exams and I think that's what got me. Isaacs is funny and tries to make the class fun, especially towards the middle/end of the semester. I would definitely recommend taking Isaacs if you actually want to learn orgo 2 really well, but know that this class will take up a lot of your time. At the end of the day, orgo 2 isn't meant to be easy and now I'm glad I'll know it really well for when I take the MCAT. I don't regret taking him at all",,,,,,,,,,
CHEM271_161,CHEM271,YuHuang Wang,2023,1,"DO NOT TAKE HIM! He is very hard to understand and he ""posts"" slides to CANVAS. However, you do not get a complete version of the slides ""because of Pearson"". This leaves you barely understanding what he says, unable to copy down complete class slides online, and with the hope you can write down the slides in lecture before he moves on. You are lucky if there's a practice exam. He will also acknowledge that its an intro chem course and then treat it like its the most important thing of your life. Basically, you won't understand him, can't make up slides you miss, and have to pray you study the right material for the exams.",,,,,,,,,,
MATH141_465,MATH141,Amin Gholampour,2024,3,Stopped attending lectures after the 2nd week cause they were pretty pointless. Doing the textbook problems will prepare you well. Amin seems like a nice guy but doesn't teach well lecture style. I'm sure if you meet with him one-on-one he can teach better. TA's weren't much help either. If you are not good at self-studying then you should probably take someone else.,,,,,,,,,,
MATH241_458,MATH241,Jiwoong Jang,2025,5,"Dr. Jang is an incredible teacher. These reviews are all wrong. His exams are significantly easier than the other sections. He directly teaches what you need to know and gives practice exams. He is also really nice and actually quite funny. Great person and trust me, take this class with him.",,,,,,,,,,
MATH246_293,MATH246,Antoine Mellet,2024,5,"Tests and Exams were fair, Teacher is the goat and actually really cool if you read his papers. He like does math for a living fr. The TA's are also really fire and understand the content esp shoutout Seth fr. Weekly quizzes were really fair and easy. The final was a tad bit weird tho, def not written by my GOAT.",,,,,,,,,,
MATH401_033,MATH401,Lutian Zhao,2022,5,Really solid teacher. Homeworks weren't very difficult and neither were the exams. I would recommend taking him.,,,,,,,,,,
MATH410_042,MATH410,Steven Chadwick,2021,5,"Highly recommend any math class with Chadwick. As everyone knows, 410 is one of the hardest math classes at UMD but its really manageable with Chadwick. He explains concepts well and his exams, homeworks, and quizzes are really straightforward. He's also really flexible about extending due dates if you need more time on a homework",,,,,,,,,,
PHYS260_115,PHYS260,Hailu Gebremariam,2024,4,"He's actually my goat he knows whats going on super well and if you get on his good side is super kind to you. Although the lectures can be a bit boring sometimes, if you lock in you'll find it really interesting. Weekly quizzes aren't bad and weekly homeworks are online and give multiple attempts with feedback for every question. The exams aren't too bad either, he doesn't do anything we don't know and curves are nice. Overall, I personally love his style of teaching, very organized and well rehearsed, and I would recommend him.",,,,,,,,,,
PHYS270_007,PHYS270,Thomas Cohen,2009,4,"Quite possibly the best physics professor I've had so far in UMD. The tests on the other hand are extremely easy. Throughout the entire semester, I've been to lecture at most 5 times, read the book before the day of the exam, and still managed to pull As on my tests. The only bad thing I would say about Cohen is the heavy weight he puts on Homeworks (20%) and Discussion Quizzes (5%), though this may work for you if you actually do your homeworks.",,,,,,,,,,
STAT100_152,STAT100,Matthew Griffin,2024,5,Really good guy just took his class this semester. Best advice for anyone taking the class who has him just go to class and turn in the class activity assignments. He also gives out ton of opportunity for extra credit which will bump your grade in then also attend gss sessions and know he really does care about his students and is an interactive math teacher.,,,,,,,,,,
STAT410_030,STAT410,Mestiyage Gunatilleka,2022,3,"I thought Danul was a fine professor. The lectures can tend to drag on a bit, but he does a good job with making sure people understand the material well. He is good about responding to emails, and he takes pauses in class to ask for questions. One thing I will say is that the homeworks are pretty tough, but the exams do not reflect the difficulty of the homeworks. Not a bad choice for STAt410. Just be prepared to spend about 3 hrs/week on this class.",,,,,,,,,,
BSCI160_509,BSCI160,Bill Fagan,2024,1,"I definitely agree with the other reviews. He does not really explain concepts fully and then expects students to explain the concept on the exam. There is no practice before exams and NO CURVE. Other BSCI160 professors either curve or drop a test (sometimes both). However, Fagan does not do either. You would benefit from taking another professor.",,,,,,,,,,
BSCI170_231,BSCI170,Michael Keller,2025,3,"Keller’s super nice and probably your best shot at an A compared to other profs. But honestly, the lectures felt pointless—he talks in circles, and it’s hard to tell what he’s actually saying. He can also be kind of passive-aggressive when people ask questions or get stuff wrong. I’m doing well, but I’ve had to teach myself everything outside of class. Just a warning: the second exam has a lot of chem (functional groups, bonding, etc.), which was surprising since CHEM131 isn’t a prereq. If you want an A, take Keller—just be ready to cram because you probably won’t retain much from lecture.",,,,,,,,,,
BSCI201_038,BSCI201,Justicia Opoku-Edusei,2022,4,"honestly i really like this class. i feel like im able to teach myself the content in decent time, and i really appreciate that the topics between lab and lecture so heavily overlap. since theyre considered one class, you have quite a few exams. but, i really have no major issues w the course or dr. opoku. the slides are always easy to understand. and opoku does give you everything you need to succeed for the lecture exams.",,,,,,,,,,
BSCI207_132,BSCI207,Leo Shapiro,2023,5,Really good lecturer and overall an extremely nice person. Lecture slides are posted but I highly recommend attending lectures because anything he emphasizes almost always shows up on tests. If you really just pay attention to what he is saying you can get an A. Exams are extremely fair and similar to the practice questions he posts. The quizzes always have one hard question. I got a 4/5 on almost every quiz. Homeworks are easy and graded lightly. Overall he is extremely nice he was consistently extending quiz and homework deadlines to help people out.,,,,,,,,,,
BSCI222_184,BSCI222,Claudia Silva Aldana,2024,2,"I wanted to give a perspective from someone a little more average in this class. Initially, I attended all of her lectures and took lots of notes. After the first test, despite doing well on this, I found that this was not the best study method and instead pivoted to making flashcards from the textbook chapters covered. I also cross-referenced my Anki flashcards with the study guides and topic quizzes she provided before tests and scored decently well (I scored between a 78%-88% on T1, T2, and T4. I could've done better on T3 and that dropped me from a B+ to a B). As everyone has said her first and last exams were extremely easy and the middle two were ridiculously hard. I found this made it difficult to prepare for the exam. I think Dr. Silva needs to reevaluate her test design. Many times the questions that people found difficult were poorly designed in a way that it was unclear how we were meant to answer (ex. on T2 we were asked to draw processes in DNA replication on two straight strands when we had only practiced this on a bubble). Otherwise, the question itself was very vague making it difficult to understand what we were meant to provide. As mentioned many of the other issues people had was that it was clear many of her materials had been google translated from Spanish as the grammar and wording was literally translated. If you have a spanish-speaking background, it doesn't really bother you that much, but I can understand the confusion. Discussion was definitely a grade boost. I won't lie, I wouldn't take the class with her again, but I have had worse professors. In the end I was surprised that she never curved given how low the averages were, but she always had said she wouldn't curve.",,,,,,,,,,
BSCI223_013,BSCI223,Ann Smith,2010,5,"Dr. Smith is an amazing professor! She really loves what she is doing, and teaching is evidently her passion. This definitely shines through during her lectures, her way of responding to students' questions, and even in her very well designed (but sometimes poorly supplemented/executed) laboratory exercises. This might sound strange, but Dr. Smith was so sympathetic to student's concerns, that at times she seemed like a second mother (she really is that nice!) In addition, she really has a knack for teaching you everything you need to know about microbiology. She has very fair examinations, and is really great about bumping you up provided you show improvement throughout. Amazing woman.",,,,,,,,,,
BSCI330_088,BSCI330,Kenneth Frauwirth,2022,5,"Dr. Frauwirth is such a great guy, where do I start. When you hear him in lecture it is clear that he is experienced and passionate about the subject. He is always willing to answer any question and explain it to you in many different ways. If you ever have extenuating circumstances he won't be one to immediately shut you down like other professors. You should choose him has your teacher.",,,,,,,,,,
BSCI410_039,BSCI410,Louisa Wu,2021,4,"Dr. Wu was a really nice person, but her teaching can be kinda confusing at times. You definitely need to review the course material again after class or read the textbook to fully understand everything. You can get an A in this class, but you will need to work for it. It is not an easy A by any means. She gives a lot of extra credit opportunities and little assignments that can boost your grade. Going to office hours really helped me to clear up some of the confusion I had during lecture and Dr. Wu was always welcoming and willing to help during office hours. I struggled in the beginning of the class, but I really enjoyed it by the end.",,,,,,,,,,
CHEM131_457,CHEM131,Amanda Schech,2025,5,"Dr. Schech made general chemistry 1 lecture very easy. The concepts we learned in class were very easy to understand, at least how she explained them. The exams felt very fair, and I don't recall any unfair questions that she didn't teach how to do in class. Therefore, she was a very ""in-the-box"" professor - you always knew the range of content on the exam. The homework problems online were pretty easy; there were just a few weird questions with word banks in Pearson that were annoying (but barely affected overall grade at the end of it). She is often very energetic and smiley, making her easy to talk to about any questions or issues. I would recommend her for CHEM131.",,,,,,,,,,
CHEM132_005,CHEM132,Christiana Guest,2020,1,"AVOID AT ALL COSTS. The lab book is written by her and seems like no one bothered to edit it before publishing. It's super inconsistent (ex. in the pre-lab background information she'll refer to Part A of the lab, Part B of the lab, etc, but in the actual procedure it's labeled Part 1, Part 2, etc. Not an issue at first but in later labs when there are multiple parts it gets VERY confusing VERY quickly). Grammatical errors and typos actually make it difficult to understand what she's saying. In sample calculations nothing is labeled so you don't know where any of the numbers come from, or why she's using them, or what they mean. When there is an explanation, a lot of times she makes assumptions that you know things that were never explained. The lab book is about $55. The only reason I mention the price is because it's so poorly written that it almost feels like exploitation that we had to buy it. The TAs run the labs and grade the lab reports. Grading is VERY harsh and it seems like they want to deduct points (one of my lab reports got a RAW score of 27.85/30. The TA grading my paper literally took off 0.15 points from a question. I can understand taking 1/2 point off, but 0.15???) Exams are outrageously difficult, but apparently that's how all labs are. Be prepared to spend an hour or two in your TAs office hours every week if you even want a chance of getting a good score.",,,,,,,,,,
CHEM135_363,CHEM135,Alice Mignerey,2025,1,"Going to the lectures are useless. The slideshows are choppy at best and all she does is read off of them. The best way to learn the material is from the textbook and ALEKS practice problems. ALEKS is terrible by the way, but the problems and examples help with understanding concepts. The tests are relatively predictable as they are basically the same as ones gone over in the lectures for review, but the lectures don't help with understanding content. Matthew Wrotny is a great TA tho he carried.",,,,,,,,,,
CHEM231_356,CHEM231,Sonia Hirschauer,2025,4,"I actually disagree with some of the more recent reviews. Yes, the exams are now a lot more difficult than the past semesters, but I think Dr. Hirschauer provided us with a many resources to do well. Some of these resources included posted lecture videos (some of them were older but it was still on the same content), a beginner practice problem set, and then a more complex problem set for each chapter. Although she didn't provide any practice exams, I would say if you are 100% confident on the PP sets, you are bound to do at least decent on the exams. (80-90% range, and the averages were always low 60's%). - IMO Dr. Hirschauer is a nice and charismatic person, and her lectures were never boring to me. I also loved the Pokemon analogies (my childhood), but I can understand that she probably didn't include them as much since not everyone knows about it. I found her explanations to be very clear, and overall I can say that the resources she provided us, including the notes which were beautiful and organized, helped me to really learn the content. She was also always very available for office hours, despite the large amount of students in the class. - It was a bit frustrating not knowing the cutoffs, but that can't be helped since the curve is based on how well the class does/exam averages. I also think that the cutoffs are pretty high (as of now-> at least 83% is an A) but that might change a bit after finals (havent taken it yet). - there are some tricky details/part of problems on the exam that we never really went over in class (or ever), but honestly they only make up a few points anyway. I just felt that they were a bit unfair, but this isn't a major thing. - IMO the TA Praha wasn't bad, but during discussion his explanations were often unclear or sloppy(not thorough enough/missing details), and he goes through problems too fast sometimes. Also, his handwriting was super messy and it was strenuous to interpret anything he wrote during discussion. But he does seem to be very knowledgeable, and I think if you ask him questions after class or during office hours, he does a much better job of explaining things then. Also he is nice and I never felt uncomfortable approaching to ask for questions. Here are some tips for future students: 1. Keep up with the content. If you fall behind, it can be stressful to catch up (although not impossible). I personally was always behind, but once I caught up, I realized that if I had just reviewed or learned a little bit everyday, things would've been so much easier. 2. briefly review the content you will learn in lecture BEEFORE attending lecture. Even if it's just watching a youtube video without understanding what's going on, familiarizing yourself with the content will make understanding what's being taught during lecture much much easier. First time seeing the content -> familiarize. second time (lecture) -> learn. after lecture, review the notes, attempt the beginner sets provided, and watch other youtube videos if you need another perspective on the content. Ask TAs or got to office hours to clear up any complicated/confusing problems you encounter, or concepts. Do this for every chapter, before it's time for the next one. 3. Make sure you understand everything in the notes if you can. Even if it is a small detail, make sure you don't forget it, because on the exams there were often trickier problems that included those little details or exceptions, which is a main thing that contributed to exam difficulty. But obviously prioritize the ""big picture"" concepts first if you are on a time crunch. 4. DONT underestimate the amount of time you need to dedicate preparing for the exams. I spent several hours the week before exam week doing practice problems and reviewing/learning, but on the exam the questions always had these little things I was unsure about, and I would get points off here and there that added up to a LOT of points taken off. So start reviewing chapters you just learned as soon as possible, and I mean the day of or after you just went over it in lecture. This way you have time to get to really know the content, which is absolutely necessary for doing well. 5. do every practice problem provided and if you got something wrong, make a physical note of what you did wrong and why. If you dont know why, go back to the notes bcs the answer will be there 90% of the time. I really wish I did this from the start... 6. try to understand the reasoning behind every answer, dont just try to memorize patterns (unless specifically stated in lecture to memorize) because sometimes it depends on certain conditions and situations. This one is kinda hard to explain, but you might get what I mean after starting the semester. 7. Be sure you are able to complete problems quickly (but also dont rush, leading to careless mistakes). Exams had 15 problems with 1 hr 15 mins to complete...however, most of the problems took several minutes, esp the ones where you have to draw products or mechanisms. Basically, know the content well enough so that you are able to get through problems fast. Try timing yourself when doing practice problems, and if you notice the time is too long then think of ways/methods you can become more efficient. 8. test taking tip: during the exam, spend more time on problems you know you can get an answer to. If there is a concept you weren't able to study for and feel very unsure about, just put your best answer and dont spend too much time on it, because you will run out of/ waste a lot of time when you couldve used that time to complete other problems you are more likely to get right. the time goes by FAST and even when I studied a lot, I had to work really quickly just to complete all the problems before time was up. 9. If you are struggling to even start learning content, go to GSS because those problems are often simpler and can help you adjust. I was really impressed with the TAs Aubrey and Alice because they break things down in a way that even a little kid could understand. Overall, I would definitely recommend Dr. Hirschauer for Orgo 1. Just make sure to hit the ground running and try not to fall behind. For context I am an average student who procrastinates a lot but often manages to do well enough to get A's (might get a B in this class though, I just didn't take it as seriously as I should've). This class wasn't as bad as I thought it would be, especially since I was super terrified going in because people always say orgo is crazy difficult. But it's not really, it just requires a lot of time, and I even found it to be fun at times despite other frustrated moments. If you hate math and are more of a visual learner, you might like orgo I. So don't worry you'll be fine and you can do it :)",,,,,,,,,,
CHEM241_190,CHEM241,Jeffery Davis,2024,4,"alright this man gets a 10/10 for personality but like a 6/10 for his teaching. class is super enjoyable because he is an entertaining little grandpa who just wants you to enjoy. the first test was mad easy and then they got progressively harder and but little was done to prepare us for the difference in difficulty. Anyway though the discussion TAs are really clutch as they fill in all the missing information from lecture that he doesn't really explain or cover. The exams are definitely thinking based so you need to make sure to understand the content rather than just memorize reactions and mechanisms. Look at the end of the day being able to drop a test including the final marks it all worth it. I would take this man again 100 times over just for that even though he isn't the best lecturer, he makes up for it in other ways and you can still do well.",,,,,,,,,,
CHEM271_160,CHEM271,YuHuang Wang,2023,2,"Dr. Wang is a very sweet and approachable person, and does really try to help his students succeed (answers questions in lecture, takes student feedback into consideration, etc.). However, my issue with this class is that he’s a pretty insufficient lecturer. It’s got nothing to do with his accent (I have multiple other professors with accents and that’s no issue) and really because the lecture feels inconsistent/unorganized. He uses a powerpoint but it feels like he’s sort of making up what to say on the spot and spends an inconsistent amount of time on the different topics. He also tends to talk himself in circles when answering questions. We got a practice exam for the first exam but not the second one. The homework was ok, although I didn’t like the platform (especially in comparison to the organic chemistry homework or ExpertTA). Sometimes you’d get hints/feedback, sometimes crucial information/values weren’t given, and sometimes they were unnecessarily hard in the wrong ways (like estimating certain values on a graph rather than making the axes divisions smaller). Overall, if you don’t go to lectures anyway, this class is fine–if you really rely on lectures to learn I’d recommend the other professor.",,,,,,,,,,
MATH141_464,MATH141,Jaime Paradela,2024,3,"I think overall this teacher was just okay. To clarify first, this class with this teacher only really gets more difficult as the semester goes on. As a person, the teacher was just okay, he was very chill but also didn't really care that much in general (good and bad thing i guess?). Answering questions he wouldn't really clearly answer it and it was clear that most people in the class wouldn't understand what he was talking about. For teaching, I felt that he was an alright teacher at the start but as the class got more rigorous it got increasingly more difficult to understand what he was teaching. For HW, I would give it maybe 1.5/5 stars due to just how ridiculously hard they could be and sometimes just unrelated the material was to what was being taught. For TA, I had Cameron Yeagle and I would give him 5 stars just how helpful and friendly he was, much much better teacher than the professor I felt. If you can, try to find a different professor.",,,,,,,,,,
MATH241_457,MATH241,Kendall Williams,2025,1,"This was probably the worst math class I have ever taken. I came into UMD with credit for Calculus 2, so I took this class during my freshman fall. This was a horrible idea, not to mention the fact that I didn’t know my major (biochemistry) was required to take calculus 3. I have never had an issue with a math class in high school or college dual enrollment, since I had straight As, so the fact that I dropped this class says enough as it is. But let me tell you why… I spent well over 8 hours a day studying for this class, completely neglecting my other course work because I was determined to succeed. I should have known this class was not going to go well after I failed the first quiz, but instead of dropping the class, I went to tutoring. It did NOT help. I went to TA office hours. It did NOT help. The “suggested problems” were NOTHING like the first exam. I cannot speak on the rest of the exams in this class because I dropped it immediately after receiving my first exam grade. For reference, the average was a 45.3%. Dr. Williams explains the content very well in lecture, but he does not prepare you at all for his exams. Do NOT take his class.",,,,,,,,,,
MATH246_292,MATH246,Antoine Mellet,2024,4,"Goes fast during lecture, the french accent isn't that bad imo, quizzes were free, matlabs were tedious, all three midterms were fair and similar to his review questions. the final on the other hand was fairly difficult (fall 2024 - mean and median were 73 and 70), if he curved it was not noticeable. not a bad prof, i would take it with him again if i needed to",,,,,,,,,,
MATH401_032,MATH401,Wiseley Wong,2022,5,"The absolute GOAT. Exams are easy because he tells you exactly what to study for and doesn't throw curveballs at you. Lectures are actually interesting and you can tell he has a lot of passion for what he's teaching. Does a review session the class before every exam which helps a lot in preparing for them. Homework isn't super busy, it teaches you the material, and you do some pretty neat stuff in them (for one of them, we did image compression in MATLAB). 10/10 recommend Wiseley for literally any class you can take with him.",,,,,,,,,,
MATH410_041,MATH410,Charles Levermore,2021,5,"Great professor. I’d definitely recommend taking 410 with him, it really improved my ability to do proofs. Levermore knows a lot about math and its history which makes lectures interesting. He also provides super detailed notes. He is very helpful in office hours.",,,,,,,,,,
PHYS260_114,PHYS260,Michelle Girvan,2024,4,Solid professor; takes time helping students when needed. Exams (note sheets are allowed) are difficult but a curve is given (~anywhere from 0-15% depending on average score). Homework and quizzes are not terrible but can take up time. Make sure to practice problems and visit office hours to get a passing grade.,,,,,,,,,,
PHYS270_005,PHYS270,Ellen Williams,2009,2,"Seems like a nice person, but makes a lot of mistakes during lecture (writing equations, doing examples, etc.) Focuses a lot of time on experiments and has them on tests so you should definitely go to lecture to know her experiments. Some of the questions were ridiculous, like the name of someone who came in to help with an experiment. Other than that, pretty ridiculous curve for C, so don't sweat it too hard if your grades look low, you'll still pass.",,,,,,,,,,
STAT100_151,STAT100,Matthew Griffin,2024,5,"Professor Griffin is one of a kind. When signing up for this course, I was very worried because math is my worst subject. I have never been good at math, and always struggled in it. But, I am glad I took this class and fulfilled my FSMA credit. Professor Griffin was very great at explaining concepts, and providing resources for students to succeed. He strictly enforces attendance, and has many rules that may seem 'overboard,' but he does it because he wants all of his students to do well. Also, AMPs are so helpful, and you should go to their review sessions before exams. The study guides are IDENTICAL to exams, so take advantage of these resources. One thing I disliked was problem sets, but there are Zoom sessions to join, and AMPs will lead you through it. If you go to office hours, he tries to get to know you more and gives you opportunities to revise class activities. Shoutout to Griff, he was great.",,,,,,,,,,
STAT410_029,STAT410,Jonathan Fernandes,2022,5,"He was extremely nice and understanding this semester. Lectures could be a bit disorganized but he also has online recordings that cover all the material. Homeworks were tedious, but exams were quite easy and class average was very high.",,,,,,,,,,
BSCI160_508,BSCI160,Emily Bruns,2024,4,"First off, ignore my grade in this course. I genuinely did not put enough effort into the beginning of the semester and missed a number of lectures/homeworks because of it. I will say that she has a very strict no-late work policy and mentioned today that she will not boost grades at the end of the semester. For those of you who are passionate about this, she will not cancel class for that Monday before Thanksgiving. Attendance is also graded on a daily basis more times than not and even though it is a big lecture 1) she will know all of your names by the end of the semester, and 2) she will give out handout worksheets that you need to turn in at some point during the week. Aside from that, I will say she is incredibly passionate about ecology and it shows. It makes the class interesting to attend, but it is very information-heavy and fast-paced. You get what you put into this class, and she's not unfair with grading. She lets you bring a notecard into each exam which can be VERY helpful. She drops your lowest concept check (little MC quizzes) grade and your lowest exam grade, INCLUDING THE FINAL. So, if you're doing well in the class you technically don't have to take the final. The final is also now online but at a fixed time. If you're taking this to satisfy your DNLS requirement I would say go for it, but it is a bit of work if you want to do really well and actually understand the concepts taught.",,,,,,,,,,
BSCI170_230,BSCI170,Michael Keller,2025,2,"Lowkey may be in the minority here, but I don't think he is that great. His lectures are fine, he records them, but sitting there listening to him is a struggle because he talks in circles and he doesn't really explain things more just brushes the surface. His worksheets were stupid they were WAY harder than what we learned in class and didn't really appear on the exam. Weekly quizzes don't open until after your class on Friday afternoon which is so annoying and ridiculous, those are fine though. Practice problems are not that helpful and half the time don't appear on the exam. A lot of people were telling me the exams were easy, but it's kinda only ok if you have an exam to already reference - not as easy as everyone says. But also the extra credit he gives is reason enough to take him, I failed an exam and am still ending with a high B so don't stress but I wish he dropped an exam. Also if you are one to ask a lot of questions good luck because he is so incredibly condensing I literally cringe when I hear his responses. Idk despite that he's not the worst one",,,,,,,,,,
BSCI201_037,BSCI201,Nelson Bennett,2022,5,"Don't listen to any dramatized views. He does not curve most of all which is probably the reason for those low ratings. However this is an anatomy class, and the course has never been curved. He is a really good professor. Explain things in a simple context. It is not a hard class if you put the work in. His tests are actually not difficult, it's literally everything in his slides or objectives. Most people complaining are those who are not doing well :) His jokes can be a little uncomfy but you'll get through them",,,,,,,,,,
BSCI207_131,BSCI207,Leo Shapiro,2023,2,Would not recommend him for bsci207. Pls take someone else if u can. He's pretty monotone. His exams and quizzes are unnecessarily hard. Hw are annoying because T.A take a lot of points off. The only good thing is he drops the lowest midterm or down weight the finals.,,,,,,,,,,
BSCI222_183,BSCI222,Claudia Silva Aldana,2024,1,"If you're thinking about taking this teacher DON'T! Absolutely, positively, do not take a class with this teacher. Her class was an utter nightmare, she'd mark correct answers wrong and then double down on her mistake when asked about it. She'd yell at students asking about question that were marked wrong despite NOT being wrong. She doesn't even attempt to correct her spelling or grammar, which are atrocious; while taking her tests, you don't only have to know the material, you also have to decode all kinds of spelling and grammar mistakes, many of which change the meaning of the question being asked. The average on most of her exams was a D or F. And she does not curve at all. Whatever you do, do not take this professor, she is absolutely AWFUL. When the whole class gets things wrong, the problem is not with the class, it's with the teacher. The problem is 100% with her. I don't understand how they can have her teaching this class, she is entirely unqualified.",,,,,,,,,,
BSCI223_012,BSCI223,Ann Smith,2010,4,"This class is divided into 3 modules; Dr. Stewart taught the first two modules and Dr. Smith taught the last one. Dr. Smith lectured with more passion, but her slides were not as straightforward as Dr. Stewart's. I studied Dr. Stewart's slides without referencing the textbook, and got A's on the first two exams. However, I had to rely heavily on the textbook to understand the material that Dr. Smith taught since her slides have very little substance to them (as per another reviewer). The labs are pretty fun, and can really boost up your grade. Make sure you keep track of all the assignments and their due dates since there is a lot of busy work. Also, if a problem arises that may interfere with the class, do not hesitate to talk to Dr. Smith. She is very understanding and will work with you to devise a solution.",,,,,,,,,,
BSCI330_087,BSCI330,Kenneth Frauwirth,2022,3,Difficult class..basically all of it is memorization. Frauwirth is a good lecturerer and he records so you can always go back if you missed something. There were 3 midterms which were pretty fair since they contained info from his lecture slides. Lab portion was pretty easy if you had good groupmates. He reuses exam questions from previous semesters so try to find people that have taken him before. I had a B average on the midterms and final and ended with an A,,,,,,,,,,
BSCI410_038,BSCI410,Louisa Wu,2021,5,"I absolutely love Dr. Wu! She is by far the sweetest professor I've had so far at UMD and she's very knowledgeable about her field. Genetics is one of my favorite subjects, so I was heavily inclined to take this class and I'm really glad I did! Having said that, I will say though that the material for this class (and generally speaking for BSCI410) can be fairly difficult to understand initially - if genetics isn't one of your strongest areas, I'd recommend reviewing a bit beforehand as a refresher on the content! Personally, I struggled a bit with the material at first since a lot of new concepts/techniques were discussed, but Dr. Wu helped clarify/answer so many of questions at office hours and on piazza - so my advice: TAKE ADVANTAGE OF THOSE OFFICE HOURS and ask as many questions as you need until you understand the concepts. The homeworks and exams are challenging to do, but they really test on your understanding of the material rather than just straight up memorizing facts and numbers. You can drop an exam, a hw, and a few quizzes. She offers a bit of a curve (one of the few professors to do so in a 400 level biology course) and extra credit opportunities, so if your grade isn't in the best spot rn, don't panic :) It's not an easy course, but it's DEFINITELY possible to get a good grade. TLDR: HIGHLY recommend Dr. Wu, but you really need to study and put in the effort if you want an A.",,,,,,,,,,
CHEM131_456,CHEM131,Frances Stump,2025,2,"I had this teacher her first semester and it was just not great. I think she was overwhelmed, reasonably as she was still a student herself, but it made for a stressful environment. I found she spent too long on metaphors and tricks and not enough time communicating clearly what exactly we needed to know. By the end of the semester it felt as though she got it more under control, but I was already pretty lost by then. I would recommend a different teacher if you do not want to learn it all on your own.",,,,,,,,,,
CHEM132_004,CHEM132,Christiana Guest,2019,1,"Bad lab reports consisting of many typos, way too much work for a one-credit course.",,,,,,,,,,
CHEM135_362,CHEM135,Alice Mignerey,2025,1,"I genuinely do not understand her lectures. She goes way to fast for all of the practice problems she goes over, so most people don’t understand anything she’s doing. Most people don’t even bother going to the lectures. The exams are difficult with an average of about a 50%. The only good thing I can say about her is that she curves the class very well but that is only because she practically has to or else everyone will fail. I genuinely believe she is the worst professor at this university. When I first saw all the bad reviews on her I knew it was gonna be horrible but I also believed theres some hope, dont make the same mistake. The only hope in her class is the curve. DO NOT TAKE HER CLASS",,,,,,,,,,
CHEM231_355,CHEM231,Monique Koppel,2025,4,"If you wanna be A- locked for orgo (especially if you're premed), I genuienly think the easiest professor to do that with is Koppel. I think she just has a bad rep cause people don't like her as a lab coordinator which is valid but as an orgo professor, she is actually really good. Her notes/lectures are pretty good, the discussion worksheets are such good practice, especially for the midterms, and her exams are extremely fair in my opinion. I don't wanna say they're easy cause it's orgo and no matter which professor you take, you're gonna have to put an insane amount of effort. But if you do your part, you will see that Koppel doesn't have any trick questions or any unexpected questions in her exams. Everything makes sense. On top of the exams, she has really easy homework, ""quizzes"" (they're online and graded on completion), and extra credit, that all together gives your grade a massive boost (8% boost for me). Also, her pass/fail cutoff is a 50% and she changes her cutoffs after every midterm based on the class average. For example, if the class average on midterm 1 is 62%, then 62% is the cutoff for C+/B-. By the third exam for my class, the B+/A- cutoff was a 76%. For Koppel, I think as long as you put in the effort to get at least 5% above the class average on every midterm, then you're pretty much B+/A- locked. I really think you should give Koppel a shot if you're torn about who to take for orgo, especially if you're trying to protect your GPA.",,,,,,,,,,
CHEM241_189,CHEM241,Jeffery Davis,2024,5,"I found Orgo II with Dr. Davis to be much easier than Orgo I with Dr. Stocker. I loved Dr. Stocker as a professor, but Dr. Davis's exams were so much easier than hers. For synthesis problems or problems where you have to make the product, Dr. Davis often provides clues like the chemical formula that you can use to double-check your work. His exams are completely doable within the time limit; for the first exam, many people even finished 30 minutes early. He also drops the lowest exam and has 9 bonus points throughout the semester. Dr. Davis doesn't have any graded assignments other than the exams and bonus points, but he does post a lot of practice material. Make sure to complete the past exams he posts since they're really helpful for understanding the exam format. Some of the past exams even have a video of him going over the answers. He also posted readings and practice problems from the textbook, but I've never used them. Discussion was really helpful for nailing down the concepts from lecture. We did lots of practice problems, so I recommend going to them even though it's not required. As for lecture, Dr. Davis was a very engaging professor. He often inserts short examples of how the reactions are used in industry to synthesize different compounds. You don't have to memorize these, but they're sometimes referenced on exams. He's very thorough when explaining concepts and he posts his notes in case you miss anything. The only negative I can think of is that his teaching pace is somewhat variable. Sometimes he teaches so slow that I sit there for a few minutes doing nothing, whereas other times I'm scrambling to write everything down. My lecture time (12:30 pm) was also way behind the 8:00 am class since he frequently paused to take questions.",,,,,,,,,,
CHEM271_159,CHEM271,YuHuang Wang,2023,1,"He is a nice guy but he barely speaks english and his lectures are so disorganized. His first test wasn't bad, but the second one was horrible and brought my grade down ten points. This was the first chem exam I have scored below average since gen chem 1 (including orgo), so that is showing something. I have taught myself the entire class through the textbook, he has not taught me a single thing the entire semester. The class is a joke with such low averages and no one even attends class because you can't understand him, so it isn't an effective use of your time to even attend lectures. The only way to do well is memorize the textbook.",,,,,,,,,,
MATH141_463,MATH141,Amin Gholampour,2024,4,"I stopped going to lectures after the month because I found I learned better from the textbook directly. 10 quizzes - Each has two possible problems for the weekly chapter topics. Study them, practice them, everything, it will be worth it. The lowest two get dropped. 30 webassigns - Do them, they're great practice, and easy 12.5% of your grade. The lowest two get dropped. You won't really need the drops but it's a good just in case. 4 midterms on each unit - Study for them well, textbook suggested problems are good practice, ask your TAs or go talk to Amin. If you need to, watch Prof Leonard on youtube. He drops the lowest exam. After drops, he replaces the lowest grade",,,,,,,,,,
MATH241_456,MATH241,Manoussos Grillakis,2025,1,"He was a horrible teacher. I learned the first unit of the class while I was in high school as an honors course. Despite knowing how to solve the problems in the first unit, he somehow confused me with his roundabout way of speaking and overcomplicated methods. He also gave no relevant homework. It was all assigned out of the textbook and not very helpful. I have literally had to teach myself the entire course between youtube, the textbook, and study groups. I will say though, the class is set up easily enough in terms of grades, but not helpful in learning the material.",,,,,,,,,,
MATH246_291,MATH246,James Conway,2024,5,"Conway is an amazing professor for differential equations, I don't think there are many better options than him. Pros: - Responds to emails so fast for any questions you have. I have emailed him multiple times in the semester and he responds in minutes some times which I don't see in a lot of professors. - Records all lectures + posts his notes. His notes help a lot and he does good practice problems that are similar to the exam. He also explains concepts pretty nice - There are 3 exams, and he makes your lowest exam only 8% of your grade with the other 2 being 17%. They are all very fair and not difficult at all - Weekly quizzes are very free. The TA's will basically go over problems that are very similar to the quiz before the quiz so it's no surprise at all. He drops the lowest 2 too so only 8/10 count. - MATLABS are also free and are a nice grade boost Cons: - Final exam was horrendous ngl. This isn't Conways fault since the final was made by all the professors and there's like 5 or 6 of them. Luckily, Conway did curve the grades by one grade boundary. - No practice exams I would 100% take Conway again for any future math classes.",,,,,,,,,,
MATH401_031,MATH401,Lutian Zhao,2022,5,Lutian was a great professor this semester. He followed a good amount of the pre-existing 401 curriculum (with a good chunk of it coming from Justin's notes) but added materials from other textbooks as well (topics such as solving circuits). He is very approachable and responds to emails quickly. The homework was fair and he made it clear what the scope of content was for the exams. The final project in place of an exam was a good idea; I thought it was very fitting for an applications class.,,,,,,,,,,
MATH410_040,MATH410,Charles Levermore,2021,4,"Very knowledgeable in the field. He breaks up his very math heavy lecture with interesting historical anecdote that puts into perspective the depth of the work well. His homeworks are quite difficult and tedious, but he lectures well and is very available for help.",,,,,,,,,,
PHYS260_113,PHYS260,Michelle Girvan,2024,4,"The exams are tough, but at least for my time, Girvan seems to really care about her students and ensuring that they understand the material. If you take this class, *go* to office hours and discussions, and really put in effort, you'll be alright. Also give yourself a full week to study before exams.",,,,,,,,,,
PHYS270_009,PHYS270,James Drake,2008,5,Dr. Drake is a great professor. Gives very clear and informative lectures with very good notes. If you go to lectures and take the notes he writes up on the board you can get an A without ever opening the textbook. Exams and assignments ask fair questions that are representative of the material covered in the lecture and are graded fairly as well. Dr. Drake personally holds a review session before every exam and the final and is more than happy to meet with students outside of class to help them. It is very easy to make a time to meet with him as he is in his office very regularly. If you need help go talk to him and he will help you. If you miss a lecture go talk to him and he will copy his lecture notes for you and go through them with you. Take a class with Dr. Drake if at all possible.,,,,,,,,,,
STAT100_150,STAT100,Matthew Griffin,2024,5,Super easy A. Griffin's lectures are pretty boring but he takes attendance super seriously so you lowkey gotta go. I'm talking in class quizzes every single class. Griffin gives a lot of extra credit. It would actually be difficult to fail this class.,,,,,,,,,,
STAT410_028,STAT410,Scott Preston,2021,4,Nice person who seems to care. In class examples at times were hard to connect to homework questions. Reasonable exams and grading.,,,,,,,,,,
BSCI160_507,BSCI160,Bill Fagan,2024,3,"Decent teacher and lectures are easy to understand. Unlike other reviews I think the exams are super easy because you are allowed to have 2 sheets of notes front and back which is more than enough space for what you need on the exam. Also he highlights all the terms you need to know in red on the slide shows. Writing those terms down on a note sheet and doing no other studying should be good enough to get an A on the tests. However, I do agree that the homework's are ridiculous. There are five in total. 1-3 are easy enough and shouldn't take you too long. 4-5 are insanely difficult and just don't make sense. The lectures don't help with the homework either.",,,,,,,,,,
BSCI170_229,BSCI170,Ji Young Choi,2025,5,"Dr. Choi's class is definitely a teach yourself class; HOWEVER she is a very nice person and very lenient in her policies. In the class there are quizzes, worksheets, and review problem sets but for the most part everything but the tests are free points. She allows you to work with others on the worksheets in class. The lowest two are dropped! The quizzes and review problem sets are both online and open for some time with multiple attempts. Her tests are really fair, there are a lot of things to go over but she doesn't throw any curveballs on the test, so they are very straightforward. Towards the end of the semester she gave us the option to either drop the lowest exam or get extra credit points. So we could choose whichever one would help our grade more. The final is cumulative but is very fair and as long as you study well you will do good!! I highly recommend her class.",,,,,,,,,,
BSCI201_036,BSCI201,Nelson Bennett,2022,5,"Please dont listen to any dramatized reviews. His exams are straightforward. They are what comes out of his mouth, what is on his slides and most importantly the objectives. The effort you put into the class will determine how you do. He does not curve which no anatomy class has ever been curved which is not a surprise. His exams are not difficult if you put in the work. His jokes can be a little uncomfy during lectures but overall he explains things in a very simple context.",,,,,,,,,,
BSCI207_130,BSCI207,Leo Shapiro,2023,2,"his class was the most boring class i've ever had to take. he would always read straight from the slides in a monotonous tone. that being said, he's accommodating and flexible and his exams are very fair.",,,,,,,,,,
BSCI222_182,BSCI222,Claudia Silva Aldana,2024,4,"First exam was very easy, second two were very hard, last one was very easy. She is very nice and wants you to actually learn the content. I never went to office hours. People were lowk mean to her and I felt bad. The errors on her exams were usually like one word in spanish. Her slides had some spanish but you could understand. Most of her exam questions were fair but some were so weird and actually impossible. She gives practice exams which are just like the regular exams and gives you textbook problems to focus on as well as study guides which are super helpful if you answer all the questions/make flash cards for vocab. Lectures are recorded - would recommend reading textbook chapters and understanding content and watching lectures later or just doing it before class otherwise lectures are very hard to understand.",,,,,,,,,,
BSCI223_007,BSCI223,Daniel Stein,2010,4,"Dr. Stein is actually a very solid and effective teacher. I had a good time in class and overall learned a lot about microbiology. He uses a lot of interesting examples and the last few lectures on STDs were really awesome. Unfortunately, he is NEVER clear about what he wants as an answer on the exam. I'm not exaggerating - this is ABSOLUTELY TRUE: If your answer to a question is correct but does not appear on the answer key, HE WILL MARK IT WRONG! He says it's so everyone is graded fairly, and if you have any concerns about your right answer (that was marked wrong), you can go to his office hours or submit a regrade. This is terribly disrespectful of our time - we don't have time to go chase points we rightfully deserve. Overall, solid teacher but crappy grader.",,,,,,,,,,
BSCI330_086,BSCI330,Sergei Sukharev,2022,5,"very hard, extremely time consuming, nonetheless, I learned a insane amount of useful information regarding cell biology, if ur schedule is already stacked this professor is definitely not ideal but if it's easy you'll be fine just be ready to study a ton and make time to go to his office hours and any exam review sessions he host's outside of class time.",,,,,,,,,,
BSCI410_037,BSCI410,Louisa Wu,2021,5,"The class was one of the most interesting upper level bio classes I've taken and I enjoyed having Dr. Wu as the professor. It's not an easy class (as one would expect for a 400 level), but she truly wants her students to succeed and offers plenty of chances to boost your grade through clickers, short quizzes, homeworks, extra credit, and even dropping your lowest scores. Dr. Wu is very knowledgeable about the content and super helpful at her office hours, as even a simple 5 minute conversation with her on several instances greatly improved my understanding of the more difficult concepts. Take it from someone who got a better grade in this class than BSCI222 when I say that I honestly think Dr. Wu gives everyone a fair shot to earn an A if you are willing to work for it.",,,,,,,,,,
CHEM131_455,CHEM131,Frances Stump,2025,5,She's amazing. retook gen chem after failing it with dixon and honestly she made it easier and more understandable. dixon made it harder than it needed to be. Take her!!! plus she's so sweet and her study guides for exams are spot on. She understands that the class is challenging and does everything she can to make it understandable. her lecture notes are on point and she's organised. I can promise you that you will not fail if you take her!!! Dixon's gen chem made me feel like i was stupid or something but im not haha.,,,,,,,,,,
CHEM132_003,CHEM132,Jason Tran,2018,5,Jason is easily the best TA for all of CHEM132. I don't know how long he is going to be around because he is probably going to be offered a position as a TA for a more selective class but that just goes to show how good he is. He puts a lot of effort into the class and into the students as well.,,,,,,,,,,
CHEM135_360,CHEM135,Alice Mignerey,2025,1,"If I could rate her less than 1 star, I would. Please, do not take this professor for CHEM135. Every time I show up for a lecture, I feel like my intelligence has dropped substantially, so I stopped altogether. If you have any other choice, please take another professor.",,,,,,,,,,
CHEM231_354,CHEM231,Monique Koppel,2025,5,"Honestly, such a queen. After Dixon’s Gen Chem, I expected every chem professor to be arrogant and rude, but Koppel was super kind and never passive-aggressive. I actually started in Stocker’s class but switched during the first week once I realized she had no homework — just exams. I wanted some buffer points, and I’m really glad I switched. Koppel gives you 80 points of online homework (easy completion grade — you only need 80%), 40 points of online quizzes (you just keep trying until you get it right), and a few points of extra credit. Definitely helped balance things out. Like most people, I was nervous going into Orgo, but I actually liked it way more than Gen Chem. Koppel gives tons of practice problems, posts old exams (which were super similar to the actual ones), and does late night review sessions. She posts her notes too, but you really need to be in lecture to follow them. Discussion was kind of useless for me. Donnie rushed through like 40 slides and then gave us a bunch of problems we barely had time to get through. It only helped if you already understood the material. GSS was way more helpful (shoutout Jason). I haven’t taken the final yet, but based on the midterms, I think it’ll be fair. She even throws in some extra credit. Overall, I’d definitely recommend taking her.",,,,,,,,,,
CHEM241_188,CHEM241,Jeffery Davis,2024,5,"Even though I came out with a lower grade, i genuinely appreciated having a professor like Davis. His exams reflected the practice exams well enough in order to prepare for exams. Also, he drops one of 4 exams including the final, which was great. The final also was about the same difficulty as the other exams. His TAs were super helpful as well. If you put your time into the course, you’ll come out with a good grade, and should definitely pass considering a 45 is a C- I may not be the best at organic chemistry, but I can appreciate Davis’ drive for us to do well, and the amount of resources and help he provides.",,,,,,,,,,
CHEM271_158,CHEM271,Alice Mignerey,2023,5,Mignerey is a great teacher who actually teaches us everything we needed to know to do well in her class. Her exams were EXACTLY like the practice exams. She was great at showing us the problems we had to solve and show us how to do it while integrating the concepts.,,,,,,,,,,
MATH241_455,MATH241,Kendall Williams,2025,1,"Genuinely the worst professor in any class I have ever had to take in my entire life. His exams are genuinely impossible, and funny enough, when a student told him this in office hours, he said, ""That's good, you'll be ready for the final."" So, although half the students in my lecture dropped and most have around a failing grade, at least we are ready for the final. Take this professor if you would like to spend most of your weeks during the semester doing his suggested textbook problems, which, by the way, are very straightforward, such as asking to find a specific vector, set up an integral, etc. However, as soon as you take one of his exams, you are greeted with the most wordy, complicated problems someone could make from the material. For example, on an exam, he asked us to find the total amount of sugar in a gum drop if the amount of sugar at any point in the gum drop is inversely proportional to the distance from the z-axis. Essentially, what I am trying to say is that he provided us with suggested problems often from the textbook which took up hours and hours of our time, only for the suggested problems to be straightforward and the exams to be abstract and complicated and we only had 50 minutes for them. He also references the textbook in class all the time and does problems from it, but for some reason, he does not use the projector in the lecture hall, so if you'd like to fit an entire textbook/laptop on your small lecture desk along with a notebook/tablet just to take notes and be able to follow along, take him. The MATLAB projects we are given provide us with barely any instructions to complete the project, so most students have to use ai to even understand how to complete them. By the way, our first exam average was a 45, and he yelled at us right before fall break started, saying ""this is your fault, and you have to bring the average up,"" which seems normal if you disregard that an entire math lecture scored an average of 45! Our exam averages after that were consistently in the low 60s. I would never recommend this professor to anyone and what really surprises me is that it's not only students from MATH241 posting negative reviews, but also students in his MATH141 and 140 classes.",,,,,,,,,,
MATH246_290,MATH246,James Conway,2024,5,"Professor Conway was great! I barely went to class, but since he uploaded all of the notes and recorded the class it was really easy to keep up with the class. The quizzes every week were really straightforward, and the TA would go over the content right before. The exams were very straight forward as well and the averages were high (in the 80's). The final was co-written by all of the professors in the department, but he went through and made sure that everything was written in a way that was consistent to how he writes his exams. Additionally, he gave out small hints about the final so we wouldn't have to study/memorize unnecessary things. The average on the final, ended up being pretty low but he curved overall grades up one grade boundary. He provided lots of relevant practice problems (exams from past professors and textbook problems). He also was very quick to respond to emails, and very fair with his grading. A couple times I emailed about a regrading request that was denied by a TA, and he took a look himself and gave me back the points and apologized for the TA having been out of line with their response to me. Also, right before the final I saw that something on my first exam had been graded wrong. I emailed him asking if it was too late for a regrade and he made sure the question was looked at and I got my points. My only few criticisms are that sometimes I wished that he would post something written by him so I could see what it would look like before the exam. However, he gave us tests that were written similarly from other professors, so it's not like we were blind sighted walking into the exam. I also feel like because his exams were relatively short, if you didn't know something on one question your grade was pretty heavily impacted.",,,,,,,,,,
MATH401_030,MATH401,Todd Rowland,2022,3,"Dr. Rowland is super friendly and caring. He made an effort to learn every student's name and even studied their ELMs picture to try and remember who people were. I believe over time his organization and content will improve and therefore his overall teaching ability. However, for the time being, those skills were lacking enough that I won't be taking another course taught by him.",,,,,,,,,,
MATH410_039,MATH410,Patrick Fitzpatrick,2020,4,"He made some errors but not as bad as some other reviewers claim. He's also a very generous grader. I felt like his office hours were much more helpful than going to class, but some of his lectures were quite helpful for the denser material. I would recommend reading the material a day or two in advance that way you know what to expect. Also if you email him ahead of time he with questions he'll give a bit of extra time towards it in class. If not for technical limitations I would take another course taught by professor Fitzpatrick.",,,,,,,,,,
PHYS260_112,PHYS260,David Buehrle,2024,3,"Buehrle is very engaging, but at the same time I retained nothing while sitting in his lectures. You could go, but honestly the only classes you need to attend are the review for tests and exam itself. Tests are, as many other reviews have said, much more difficult than the homework on problems done in class, with a lot of problems mixing concepts, but he has used problems from the homework on the tests, so be sure to review the tough homework problems for niche formulas/answers. He gives full credit for correct answer & units, so as long as you have those, you're fine. Textbook is a godsend, reviewing it will be a lot more help, as well as all of the TAs being very helpful.",,,,,,,,,,
STAT100_149,STAT100,Jonathan Fernandes,2024,2,"Makes a simple gen-ed class for mostly non-STEM majors as hard as possible. He curves exams by 5 points, but it is not enough. A LOT of homework, with crazy deadlines (due 2 days after assigning). We had 3-4 homework a week. He also makes you learn a programming language called R, but doesn't let you use R for the exams. He has the curse of knowledge, he lectures like students have the same understanding of statistic as him, a PhD. This class was unnecessarily stressful. He also sends out exam reviews that look nothing like the exams, he loves to throw curveballs. You will have to heavily rely on TAs to understand concepts. He did allow students to do missing assignments on Pearson, so that one nice thing he did.",,,,,,,,,,
STAT410_027,STAT410,Jonathan Fernandes,2021,5,"material is pretty challenging but Jonathan does a really good job explaining it. there's a weekly online quiz that's pretty easy if you just go to class and pay attention, and there are about 8 homeworks the whole semester. the hw's are fairly hard and take a bit of time, but the grading is extremely lenient. exams are also very similar to practice exams that he gives out. hard material but easy to get a good grade if you simply do the work he assigns",,,,,,,,,,
BSCI160_506,BSCI160,Bill Fagan,2024,1,"Exams and homeworks are needlessly difficult. No flexibility with due dates whatsoever. If you are looking for an easy lab credit, keep searching.",,,,,,,,,,
BSCI170_228,BSCI170,Ji Young Choi,2025,5,"Dr.Choi is very sweet and lenient with her exams. She's not a great lecturer, since she kinda just reads off the slides BUT, as long as you study you should be fine. She lets you either drop your lowest exam or get 15 points of extra credit. There are a lot of free points with the worksheets that you can collaborate on, online quizzes that are pretty easy, and review problem sets, that prepare you for the exams. Her study guides are very detailed, and outline exactly what you need to know/will be tested on. Class averages for the exams are usually 70-80% which is really good. I would definitely suggest taking her class.",,,,,,,,,,
BSCI201_035,BSCI201,Nelson Bennett,2022,3,"Good lecturer? Yes. Looking to slide by without studying every day? Good luck. But honestly, I love the lectures, and he makes them interesting. This class taught me hard work, yet I still had to withdraw... Overall, he's a good option for a professor, but this class will be a wake-up call if you're not used to studying a ton. This class is entirely memorization. He was correct when he said 3 hours a day at minimum for an A.",,,,,,,,,,
BSCI207_129,BSCI207,Karen Carleton,2023,5,Dr. Carleton is one of the best teachers I have had. She broke down the content into well-organized lectures. She was very clear with what will be tested and made the memorization-heavy content digestible. She allowed us to make and have a cheat sheet which was a lifesaver. DO THE CONCEPT CHECKS! The concept checks are going to be very helpful. She genuinely is a good teacher and wants you to do well.,,,,,,,,,,
BSCI222_181,BSCI222,Sofia Tasikas,2024,5,"Sofia was an incredible TA. She is warm, welcoming, and kind, and she clarified concepts for Dr. Paczolt's genetics class very clearly.",,,,,,,,,,
BSCI223_006,BSCI223,Daniel Stein,2010,3,"honestly, i didn't learn that much in lecture. found it hard to take notes unless you had a netbook because he teaches off powerpoint slides. all you really have to do to get an A is read the book. the labs were relatively easy and the exams were alright if you keep up with the reading. if you find yourself short a few points of your target grade, dont worry since he'll give out a lot of extra credit towards the end of the course.",,,,,,,,,,
BSCI330_085,BSCI330,Sergei Sukharev,2022,3,"Dr Sukharev is a nice guy, can be a bit rude at times, but is nice nonetheless. His lectures were hard to follow at first due to his stuttering, however you get used to it kind of like white noise. Dr Sukharev steadily became a better lecturer throughout the semester, slowly but surely. His exams were not extremely difficult but that averages were always in the 65-70 range. All in all, he’s a nice guy but needs to work on lecturing skills, I must say I did learn a lot from this course by putting in countless hours of study time.",,,,,,,,,,
BSCI410_036,BSCI410,Louisa Wu,2021,1,"I have taken BSCI410 with her, and I cannot tell how bad it was. She has no idea what she is teaching- slides are not organized and you have to read the textbook in order to understand something in her class. Some materials that we have learned from previous courses, she teaches in a way that you get confused, and in the middle of the lecture, every 5 min she says, I believe, I think, I am not sure.....then why do you teach this course? Homeworks are from articles, and much beyond the materials, you learn. The deadlines are crazy- no fixed deadlines for this class- you need to hire someone just to keep track of the deadlines in this class. The worst class in UMD. My GPA is 3.9 and this class makes no sense to me. Good luck! if you care about your grades or you want to learn something! don't take her.",,,,,,,,,,
CHEM131_454,CHEM131,Lee Friedman,2025,1,"Literally the worst person ever. Hard to deal with, rude and has an attitude all the time.",,,,,,,,,,
CHEM132_002,CHEM132,Christiana Guest,2018,1,You're probably forced to take CHEM132 at some point but if you want to take this class for fun... don't! I was lucky enough to have a great TA but other's are harsh and you literally never even meet the professor... all she did was write the lab manual which has SOOOOOO many typos in it anyway. Even the TA's say that the procedures she writes suck,,,,,,,,,,
CHEM135_359,CHEM135,Alice Mignerey,2025,2,"Alice has a lot of negative reviews on this site, and for good reason. She is terrible with technology, doesn't explain new concepts before jumping right into problems, and can have an attitude when questions are asked. However, the class itself is not that bad. I would say its best to just skip all the lectures and use organic chemistry tutor videos/chatgpt to learn the content, and as long as you grind the practice exam(s) and discussion worksheets the tests aren't that bad, nothing too unexpected. I would recomend taking another professor, but if you have no choice but Alice you can probably manage",,,,,,,,,,
CHEM231_353,CHEM231,Lenea Stocker,2025,4,Very good professor. No homework so just do well on the exams. She offers so many problem sets and old exams. Discussion was also very helpful. The difficulty of this course is overhyped especially with the amount of practice problems offered. The curve is fine and she will lower it based on how the class does. She does not record lectures and posts her non annotated slides so she doesnt get 4 stars.,,,,,,,,,,
CHEM241_187,CHEM241,Jeffery Davis,2024,4,"Someone also said this, and I agree: I feel slightly misled by past reviews. Coming off of an A in orgo 1 which I did not find difficult, orgo 2 was a whole different experience. I love Dr. Davis, he's such a sweet and good prof, but a lot of the time in lecture, he was kind of all over the place. I also feel like he took too many questions from students and it wasted a lot of time. Otherwise, the way the class is set up is pretty nice, 4 exams total, and your lowest is dropped including the final. The cutoffs are also rly nice, 80 is an A-. There were also 9 bonus points for completion of practice exams, def do them. However the final was incredibly difficult. All in all, be prepared to study a lot for this class. For someone who was taking PHYS161 at the same time, I needed to focus on passing that so I didn't have much time for orgo so just bear in mind that it requires a lot of time and work.",,,,,,,,,,
CHEM271_157,CHEM271,James Rainbolt,2023,1,"Horrible Horrible teacher. His style of teaching is very confusing and he tends to also skip important stuff. His exams are hard and not in what we learned in class. His class is poorly managed. If you care about your Gpa, don’t take rainbolt",,,,,,,,,,
MATH241_454,MATH241,Kendall Williams,2025,1,"The fact that this professor can teach well is completely negated the exams. They are extremely unfair, and often ask about obscure, convoluted Calc 3 concepts. They are impossible to complete in the time given. Our first midterm average was a 46%, and he would not curve. The exams make up almost our entire grade, so it extremely challenging to do well in this class because of the unfair exams.",,,,,,,,,,
MATH246_289,MATH246,Antoine Mellet,2024,5,"I only attended like 6 lectures from the beginning, but from those, he seems to be a great lecturer. He knows what he is talking about, and his accent is a non-issue. He's fairly nice and is very open to answering questions, especially at the end of lecture. Definitely recommend you take him if given the chance.",,,,,,,,,,
MATH401_029,MATH401,Lutian Zhao,2022,5,"He is super nice. Just follow his examples and you can do well. We never have any difficult homework/exam for the whole semester. There is no final exam, only a project.",,,,,,,,,,
MATH410_038,MATH410,TBA,2020,1,"This professor appears to be teaching half the courses/sections at UMD, but then magically disappears and gets replaced by some terrible professor! But on very rare occasion, when the stars align and Testudo rises, the legend Justin will replace Dr.TBA. Overall, any class that Dr.TBA is teaching will be replaced by someone else, so unless you think it'll be Justin, it's probably better to opt to taking a different professor.",,,,,,,,,,
PHYS260_111,PHYS260,Rajarshi Roy,2024,4,"Prof. Raj without a doubt made PHYS260 a much easier class than expected. His assignments are super relaxed; ELMS quizzes every week were open note and you had multiple attempts, first two exams were open internet, and he toned down the frequency of the ExpertTA hw assignments two weeks into the course. Teaching-wise, he's pretty good. He emphasizes the concepts before actual computational stuff, so he spends a lot of time deriving the equations we go over in class. Not exactly my favorite style of teaching, but I got used to it eventually. Some of the things he goes over are kinda unclear, so I definitely relied on the textbook during the semester. He has a REALLY soothing voice and dims the lights in the lecture hall, so if you have a late lecture time like I did, or had a long day of class, you might have trouble staying awake during lecture. He also curved like crazy and is super approachable and kind, so I would definitely recommend him.",,,,,,,,,,
STAT100_148,STAT100,Matthew Griffin,2024,5,My goat fr. He IS a little stricter than most professors but I promise its for good reason. SO MUCH EXTRA CREDIT and so many resources when it comes to exams. An A is extremely achievable. Only way you can really fail is if you religiously don't show up to class. Feeling extremely confident for the final. My TA and AMPS were helpful throughout the whole semester.,,,,,,,,,,
STAT410_026,STAT410,Scott Preston,2021,1,This guy does not deserve his current 3.08 rating. The man does not give any definitions in lecture and just goes over examples without context. His notes on the white board are readable but his handwritten notes are so hard to read. Don't take this man's class if you want to have your sanity by the end of the semester.,,,,,,,,,,
BSCI160_505,BSCI160,Bill Fagan,2024,1,"RUN WHILE YOU CAN. He does not curve exams (other than the first one), and does not drop any exams. The other professors are so much better for BSCI160",,,,,,,,,,
BSCI170_227,BSCI170,Michael Keller,2025,1,"Everyone says his exams are really easy, but I disagree. I follow his review guides and make sure I know all that I need to know, and then I get the exam and still find things I did not study. It's also so stupid that we have 4 midterms and a final, but he does not drop any exams. He also does not curve his exams or his final grades which is super annoying. He talks too much in class which makes it hard to know what will be on the test and what he is just talking about because he likes to talk about biology. His class is not straightforward whatsoever and I wish I had taken someone else.",,,,,,,,,,
BSCI201_034,BSCI201,Nelson Bennett,2022,5,"I really like his teaching style, he likes to draw pictures to help understand the content which is something that works for me. His exams are very fair, if you pay attention and put in the work he is a great teacher. The only negative thing is that he often jumps around the lecture slides and may ramble on specific topics. But overall I would definitely recommend him as a teacher.",,,,,,,,,,
BSCI207_128,BSCI207,Leo Shapiro,2023,5,"Great professor! He really cares about all of his students and listens to any concerns we have about exams, homework, due dates, etc. The class is definitely hard, but the work and exams are fair. you should definitely go to lecture, he posts the slides on canvas, but he talks about them and adds a lot more info that isn’t on the power point. He adds in humor which keeps the class engaging and fun.",,,,,,,,,,
BSCI222_180,BSCI222,Claudia Silva Aldana,2024,1,"I would give 0 stars if I could. She is the worst professor I've ever had in my life. Taking this class with her was so incredibly frustrating because the content within the class is not difficult, what makes it difficult is her slides, exams, and overall organization. Her slides are so disorganized that its extremely difficult/confusing to follow and the little context that is provided within the slides are in Spanish, which I can't understand. She also makes a lot of errors when trying to explain concepts. Her exams are filled with illegible typos and the questions are so wordy and unclear its difficult to understand what is even being asked. This makes providing an answer hard, takes up unnecessary time during the exam, and is even more frustrating when she provides no partial credit or any feedback. Both the 2nd and 3rd exams had failing averages and she responded with telling the class that it was our fault for not asking enough questions or attending office hours. However, when over 100 kids are failing, there must be a fault somewhere else (the teaching). She also did not curve these exams and took 3 weeks to release the grades. Admin was aware and did nothing. This class was so incredibly unfair and didn't even give students the opportunity for success. The reason I have a B is because I taught myself and read the textbook, I give absolutely no credit to Dr. Silva.",,,,,,,,,,
BSCI223_005,BSCI223,Daniel Stein,2010,4,"Compared to Smith, Stein is a little more difficult. My TA, who took Smith, said the stuff we were learning was harder than what he had learned. That said, Stein really does want his students to learn the material in this course, not just regurgitate the info. He tries to make the information interesting and engages the class through ""cool"" facts presented at the beginning of each lecture. The book is pretty helpful, so I'd recommend you get it. Also, labs and assignments are actually pretty fun and interesting, but I may be biased because my TA and UTA were awesome. Stein also grades students individually. If he sees you've improved through each exams and do well in labs, he'll definitely bump you up a decent amount.",,,,,,,,,,
BSCI330_083,BSCI330,Sergei Sukharev,2022,1,"This class was awful. The exams were super difficult and he was unclear about the content that would be on them. I feel like I worked so hard for nothing because my grade doesn’t reflect the effort I put into this class. His lectures are terrible and difficult to understand. Overall, would not recommend this professor AT all.",,,,,,,,,,
BSCI410_035,BSCI410,Louisa Wu,2021,4,"Dr. Wu is a very nice, friendly lady and a great professor! The material may seem overwhelming at first but she is very accessible outside the classroom. She also does give open note exams sometimes. Do the homework as this will boost your grade. Participating in class gets you on her good side. Class is difficult just because the material is dense but she does a great job teaching it! would take her again",,,,,,,,,,
CHEM131_453,CHEM131,James Rainbolt,2025,5,"I took both orgo 1 and gen chem 2 lecture w dr rainbolt. I will say he has a bad reputation because of his mean outwards demeanor, strict policies, and hard class. However, ultimately hes very helpful and explains well in his office hours. His content prepares u extremely well for the mcat. he has everything organised into a singular packet for the entire class. His classes were also the best to take if you dont come to class because his recordings and packet covered everything. He also has a strong curve. Orgo was brutal, but sad to see him leave tbh.",,,,,,,,,,
CHEM132_001,CHEM132,Christiana Guest,2018,1,"never met her, so can't say anything about her personality but lab manuals have extreme typos, post lab questions make no sense, mid term and final are very hard as well. if you have to take her for lab just make sure you go to office hours for the post lab otherwise the questions can be interpreted 10 different ways.",,,,,,,,,,
CHEM135_358,CHEM135,Alice Mignerey,2025,1,"Alice began with a confident tone, Then left our brains to suffer alone. Each lecture teased, then quickly stalled, Sixteen weeks, academically blue-balled. Her grading’s chaos, her slides a mess, My GPA’s now crying in distress. She spoke in riddles, slow and tall, Queen of confusion, long may she stall.",,,,,,,,,,
CHEM231_352,CHEM231,Sonia Hirschauer,2025,2,"haha... yea all the past reviews? they stay in the past. Easy exams? easy A? BS. Ever since she got confronted by the chem department she has been making her exams at least 20x harder than last semester. She gives you no practice exams (only the final) and the practice work (pp sets) she gives us are way easier than her actual exams. so you basically get barely any preparation for her midterms especially in the concept of an actual exam. For example when you are doing the practice sets shes giving for each chapter you are only studying for one chapter at a time, you really dont get to sit and have an exam like practice session (bc none are provided). She explains things well i say, but again not enough to prepare you for an exam. you get 8 tries on all the hw so its actually impossible to not get 100% on them....but they really dont weigh much on your grade either. Praha (her TA) made no sense to me. he talks sooooo quietly so if u want to go to discussion go early and sit in the front. and all the practice wok in discussion were also too easy compared to the final. Also the cutoffs are INSANE. u basically dont know ur grade until the end of the semester but even with that the cuttoffs are brutal. 57% for a C- while in other classes a 58% is a B.",,,,,,,,,,
CHEM241_186,CHEM241,Jeffery Davis,2024,5,"Live love davis. Coolest professor known to man. Would love to sit down get a beer and do endless mechanisms with him. Hard class, lectures are a bit disorganized, but reorganizing the content helps you study and actually figure out the material (which is hard in itself).",,,,,,,,,,
CHEM271_156,CHEM271,Alice Mignerey,2023,5,I love prof.Mignerey! She taught us everything that we needed to know for our exams. Exams were very fair and her office hours were really helpful. Overall 10/10 and would take her again.,,,,,,,,,,
MATH241_453,MATH241,Kendall Williams,2025,2,"Really good at lecturing, but the exams are EXTREMELY difficult and have no curves. Unless you want to sink all of your time preparing for his exams, I recommend taking ANYONE else.",,,,,,,,,,
MATH246_288,MATH246,Antoine Mellet,2024,5,"Super cool professor, and I'm ngl he has a ton of aura with how he looks so casual when teaching the class in just sweats and jeans, with a slightly disheveled look like you know this guy is smart af. But moving onto the class, he actually did a great job of teaching this class and the class is super fair and there are not any tricks. I've had other professors for math where they are reading basically verbatim from the textbook and just throw a bunch of information onto you, and you get super stressed out because you have no idea what's important and not. For this class, Prof. Mellet had a pretty streamlined version of the course which was great. The notes that this course are based on are from another professor called levermore, who has an insane complex set of notes for diff eq. Ngl that guy's a genius but no normal student can even understand wtf 70% of his notes even mean. Mellet did a great job of providing just the important stuff that you need to know. Yeah, sometimes he'd go into some wild proofs, but that was just to show how you get to that, and he even says u don't need to memorize it. I will say in the last 3rd of the class on systems, lowkey pay attention to everything because I did not and I got my ass kicked on the 3rd midterm. His grading is also very fair. He always provides practice midterm/final questions that have appeared on his past exams to use as study material, and the actual exam very closely mirrors those topics. But if you manage to mess up an exam like me, he makes Ur worst exam only 10% of your grade, so it actually does not hinder your performance by much, so shout out to him. Ngl the final was hard ash as well that was the first math exam I've had where I did not finish it entirely. But I think he curved the class a bit due to that. Overall definitely take him he's a great professor",,,,,,,,,,
MATH401_028,MATH401,Lutian Zhao,2022,5,"Really nice guy who takes the time to answer questions and make sure you understand. Teaching style is like Justin's where he will present you a topic, give you examples and then expects you to be able to replicate it. He makes exams weighted less than most math classes, so if you are a bad exam taker you will love Lutian. He also responds to emails instantly.",,,,,,,,,,
MATH410_036,MATH410,Denny Gulick,2020,4,"I highly recommend taking a course with Gulick if you can. He's a super nice professor and loves to teach his class, and as others have said he has a very quirky personality, which I think is a huge benefit to keeping the class interesting. Additionally, I've always had no problem reaching out to him for help as he's quite welcoming and never once was condescending towards any questions I had, regardless of how silly they may have been (something that unfortunately can't be said about many of my previous math profs). I agree that the way he runs through proofs in class can be a bit too fast sometimes, but going to office hours has helped with that along with going through the textbook while doing HW. While the homework definitely becomes a pain in the a** as the semester goes on its definitely a helpful way to keep you on track and in my opinion is better than having a few major assignments as it gives you a little bit more leeway in the event you forget to do an assignment or submit it late.",,,,,,,,,,
PHYS260_110,PHYS260,Rajarshi Roy,2024,2,"He's a very sweet guy and tries to be very accommodating of his students but my god was his class awful. He's a bad lecturer (pauses for 5 seconds every 3 words, does not make it clear what he is telling us/the greater significance of what he is telling us, making it difficult to take notes) so you have to learn everything from the textbook. He doesn't model his teaching off of what's on the homework or what he puts on tests. If you take this class with him, you will need to self-teach",,,,,,,,,,
STAT100_147,STAT100,Jonathan Fernandes,2024,3,"Let me start this by saying Prof. Fernandes is a great guy, super chill, mildly funny, and jerky like most math professors can come off as. With that being said... based off his teaching style and behavior during content dissemination, it became clear to me that he has never taught a 100 level course before, which makes sense as most of his previous reviews were of his STAT400 level courses. STAT400 and STAT100 are not the same thing, one is a early intro class and another has students that know what their doing, because he has only ever taught in that environment he reflects that in his teaching of STAT100. He's not bad but you'll definitely have to take advantage of your resources.",,,,,,,,,,
STAT410_025,STAT410,Scott Preston,2021,1,"I truly do not know why Dr. Preston has a decent rating. Nice person, but should NOT be teaching any remotely difficult math courses. Starts writing on the board while rambling without any real explanation, leaving students in the dark during lectures. The only piece of advice I have for someone taking his classes are to stop showing up to lecture and read the textbook instead. It will be a much better use of your time. In addition, the homework problems were unnecessarily difficult and often used tricks not at all taught in class.",,,,,,,,,,
BSCI160_504,BSCI160,Leo Shapiro,2024,4,"I am not one who enjoys evolution or ecology but Dr. Shapiro was a really great professor. Even if it is not something you are interested in, he is super passionate about what he does and posts all his lecture slides which is helpful. His tests are extremely fair and my best tip to doing well in his class is go through all the powerpoint slides, take notes and know the definitions of the bolded words, then go to office hours for any questions. If you are able to spit back out the concepts from the powerpoints, then you will do well on his exams. Plus he lets you bring a notecard to each exam and drop one test. Also the review sessions in office hours are recorded and it helps so much! I would take this class again.",,,,,,,,,,
BSCI170_226,BSCI170,Ji Young Choi,2025,5,"Honestly, not a bad teacher, I would recommend her. Tests are easy, she's very lenient in my opinion.",,,,,,,,,,
BSCI201_033,BSCI201,Nelson Bennett,2022,1,"Inaccurately preps students for exams, makes multiple choice questions confusing purposefully. Anatomy is a pretty straightforward subject but the way he teaches and his lecture exams make it pretty difficult. Would recommend taking someone else if you can!!",,,,,,,,,,
BSCI207_127,BSCI207,Karen Carleton,2023,4,I loved Dr. Karen. She is the sweetest professor I've had so far and she clearly cares about what she's teaching. The only reason I took off a star is because classes are boring and she kinda just reads from the slide. I also had a hard time telling what to study or telling how specific the exams would get about the content. But other than that it was chill. There are concept checks that are ungraded practice DO THEM literally like 30% of the first exam multiple choice I already knew because I did the checks. Could have gotten an A if I studied more and went to class :/,,,,,,,,,,
BSCI222_179,BSCI222,Claudia Silva Aldana,2024,1,"Literally wish I could give this 0 stars. WORST professor I've ever had. Like I can't even explain with words how horrific. Class averages on tests are like 50% and somehow she thinks that's normal? Clearly she has some serious self reflection to do. I don't know how she's even still hired. Also can we talk about how half her lecture power points are literally in Spanish...do I look like I speak Spanish? Do yourself a favor and SPRINT in the opposite direction because this teacher will have you contemplating your life. If you think she's good, stop lying to yourself.",,,,,,,,,,
BSCI223_004,BSCI223,Daniel Stein,2010,3,"Dr. Stein really wanted us to ""understand"" a lot of things. His lectures slides were very engaging. I do have to say that his course is a lot of work. He is somewhat approachable, yet I feel that his test seemed unfair at times. He even claimed that ""I feel that this was a bad test, since majority of the class got x amount of things wrong."" But, if you are up to date with everything, and work hard, hopefully, you will be able to do well in this course. Overall, I thought it was okay, the Module 3 about HIV, and immunology was great :]",,,,,,,,,,
BSCI330_082,BSCI330,Sergei Sukharev,2022,2,"I will start by saying he is a very nice person, however nice doesn't exactly equal good. For his first time teaching in undergrad, I feel as this class had been nothing but a social experiment. His study guides for each exam before the final did not prep anyone for the exam, whatsoever. He literally released them 1-2 days before the final, and sometimes he forgets to add tings, so when we think we have it all, there is still more, and it made it worse when the extras he added did not show up in the exam. His quizzes that are also supposed to help us with exam prep were released the day before the exam as well, so no help there. I say that they were useless homework materials that were not graded. He literally said in class, ""Don't worry guys, next semester I will get it right."" So I wasted a good chunk of time and money trying to do well in a class, he's teaching for the first time, and said he would put in effort next semester. The biology department has been no help either, even after a class full of emails, I was the only one to get a reply and they said they were looking into this. Nothing changed. We are supposed to receive extra credit, yet someone in the class group chat announced, he will only get extra credit if he feels like we earned it. While we were promised for Exam 2, all that showed up would receive extra credit. There was also an extra credit assignment, that when we asked for help because it is a program he uses, he told us to call the IT department over Thanksgiving break. Only a few students got it to work, and when they did, most didn't know how to use the program to find the answers. This course had been a displeasure to take and I wish I dropped in when I had the chance to.",,,,,,,,,,
BSCI410_034,BSCI410,Louisa Wu,2021,5,"Dr. Wu is definitely my favorite professor so far- she goes out of her way to make herself super accessible for office hours (which were moved to Zoom) because she really cares about her students. The information is definitely not easy but she doesn't expect you to memorize facts- as long as you get general mechanisms/concepts down you should be good. Her exams are really similar to her homeworks which makes studying a little easier. But there is a good amount of work in this class (clickers (basically participation), mini short answer questions, quizzes, homeworks, and exams) so definitely NOT an easy A. But if you're willing to put in the effort and watch the lectures and go to office hours, you're in good shape to do well.",,,,,,,,,,
CHEM131_452,CHEM131,Frances Stump,2025,5,"She's a sweet teacher and cares about her students, which you won't find everywhere. She answered numerous questions in class and during her office hours and provided us with practice problems. Her tests were fair, and honestly, not hard if you studied the material she provided. She also gives a lot of partial credit on exams, which is nice. I only got one B on an exam in the class because of this. On average, her students got better grades than the other 131 classes because she didn't include incredibly challenging problems in her tests. I recommend reading the textbook if you don't understand some information, and for extra practice problems, which she lists in her slides. The homework did act as a good cushion and wasn't that challenging. CHEM131 is a weed-out course for STEM students, so it's unrealistic to expect the class to be easy. But if you need CHEM131, take it with Ms. Stump.",,,,,,,,,,
CHEM135_357,CHEM135,Alice Mignerey,2025,1,"Please for the love of god do NOT take this “professor”(the reason I put it in quotes is because she isn’t a true professor, just someone who knows about Chem). If you do you’re asking to fail the class. She is well known around the campus as one of the worst “professors”. How she still has a job I have no clue. The only way I ever understood any of the material was from my friend who got a 5 on AP Chem in high school and from the TA in discussion. By the way that TA, Matthew Wrotny, was the best dude ever. Always had a good sense of humor and made class fun. Back to Alice… she never explains HOW she does the problems. She might be 90 years old but she goes so fast in lecture to the point where she is practically done the problem when you finish writing it down. So you can’t fully understand the problem because you look up and she’s almost done with it. So in summary, going to the lectures is basically pointless because you never retain any information from her not even explaining what she’s doing. It’s like she expects that we already know all of the material and this is just review. For example, anytime someone asks a question, she speaks to you in a tone like you’re stupid and should keep your mouth shut. And by the way she is the absolute WORST with technology! The first lecture, it took her half the class to get her slides pulled up on her iPad. Then the next day she tells us that she bought a whole new iPad just for class and has been practicing with it every night. But it doesn’t seem like it though because she’ll try to go back 1 slide but in reality skip 5 slides forward. It’s a totally pointless lecture and you have to be able teach yourself or go to a lot of tutoring if you have her. But I STRONGLY recommend you to find any other professor that is not named Alice Mignerey because you will be in for real treat if you have her.",,,,,,,,,,
CHEM231_351,CHEM231,Lenea Stocker,2025,4,"She was alright. I did enjoy the way she explained things and I felt like the lectures didn't cram too much in, until the last exam. However, the whole class consists of only 4 things in the gradebook, 3 midterms and 1 final. She gives you homework to work on your own but it doesnt get put into the gradebook. Another thing is that she doesnt curve as much as I'd hoped. I scored around an 80 on both the first exams (way above the average) and still was fighting for a B towards the end. If you can take another professor I would, but she's not the worst professor for Orgo.",,,,,,,,,,
CHEM241_185,CHEM241,Lyle Isaacs,2024,3,"Be prepared to teach yourself the content. He has clicker questions which quiz you on the content that he just went over, so if you cannot learn on the spot, you are screwed. About half of the questions on exams come from previous/old midterms he has posted and the textbook additional problems. For some mechanisms he says not to refer to the textbook and his method, making it confusing to understand what he is looking for. His grading is nice where he guarantees an 80 is an A at the beginning of the semester, however, I took this when Davis was teaching and had a nice curve, dropped exams, did not give clicker questions, and gave extra credit which was infuriating knowing we had to work 10x harder with harder material. To succeed, I recommend Professor Dave explains or jOE Chem on Youtube for concepts you do not understand.",,,,,,,,,,
CHEM271_155,CHEM271,James Rainbolt,2023,1,"Horrible teacher, has a terrible attitude. Exams are not fair at all and he expects us to know things he didn’t teach. Just don’t take him if you value your gpa and mental health.",,,,,,,,,,
MATH241_452,MATH241,Kendall Williams,2025,1,"Dr. Williams makes math241 as hard as it can possibly be. Do yourself a favor and take anyone except him if you do not want this class to consume your life in an effort to get even just a B. As of writing this review, 2/3 of the exams we have taken have had an average grade of failing and he is giving us an exam the wednesday before our final which is the following monday. It's almost like he takes pride in writing the hardest exams he could possibly come up with. If he would just curve the class so there would be a slightly reasonable grade distribution, then I would have far fewer problems with Dr. Williams, but it seems like his ego doesn't allow him to consider this. I would highly recommend not taking Dr. Williams.",,,,,,,,,,
MATH246_287,MATH246,James Conway,2024,5,"Dr. Conway replied to most of my emails in minutes! Seriously, he is so awesome. Dr. Conway taught so well. Every lecture was recorded and each topic consisted of a good balance between theory and examples/applications. The quizzes were easy. The 3 Matlabs took an hour or so and were not difficult (example code were given, and only minor tweaks were necessary). The midterms did not contain anything unexpected - you will score high on the exams if you do and understand the suggested exercises for each section. The final was somewhat difficult, but this was not Conway's fault because Mellet was the person who wrote it. Conway was very nice and told us what was for sure to not show up on the final. It seemed like Conway wanted to tell us more about what to expect but was unable to because the course chair did not let him :(. All three of Conway's midterms had a good grade distribution, but the final was somewhat skewed. Again, it was not Conway's fault, and to compensate for this, there was a generous curve. Roughly 90 ended up being an A, and 86 an A-. Grading: - 10 quizzes (worth 17%, lowest 2 dropped) - 3 Matlabs (worth 6% each, total 18%) - 3 exams (lowest worth 8%, other two worth 0.17%) - final exam (worth 23%) Just take it with him. Trust.",,,,,,,,,,
MATH401_027,MATH401,Allan Yashinski,2022,5,"Class follows a predictable format: a few lectures, groupwork in class, then homework due, and then the cycle repeats. 12 topics and 4 exams that aren't cumulative. so each exam touches on roughly 3 topics. My one gripe is that sometimes the homework problems he writes himself can be a bit nasty to do. Usually they don't take too long, but you have to sit and think about them for a bit. I have learned a lot though!!!",,,,,,,,,,
MATH410_035,MATH410,Leonid Koralov,2020,4,"Above average. Besides reading from the book, he only gives slightly different proofs. He gives a lot of homework. His exams are difficult, especially the midterms, because of a shortage of time. The final is easier, with double time and 1.5 times as many questions as midterms. A difficult question in midterm 1 is similar to a homework problem. Another difficult question in midterm 2 is related to the Darboux theorem (which is not included in the textbook).",,,,,,,,,,
PHYS260_109,PHYS260,Rajarshi Roy,2024,5,"Great professor! Super sweet and accommodating, very passionate about the subject. This course is absolutely awful but he makes it more bearable, which I really appreciated. Our first two exams were open notes/internet and he's very available over email! Overall a great physics professor, if he's available for 260 definitely take him.",,,,,,,,,,
STAT100_146,STAT100,Matthew Griffin,2024,5,"Professor Griffin was by far the best professor I had this year. Despite this class having over 250+ students he tries his best to get to know all of his students, especially during office hours. Math is my worst subject BY FAR, but he made this class very easy and provided many resources for students to succeed in this class. He has many extra credit opportunities and provides identical study guides when it comes to the 3 exams we have in this course. Also, the AMPs are very helpful, and they are a huge reason why I am ending this semester with an A. Finally, it can get annoying when Prof repeats the same message regarding mandatory attendance, headphones off, problem sets, etc... but he genuinely cares about the success of his students.",,,,,,,,,,
STAT410_024,STAT410,Scott Preston,2021,1,"He is a nice guy, but his lectures were very hard to follow and were often very unorganized. He never went over definitions, and just did random examples without specifying what he was covering. Homework assignments were long and typically about material not covered in class at all, so it was necessary to self teach from the textbook which lacks examples as is. Lastly, sometimes he was condescending when people asked questions.",,,,,,,,,,
BSCI160_503,BSCI160,Leo Shapiro,2024,4,"His class can definitely be boring at times but overall it's really easy to follow! His lecture slides are really basic and most of the important information actually comes from his talking so I think going to lecture is worth it in order to take notes that aren't just on the slides (which are always posted). He's really nice and passionate about the topic which is refreshing and cracks random jokes which are pretty funny. He also allows an index card for each midterm and the lowest midterm grade get's dropped which I think is super helpful. Overall his exams align greatly with the notes and examples he gives in class, even if they're extremely niche, which is why I'd say it's important to pay even a little bit of attention to what he says. I think if you just pay attention to what he says and put in a little effort to understand the concepts, with the notecard too the exams should be fairly simple and his class should be easy to pass!",,,,,,,,,,
BSCI170_225,BSCI170,Michael Keller,2025,2,he is fine i dont feel like he is a good professor though I have had to heavily rely on other classes and videos and readings to get me through this class,,,,,,,,,,
BSCI201_032,BSCI201,Nelson Bennett,2022,5,"I love Dr. Bennett's teaching style. He doesn't go slide by slide but bounces around to set up foundational knowledge that is super helpful for understanding concepts in the long run. Anatomy is definitely a difficult class but he gives you realistic expectations and an objectives list that is super useful for studying. Exams are long and specific but mostly fair. He makes a lot of innuendo-laced jokes that can be hit or miss, but definitely are memorable (which he says is his goal, so students remember content). My only complaint is that he doesn't record lectures or have a zoom option. I would definitely take him again.",,,,,,,,,,
BSCI207_126,BSCI207,Nicholas Fletcher,2023,4,"Fletcher is the nicest guy you'll ever meet; he makes the class environment super welcoming towards new students and won't hesitate to help you. However, I found his exams kinda difficult; they are very detail-oriented, and while it holds true that everything comes off of his slideshows, his slideshows are each about 75 slides long, and there's around 10 slideshows per unit. It's a lot of content to cover. If I could retake the course, I'd start reviewing information earlier before exams because a lot of it is memory based. I also think his lectures are more on the ramble-y side, but he records them, so you don't have to attend if you don't want to. Overall, great and approachable guy!",,,,,,,,,,
BSCI222_178,BSCI222,Claudia Silva Aldana,2024,1,"Not sure why someone gave her 5 stars.... I would recommend any other professor. Her schedule is partially in Spanish as well as the occasional slide which she doesn't even address or translate. There have been multiple times in lecture where she will misspeak and move on without correction. She is extremely difficult to communicate with and she does not respond well to feedback despite this being her first semester teaching. The first exam average was high but this was likely because it was a lot of 170 content. Her following two exams had much lower averages. The workload is unnecessary and poorly paced through the semester. She frequently will move due dates without announcing it. Overall, I do not recommend this professor and my TA has echoed the same statement.",,,,,,,,,,
BSCI223_001,BSCI223,Richard Stewart,2010,5,"This class was very easy. Although his lectures are boring and he tends to try very hard to make lectures exciting, they don't really make students want to stay in class. You must go to lecture 20 times at least to get the clicker points. Overall, Stewart is a very good teacher if you listen to what he says. He wants his students to pass so utilize his weekly study questions. If you answer these you will be prepared for the tests. Another great thing Stewart does is posts the final question to each test and a sample test for every test. With these and Koofers tests (which were exactly the same tests we were given this year) it is impossible to not get an A. Good luck in Micro!",,,,,,,,,,
BSCI330_081,BSCI330,Sergei Sukharev,2022,1,"-The course consist of material that are not prerequisite to this class. For example, genetics (from BSCI222) and biochemistry (from BCHEM461/462). -Rarely record any of his lectures. (only recorded about 20% for this semester) -Always show up 10 minutes late. (No, I am not joking. Lectures do not start after 10 minutes into the class EVERYDAY). -Lecture slides: 80% consists of diagrams that you have memorize and know how to DRAW them. Very brief explanation on each topic. -Lab is the only thing that is keeping up your grades and it is with another instructor/TA. Easy lab grade as long as you complete your assignment. -Quizzes: Literally posts them the night before the midterm and it won't be open until late afternoon. -Midterms: No multiple choice. All short answers and some of them you have to memorize and draw the diagrams. You have to label them as well. Early this semester, on the day of midterm, he allowed students who arrived early to get a head start of the exam (about 15 minutes head start). Which is very unfair to the people who have classes before this one. -Extra credit assignment: Little to no instructions. People complained about technical difficulties with the app that we were suppose to run. When we emailed him about the issue, he would asks you to refer to an IT. -Midterm study guide: (sigh) Not very helpful...only about 10% of the stuff will be on the midterm. On the third midterm, he even send out annoucements about the things that we were suppose to remember yet none of the related question showed up. -Final exam study guide: For this semester...two parts. About ten pages combined. After completing the questions you will get about 41 pages of information. (Not joking)",,,,,,,,,,
BSCI410_033,BSCI410,Louisa Wu,2021,5,"Dr. Wu is a phenomenal lecturer but most importantly a kind person. This course can definitely be a challenge, as it was for me, but Dr. Wu made sure I stuck with it and did my very best. She even requested a 1-on-1 with me when I failed the first exam to better help me. There were three exams, lowest score was dropped, and the final was optional!",,,,,,,,,,
CHEM131_451,CHEM131,Lee Friedman,2025,2,"(Fall 2024) To Friedman, With Honesty I can't speak it plainly, So let this be verse— A truth wrapped in rhythm, A blessing, a curse. This class isn’t easy, No gentle A's here, I faltered through hardship, With doubt and with fear. Your lectures, they wandered— More name than idea, Theory, not practice, The concepts unclear. Clickers required, Attendance a must, But learning felt distant, In whom could we trust? My TA was harsh, His words raced like rain, No kindness to anchor, Just silence and strain. I earned but a C Still, I’m not alone. Even my friend with an A Let the same truth be known. No chem before this, No prep in my pack, Yet hope found me later— In Orgo, I came back. So if you fall short, Know you’re not through. There’s still light ahead, And it will carry you.",,,,,,,,,,
CHEM135_356,CHEM135,Alice Mignerey,2025,1,terrible terrible terrible. Curves the class mainly based off of if u did the homework. IF you get 96% on hw then you should be able to pass. You won't learn anything but you have a chance to pass even if ur exam grades are trash. I can't emphasize how bad it was. good luck,,,,,,,,,,
CHEM231_350,CHEM231,Sonia Hirschauer,2025,2,"Let me start this review by saying she is no means a bad person. She seems very friendly, has a good sense of humor, and tries to adapt the lecture to suit multiple teaching styles (learning with Pokémon was my favorite). Ever since she was investigated, her class has become SO MUCH HARDER, even compared to other orgo 1 classes. While she is good at lecturing and provides notes guides (which I found really helpful while studying), she has not been able to provide us with the necessary resources to pass the class at a harder level than she used to teach it at. We were told to look at notes and complete problem sets to help with studying. NOT ENOUGH. The exam content was always so much harder and a lot more niche. Basically, memorize all her notes AND THEN SOME. She also rarely records classes which doesn't help... Also, the lack of information rlly made the whole experience stressful. We weren't told about any of the grade cutoffs, just a ""best guess."" After discussing the grade cutoffs with people in other classes, I was shocked at the difference (Our C- is 57% and my friend's B cuttoff is 58%... actual insanity). HWK is 8 attempts and the one with the highest score is kept, so I had no issues there. Discussion is a waste of time. Praha seems like he is very knowledgeable but he moves very quickly. More than once I've seen people raise their hand, not get called on for a couple minutes, and give up asking a question. He also doesn't post the answer keys to the worksheets, which is of no help when you're trying to review on your own time. GSS was a godsend though, definitely attend those if you can. All in all, I chose her class because I'm someone who inherently struggles to grasp chem concepts. Don't be fooled by past reviews </3",,,,,,,,,,
CHEM241_184,CHEM241,Jeffery Davis,2024,5,"Such a nice guy!! Definitely try to take him if you can. Lectures are engaging, clear and very productive. Dr. Davis's exams did get progressively harder, but they were generally very fair. Make sure to study a lot as exams are the only grades in this class.",,,,,,,,,,
CHEM271_154,CHEM271,Alice Mignerey,2023,5,"Great professor, knows what she is talking about. The classes she teaches are difficult classes so this is why she tends to get bad reviews. Her test are fair and just like any other teacher teaching the course.",,,,,,,,,,
MATH241_451,MATH241,Manoussos Grillakis,2025,2,"Had him for Calc 3 after withdrawing from the same class the previous semester bc of a terrible lecturer. Gave up going to his lectures like two weeks in and self-studied; all he does in his lectures is copy his exact notes that he posts online onto the board with almost no clear explanation or organization and even less attention to whether or not students are actually comprehending what he's writing. I actually left classes more confused about the concepts than I did going in with my previous Calc 3 knowledge. He grades the entire class based off two exams, 3 MATLAB assignments (which literally said at the top that they were Justin's and edited for fall 2024 despite me taking this class in fall 2025). Take 241 with someone else. The one benefit of his class is that there was not a wide range of topics on the exams. Study exactly what's on his review sheets and the exams are fine, although very high stress as there's only 4-5 problems per midterm (which means your entire grade hinges on like maybe 20 problems total including the final). There was also quite a generous curve, with B- being a 70. However, that doesn't really make up for the fact that pretty much the entire class hinges on your ability to self-teach and get lucky with getting everything absolutely correct on exams since there's so few opportunities to earn points.",,,,,,,,,,
MATH246_286,MATH246,James Conway,2024,5,"He is literally the goat. He is super nice, he responds to emails very fast, and very accommodating. The class is a very easy A if you put in the effort to go to his class and do the review problems he says to do. - Records all his lectures + posts his notes online - Weekly Discussion Quizzes (2 lowest dropped and your TA reviews content before the quiz) - 3 Free Matlabs - 3 Midterms (all very fair) - Final was a little difficult but curves the class to account for this",,,,,,,,,,
MATH401_026,MATH401,Michael Jakobson,2022,1,"The worst professor I've ever had at UMD. You will be undergoing an entirely self-taught class if Jakobson is your professor. I will say that he is polite and always willing to answer questions, but that is if you can even tell what is going on in the class to formulate a question to begin with. He began the class writing on the chalkboard, albeit never turning around to actually talk to the class - just talking at the board about seemingly random topics. As of the second week of class he just shows us grainy pictures of notes (not even a PDF scan!!) on the projector and reads over it. It's seriously hard to learn anything from this prof, as half of the time I'm not even sure what the current topic is (his handwriting is not the best).",,,,,,,,,,
MATH410_034,MATH410,Xiumin Du,2020,5,"Professor Du is a great professor. She comes to class with very organized and structured notes, which she then posts after each class so if you miss a day you won't be behind. However attending class is still beneficial because she doesn't just mindlessly write the notes on the board, she explains them as well, especially the more complicated proofs. Her lecture is very structured as well. She presents a definition, then a theorem, and then a proof, in that order. So if you like an organized prof you'll like her. The homework is hard but prepares you for the final and you have one homework a week (but it takes about 2-4 hours generally so it's best to not do it last minute). I got a 100% on the first midterm and a 66% on the final, so it's definitely a tough final (average on it was 55%) but she curves the class accordingly (86% for the class got me an A). Math 410 is a very hard class and likely the first tough proof based math class you'll take at UMD. And I think taking professor Du is very beneficial if you plan to take more rigorous proof classes. Also she has a very easy to understand accent so don't worry about that either.",,,,,,,,,,
PHYS260_108,PHYS260,Rajarshi Roy,2024,5,"Love Raj, terrible at physics, for some reason they decided to have the final cowrote by him and Buehrle, as expected, the average was a 39% Not his fault. Still way better than any physics professor at this school.",,,,,,,,,,
STAT100_145,STAT100,Matthew Griffin,2024,1,"Take STAT 100 with any other professor!!! Griffin records attendance at lecture and discussions, which are not necessary at all. To miss ONE CLASS you need a University Level excuse like a doctors note literally saying you're incapable of getting out of bed. He's not empathetic at all and pretends like his class is the most life changing and important class in the world. He spends at LEAST 25 minutes of lecture (the whole class is 50 mins long) complaining about people not showing up or not doing work or not paying attention to him. He yells at us basically everyday like a high school teacher begging students to put in effort. STAT 100 is super easy and all the requirements for his class are completely unnecessary. Highly DO NOT RECOMMEND.",,,,,,,,,,
STAT410_023,STAT410,Jonathan Fernandes,2021,5,"I had Fernandes this past summer for STAT410 and it was his first time teaching the course. Usually students take STAT400 first before STAT410 but this was not the case for me. Fernandes did an amazing job explaining the course material I would say he's just as good as Justin when it comes to teaching. Also if you ever had questions about the homework, course material, or R projects you could do to office hours and he would walk you through it. He turned STAT410 from a difficult to easy course and was extremely approachable definitely easy to get at least a B and with a little bit of extra studying you can get an A.",,,,,,,,,,
BSCI160_502,BSCI160,Magdalene Ngeve,2024,4,"I would recommend taking Dr. Ngeve for BSCI 160. She's engaging, nice, and explains the content well. There aren't many homework worksheets, but some of the ones you will do are a bit lengthy, but not difficult. There are also discussion boards each week, which are easy and are a grade booster. Dr. Ngeve gives PLENTY of extra credit opportunities, so do it because they're saving my grade right now. The exams (consists of content from the lecture slides and content in the textbook that isn't really touched in class) are pretty lengthy and are a bit difficult, but it's not too bad if you study outside of class (notes, lecture slides, review questions, kahoots, etc.) and she lets you have a small note card during exams. Also, your lowest exam score gets dropped, so that's nice!",,,,,,,,,,
BSCI170_224,BSCI170,Ji Young Choi,2025,4,"This class is very much teach yourself, but it is very manageable. All her test questions are about the slides from class, and they are all very straight forward. I never payed attention in class, but spent the week before the exam studying, and got A's on everything. If you are good at memorizing take her, because questions are word for word the slides. She also lets you either drop the lowest test grade, or get 15 points of extra credit at the end of the year. And the final exam is 50% new lecture topics from after exam 3, and 50% everything else, but it is all from previous test questions. If you don't mind taking time to go over your notes to make sure you understand it, take her. I thought it was a really easy and straightforward class. Lectures are just a little boring",,,,,,,,,,
BSCI201_031,BSCI201,Nelson Bennett,2022,5,"I like the way he teaches. He explains things very well but he does go off on tangents sometimes. He tells you everything you need to know in lecture but does not record his lectures, so if you don't go to lecture you're kinda screwed. He makes funny jokes to keep the class entertained and awake. He also connects the information to things in the world.",,,,,,,,,,
BSCI207_125,BSCI207,Karen Carleton,2022,4,"Like everyone says, she’s a kind and sincere professor. I just feel the lectures are her reading off the 50 or so slides where we don’t even have time to write much of anything down. Each lecture is pretty loosely related to each other so it doesn’t really matter too much if you skip one because you can watch the recording. I felt she was an alright prof and attribute most of my success to the cheat sheet for exams and just reviewing lecture recordings because I skipped a decent amount of lectures.",,,,,,,,,,
BSCI222_177,BSCI222,Kimberly Paczolt,2024,1,"Rude and condescending during office hours. I got the impression that she didn't want to teach. Tests have trivial questions that can be difficult to study for. Should be a curve, but there isn't.",,,,,,,,,,
BSCI223_014,BSCI223,Ann Smith,2009,4,"Dr. Smith was a good teacher. Sometimes it can be a little frustrating b/c her slides don't seem to have a lot of substance to them, but by the end of the course, you will learn a lot! I recommend doing the study questions and going to review sessions to ask about any questions you might not be able to answer. I also recommend looking over the PAKs before the exams. BSCI223 overall is easier than most bio classes but there are a lot of small, kind of busywork assignments. I really liked the lab because you learn a lot of techniques and you are not penalized for mistakes during procedures, so you aren't afraid to try new things.",,,,,,,,,,
BSCI330_080,BSCI330,Sergei Sukharev,2022,1,"If you get to know Sukharev, you'll find that he's pretty decent and nice with a bit of humor. He does, however, seem to carry around a condescending & lackadaisical attitude. But, he is NOT a good professor. He is terrible at explaining concepts, and he teaches new material by using even more convoluted and complex terms & principles. He almost expects us to already have a background in cell biology, biochemistry & mammalian physiology, even though these courses are not prerequisites for the class. There is also some math & physics that you'll have to know. Expect to learn a lot of material on your own or through the textbook. His study guides are always loaded and are either a hit or miss. There are 4 exams (3 during the semester & one cumulative final), and what was on the test is COMPLETELY different than what he puts on the study guide. He even admits that his study guide was too loaded at one point, and then for the next exam, he proceeds to double the information. In addition, there are no practice exams, he doesn't release an answer key, and doesn't go over the correct answers. He also spends a day reviewing for an exam and specifically tells us to memorize certain topics, then proceeds to not even put them on the exam. Also, the exam is ALL free-response. No multiple choice, true/false, etc. The course is loaded with insane amounts of material & detail (just under 40 lectures with each lecture being at least 30+ slides - also I forgot to mention 95% of slides are diagrams & pictures with barely any words, so you'll have to record on your own because he'll only record maybe every other few lectures for whatever reason), and oftentimes, he doesn't even finish the lecture. Transitions between slides are nonexistent, and it feels like you're jumping every all at once. You're also better off betting the over on class time as he starts class late and ends the class late because spends the last few minutes + more quickly going over 10 slides that he didn't get to. I hope you find a way to stray far far away from him. Sukharev is a good person, but he is an awful instructor and is extremely disorganized, unprepared, and seems to not give an F about his students. He claims to give out an extra credit assignment that he calls easy, and then we find out that it's a whole coding program that researchers & graduates use in which we have to learn by ourselves to create molecules and answer difficult questions on it (the program is called VMD). His stutter and accent don't help the situation any better. He promises he'll go easy on the exam, and it turns out to be twice as hard as the previous. There are no TAs for the class, no discussion, no guidance, no nothing. I had a very difficult time getting used to his lecture style. He has no grade determination/cutoff at all, so you won't know where you stand until past finals, in which by then is already too late to inquire about grades. Granted this is his first time teaching BSCI330, but that's not an excuse to be a complete troll. 1/10 would not recommend.",,,,,,,,,,
BSCI410_032,BSCI410,Louisa Wu,2020,5,"Dr. Wu is a good professor and actually wants her students to succeed and understand the material. Her lectures are sometimes difficult to understand ( it is a tough topic overall), but she is very helpful during in-office hours. She is really nice, but to get a good grade, you really need to know how to apply the material. Dr. Wu is always reachable and is willing to help you understand the material at hand. She is caring about her students and also really want them to understand the material at hand. It is a hard class so you need to understand the material and be able to apply it to her assignments she gives out (HW and Exams). Overall Dr. Wu is a good professor.",,,,,,,,,,
CHEM131_450,CHEM131,Frances Stump,2025,5,"After failing general chemistry my first semester of freshman year, taking Ms. Stump my second semester was life changing! She explains things so well and is super helpful. She is very personable and friendly. Her homeworks are like the exams and the exams were never extremely hard. I studied A LOT so I had always felt prepared fro the exams. Her lectures can be kind of dry sometimes but not always! I seriously reccomend her for gen chem",,,,,,,,,,
CHEM135_355,CHEM135,Alice Mignerey,2025,1,She is goes on irrelevant tangents and loses the plot often making lectures useless. Goes through the chapters quickly and sometim3s pulls concepts and numbers out of thin air without ever teaching them. I hope you like solely relying on the textbook and youtube!,,,,,,,,,,
CHEM231_349,CHEM231,Bonnie Dixon,2025,4,"Orgo is a hard class, and it'll be a hard class but Dixon definitely made an attempt to make it a forgiving class. the tests are very forgiving since she has buffer points and extra credit. HOWEVER the extra credit is very hard and you need to work on it with other people. make a study group asap since it'll help with her HWs which are again extremely hard. use GSS, office hours, discussion, etc to get the most out of this class or else you'll be behind. she goes through lectures quickly which is a bummer but she teaches everything that you need for orgo 2. overall a good prof but asks for a lot of time. many people hate her but me personally, i think she's a good prof, and I would rather take her class again than be the first one in the 100 men vs. 1 gorilla.",,,,,,,,,,
CHEM241_183,CHEM241,Jeffery Davis,2024,3,"Dr. Davis was sociable, receptive to questions, and seemed passionate about chemistry. He explained things fairly well and connected them to real-life concepts (like common medicines, animals, etc.) His practice exams and wealth of past exams, as well as all the lecture notes being posted on Canvas, were extremely helpful. Davis also offered extra credit points before each exam and dropped our lowest exam grade. That being said, it’s hard for me to understand why people love Davis as much as they do. His lectures felt pretty disorganized (especially compared to Hirschauer's orgo 1) and his test difficulty jumped by magnitudes after the first exam. Test questions were sometimes weirdly misleading or unrelated to lecture material. The class was entirely exam points — no homeworks or quizzes to buffer your grade. Davis also made his final cumulative for the first time this year, which seemed unnecessary. I was lucky to have some incredible TAs (shoutout to Nick and Edward) who made this otherwise okay class into a great one.",,,,,,,,,,
CHEM271_153,CHEM271,Amanda Schech,2023,5,"Unfortunately, the first time I took CHEM271 I barely passed. This time around I had Dr. Schech, and it didn't take long for me to realize that she is absolutely the best chemistry lecturer I've ever had. Her lectures are incredibly organized and she records them so you can watch them over or catch up if you miss class. She is super thorough in her explanations and often engages with the students so it's hard to doze off. Honestly, I often get bored in chem lectures but the way she presented the information was genuinely interesting at every moment. On top of the discussion worksheets and homework, she also posts recordings of her going over extra practice problems that are incredibly helpful. The exams were fair so as long as you do the practice problems/homework and understand the nuances of the concepts (which are explained in lecture) you should do well. She also responds to emails quickly!",,,,,,,,,,
MATH241_450,MATH241,Junyan Zhao,2025,4,"Professor Zhao is a great teacher in my opinion. He's clearly very passionate about math which makes his lectures engaging, and his course is designed in a pretty fair way (40% final, 50% over 2 midterms, 10% discussion quizzes). My grade is so low because I completely flopped on the first midterm- it really wasn't that bad but I didn't prepare at all. Locked in for the second one and did much, much better. He does a pretty good job explaining the concepts, but he emphasizes derivations and concepts over examples. I personally love the theory, but for a class designed for engineers, I can see why people have some issues with his teaching style. He also goes pretty fast, and his handwriting isn't the cleanest I've ever seen, so the blackboard can get a little messy at times. He answers questions pretty well during lectures. There was no homework in this class, so you have to practice on your own time. He does post example problems from the textbook to work on though. There were also no matlab assignments. Sometimes the course can get a little disorganized; It took a very long time to post the second exam on elms, and the elms page isn't the most organized. Overall, Professor Zhao is great. He's very reasonable, a good lecturer, and a fair grader. Strongly recommend him",,,,,,,,,,
MATH246_285,MATH246,Antoine Mellet,2024,5,"Great professor. Balances conceptual and practical, relates concepts across different sections of the class and real-world topics, friendly, helpful, accommodating.",,,,,,,,,,
MATH401_025,MATH401,Todd Rowland,2022,4,"Dr. Rowland is one of the nicest professors I have had; he prioritizes you learning the content and the class emphasizes consistent, project-based work. I felt like whenever I went to class, I went to learn about real-life applications of linear algebra instead of trying to pass a class for credits. With that being said, the only thing keeping him from 5 stars is that he can be disorganized or do incorrect arithmetic at times and that makes some concepts difficult to understand at first.",,,,,,,,,,
MATH410_032,MATH410,Xiumin Du,2020,5,She is the most prepared lecturer I've ever had in a math class. Super smart and can always answer questions in office hours. totally fair grader.,,,,,,,,,,
PHYS260_107,PHYS260,Rajarshi Roy,2024,2,"BE WARY! Although his first two exams were open book and open internet, the final plunged us all into the deep end with a class average of a 41%. He teaches very theoretically and spends tons of time deriving equations instead of giving examples. I found that it was more valuable to read the textbook on my own rather than attend lecture.",,,,,,,,,,
STAT100_144,STAT100,Matthew Griffin,2024,5,"I got 98% on the first exam and 101% on the midterm. Do all the homework, go to every lecture, and take every extra credit opportunity you can and you will no question end up with an A. Yes, he's a little strict but it's worth the A. Lots of study sessions led my amps and amazingly organized lecture slides. TAKE GRIFFIN FOR A IN STAT100",,,,,,,,,,
STAT410_022,STAT410,Scott Preston,2021,5,"I felt like Preston was an awesome teacher. He clearly cared a lot about teaching students as best he could, and provided a lot of resources to help us do so. Classes were flipped, so the normal lecture time was office hours for those with questions, which was helpful when I had them. The tests and homeworks were fair, albeit a little challenging, but grading was always quick, fair, and transparent. Your worst of the three exams counted for less than the other two and you could drop a homework, which was appreciated, and cutoffs have a 91 count as an A and not an A-, which is helpful too.",,,,,,,,,,
BSCI160_501,BSCI160,Magdalene Ngeve,2024,3,"While I love this professors personality and teaching style it’s simply too much content which makes studying harder. Exam content is too extensive. Water break questions, kahoots, book, PowerPoints, and online lectures still aren’t enough to ensure a decent grade.",,,,,,,,,,
BSCI170_223,BSCI170,Ji Young Choi,2025,3,"There is a lot of material in this class and going through 70-80 slides per lecture is a lot to digest. While her exams were fairly easier compared to other professors, it took a lot to study for them. Everything on the slides are fair game. I personally did not end up using the textbook as I found the wording to make me even more confused. You have to really teach yourself for this class. All of this being said, Dr. Choi is very sweet and will explain anything to you with patience.",,,,,,,,,,
BSCI201_030,BSCI201,Justicia Opoku-Edusei,2022,2,"Bro... one of the worst professors I've had. The way the class is structured, she reads straight from the PowerPoints (which are very disorganized) and then writes down ""relevant"" information (which is really just reiterating what was on the PowerPoint) on paper. The amount of paper she uses has probably killed an entire forest. The information she writes down is also very disorganized. There are no supplemental assignments, so your entire grade rests on the lecture exams, lab practicals, and pre-lab quizzes. Her exams are based on memory but you really need to memorize EVERYTHING because they are so specific. There is a huge amount of material as well so this is not that easy. She may be very knowledgeable but she is not a good lecturer at all.",,,,,,,,,,
BSCI207_124,BSCI207,Nicholas Fletcher,2022,5,"Dr. Fletcher is a great professor! He records all his lectures, drops the lowest grade in each category, and has very fair exams. The questions are always straight forward and I never felt like there was a question that we never covered. He also sometimes cracks jokes or asks you to discuss with your classmates during lecture which keeps you engaged. One complaint though is that he sometimes talks fast and covers a LOT of information in one lecture. It can be really hard to keep up and can get boring at times if you're not interested in the topics. However, I feel like the fact that he records lectures compensate for this since you can always catch up on information you missed later. Overall, nice guy and I would for sure recommend him for 207.",,,,,,,,,,
BSCI222_176,BSCI222,Kimberly Paczolt,2024,1,She is the worst professor I've ever had. This class has stressed me so so much! after the 3rd exam the class average is 72% and there is no curve. Don't take her if you want to pass this class at once. The lectures are useless and the exams are horrendously hard. Th exams feel like a challenge even if you put in time and effort in studying. I have to retake this class. if it was possible to do negative rating i would have done for this professor,,,,,,,,,,
BSCI223_009,BSCI223,Daniel Stein,2009,5,"Dr. Stein is a really good professor. He tries very hard to make this subject fun, by giving assignments that are actually real fun. At the beginning of every class he shows you one of the applications of microbiology and is always fun. He checks attendance using clickers, but he does not grade you on whether or not you got the right answer. His exams are difficult. The final exam is a combination of a 3rd exam (on new material) worth 75%, and a cumulative part worth 25%. The lab section of this class is very fun (you get to make yogurt! and play with bacteria!) The lab questions are not hard, and the lab exams are easy. Overall it is easy to get a B in this class (because the lab grade will boost your grade a LOT!), but getting an A requires a lot of effort. Even then I would still take Dr. Stein because he is a great teacher, he explains things well, he hold review sessions every week, and his assignments are really fun (content-wise).",,,,,,,,,,
BSCI330_078,BSCI330,Sergei Sukharev,2022,1,Bruh he’s nice but too rogue. The averages for the exams are in the 60s……. Meanwhile the other teachers have averages in the 80s,,,,,,,,,,
BSCI410_031,BSCI410,Louisa Wu,2020,5,"Dr. Wu is my absolute favorite professor at UMD. I've never met a professor so kind! She really cares for her students and wants them to do well. She was always accessible outside class and she creates an environment where it's so easy to ask questions! Three exams offered, but one is dropped. Difficulty is on par with other upper-level bios.",,,,,,,,,,
CHEM131_449,CHEM131,Lee Friedman,2025,2,"I am someone who expects to get all good grades, and will do what I can to make that happen. This class was very interesting, but Prof. Lee was not the greatest. It is clear he knows so much about the topic, yet teaches it as if we already know what he is lecturing on. He goes way too fast in lecture and does not properly explain some of the topics. He also has strict rules on attending lectures, such as no phones out, and as a punishment, if he sees a phone, he will not post the lecture notes on Canvas. I went to a few of his office hours, and he is a nice guy, just not a great teacher. His exams are so hard. I usually am a student, yet I got as low as a mid-50s on one of the exams. Although this was super obnoxious, the curve at the end of the semester is great. Some of my friends had other chemistry teachers and learned completely different things. Going into the next sem, I am taking orgo, and expect to be more prepared than they were based on what they learned. Yet most of them got much better grades on all exams and ended with a higher grade.",,,,,,,,,,
CHEM135_354,CHEM135,Alice Mignerey,2025,1,"Was hesitant to leave a review because I am dropping this class after a whole two weeks of being in it, but felt like alice needed one more 1 star review to bring her average rating down. The woman does not know how to use technology in the slightest. Like I'm honestly embarrassed for her. When you have a quick question and raise your hand after she ASKS if you have a question, trying to get her attention is the worst most humbling thing in the world. As someone who does not have much chemistry background knowledge, the ALEKS homework literally took me ages to find out how to do each question, and from what I've read, its a pointless waste of your time considering the ALEKS questions do not help you prepare for assessments. On the walk to the lecture everyday, I think to myself, why did I not take advanced chem in high school (which is also hell)? I regret my decision every waking second I think about chem135 with alice mignerey. For reference, I'm a freshman, and have decided that starting PHYS161 2 weeks into the semester will make me want to question my life less. And I have no doubt about it. If you get her, or she is your only other option, ESPECIALLY if you are not super advanced in chemistry, please just take 131 and 134 if you can- to get the general chem for engineering credit. Only reason I couldn't was because of scheduling conflicts. Hope this helps",,,,,,,,,,
CHEM231_348,CHEM231,Monique Koppel,2025,5,"Koppel is pretty awesome. Her exams are fair and she teaches you the things you need to do well on them. The exams she has available on ELMS is not the best, didn't really like it. Hopefully you get an awesome TA like Donnie for your section, he provided a lot of good practice and review on the content we learn in class. Koppel even goes out of her way to host review sessions called Late Night Shows, and the practice problems she goes over are exactly like the ones on the exams as she tends to host them right before the exam. She's also pretty funny, and teaches really well. I was so afraid of orgo at the start of the semester and I've grown to love it. Curve for an A before the Final is a 76 this semester for anyone wondering. TAKE THIS PROFESSOR!",,,,,,,,,,
CHEM241_182,CHEM241,Jeffery Davis,2024,5,"Dr. Davis is a remarkable professor, and Orgo II was actually my favorite class of the semester. It's just like all the other reviews mentioned. Unlike others, he keeps a steady pace, repeating concepts to cement the information and connecting concept material to real-like examples and products in nature. While the class structure is 100% exams, I felt the exams themselves weren't that difficult and could have done better. His standards are high for an A (90%+!). Regardless, Dr. Davis was a pleasure to have, and, sadly, we might not see him again for Orgo II. I wish him the best in all his future endeavors!",,,,,,,,,,
CHEM271_152,CHEM271,James Rainbolt,2023,3,"ok some ppl gotta chill; this dudes not that bad and his personality is fine. hes made me chuckle on occasion. i struggled just bc im bad at gen chem. yes the second exam and the final were tough (he made them tougher bc ""the first exam's average was way too high""). however, despite him saying he wouldn't curve the class bc we were supposedly sooo smart i still pulled an A- bc of the fatass curve at the end. so hes at least sorta reasonable. i didnt love how many trees he killed with the ~100 or so pages of modules PER PERSON IN THE CLASS. and honestly his prelec videos made more sense than his lectures. man also needs to get an ipad or learn how to use the projector.",,,,,,,,,,
MATH241_449,MATH241,Jiwoong Jang,2025,4,"Prof. Jang is a very nice guy, his teaching style isn't too bad however he has a pretty strong accent and does more writing on the board than actually explaining concepts. I found his lectures not very helpful in understanding concepts but they are helpful to look back at for formulas and such. His exams (two midterms) are pretty easy, however I'm pretty sure the final is made by another professor and I've heard he makes them pretty difficult. Right now I have an A but I'm expecting my grade to go down to a B if this final is difficult. There are weekly quizzes that are pretty easy if you go to discussion because your TA will probably give you a practice problem or two that are very similar if not exactly like the quiz. The lowest two quizzes get dropped. He gives optional homework problems, honestly I haven't even looked at them. I've pretty much done the absolute bare minimum for this class and I'm expecting a B. The only time I do work outside of lecture and discussion is when I studied for the midterms. Overall, Prof. Jang's class is pretty easy to pass as long as you're present for lectures and discussion. I just find some concepts confusing because his teaching style isn't really for me.",,,,,,,,,,
MATH246_284,MATH246,Antoine Mellet,2024,5,"Very thorough and reasonable professor. There were 6 MATLAB projects, each of which were 2-3 questions from a textbook. He dropped one for this semester, only because his instructions were unclear for one project. I don't know if he will continue to that in the future. As long as you do the reading, they were mostly straightfoward and graded relaxedly. Quizzes were easy, and TA's prepare you well for them during the discussion period. You also get to drop one which is nice. With good preparation, I also thought the midterms were very reasonable, and had high averages. The final was a bit difficult admittedly, but still within the scope of difficulty for this class. Strongly reccomend Mellet.",,,,,,,,,,
MATH401_024,MATH401,Justin Wyss-Gallifent,2021,5,"One of the best if not THE best professor in the entire department. Possibly the entire university. You don't need me to convince you, just look down at the hundreds of reviews that say he is amazing.",,,,,,,,,,
MATH410_031,MATH410,Leonid Koralov,2020,4,"He is a good professor. Usually he is available as scheduled so that you can ask him questions. Usually, his exams are somewhat on the difficult side, but he is a fairly forgiving grader. It might be that he doesn't prepare the class with the problem solving skills to do the problems in the exam (as in our section over half the students ended up dropping the course). So his course is somewhat sink or swim. However, for 410 his cutoffs are very generous (85+ for at least an A-). Overall I would recommend him to others looking to take this course.",,,,,,,,,,
PHYS260_106,PHYS260,Rajarshi Roy,2024,4,"Dr. Roy is a really nice professor. His first two exams were open internet, which brought up the exam averages a lot. However, his lectures were a bit boring in my opinion; I ended up skipping most of the lectures. The final was really hard and in a style completely different from his midterm exams (average for the final is currently sitting at a 42%).",,,,,,,,,,
STAT100_143,STAT100,Jonathan Fernandes,2024,3,"This class would be fine with a different professor. Content-wise it's not that bad if you study. However, Fernandez was really hard to understand and never wears his microphone so it was impossible to hear him in lecture. Everyone stopped showing up halfway through the semester. Not an easy A, but manageable.",,,,,,,,,,
STAT410_021,STAT410,Mark Freidlin,2021,1,"Incredibly difficult class and was definitely treated more as a graduate course than something usually taught in undergrand. Things were constantly wrong in the notes and were never fixed, leaving students vulnerable to many mistakes on the exams which had averages in the 40's. I ended up with a B- in the end and I really don't know how, course was near impossible. No electronic presence at all for the course, spelling errors on our official syllabus. Very very disorganized and not to mention the fact that he most times doesn't explain the necessary precursors to the content he's going into. Jumped straight into random walks and brownian motion before even touching distributions like the exponential and poisson. Don't take his courses, they're a living nightmare.",,,,,,,,,,
BSCI160_500,BSCI160,Magdalene Ngeve,2024,4,"Very sweet! Wants you to do well and exceed. However, lots of information and lecture material. Very good preparation and lots of resources with homework’s, ULA’s, kahoots, concept maps, and water break questions for exams.",,,,,,,,,,
BSCI170_222,BSCI170,Nicholas Fletcher,2025,5,"HE'S AN ABSOLUTE LEGEND!! Best part of my MWFs. I'm not even joking, this is the kind of professor you'll never forget. This class ended up being my favorite this semester. He records lectures and posts slides, but honestly, I forced myself to use the model of the class as it was intended by attending classes, doing the concept checks afterwards on Canvas (3 attempts), and reviewing the lecture slides/recordings before exams, and I ended up finding it enjoyable anyway. There are group activities (roughly) weekly in-person in lecture, so take the class with friends or make friends in class! I met two close friends in this class through the collaborative nature. There are 3 exams in this class (not including the final), of which he drops 1, so if your workload it really bad for your other classes or you just don't feel as confident with 1 unit you'll be okay. The exams themselves are fairly self-explanatory with information coming straight off the slides, group activities, and concept checks, and the exam guides do a great job with review. He's a very approachable professor, and it's easy to ask questions in class and get to know him if you try to. He's really passionate about his work and just an overall super optimistic and enthusiastic person and it shows in his teaching :) I'm going to miss having him next semester. If you're wondering who to take for this class and he's listed as an option, 11/10 would recommend.",,,,,,,,,,
BSCI201_029,BSCI201,Justicia Opoku-Edusei,2021,5,"Okay heres the deal. For anyone on the fence between Opoku or Lombardi, either is a good choice but it depends on your learning style. Opoku does not do lecture well at all BUT all the stuff you need to know on the exam is in her powerpoints/from notes you take during class. So if you don't have a problem with self-study, this is a super easy class. TBH all the bad reviews are probably bc their teaching style is more of a lecture type (nothing wrong with that) but with Opoku you need to take time to study and quiz yourself on the material and you will do fine. On my exams I got 89 to 95s and all I did was cram 4-3 days before (I don't recommend doing this) but all i would do is take notes from the powerpoint and use quizlet and thats it lol. Although I didn't have Lombardi I went to her lectures before I had to switch out and she does lecture really well BUT her exams are less memorization and more application (so I've heard) so if that's more of your style then you should probably take Lombardi. For my Opoku gang, I was forced to take her bc of schedule conflicts and i was so upset abt it but I ended up really liking it just bc I find straight memorization easier than application. Literally everything on the exam will be straight from the powerpoints and its straight memorization. STRAIGHT MEMORIZAION. I promise. there's multiple choice, true/false, short answer, and matching (the letters form a sentence). As long as you get the gist of how some things relate to each other and how she words it on the powerpoints you will do fine. The class in general learned how her exams are formatted and the average went from a 60 to an 80. So if you start studying the first time and you will do fine on the first exam and get ahead of the class. Lab wise it depends on the TA, mine would take half the lab time and she was really lenient with answers so unfortunately you cant really control that but overall the lab practicals are also straight memorization but you NEED to study. Just reviewing wont be enough. Its hard. I got 90s on all of mine but I also studied on quizlet throughout the week and tried to connect information together. If you can push yourself to study as much as you can and have some self-control to set aside time to study, you can probably get 80-90s on each practical. Its definitely not impossible. Overall, its an okay class but if you are not willing to put in the work, you're gonna end up regretting taking the class. Its doable I promise. I wish I could answer any questions you guys might have bc it was a rollercoaster for me and I wish I could help you guys more. But for now, you got this. GOOD LUCK!!!",,,,,,,,,,
BSCI207_123,BSCI207,Nicholas Fletcher,2022,5,"Fletcher is an amazing professor who genuinely cares about his students and what he's teaching. He's always really clear on what is expected on assignments and exams, and he grades leniently. This course, in general, is super content heavy, so definitely make sure to watch all of the lectures, as each 50 minute lecture has loads of content. He is really great at explaining each concept. The fact that he allows a cheat sheet on his exams definitely helps, and his exams accurately reflect his exam guides, homework, and GAEs. As long as you do all of the work and keep up on lectures, you will be fine. I would highly recommend taking Fletcher.",,,,,,,,,,
BSCI222_175,BSCI222,Kimberly Paczolt,2024,2,"She does not make lecture content digestible whatsoever, she is also very condescending when you go to ask her follow up questions on topics. She does upload all of her lectures on panopto which is nice. Exams are very hard and really test your deep understand of material. You are expected to know every detail otherwise you will get multiple points off of exams. Do not recommend, TAKE ANY OTHER PROFESSOR",,,,,,,,,,
BSCI223_008,BSCI223,Daniel Stein,2009,3,"TERRIBLE COURSE. Besides that fact, Dr. Stein is ok. He tries to make the subject interesting by adding a few fun facts before every lecture...sometimes they actually are cool. If the course wasnt such a mess, i think it would be really very good. The lab+lecture activities due almost on a daily basis are very confusing, but the upside is that they help your grade quite a lot. The reason i say that the course is terrible is because people have no idea when things are due and the dates change constantly...besides that, the course is actually fairly interesting.",,,,,,,,,,
BSCI330_077,BSCI330,Sergei Sukharev,2022,1,"He is a sweet guy... unfortunately he is not the best teacher. Its his first time teaching cell bio at UMD, so there was nothing that could really help students prepare for his exams. He releases a study guide which not very helpful because it just lists LITERALLY EVERY TOPIC that was in the lecture slides. His slides are also not enough to review material because it's mostly just pictures, so make sure to record if you like retaking notes. Exams are all written response, and you have to know EVERYTHING to do well on them. It's an insane amount of detail and lecture material. I have a C in the class rn, and there is an extra credit assignment but lets hope he curves...",,,,,,,,,,
BSCI410_030,BSCI410,Louisa Wu,2020,4,"Dr. Wu is a caring professor who is very approachable. I found office hours to be very helpful. Lectures can be dense and fast sometimes, but they are recorded, so you can always review. And again, Dr. Wu is always there for questions. The tests are open note, but you should study just like any other test. Her tests are heavy on application but are fair.",,,,,,,,,,
CHEM131_448,CHEM131,Frances Stump,2025,4,"After taking CHEM131 with Dr. Friedman during the fall semester, I can confidently say that switching to Ms. Stump was the best decision I made. Dr. Friedman’s class was overly strict and honestly made general chemistry feel way more stressful than it needed to be. His grading felt harsh, his exams were extremely difficult, and his teaching style didn’t really accommodate students who were still trying to grasp foundational concepts. It felt more like a weed-out course than an actual learning experience. In contrast, Ms. Stump created a much more approachable and supportive learning environment. While her lectures can be a little slow-paced and sometimes a bit unorganized, she provides detailed PowerPoint slides and includes practice problems during class that really helped me understand the material better. She takes time to explain concepts and truly wants her students to succeed. If you're debating between professors for CHEM131, I would strongly recommend Ms. Stump over Dr. Friedman. Don’t make your life harder than it needs to be—she makes a tough subject more manageable and genuinely cares about her students' learning.",,,,,,,,,,
CHEM135_353,CHEM135,Shane Collins,2025,4,"He's not as bad as all the comments make him seem. The course is a very fast-paced course, and it's not easy, but that's not his fault. During the lecture, he will read off the slides, as there is a lot of information to go through, but he does so at a reasonable pace. Discussion is pretty good for practice problems and getting reps in; it's a good review. The tests he gives will definitely be more complex, but that is in part because of the amount of material there is. If you study, you will be fine. He knows what he's talking about, as he literally workes in a lab all day when he's not in class so if you have any questions just go up and talk to him after lecture or discussion. He does make mistakes sometimes, though, but we all do that, so give him a break; he's new. He actually forgot I was taking the final through ADS, and he allowed me to sit next to him in his lab for me to take it. If you mess up, try actually talking to the professor; he will help you out. Oh, and if you happen to see him outside of class getting groceries, make sure to say hi lol.",,,,,,,,,,
CHEM231_347,CHEM231,Monique Koppel,2025,5,"Great teacher, made me realize that orgo isn't that bad and it's even kinda fun sometimes. As long as you study hard, you can do well. I HIGHLY recommend attending discussion or at least going over the discussion slides + worksheets as those were the best ways to learn and practice (shoutout to the TA, Donnie). Exams were always easier than the discussion practice imo. Also her late night shows are a definite must. You also have to go to class because she doesn't record and her notes are not very helpful to read.",,,,,,,,,,
CHEM241_181,CHEM241,Jeffery Davis,2024,5,"Dr. Davis has to be one of the nicest professors I have ever had! He is so kind and passionate to his students and so easy to approach. In lecture, he explains things very well in a way that is easy to understand. The biggest issue I had with this class is that lectures were a bit disorganized. There are 4 exams, one of which is dropped, with 100 points each. He also provides 3 practice exams, which you can complete for 3 points of extra credit each. There are no other grades for this class, so you have to do well on exams in order to get a good grade. I have to give credit to his TA, Nick, as well. I would not have gotten through the class without him. He responds to emails SO fast. His exam reviews and discussions were the only thing that got me through this class. He is the best TA I have ever had.",,,,,,,,,,
CHEM271_151,CHEM271,James Rainbolt,2023,5,"AYE I have to chime in here because all y'all are some BUTTHURT snowflakes. PEOPLE ARE LEAVING OUT SO MUCH CONTEXT WITH THEIR REVIEWS & STRAIGHT UP LYING!!! So many reviews saying hE DiDn't CuRvE BOIIII he literally added 8% to everyone's grades at the end of the semester. Y'all are exaggerting him ""throwing"" chairs and ""saying shut-up"" like boohoo maybe you should stop talking when he's giving a lecture. Also, people saying his pre-lecture videos are bad are insaneeee. He literally explains concepts so well in them and provides a general overview of what the material will look like with some practice problems. SMH sure his exams are difficult but since when has the chem department ever been a walk in the park. ""hE ChoOsEs FaVoRitEs"" yeah yeah but ever realize his favorites are people that PARTICIPATES in class, ask questions, and go to his office hours? You can't expect him to ""favorite"" you if you show up to his office hours for the first time during the last week of class. That one review saying the final exam viewings had a small spreadsheet where you can see everyone's courses in the grade... it was all by UID, no names. Tell me that you've memorized everyone's personal UID and can see their grades... Y'all are so soft and these reviews are doing a DISSERVICE to this man, a genuinly good professor. Stop being so extra...",,,,,,,,,,
MATH241_448,MATH241,David Pincus,2025,4,"He's a very nice guy, and grading is pretty lenient. I like his class a lot. The homework is kind of tedious but its optional. He gives us a review right before each quiz and is very open to answering questions, even during tests. Yeah, sometimes he seems a bit lost on what words to use, but he's still a great professor.",,,,,,,,,,
MATH246_283,MATH246,James Conway,2024,4,Took diff eq in high school so the class was slightly easier but overall he explained topics well. His exams are straight to the point and practicing the textbook questions he supplies in his ELMS page prepare you enough. Make sure to not take the 8 AM discussion because the TA would explain how to do the problems that the 8 AM discussion got wrong to the later discussions.,,,,,,,,,,
MATH401_023,MATH401,Raluca Rosca,2021,2,"Rosca is terrible at lecturing - she just reads from the textbook and whatever extra analysis or computation she provides is pretty unorganized. Thankfully, though, the textbook itself - written by the legendary Justin Wyss-Gallifent - is incredible. It's comprehensive, written well, and very simple to understand. The course content itself is really fun and interesting, and with a better lecturer the class itself would be great. I actually really enjoyed the class, but that was mainly because the content was really interesting and the groupworks/exams were relatively easy. Lectures are skippable if you time them right - there are groupworks assigned during class that are only announced during previous lectures.",,,,,,,,,,
MATH410_030,MATH410,Leonid Koralov,2020,4,"He strictly follow the book in his lectures. Lectures are helpful, but is the same as reading the book yourself. His exams are difficult with little curve, it's usually the case that you can't complete the exams on time. The grade cutoffs are rather low, but not cover up the difficulty of the exams. If you know the material well but don't have time to finish exams, midterms are extremely horrible while final is fine. He is extremely nice and knowledgeable, and he is very careful and serious as a mathematician(I guess). Hints: some midterm problems are similar to past final exams, don't wait till the end of semester to study them. I saw many problems about Mean Value Theorem, seems like he like it very much. I saw a problem on exam about Darboux Theorem (you can solve it with MVT, but very hard), you can try that.",,,,,,,,,,
PHYS260_105,PHYS260,David Buehrle,2024,3,"Professor Buehrle is alright. He's not the greatest teacher, he just talks and talks and I feel like I did not absorb anything. There is also a lot of homework and weekly quizzes which can get annoying. His exams are hard. His one redeeming quality: THE CURVE. Those exam curves saved my grade because my raw exam scores ranged from 43-66. But he curved all of them to a B which was nice. I would recommend him over some other professors, but if you have the chance to take a better one I recommend it.",,,,,,,,,,
STAT100_142,STAT100,Matthew Griffin,2024,5,"I think he's a fantastic teacher who makes the information understandable. He definitely has expectations of how students should behave, but those expectations are just to show up and listen. There are tons of opportunities for extra credit in the class, and he provides past exams to help students study for upcoming tests. There is some coding work through R and RStudio, but he gives tutorials for every assignment that show exactly how to do them. He learns the names of many students in a huge lecture hall, which makes students feel like he truly cares. Genuinely the best. I was nervous coming into the class because I suck at math, but he made it so much better than I could've ever expected. Couldn't recommend his class enough.",,,,,,,,,,
STAT410_020,STAT410,Scott Preston,2020,4,"I will preface this with that my mental health was not great during the semester, but that improved as the semester hit the end. Dr. Preston is an extremely nice professor and wants to make sure you learn the material. He is a bit of a ""tough dad"" type, but in the end you can tell he does care. His exams are a bit long (and I'm usually a fast test taker), but he curves accordingly. My #1 advice would be go to his office hours and take an interest in learning the material, you won't regret it. Don't cheat though, he will definitely turn your world upside down if he finds out.",,,,,,,,,,
BSCI160_499,BSCI160,Magdalene Ngeve,2024,1,"I am not sure why so many people have such good things to say. Her class became very skippable for me. She reads directly from the lecture slides, which she posts online so you can read them yourself. She also restates the same things 10 times. I also think her slides are kind of all over the place and hard to follow. Her class is also really boring. A lot of people are saying she's really nice, and most of the time she is, but other times I will witness another student raise their hand to ask a question and then Dr. Ngeve acts like it was the dumbest question she ever heard. I will say the one time I asked for help on a homework she did provide a very helpful response.",,,,,,,,,,
BSCI170_221,BSCI170,Eric Haag,2025,2,"Do not take him for 170, I had no other choice because I transferred in late and registered late. Just reads off the 80 slides and expects you to know everything. Exams will not be curved even though most people get railed. He does drop one midterm but it serves for nothing if you do bad on the unnecessarily difficult final. You're basically teaching yourself the whole semester because even the TAs are there solely for decoration. Very nice guy but he's not a very good professor for an entry level course.",,,,,,,,,,
BSCI201_028,BSCI201,Caitlin Fox,2021,1,"Unorganized, and does not specifically outline what needs to be learnt for lab practicals.",,,,,,,,,,
BSCI207_122,BSCI207,Nicholas Fletcher,2022,5,"Dr. Fletcher is the nicest professor for 207. This course has a lot of content that is straight memorization but he lets you use cheat sheets and gives you plenty of resources to study from. After each lecture there are concept check quizzes which are questions that always end up on the midterms and the final. Attend office hours if you want answers to the exam study guides, or lecture content. He makes the classes entertaining and interactive, which is so different from other professors. He also records lectures so if you miss a few it's not a big deal. As long as you study in advance of the exams this class will be easy.",,,,,,,,,,
BSCI222_174,BSCI222,Claudia Silva Aldana,2024,5,"One of the sweetest professors I've had while being at UMD. She is very approachable in office hours and always encourages us to ask questions. She provides resources such as study guides, additional textbook problems, practice exams, and she posts all the slides on canvas. I believe that some reviews are too harsh. Yes, it is true the average on our 2nd exam was in the 50s, but she gave everyone multiple points back in addition to a 10 point test correction assignment. She is one of the first professors I've had that admitted to failure when the class didn't perform well on the exam which I appreciate. Also, the average for the first exam was in the 80s. Overall, genetics is a hard course and requires time and studying. No matter who the professor is, it is going to be difficult.",,,,,,,,,,
BSCI223_015,BSCI223,Ann Smith,2008,4,"Dr. Smith is an effective teacher. Her tests are fair and based off the material she covers in lecture via power point. Some students dislike her because she tends to use gimmicky teaching techniques as were used in middle school (like stories), but I believe this gives her points context and makes them more interesting. Also like middle school, there are lots of small things due all the time and there are many projects. The syllabus is hard to read so it can be difficult to keep track of due dates. Despite the sometimes cheesy projects, overall I'd recommend Dr. Smith.",,,,,,,,,,
BSCI330_075,BSCI330,Carmen Cantemir-Stone,2022,5,she is literally one of the kindest and most understanding professors at UMD. Loved having her for BSCI 330 over the summer. Hard class but she made it enjoyable!,,,,,,,,,,
BSCI410_029,BSCI410,Louisa Wu,2020,5,Dr. Wu is a really nice professor and very friendly to approach. Lectures can be dense but you can always ask questions if you're confused. She does offer some ec opportunities which really help. Studying and making sure you know the material before the exam is very important even though exams are open book. She offers lenient grade cut offs at the end of the semester curving your grade a bit! Really nice professor!,,,,,,,,,,
CHEM131_447,CHEM131,Frances Stump,2025,5,"BEST CHEM TEACHER EVER. I retook chem and after taking CHEM131 with friedman in first semester, she is an angel. She goes through topics slowly and explains things in a simple manner and always answers questions in class. We often go overtime most likely due to the pacing and questions, but I felt this let us learn at a easy to follow pace. She also asks us many questions in lecture and it is a bit awkward because she would ask us easy questions and no one would speak up to answer because they were easy and we'd just wait until someone else just raised their hand so that also took some time. HW is on Pearson and seemed quite simple. She also answers email questions very quickly. You have to memorize the polyatomic ions and that's really it. So easy and made chem actually fun. I went into exams feeling like I was playing a game and it was very similar to what we would do in class. All the ""bad reviews"" gotta be fake and are trying to pray on yall downfall because they're lying abt the ""study on outside sources."" Go to lectures and discussion, do the HW yourself, and you will get an A lol. The cut off to get an A was like 80%. I will say, the final was very long but 50% was of the last few topics we couldn't get to on the mid term. You guys can and will pass this class if you take Ms. Stump. Don't fall for the fake reviews saying she bad lol",,,,,,,,,,
CHEM135_352,CHEM135,Elizabeth Griffith,2025,5,"She's leaving but I still wanted to write a positive review because she's the best! So so so kind and engaging and knowledgeable, truly an angel on this earth an absolute joy to be in class with. We will miss you!",,,,,,,,,,
CHEM231_346,CHEM231,Bonnie Dixon,2025,3,"Its orgo, its going to be a hard class. Dixon isn't really that bad. Her homework can be hard and small mistakes can drop your grade a lot, but her exams are very similar to what has been done in class. The exams also give you a lot of chances to get points, there are typically about 115 points but she grades it out of 100 so you get 15 grace points as well as extra credit. Her lectures aren't bad, and she is pretty good at explaining things. She does expect you to study a lot out of class and go to tutoring sections and watch recorded videos, but you are going to have to study for orgo anyway, at least she gives you plenty of resources.",,,,,,,,,,
CHEM241_180,CHEM241,Jeffery Davis,2024,5,"It was an honor to have Davis as my professor for Orgo II, to whoever reads this hopefully he hasn't retired before you get a chance to be in his class. I took his 8 AM lectures but he seriously kept most of my attention even that early in the morning. As someone who took CHEM 237 which was very difficult, I HIGHLY recommend taking Davis and not anyone else. The way he teaches is primarily through a projector and slides he prints out (which are available online prior to the specific lecture), but he will use the blackboard sometimes as well. From my experience, he is not like those professors that give you a bit of attitude if you ask a question on something you don't understand; either him or one of his TAs (Nick or Edward) will happily stay behind after lecture ends to answer you. The curve in the class is set so that a grade above an 80% gets you an A- or A. He has four exams (three midterms, one final exam) but they are all worth 100 points each. The one exam you score the lowest on is dropped. And yes the final is cumulative. He does not give out homework so the only things that count towards your grade in this course are the exam grades and up to 9 bonus points for the three practice exams he posts before each midterm (3 points each). Nick is THE best TA ever. Even if you don't have him for discussion, go to his discussions or office hours whenever possible. He also holds very long review sessions before each midterm and he just held a 5-hour review session for the final exam. Genuinely a beacon of light in the chem department, him and Davis.",,,,,,,,,,
CHEM271_150,CHEM271,Bonnie Dixon,2023,5,"Dr. Dixon is one of the best professors at UMD if you get the chance to take her. Her HW assignments are extremely difficult but they prepare you for the exams. She has C.A.N. on Tuesdays over zoom where there are extra practice problems and concepts discussed, and her class notes are all organized on her iPad. Hint: Do well on all of the HW assignments and get above average on exams and you will be fine. If you have time to attend office hours and ask questions, and are not afraid to be humbled this is your class! If you don't have the time to invest in the content do not take this class with her because she will make you work for the grade you want. This class was immensely challenging as is any chem class at UMD, but taking it with Dixon prepares you so well for the MCAT and for future biochemistry classes. Work hard and try your best and you'll get the grade you deserve.",,,,,,,,,,
MATH241_447,MATH241,Kendall Williams,2025,2,"Averages on the first three fall 2025 calc3 exams were 45%, 75% (this one was curved from a 65%), and a 63%. This is NOT NORMAL for a math class. Extremely complicated and unreasonable exams. Save your gpa and do not take him for calc3.",,,,,,,,,,
MATH246_282,MATH246,Pablo Cedillos,2024,5,"He deserves the GOAT status. Pablo helped compliment the material taught in class perfectly. There were many many concepts that I had a vague understanding of theory-wise, but wouldn't be able to apply on an actual test. Pablo worked out each problem in discussion, explaining every step perfectly. The quizzes matched what he would go over in discussion. I owe my A in the class to him and the professor.",,,,,,,,,,
MATH401_021,MATH401,Todd Rowland,2021,5,"Excellent. Mostly project based course, which you could receive adequate help on if needed. Projects were programming, and you could complete in Mathematica, MATLAB, or Python. Could tell he genuinely cared about students and lecture. Highly recommend this prof.",,,,,,,,,,
MATH410_028,MATH410,Jacob Bedrossian,2019,5,"Professor Bedrossian is an amazing teacher. He wants students to succeed, and provides many opportunities to do so, from posting exam review guides, pointing out which type of questions and concepts will be on exams, and posting where students can get assistance from other faculty or students if they cannot make his office hours. He made a hard class seem, if not easy, then at least doable.",,,,,,,,,,
PHYS260_104,PHYS260,Howard Milchberg,2024,2,"Still a mystery how I got an A in this class. PHYS260 seemed pretty rough for everybody, no matter the professor, but man was this class weird. There weren't any numbers on ANY of the exams--just derivations, which we kinda sorta learned how to do? It was pretty much guessing in this class though and everything I learned in it (if it was anything) I have forgotten by now.",,,,,,,,,,
STAT100_141,STAT100,Matthew Griffin,2024,5,"Professor Griffin is really nice, he can be a bit insane about attendance in lectures but I honestly don't mind it because the way he takes attendance is handing out a really easy assignment that 9 times out of 10 offers extra credit, the midterms are not difficult if you practice a little and there are so many opportunities to study, he shows you past exams, many many practice problems and there are many sections for about 4-5 days before exams that are for strictly tutoring and review. Great Professor and I really like how he teaches a class.",,,,,,,,,,
STAT410_019,STAT410,TBA,2020,3,Dr. TBA was very knowledgable and responsive and I learned a lot about probability theory in their class. My only issue was that I felt that some lecture material was covered too fast and difficult to follow.,,,,,,,,,,
BSCI160_498,BSCI160,Magdalene Ngeve,2024,5,"The content of this class is a lot, and it will take a lot of studying, but Dr. Ngeve is amazing. She provides numerous study resources for exams including Kahoots and review questions for every lecture. She is super approachable and it is clear that she wants her students to succeed. Additionally, she drops the lowest exam grade, meaning that you do not have to take the final if you do well on the first three exams. She offers a lot of extra credit, meaning that even if you average lower on exams, it is still very possible to get a A.",,,,,,,,,,
BSCI170_220,BSCI170,Michael Keller,2025,5,"Dr. Keller is a great teacher, he is pretty thorough in his teaching. Although his lectures can be a little slow, he keeps his class interesting. For exams, he gives you a topics lists, which is basically a list of all the things he could test you on, which is super helpful. His exams are a mix of multiple choice and written questions, but his exams are fair. We have 4 midterms, but the first one is worth less points than the others. He said that this is so we can get a feel for his exams without it affecting our grades as much, which i really liked. Overall, Dr. Keller is a great option for BSCI170, I woulld recommend.",,,,,,,,,,
BSCI201_027,BSCI201,Hao Yiu,2021,5,"Hao is excellent, moves quickly but structures lab in a way that is very helpful for repetition and recollection of material.",,,,,,,,,,
BSCI207_121,BSCI207,Nicholas Fletcher,2022,5,"Dr. Fletcher is great. I can only say positive things about him. He’s always smiling and you can tell he cares about what he is teaching which makes his lectures that much more interesting. He does everything in his power to make getting a good grade easy. Everything is completion other than the exams, you can drop the lowest midterm, and you can have a cheat sheet on each exam.",,,,,,,,,,
BSCI222_173,BSCI222,Claudia Silva Aldana,2024,1,"Harsh professor. Worst professor I've had at UMD. Gave us a really hard 2nd exam where the average was in the 40s. If you make a small mistake on your test she marks the entire question wrong. She acts like she'd rather die than curve. Her accent bothers some people, but not me, but the way she explains things is even more confusing. Doesn't post the slides, or give answers to the homeworks. Very little practice. Extremely strict and unforgiving. Take any other professor than her. ANY professor. If you can only take genetics if you take her, wait a semester where you can re-register early, or take it over the summer. Do what you can to avoid this class with her. Unless you actually like to gamble with your financial aid money.",,,,,,,,,,
BSCI223_010,BSCI223,Daniel Stein,2008,2,"Not a fan. He was not a good teacher, his tests (especially his final which was 12+ pages long) was ridiculously complicated, and he took attendance by clickers each class. Oh, and yes, he was quite boring. The best part of the class was it was close to my dorm so waking up at 7:50 for his 8 AM class was not too shabby. Good luck to any who has to take this class.",,,,,,,,,,
BSCI330_074,BSCI330,Kenneth Frauwirth,2022,3,"I like Dr. Frauwirth! Clearly finds his own course interesting and explains everything in depth (sometimes, a bit too on depth), which is refreshing. He makes a lot of awkward jokes that I personally find hilarious. That said, the class is super boring and rehashes a lot of stuff learned in previous bio classes. He reuses exam questions and is pretty good about giving TopHat questions, even if you miss them during class you can email him to make them up. Some of the exam questions are super easy but some are fairly esoteric and you will get points off because you didn't state EXACTLY what the question asked for. Overall would not take again, but it's not the worst class in the world (like many required classes for the bio major).",,,,,,,,,,
BSCI410_028,BSCI410,Louisa Wu,2020,5,This is a very interesting class and Dr. Wu is a great teacher. I went to her office for homework help a few times and she was very helpful and explained my questions well. The course is difficult and there is a lot of material but Dr. Wu presents the information in an interesting way. She really wants all of her students to succeed and was always willing to help when I had questions. I would definitely recommend taking this course with Dr. Wu.,,,,,,,,,,
CHEM131_446,CHEM131,Frances Stump,2025,2,"I do understand that this was her first semester, so I will try to take this into consideration. That being said, she was genuinely a bad lecturer, and I hardly learned anything from attending her classes. I only attended for the clicker questions. She tends to go extremely slow on the topics that I found the easiest, and either sped through or skipped topics that I found more challenging. She is very monotone, and uses filler words making a lot of her lectures unengaging. She went so slow that we ended up being pretty far behind by the final, and had an overwhelming amount of material to learn for the exam. The only reason I did as good in this class as I did was a mixture of me being a chem person, and the GSS leader, Amy. On the positive side, however, her class is relatively easy to pass due to the clicker questions, and easy homework assignments that allow you to get full credit even if some questions are wrong. Essentially, to pass this class, make sure you go to GSS and do your homework and clickers.",,,,,,,,,,
CHEM135_351,CHEM135,Elizabeth Griffith,2025,5,"Dr. Griffith is genuinely awesome! This was her last semester teaching as she is now full time writing chemistry books, but I am so happy I had the opportunity to have her as my professor. This class was fun, interesting, and engaging and she is so incredibly kind as well. I had trouble learning chemistry in the past, but her teaching style made it come naturally to me. She is one of my fav professors, shes awesome",,,,,,,,,,
CHEM231_345,CHEM231,Bonnie Dixon,2025,5,"Class is hard but she gives a lot of opportunities to succeed if you put in the effort to succeed. Before every exam is an extra credit quiz which is difficult but can give up to 12 points of extra credit, plus exams have 115 total points, but your score goes in out of 100 meaning anything over 100 counts as 100/100. She also makes an 85% the cutoff for an A and doesn't do A-. This means that if you have full extra credit points, you only need to get a 73/115 to get an A and only 88/115 points to get 100%. She also runs review every Tuesday and every night before exams and essentially tells you exactly what topics are going to be on the exam in the last lecture before the exam. The homework is very hard and time consuming but if you can do it, you're basically guaranteed at least a B on the exams as she makes them harder than the exams then builds the exam questions after the homeworks. Some previous exams are given but the content can be a lot different than whats on your exam, but between extra credit assignments and homework theres more than enough practice problems. Overall she is a difficult teacher and you do have to put in a lot of effort, but pretty much all orgo classes are gonna be hard, but with Dixon if you put in the work you'll probably get an A.",,,,,,,,,,
CHEM241_179,CHEM241,Jeffery Davis,2024,5,"Just leaving another 5-star review here. Dr. Davis is such a gem, and I could not have survived Orgo 2 without him. As a person, he’s so kind and accommodating and has never taken more than 2 hours to respond to my emails. He makes Orgo exciting (yes, even those 75-minute 8 AM lectures) by bringing in real-life applications of the content, which I find very helpful when I learn. He teaches the class at a reasonable pace (not too fast) so that we can understand the material and puts a 5-minute break in the middle of the long lectures. The entire grade is exams - 3 midterms + 1 final, each worth 100 points, the lowest of the 4 is dropped. That said, you still have to study A LOT for this course, but getting an A- to A is not hard (80% is a guaranteed A-). Also, Nick is such an amazing TA, those discussions and long review sessions helped big time, shoutout to him!",,,,,,,,,,
CHEM271_149,CHEM271,James Rainbolt,2023,5,"I have to go against the grain here... Given that he's a new lecturer at UMD, I think we shouldn't blame him for not knowing how to use Canvas. Make your own spreadsheet and put in your own grades... it's not that difficult. I also have to add that his pre-lecture videos and modules ARE actually helpful in understanding course material. He ACTUALLY explains concepts well during office hours. He'll help you solve problems and walk through the steps. I really liked his teaching style. I also think he has reasonable expectations for the students... and the quizzes and exams are doable. I think people will only complain of his exams because he really forces you to think outside the box. I did poorly on his second exam, but after seeing the answers and the steps he took, it was sooooo doable. I do have to say, however, the difficulty exam questions are twice that the difficulty of module questions. Sure, his attitude can use some work. However, you can easily get on his good side if you participate & answer questions during class (he asks a lot of questions to make sure we're engaged) and show up at his office hours or even email him. I liked his humor too. However, I would agree that he is condescending and doesn't seem like he can show empathy. ALSO, PEOPLE ARE LEAVING OUT THE FACT that he only gets angry when YALL TALK SO MUCH during the lecture. Yeah... there are much better ways in addressing people talking during lecture than ""throwing"" (highly exaggerated) and saying shut up (why take this personally), but I think y'all softies can handle that. Stop being so extra. Are there better professors than Rainbolt? Maybe. Is it all doomed if you take him? Certainly not.",,,,,,,,,,
MATH241_446,MATH241,Jiwoong Jang,2025,2,"This instructor is a very nice person. However, his lectures can be very confusing for someone being exposed to the material for the first time. A good resource throughout the semester was Justin's videos. I'd say that if it's your first time taking calc 3 try to find a different professor. But if you took it already, I'd say take his class because his exams are relatively easier and his curve is very generous.",,,,,,,,,,
MATH246_281,MATH246,Antoine Mellet,2024,5,"Overall, he's a great professor who loves the subject and teaches the content very well. The pacing will take some getting used to, but overall if you attend lecture and discussion and do some practice problems before the midterm, you'll be able to keep up with 95% of the content. If you haven't taken calc 3 or linear algebra like I have, you'll need to learn some skills from those classes on your own in chapters 1 and 3, specifically partial derivatives and matrix operations. The TA's are very helpful in discussion section, and everyone I've talked to shares a similar opinion. Learn how to do problems quickly as it's easy to run out of time on a test, like most did on the final exam.",,,,,,,,,,
MATH401_020,MATH401,Todd Rowland,2021,5,"A great and caring guy. Had him for Math401 online and he was genuinely caring to all his students. He made sure to have one-on-one meeting with all the students and asked how we were doing in the class and what we wanted to do in the future. The class was mainly projects, mini quizzes, and groupwork. For the quizzes we were given two tries which was very nice since he'll go over the quiz in class after the first try. Very responsive to emails and his office hours are great as he'll help you step by step with the project. He will extend office hour to help us. The projects were also very interesting too. He doesn't do plus minus grades. Definitely recommend and take him if you have the choice.",,,,,,,,,,
PHYS260_103,PHYS260,David Buehrle,2024,4,"The professor himself was fine. He responded pretty quickly to my regrade requests, and is pretty enthusiastic about his lectures, even though the subject is really boring. Slides were posted, and he's accessible after class and explains concepts relatively good. The class itself was awful. The pace was way, way too fast, I understood and learned basically nothing, and it's super easy to fall behind the mountain of ExpertTA homeworks (although only 2% credit lost per day was nice). His lectures are only loosely tied to the homework assignments, which themselves are only mostly in line with what we see on the exams. Lots of googling got me through this class",,,,,,,,,,
STAT100_140,STAT100,Matthew Griffin,2024,3,"Class is easy, as long as you come to lecture and receive extra credit, do problem sets that are due each week, and compelete class activities, and do the practice tests before the exams then you should pass the class. The professor has high expectations so be ready to having to come to every lecture because he assigns class work that you might miss. Also what I did not like is that if you email him questions about assignments, he will not respond to your email but instead throw shade in class about the people who were emailing him and answer the question in class in a condescending way. but overall the class itself is easy to pass.",,,,,,,,,,
BSCI160_497,BSCI160,Magdalene Ngeve,2024,4,"You should take this class with her! Dr. Ngeve is very sweet and genuinely cares about all her students. The course content is manageable, some of the assignments are longer or more difficult than others but none are terrible. The exams are definitely difficult but she allows a notecard and provides lots of study resources (practice exams, quizlets, TA review sessions, review questions, and kahoot games). Definitely take advantage of the extra credit she provides (there is A LOT) none of them are super hard but it definitely adds up and can really boost your grade!!",,,,,,,,,,
BSCI170_219,BSCI170,Michael Keller,2025,3,"Okay so Dr Keller is a super nice guy and he’s really funny but I just can’t focus on his lectures. It’s so hard to figure out what’s actually important and sometimes feels like he’s talking in circles. I think that Dr Keller is just too smart for me and can’t dumb down the content enough. I’m not really a science person and just took this class for the PSYC requirement so my lack of focus could be because I just don’t love the class. He posts his lectures so I usually go back to those and watch things I missed which is nice. The weekly quizzes and worksheets aren’t too hard and are very helpful for the exams. The exams are all multiple choice, fill in the blank, and matching questions and only take about 20 minutes to complete. Even though they feel pretty easy, I’ve still managed to not do great on them 😭 There are participation clicker questions almost every class (using Microsoft so you don’t need to pay for anything) and they count as extra credit.",,,,,,,,,,
BSCI201_026,BSCI201,Sara Lombardi,2020,4,She is very helpful with understanding concepts although she does talk fast. She also tests on stuff she SAYS in class and not just what's written on the board. She also gives some lecture assignments. Very energetic and makes the class go by fast.,,,,,,,,,,
BSCI207_120,BSCI207,Karen Carleton,2022,5,"Very nice professor! Lectures are very easy to understand if you pay attention. She records her lectures and posts her slides so that students can look back on whatever we missed, which is really helpful for when we review for exams. She had 3 exams and dropped the lowest one, so she keeps the best 2 exams. For exams, she lets us have a cheat sheet which is really helpful because it forces us to actually review the material. For the first 2 exams, she gave us opportunity to bring the score up by a couple of points. I always went to office hours and she would always be very helpful and breakdown anything I was confused about. She's probably my favorite professor!",,,,,,,,,,
BSCI222_171,BSCI222,Kimberly Paczolt,2024,1,"Horrific professor. Her rating is fitting. Her slides are filled with insignificant details that have nothing to do with the main concepts. She is ridiculously condescending and rude. She has no empathy for students and borderline hides due dates thanks to her unorganized Canvas page. She also belittles students for asking questions. Fairly confident she doesn't actually understand genetics herself because of how unorganized her class is. Don't get me wrong, Genetics is fun to learn, there's a lot of interesting things but this professor makes it unbearable.",,,,,,,,,,
BSCI223_011,BSCI223,Daniel Stein,2007,5,"Dr. Stein is a very good professor who gives a very thorough explanation of microbio. Honestly, the hardest part of this class is to just keep track of what assignments are due and to go to class every time. There alot of assignments every week, but in general they are all very easy and dont take up much time. Everything in lab is basically guaranteed to be 100% unless you don't put effort into it. The exams are fair and the best way to be ready is to print the powerpoints before hand and take notes on what he says. Dr. Stein is one of the few teachers imo that actually explains as well as the book. If you can pay attention in class studying for the exam will be 10X less stressful and difficult.",,,,,,,,,,
BSCI330_073,BSCI330,Kenneth Frauwirth,2022,5,"Make sure to show up for tophats since they are easy points. Otherwise, memorize the slides and pay attention if he says ""on the exam"" or ""expect to see"" because he will put a question on the exam on that topic. He likes asking very precise and detail-oriented questions, especially for his written/short response, so make sure to start reviewing early and memorize, memorize, memorize. Otherwise, a lot of the course only covers the surface level information on a wide breadth of topics so expect to see a fair amount of review. Unfortunately, this meant sometimes lectures were boring but at least that unit's exam is easy. Study smart and review early!",,,,,,,,,,
BSCI410_027,BSCI410,Louisa Wu,2020,5,She was an amazing professor for BSCI410. She was able to easily communicate the topics of the class and go into detail during her lessons. At times she does tend to talk very quickly but if you ask she will always slow down and re explain anything you don't understand. She is very approachable after class and during office hours to go over anything that you didn't understand during class. She also curves a lot and gives back points when she feels that they are deserved and she made a mistake or did not communicate something to the full extent.,,,,,,,,,,
CHEM131_445,CHEM131,Lee Friedman,2025,1,"DO NOT TAKE HIM IF YOU CAN HELP IT. Yes he does post notes and previous exams and answer keys to study from, but all of his exams feature extremely conceptual questions, and you'll likely learn something new going through his old exams. This class is difficult even if you do already have a background in chemistry, and I highly highly recommend you take another professor if you have the opportunity to do so. If you are stuck with him, I recommend understanding the concept behind whatever it is your learning in class, in addition to whatever calculations you need, in order to succeed in his exams. He's a funny guy but his class is really tough.",,,,,,,,,,
CHEM135_350,CHEM135,Elizabeth Griffith,2025,5,"I know she's leaving the university but I couldn't go without leaving her a review. This woman is literally an angel and made me rediscover my love for chemistry (I'm switching out of engineering to another major which requires at least 4 more semesters of chemistry). Dr. Griffith, I hope wherever you go you are successful and achieve wonderful things. I can't thank you enough :)",,,,,,,,,,
CHEM231_344,CHEM231,Bonnie Dixon,2025,1,"I would rather be the first one in the 100 men vs. 1 gorilla than take her class again. Dixon will make you want to drop out. She wants you to worship chemistry full-time and expects you to dedicate your entire life to it. She rushes through lectures too quickly for anyone to understand anything, her homework assignments are impossible unless you go to office hours, she doesn't give any partial credit at all, and her exams are insane. Only take her class if you're willing to spend all your free time completing the homework every week to get 1.5/20 because of one little mistake.",,,,,,,,,,
