review_id,course,professor,year,rating,review_text,project_heavy,exam_heavy,homework_heavy,time_consuming,self_learning_required,harsh_grading,disorganized_course,fair_but_strict,evidence_snippet,label_rationale
MATH411_012,MATH411,Matei Machedon,2019,4,He explained the concepts pretty well and his exams were similar to practice problems and previous exams. He was helpful during office hours as well.,,,,,,,,,,
PHYS121_035,PHYS121,Wendell Hill,2020,1,"The only reason I got an A in the course is because I paid for a weekly tutor after the first exam. He taught topics that shouldn't be covered in this course. When I would attend office hours and ask for help he would make comments such as ""You should know this"" obviously I didnt because I am hear asking for you to re-explain it. It seems he has a passion for physics and wants to share that but doesn't understand how to teach lower level non-physics major courses",,,,,,,,,,
PHYS131_024,PHYS131,David Buehrle,2023,3,"Decent professor, funny guy, but average at teaching. Didn't learn anything from this class. Curve was an 82 for an A- and 88 for an A. For how low the exam scores were, the curve should've been stronger. Still, labs were so tedious and annoying, but there was no pre-lab or post-lab so lab wasn't much work outside of the actual lab timing. We got out like an hour early usually which was nice.",,,,,,,,,,
PHYS260_156,PHYS260,Aria Heidarian,2025,4,"Def one of the better teachers but PHYS260 is actually horrible lol why is it so conceptually easy but so difficult in application. Just make sure you take extra time to study, or this course is going to hurt.",,,,,,,,,,
PHYS270_044,PHYS270,Hailu Gebremariam,2024,1,"ONE OF THE WORST PROFESSORS EVER. Not only is he boring, but his lectures are composed of copied slides from somewhere else and writes messy stuff. He should be fired. I DON'T UNDERSTAND HOW HE STILL HAS A JOB.",,,,,,,,,,
STAT100_192,STAT100,Matthew Griffin,2025,1,"I am taking this class as a pre-requisite to be able to enroll in a data minor, however, I have taken 2 statistics and 1 R class prior, currently taking 2 other r classes concurrently with this one. **If you want to enroll under this professor's pedagogy for the sake of engaging with class content; don't bother.** I have received A+'s in my other stats/R classes, MUCH harder than this one. I am sitting here with a D- because I submitted something without my name on it. IN THE END, YOUR GRADE IN THIS CLASS WILL BE JUDGED BASED ON HOW WELL YOU CAN SUBMIT TO UNNECESSARY MICROMANAGEMENT. From the policing environment, counting you as absent to ""lecture"", if you show up 5 minutes late, to him assigning other undergrads to police you to make sure you're following the lecture (one of them snapped their finger at me to point me in the direction of my seat during a test), to him using lecture time to treat every class like syllabus week, and for him pausing to tell students to stop talking, remove hoodies, take out earbuds, etc. etc. this class is pretty insufferable. I have been marked absent because I got up to use the restroom, and had activities marked as ""0"" for days I were there. The professor was mostly kind to me personally, and understanding, and expressed a willingness to work with me, but would not budge on grades. I cannot imagine the experience for students who weren't on this professor's ""good side"". You will do problem sets on R studio, and if you know anything about R studio (in the console, not the environment), you will NOT be able to backspace and redo a command line once you generate. I've had to pick and comb through and redo all of the problem sets, often 3,4,5, times, just because of the absurd amount of extraneous instructions, such as exactly how you should title your graphs, and putting your name in each and every command line. They claim this prevents academic integrity violation, but this makes no sense. In my other R classes, let alone ANY college class, I've never had 30% of my grade docked because I didn't put my name on anything. I had put my names in the command codes, but because I missed the instruction once or twice, I had most of my grade shaved off. **I would have gotten 100%s otherwise**. You are paying THEM for your education. Enroll in classes with professors who reflect that dynamic. Don't play other people's stupid games to win their stupid prizes.",,,,,,,,,,
STAT400_430,STAT400,Jonathan Fernandes,2025,3,"Outside of the (outstanding) help from weekly discussions with my TA, I had to self-learn this course entirely. My main gripe with this class is the lack of materials. There's a textbook that isn't particularly helpful, as it just goes over theory, and some videos that dictate that textbook. Outside of your TA, you're left with nothing to finish the weekly homework. Although he provides lots of practice questions for exams, they come with no answer keys or worked solutions, making them essentially useless. Even worse, Fernandes often promises worked-out solutions, but rarely delivers. When he did deliver, he had done only a few problems in the margins the night before the exam, some with glaring errors. Worked-out solutions are never given for the homework problems after they have been graded, so if you make a mistake, you're left to figure out how to solve it correctly on your own. Although theory is taught, how to approach and complete problems similar to the ones on the homework, quizzes, and exams is not covered enough. The saving grace of this class is that the exams are pretty easy and there are a ton of curves. If you're able to self-learn concepts well enough so that you can do any of the homework, quizzes, or practice problems, you'll end up with a 90+ on all midterms and the final. All homework and quizzes above a 92 were rounded to a 100, and the lowest midterm was replaced by the final if you did better on the final. The overall grade or final was also likely curved.",,,,,,,,,,
STAT401_036,STAT401,Hatice Sahinoglu,2023,3,"The lectures in this class focused heavily on proving why things worked, which was not really tested on so that was annoying. If you come to class consistently then the material isn't too bad and you should be able to do well. There was a curve for this class because most didn't do too well on the tests.",,,,,,,,,,
STAT410_076,STAT410,Sana Jahedi,2024,5,"I write this review to set the record straight with this professor and this class. I am no genius by any means, however the reviews below me are being unfair and taking things out of context. 1. Organization It is true that this semester Sana has been a bit disorganized and I don't think she is proud of it either. She is incredibly busy herself and has had a ton of personal (career-related) matter to tend to. But in absolutely no way has this disorganization negatively impacted anyone's grade. I mean yeah I was a little stressed at times, but she always ends up compensating for it by extending deadlines or pushing topics to the next exam instead of an upcoming one. 2. That One Homework Problem Set This is a more theoretical STAT400 and everyone taking this class knew it going into it. You can't complain about getting assigned difficult homework as a result. They're not long homeworks but the problems themselves can be quite difficult sometimes I will admit. And the homework set that was deemed 'too difficult' by Sana, ended up being bonus points for every question you correctly answered. 3. Second Midterm If you went to class and did very poorly you must not be telling the entire truth. Sana mentioned in class that we would have a question for solving variance with covariance while we were doing that exact kind of question on the board. The day before the midterm, she did another practice problem solving variance with covariance. So on the day of exam, we have two of those questions, one generalized with variables and one with numbers. Those should have been free questions, as Sana intended. You simply regurgitate exactly what had been written in our class notes on that topic which are posted. We had 5 questions. One was very easy, truly. The two covariance problems we had seen exact one to one copies of those questions beforehand. And two questions were 'new'. Had you gotten the first three I mentioned, you would have baseline 50%. And most people should have been able to get some partial on the last two, bringing your grade to around an 80% if not better. It should be doable in class time but she allowed us to have up to almost 3 hours I believe. That is more of a luxury in my opinion, though some people may see it differently. Sana is not at all unreasonable. She's an incredibly sweet person and does not want anyone to fail. She wants us students to succeed but she also wants us to put in effort to study as well. In my opinion, if you want to take a more theoretical statistics class, then you should be prepared to spend some extra time on difficult problems. There is just no way around that as much as I dislike it as well sometimes. And no, these are not grad level questions lol. I think she takes some of the *more reasonable* questions from Harvard and/or MIT's first course in probability.",,,,,,,,,,
STAT430_005,STAT430,Benjamin Kedem,2011,2,"You really don't get much about SAS in his class. He is funny guy and you don't feel bored at his class, but actually he doesn't teach you SAS. Instead he takes time of class with many complicated and big formulas that it's not really necessary to know to be a SAS professional. He calls it ""wisdom behind SAS"", but actually he is teaching what he really knows (statistics theory), not SAS! and he gives questions about them at final exam, although he says that he doesn't ask about them. I agree with other people that he really doesn't answer you question about software.",,,,,,,,,,
BSCI160_551,BSCI160,Chloe Garfinkel,2025,1,"The exams are way too difficult for a 100-level course. This class is structured in a way that makes getting an A 10 times harder than it should be, especially with no curve. This class shouldn’t be the Hunger Games.",,,,,,,,,,
BSCI170_273,BSCI170,Cordelia Weiss,2025,5,"Professor Weiss feels like the professor who helps a recent high school graduate transition to college. She acknowledges that not everyone is a biology scientist and explains concepts several times for people to understand. She is also funny, gives a ""sassy aunt vibe"", which helps keep the class engaging. I have sat through class with other BSCI professors, and she was definitely the most entertaining one. The exams also seemed to correspond with the lecture concepts for the most part. Studying will get you a 90% guarantee. Nice bonus, she records all of her lectures. I wouldn't skip, though, considering there are participation points.",,,,,,,,,,
BSCI171_041,BSCI171,Swarna Mohan,2024,1,This professor was not lenient at all. She is a trash grader. DO NOT TAKE HER CLASS.,,,,,,,,,,
BSCI201_078,BSCI201,Justicia Opoku-Edusei,2024,5,"BEWARE: this is a heavy load of content class. Be sure to take this class with a light workload in majority of the other classes because you will need to dedicate a lot of time in studying for the course to earn an A. The practice exams resemble the actual exams so focus on those the most alongside just basically memorizing all the slides. It’s nice how she explicitly mentions what certain types of questions or just straight up questions that she would put on her exams (easy points). She does a decent amount of extra credit, and for this semester, she curved.",,,,,,,,,,
BSCI207_174,BSCI207,Nicholas Fletcher,2025,5,"Fletcher is a solid professor and is very friendly and open to questions during office hours. All lectures are recorded and he posts the slides on Canvas. There are 3 exams that cover the first 3 units and the final exam which is cumulative. He splits the exams 50/50 with multiple choice and short answer. Overall, the exams are fair as the questions come in a very similar format to other assignments. These assignments consist of homework, concept checks, and GAEs (group classwork). Homework and GAEs are graded for completion and concepts checks have multiple attempts. I recommend completing all these as they make studying a lot easier and he drops the lowest for each assignment type including the lowest of the 3 exams. He also posts exam guides which contains questions that are on the exam itself. <2 hr work per week outside of class besides studying. Course content is well organized but also very broad. Great professor overall and I would recommend him for 207.",,,,,,,,,,
BSCI222_225,BSCI222,Claudia Silva Aldana,2025,5,"If you are about to complain about Dr. Silva because you are not able to put in the literal 1 hour of prep before the exam (that's all you need for an A), then just drop out you wont get anywhere with that attitude. Dr. Silva is a very kind thoughtful professor she provides numerous resources for success in the course. If you can't handle BSCI222- drop out, it's not the professors fault, it's your fault you're the one whos incompetent. acidentally one start so im posting twice to reinstate her review starts increase.",,,,,,,,,,
BSCI223_054,BSCI223,Erin Tran,2024,4,The flipped classroom is actually really nice and helpful if you can hold yourself accountable to watch the videos on time. She has a great way of explaining concepts without overwhelming you with unnecessary information. The videos made it really easy for me to digest the information. Exams were also extremely fair and pretty easy. You just need to go to class and participate in the clicker questions. (I just hate that they made us pay for it lol) Only thing I didn't like about this class was how rushed the labs felt. We were expected to do a lot within a short time and that wasn't it.,,,,,,,,,,
BSCI330_130,BSCI330,Kenneth Frauwirth,2024,2,"Frauwirth is an okay professor. He knows his material very well and is very well-spoken. He also has lots of opportunities to gain more points with his TopHat questions and weekly quizzes. His exams are a bit hard but I would say just go through the lectures and know the concepts. Also, for the readings, please do not do them. They are a waste of God-given time. I was doing them the first week of school and they did absolutely nothing for me. He also has never smiled a day In his life. He is chronically upset all the time and a bit creepy if you ask me. Other than that, he's an okay guy. Also, he is always late. One time he arrived late to an exam that he pushed up and then canceled the exam by sending an announcement and moving it to the day that he had originally planned it for in the syllabus. What an interesting man.",,,,,,,,,,
BSCI353_007,BSCI353,Chan Lin,2021,5,"fair, obviously cares about teaching, reasonable, flexible, communicative, knows what he's talking about. What's not to like?",,,,,,,,,,
BSCI410_083,BSCI410,Louisa Wu,2024,5,"This is a very interesting course! Dr. Wu incorporates a lot of real-world connections/applications. Although there is a lot of material covered, the exams are open-note and have built-in extra points. She is also a very understanding teacher and will work with you to help you do well. There are also a lot of extra credit opportunities!",,,,,,,,,,
CHEM131_497,CHEM131,Lee Friedman,2025,2,"I am a non stem major who took this course for the gened since I switched in late. So as a moral masochist, this sucks. Learned more from the homeworks and practice exams than his class. Only reason I did good was because I am proficient with math. It's possible, but if you are buns with math, good luck.",,,,,,,,,,
CHEM132_048,CHEM132,Christiana Guest,2024,1,"Most disorganized professor at UMD. It is embarrassing that UMD selected her as the lab coordinator out of all the other options. Pre-labs are never posted until the day before lab. In the lab, TAs have told us to lie about our numbers and alter them to the outcomes they were supposed to be. Wearing lab safety gear is also never enforced.",,,,,,,,,,
CHEM135_406,CHEM135,Andrei Vedernikov,2025,3,"This professor does a lot really good: Exams are the same as the practice exams (even the final), slides are posted on ELMS and include almost all of the information you need for the class, there's homework forgiveness so your worse 3 scores don't count. He also provides clear instruction on what is and isn't on each exam. He also does a lot that isn't the best: Makes you pay for a $30 dollar app, requires you to memorize a lot, tests include minimal partial credit, he can be hard to hear during lectures and there's a lot of homework. The reality is chem is going to be an annoying class. This professor has a lot of excellent traits, but also a few things to consider before taking his class. For me personally out of the current 135 professors I am aware of this would be one of the top picks for me.",,,,,,,,,,
CHEM231_398,CHEM231,Bonnie Dixon,2025,1,"Worst professor ever to walk on this planet. She strongly plays favoritism and doesn't care about the students at all. Even in class, she will have full conversations with students that she has picked and will dismiss certain students when they have questions. She makes the content as hard as possible, and I'm still traumatized by this professor. She always says her Jewish grandma was mean, but I can confidently say the apple didn't fall far from the tree. Run away and never look back!!!!!!!!",,,,,,,,,,
CHEM232_038,CHEM232,Monique Koppel,2024,3,"Everything was graded quite harshly. Also, I never met Koppel which is typical for a lab course but she was not helpful in any way. The TAs are your lifeline in this class.",,,,,,,,,,
CHEM241_230,CHEM241,Bonnie Dixon,2025,2,"Okay, here's the tea sis: Dixon is bipolar, low key. Sometimes she's the smartest and most supportive teacher ever and other times she's downright mean and definitely plays favorites. I have never wanted to drop out more than when I got my exam grades back from Dixon and saw almost zero partial credit and Xs upons Xs. I took 20 credits this semester and the 17 other credits I took were the only reason I haven't 1) offed myself yet and 2) tanked my gpa so much that I complete the action that I was thinking about in 1 Pros: Her office hours are for hours almost everyday and she can be supportive/crack a few jokes She cracks a few jokes throughout lecture She has Chemistry At Night (CAN) which is another lecture that you can basically log onto in Zoom at night She has extra credit points and the exams usually has extra points She has a pretty generous curve (a 55% is a C) She also had a duck race that gave us 5 extra points at the end of the semester Cons: My class was 75 minutes long, she gave us 55 minutes for exams… why in the world would you give us a 6+ page exam and only 55 minutes in a 75 minute class Sometimes she doesn’t teach a chunk of the homework content until the day before the homework is due, her homeworks are so difficult that she genuinely doesn’t care if you try to “cheat” because it’s uncheatable Her lectures are sometimes rushed and she speaks very quickly (sometimes she forgets to upload notes as well, so if you missed something, you're screwed) We had (basic) biochemistry in our orgo 2 final CAN closes on the dot, so if you're a minute late you can't get in and you'll have to listen to the recordings There’s almost no partial credit, you have to get everything right to the T Her office is always packed and sometimes it took 30-45 minutes of waiting in line to ask her a single question and her answers are vague/sometimes just straight-up incorrect (she's also very busy with 600+ students so there's that) She can be condescending and rude. People here will say that she’s just blunt. As a blunt person myself, I wouldn’t say half the things she said to me over a few questions when I was confused about the more difficult concepts. Look, she's really not terrible if you're good at chemistry and willing to devote at least 40 hours a week to practice. She really expects you to know orgo 1 at a phd level for orgo 2 so I felt like I was playing catch-up all semester. I was putting in more time for this class than my 17 other credits COMBINED and I still don't know if I passed and that's very scary. If you can take a challenge/you like chemistry, go for it. She's very smart and she'd be happy to entertain you, but you just wanna survive/you did bad in Orgo 1... maybe rethink your options.",,,,,,,,,,
CHEM271_202,CHEM271,Alice Mignerey,2025,5,"Honestly, she's not as bad as some of the reviews suggest. While she can be a bit disorganized, she clearly outlines what you need to know for the exams and how to approach the homework problems. The lectures focus more on problem-solving than on theory, which I actually prefer. The TA is also very helpful if you need additional explanation or support. I mostly self-studied and was able to get an A. If you’re looking for in-depth explanations of theory and concepts, she might not be the best fit. But if you’re comfortable with self-studying, this class can work well for you.",,,,,,,,,,
CHEM272_015,CHEM272,Amanda Schech,2021,5,"I had her in both CHEM131 and 272 and she's definitely one of my favorite chem professors. She's really engaging and approachable. Her exams were fair in my opinion and, for 131, they reflected the lecture and practice exams well (but not the homework, which just seemed to not really connect with the class at all). She does tend to talk quickly during in person lectures so I'd recommend recording them if you're someone that can't take notes quickly. For 272, she translated the course really well online and offered a lot of videos to help us understand the content. Her grading policies are also pretty on par with the rest of the chem professors.",,,,,,,,,,
CMSC131_386,CMSC131,Meenakshi Rama Subramanian,2025,5,"HANDS DOWN BEST TA EVER. Although her name is long, she is a great TA. She is really great at explaining concepts with these amazing gel pens. Every time I feel the notes I get the knowledge. She is very intelligent and makes a great ta. SCOOOOOTER on Meena!",,,,,,,,,,
CMSC132_444,CMSC132,Pedram Sadeghian,2025,5,"I had Pedram for both 131 and 132 and he did a good job for both. He is very organized, explains things clearly and focused, records his lectures, and his slides are generally very helpful. Also there are no surprises with assignments as he gives a heads up about every assignment. His projects and exams are definitely on the challenging side but I think they are overall pretty fair and you just need to be able to think logically/conceptually for the exams and rewatch lecture videos for the projects. Pedram was also very accommodating when he saw a lot of people didn't do well on an exam so he boosted the weight of the projects and also made 2 quizzes asynchronous easy 100's that you could complete in 10 minutes. Also he made the last midterm and the final lowkey a breeze. The TAs are pretty good too and they make Kahoots before every exam which are excellent review and usually have some good hints for what is on the exam. I have definitely seen that Pedram has become less monotonous than he was last semester in CMSC131. Although still not the most entertaining lecturer, I can see his spirit and personality coming out a bit, and he keeps his lectures focused and understandable. I think the reason why people don't do well in this class and complain is because they don't commit enough time to truly learn the concepts, don't go to lecture and then catch up on all the videos right before the exam, and also realize that he is testing your ability to apply the concepts instead of just asking you straight up what the concepts are. My advice is to watch the lecture videos a few times if you don't understand something, and also Youtube videos about the algorithms were so helpful. Overall, I have no major complaints about Pedram and I would definitely recommend him if you're willing to truly learn and do work.",,,,,,,,,,
CMSC216_409,CMSC216,Christopher Kauffman,2024,5,"Kauffman is an amazing CS professor. I would 100% recommend taking him. That being said, here is how his class works: Lectures are 75-minutes, he records everything, but it is still helpful to attend since he is a good lecturer and he takes a lot of questions during lecture. Each time you ask a question, it counts as extra credit. Discussions are pretty much free. We are required to complete at least 10 labs for the course (there are 12 labs in total). The TA will pretty much give the answers to the lab in discussion and you're allowed to collaborate with others on it. On top of that, close to project deadlines, discussions are converted to extra office hours which can be pretty helpful. It is really easy to get a 100% on every homework since it gives you the option to submit each question and the entire form. After every question, it tells you whether or not your answer was right, and you can keep resubmitting until you get all questions right. The projects are very long and difficult. Start early cause office hours (located on the 4th floor of A.V. Williams for some reason) fills up very fast and it can be either very hard or not possible to get help around the project deadline. In terms of difficulty, I found projects 1, 3, and 5 to be the most time consuming. Project 3 was both the most difficult and time consuming since it was the assembly project. The late penalty is very lenient, so there not much of problem with turning them in late. The exams are open note, but they can be quite hard. Rather than focusing on memorizing random things, they try to test big picture concepts and your ability to understand and apply them to sample programs given. There is no multiple choice, only short answer and coding questions. Furthermore, the exams can be a time crunch since almost all questions need a detailed response, so it's very easy to run out of time if you don't manage it on the exam. Despite how hard the projects and exams can be I still recommend taking Kauffman since he is a great teacher, a really nice and helpful person, and you will learn a lot of useful concepts from his class.",,,,,,,,,,
CMSC250_459,CMSC250,Fawzi Emad,2025,5,"Every recent review was written by overly emotional freshmen that thought CS is just writing while loops in Java for 4 years and finding the perfect VSCode theme until you get a 160k job offer at Google. This class is fine, a B or above is easily attainable if you can do the bare minimum of being able to think for yourself, write proofs, and plug in basic probability formulas. Sincerely, a current junior.",,,,,,,,,,
CMSC320_174,CMSC320,Maksym Morawski,2025,3,"Simply put, Max is a data scientist, not a professor, though students call him that (he's an instructor). This might be why he doesn't organize or structure the class like a traditional college course. He says himself, the real world is messy, and maybe he's trying to give us a taste of that by ""accidentally"" forgetting slides, putting wrong links on recaps, or misstating final exam times, among other small things. The disorganization was pretty high. It makes you wonder if this is intentional or if he's just forgetful, like when he leaves comments on old slides to fix them but then just patches them up on the fly in lecture. This extends to the TAs. He delegates all grading to them, so exams don't get graded until the last few weeks, maybe even the week of finals, which is no excuse. I didn't really go to office hours, so maybe they're more active or helpful there. But from what I saw on Piazza and heard in the group chat, the TAs weren't generally all that helpful, with mostly just one person, usually the Head TA, doing all the visible work like answering questions. Other TAs might cancel office hours frequently (like one TA did 13 out of 15 weeks). Regarding the course material itself, the slides are often intentionally barebones, meant to supplement him speaking. The readings are long online articles, mostly for exposure and getting into a data science headspace; they don't come up much on exams but are fair game, maybe for a question like ""design an experiment"" or ""name 3 considerations."" You often don't need the specific reading to answer, but they can help. The assignments, called ""homework"" but really more like projects, are where this course gets good, especially if you're into data science/ML. He'll give you a single page with minimal directions and some data, and you have to find something interesting, use ML evaluation, make slides with not too much content, and create polished visuals. I think CS needs more of these realistic projects that force you to look stuff up. The most learning by far comes from these open-ended assignments and the exams. The exams are the most open-ended I've taken in CS. They're not multiple choice, no algorithm tracing, no complex math, just open-ended questions that force critical thinking. You will need to know Python, specifically Pandas. Documentation might be provided, but you need to understand what to use, which you learn from the homework. You'll learn a lot if you spend time on the homework and study for the open-endedness of the exams.",,,,,,,,,,
CMSC330_217,CMSC330,Cliff Bakalian,2024,5,"Pros: - The lectures were informative, substantive with both slideshows and coding demoes. I thought discussions were a great way to practice the material. - The interactive exercises that TAs and the professors coded that were listed on the class website were great (e.g., lambda calculus, nfa to dfa). - The practice exams and quizzes were also very helpful. - The lecture quizzes and discussion quizzes also made sure I was prepared. - The projects also were generally very good, especially making me think with the secret tests - TAs are very very helpful at helping me think about the problem and push me in the right direction without giving me the answer, and just explaining concepts in general. - Office hours are very efficient. He uses Quuly which is an app for managing office hours without needing a whiteboard or just trying to figure out who's a TA and who's a student. It tells you the expected wait time and options for both virtual and in-person office hours. I would highly recommend going to office hours on days other than the 2 days before the project, because then you'll get attention almost immediately. Basically the course is very well-structured, grading is very fair, content is very interesting and valuable, course load is very manageable for a hard-working student, and lectures are self-contained (meaning you don't really need to learn the content outside the class). You won't go wrong with Cliff, he's a great lecturer, runs a great class, and I would highly recommend. That said, this was my hardest class of the semester and the most significant amount of time. But that's just me. Cons: - Personally, I thought Cliff's public speaking needs improvement. He paces and has lots of vocal fillers. Sometimes he talks in a tone that makes him sound bored or frustrated. But none of this actually matters. - Sometimes he runs into errors during his coding demoes in lecture and wastes time debugging which he should have done before lecture. I think it's unprofessional - Most of the time when I failed a test in a project it was because the project instructions didn't specify what I needed to do in that case, so I had to go to office hours to figure it out. But that didn't take much time. - Too many times he finished lecture early. I think if I added all of that time together, we could have fit in at least 1 or 2 more lectures with more content. I am strongly opposed to classes ending earlier than the schedule.",,,,,,,,,,
CMSC351_299,CMSC351,Ting Jiang,2024,4,"Ting is an okay lecturer and a nice person. She uses Herves slides which I found very unintuitive. Also, the pacing of the lectures feels off, but this is her first semester lecturing here so this probably will improve. She benefits a lot from coteaching with Justin. His notes teach you everything you need to know, and the course organization from him is good. The exams Ting wrote were fair with averages in the B- range. Just make sure you show up to the review lecture the class before the exam; she tells you what’s going to be on the exam there. Overall, Ting is a good choice if you don’t think you’ll make it to Justin’s 8AM or if you’re trying to avoid Kruskal.",,,,,,,,,,
CMSC411_003,CMSC411,Ilchul Yoon,2018,2,Not a great lecturer. Too little resource to prepare for the exam. Get ready to teach yourself if you are about to take this professor's class.,,,,,,,,,,
CMSC414_041,CMSC414,Michael Marsh,2022,5,"Marsh has a bad rep for CMSC414, but I don't agree with it whatsoever. All his exams are online open-book open-internet, so they aren't stressful at all. He gives quizzes before the scheduled class time, but you have unlimited attempts on them and all together they added up to 6% of your grade. He had 4 midterms (one for each unit: programming errors, cryptography, networking, human incentives) and some of them can be tricky, but even if you mess up they aren't worth a lot of your grade. He uses a ""flipped-classroom"" model, where he has us watch videos before class and during class he answers our questions on any material. As a result, not many people showed up to class (I personally stopped going after the second week). One thing I will agree with the criticism about Marsh is that his projects are extremely open ended. The lectures are more or less useless in trying to figure out what he wants you to do in these projects, and you'll find yourself banging your head against a wall for a few days trying to get started, but he gives a lot of time (close to three weeks) for each project. Overall, I'd whole-heartedly recommend Marsh to anyone wanting to take CMSC414.",,,,,,,,,,
CMSC417_014,CMSC417,Nirupam Roy,2020,2,"Alright prof, but heavy Indian accent and mumbles sometimes so lectures aren't the easiest to listen to and moves through slides too fast without posting them, but not the worst.",,,,,,,,,,
CMSC420_156,CMSC420,Narayanaswamy Narayanaswamy,2024,5,"People are coping. His lectures are not hard to undertand - he does have a slight accent, but overall his English is very well articulated and better than most professors in the department. His projects/hws/exams are challenging and demand a strong understanding of the course material, and if you are keeping up with the textbook and lectures, there is no reason you shouldn't succeed in this class. That said, he is very accomodating, and while you have to work for an A, he gives you everything you need to do so.",,,,,,,,,,
CMSC421_034,CMSC421,Tianyi Zhou,2023,4,"He is a nice professor and tries to help us understand the material, though I agree that he doesn't explain the material well. The whole course was from Berkley so you could find a lot of helpful recourses on Berkley's website. 40% of the grades are from projects which are easy to get 100%. HWs are reasonable, if you go to OHs you can get good grades easily. Also, he had extra credit problems in the final exam. I think he also curved our final grades, so getting a very good grade in his class is super easy.",,,,,,,,,,
CMSC422_006,CMSC422,James Reggia,2020,5,"pretty chill prof, understanding of personal issues. the class isn't too difficult for a 400 level class, but i took this class during the covid pandemic so that might have skewed the difficulty of class(making it easier). either way if he's teaching take it with him!",,,,,,,,,,
CMSC424_051,CMSC424,Daniel Abadi,2023,5,"1. Did you find the exams and major assignments fair? · The reading quizzes are connected to the readings, but some questions can be tricky and require close attention. · Clicker questions are free as long as someone provides a reasonable justification during class. · The midterm exam was fair. The final exam was challenging but had a significant curve (20%). · The projects were manageable, taking about 10 hours each. The last two projects are based on Berkeley's database class and require understanding the existing codebase before applying class concepts. · The breakdown was projects (32%), midterm (20%), final (32%), clickers (8%), and reading quizzes (8%). — 2. Did you feel the professor had reasonable expectations for the students in the course overall? · Yes. There were reading quizzes almost every week. Clicker questions were challenging but thought-provoking. Exams were reasonable. Participating during class and answering non-trivial questions was expected. Fair application of what we cover in the textbook and class. — 3. Did you like the professor's teaching style? · I enjoyed the professor's teaching style as he provided clear guidance on how to prepare for and succeed in the course. · He offered ample practice problems, gave advice on studying for exams, and emphasized hands-on practice. The midterm heavily focused on the projects. · What I particularly enjoyed was the professor's dedication to creating a positive classroom culture. He made an effort to personalize interactions by remembering and using our names. He encouraged questions and fostered discussions. It was evident that he cared deeply about the subject matter and his students. His enthusiasm was reflected in his attire as well, as he wore a suit to every class. Very caring. — 4. Was the workload appropriate for the number of credits? · The workload was appropriate but slightly heavy, considering 17 reading quizzes (approximately 1.5 hours each), 4 projects (each taking 10 hours), and 2 exams (requiring 10 hours of study each). — 5. Was this course valuable or a waste of time? · This course is highly valuable, especially for those interested in software engineering and data science/machine learning. Interacting with databases is a crucial skill in various careers. He emphasized making 424 practical rather than overly theoretical. · The first half of course covers advanced SQL, ER diagrams, schemas, normalization, and database building components. The second half focuses on theoretical aspects, considering memory constraints and algorithm costs. Cost considerations of queries was one of my favorite topics. B-trees are a significant topic as well. · Projects 3 and 4 provide excellent practice working with large existing codebases. · The TA's (Pooja, Cuong) contribute to the positive learning experience. — 6. How much support did you receive throughout the semester (office hours, extra resources, etc.)? · Four hours of TA office hours were available each week, and the TAs were responsive to Piazza and willing to provide assistance with code privately. · The professor had office hours by appointment (after class) and was always willing to explain clicker and reading quiz questions. · He offered a bonus project to raise project grades and had a generous project late penalty. · Three reading quizzes and three clickers were dropped. · While the professor sometimes spoke quickly and didn't record classes, the classroom culture, energy, and support were excellent. Attendance was required. — 7. TLDR Weekly reading quizzes, clicker questions, mandatory attendance, relevant concepts, fair projects and exams, exceptionally caring and intelligent professor who encourages participation during class. Decent workload, but this is my favorite CS class at UMD. I highly recommend it with Abadi.",,,,,,,,,,
CMSC426_019,CMSC426,Christopher Metzler,2023,5,"Pretty great overall. The projects are very interesting and straightforward, and there are a lot of opportunities for extra credit. He's not the most engaging lecturer as he's mostly going off of slides, but he's very helpful during office hours.",,,,,,,,,,
CMSC434_003,CMSC434,Evan Golub,2018,5,"Had him for 131 and 434 and I learned that he is good in teaching non coding classes. I hated him so much for 131 but really liked him for 434. He was so organized in 434. Lectures were still boring but they were informative. Project descriptions were extremely well organized. In 434 there is a big group project. If you follow all of his directions, you should get a good grade in class.",,,,,,,,,,
CMSC451_036,CMSC451,Jonathan Katz,2021,5,"Katz is one of the best Professors at UMD. He is as good as one can get. It’s not only about understanding the concepts, but also thinking fast + critically. This is a skill to be built. After this class, I realized this, and it is probably the best realization in terms of academics I ever had, and something I neglected for so long - I need to learn to think critically + problem solve! Thanks to Katz I know now. Also, when he says anyone can get an A, he is 100% correct, it is all about experience and your ability to think critically (again, a skill that needs to be built from pushing yourself/practicing!).",,,,,,,,,,
CMSC456_016,CMSC456,Jeffrey Adams,2020,5,"Adams has been super supportive and understanding this semester due to the online format. He made all midterms open note and take home with at least 24 hours to complete each one. For this semester, the final is optional if you're already satisfied with your grade. Adams is also good at stopping for student questions.",,,,,,,,,,
INST326_025,INST326,Aric Bills,2023,5,"Definitely not an easy course compared to INST126, but aric gives you the resources and the materials to succeed. Hes a compassionate guy that cares about his students, and is a great teacher in my opinion. The course in general is pretty tough, especially if you're not an experienced programmer. But in general he's a great teacher and I recommend this course",,,,,,,,,,
MATH140_475,MATH140,Craig Schlenoff,2025,5,"One of the nicest and most understanding teachers I've ever had. His lectures go over any relevant information perfectly, and whenever students have questions, he makes it a priority to help them understand and provide additional example problems. If you are new to calc, I highly recommend Dr. Schlenoff.",,,,,,,,,,
MATH141_511,MATH141,Shin Song,2025,5,"I found her lectures easy to follow and loved the way she did example problems. She color-codes all of her example problems and posts them to review later, clearly titling each by topic. She also occasionally includes asides that are not graded, but fun to know and connect the material to other concepts. Her practice exams are very similar to the exams. The exams and quizzes often tested the more basic scenarios of the concepts taught in class, which was nice because there wasn't a lot of extra mathematical fluff to lose points on. There were graded worksheets almost every discussion and quizzes in discussion almost every week (except for exam weeks), so discussions are basically mandatory, but they also help a lot in understanding the material so I would recommend attended regardless of the graded assignments. ""Homework"" problems were available for extra practice if you wanted, but there was no graded homework, which is nice.",,,,,,,,,,
MATH240_336,MATH240,Archana Khurana,2025,5,"Dr. Khurana made Linear Algebra one of the most rewarding math courses I’ve taken. She has a talent for breaking down complex topics into manageable pieces and building a strong foundation before moving on to harder material. Her teaching style is clear and structured, which helped me stay on track throughout the semester. She’s also extremely supportive outside of class - her office hours were a great resource, and she was always willing to take extra time to make sure I understood the material. The quizzes and practice exams she provides really prepare you well for the tests. I left this class feeling confident in my understanding of the subject. I also appreciated the MATLAB projects, which the TA's provided a lot of guidance on.",,,,,,,,,,
MATH241_497,MATH241,James Conway,2025,5,"This is my second class with Jamie Conway, and it was well worth it. I have only great things to say about him as a Calc 3 teacher and am very satisfied with what I learned in the class. With that being said, I recognize that I am a math major who enjoys solving problems, and I am aware that many people have struggled in the same class. As a person, Conway is extremely nice, and if you make an effort to work hard, ask questions, and be proactive, he will reciprocate that energy. Attending his office hours was a huge help, and also (sadly) having a good TA does make all the difference. If you are not satisfied with your grade on an exam and go into OH with questions, he will likely give you points back, which is very kind. He lectures directly from the textbook and also records and posts his notes, so attending class is not necessary, but I recommend it. Carving out time to go and listen and possibly ask questions really makes an impact on your success in the class. Also, doing the suggested homework problems from the textbook (which you can find for free online) really helped me better understand the content. The course itself has 3 midterms/exams, 3 MATLAB (group) assignments, 9 quizzes, and a comprehensive final- all very standard for a math course at UMD in my opinion. His grading scale was as follows: Matlab assignments — 18% (which is 6% each), Quizzes (drop two lowest) — 17%, Two best in-class exams — 17% each, Worst in-class exam — 8%, and Final exam — 23% The MATLAB's are easy, and you can use Chat for everything. The quizzes were very straightforward, and you could lowkey always guess what would be on them. The first exam was byfar the hardest in my opinion, but then it was only up from there. Sadly, Conway doesn't write the final, so that was pretty tricky and unlike past finals in the UDM testbank, but if you set yourself up in advance, you'll be fine. Also, he did end up curving the course, which was such a blessing. I would recommend him to anyone and am hopeful to take him again in the future!",,,,,,,,,,
MATH246_332,MATH246,Margaret Doucette,2025,5,"I have NO idea why her reviews are so low. For 246, she stated herself that the pacing of the class is not up to her. We cover an insane amount of material in this class, which can be difficult given that we only have two lectures a week + one discussion section that basically just serves as time to take our weekly quiz. However, she tells us what topics are going to be on the quiz beforehand, so as long as you do the practice problems, it should be an easy A--or a B at worst if you make a small computational error. Also, her exams are beyond fair. All I did to prepare was do all the practice problems, look at her extremely detailed lecture summaries, study guide, and one practice exam, and the midterm was basically the same thing. The average was an A. You can tell that she truly wants her students to succeed. Even though her explanations can be a bit hard to follow every now and then, I really do chalk that up to the unintuitive order/pacing of the course. (For example, you're allowed to take this course without having taken 240, even though linear algebra concepts quickly become fundamental to understanding the material.) All in all, this is the most fair math class I'm taking right now. I think most people giving her low reviews have just been spared from having a truly unfair math class and/or a professor that doesn't care. If you do the work, which trust me really isn't that much, you will be FINE. I'm sitting at a 99.25% right now having just done the textbook problems, study guide questions, and asking for help in office hours--which are useful by the way!! Math at UMD is hard. This class, however, is reasonable--and oftentimes even enjoyable.",,,,,,,,,,
MATH310_040,MATH310,James Conway,2023,5,"Professor Conway is a great teacher! He makes the homework’s a little bit tougher so that you can do well on the exams, and he does a great job of breaking down hard proofs and concepts into a framework to do similar proofs(like exam questions). There are no trick questions. It’s a lot of work, but definitely a top tier professor",,,,,,,,,,
MATH401_074,MATH401,Adam Kanigowski,2023,2,"This course is not very much work. You have one lecture and one in-class group assignment each week. There are two exams plus the final. I think the grading isn't very transparent in this class. You pretty much have to email the grader or go to office hours to figure out what you got marked down for. There isn't much to use to practice. He follows Justin Wyss-Gallifent & Allan Yashinski's notes exactly. I am not sure that he really adds much beyond the notes. Linear Algebra applications aren't really interesting until you have matrices that are to big to manipulate by hand. As a result, almost all of the text book examples are so complex as to require Matlab, but we don't have any calculators on the exam. While it's nice to not have homework, there really is nothing to practice for the exams. Sometimes we only need a conceptual understanding, and sometimes we need to prove some statements, but it isn't always clear which to go for. Lectures are fun or dull depending on the topic. Overall, there are some fun topics (and some boring ones) but I would say to choose another professor if you have the option. I also had Adam for 405, and I think he is significantly better for that class.",,,,,,,,,,
MATH403_010,MATH403,James Schafer,2018,1,"Not sure how to put it politely... Schafer is fucking terrible. He seems to be pretty good at what he does, but his personal style is simply not conducive to learning. He is an aggressive classroom tyrant and stifles discussion - does not clarify things and talks in a seemingly blunt and antagonizing way. Sitting in his lecture is very stressful. His sloppy handwriting does not help either. He would jot down whatever is on his mind on some blank spot on the blackboard so at the end it's usually all over the place so it's simply not possible to make out his notes after the class ends. The material is not boring but I had a very hard time following. You have to put in a lot of hours after school since the goal of this course is to force you to absorb Hernstein. I looked at other school's syllabus, group theory and ring theory are usually taught as a one year sequence. Do yourself a favor, avoid James Schafer if you can.",,,,,,,,,,
MATH405_004,MATH405,James Schafer,2019,5,"After speaking with others, Schafer seems to be a truly polarizing teacher. Personally, I liked his informal and socratic style. It was a breath of fresh air from the oft pedantic teaching found in the department. He's visibly passionate about teaching and isn't one to provide a text-to-speech rendition of the book. If you'd like an eccentric professor who speaks on material that goes beyond the book, then take Schafer. If you're on the fence, register for two professors: you can immediately determine if Schafer is for you or not by the end of the first lecture.",,,,,,,,,,
MATH406_017,MATH406,Manjit Bhatia,2019,3,number theory is an easy math400 in general. manjit bhatia is pretty old but he's not a terrible professor in my opinion. he can be very generous with exams as he allowed the first exam to be regraded and turned in for full points back. HOWEVER his grading on exam is BS sometimes. the reason why so many people needed regrades was because of this. he takes off like 90% credit even if you show you know how to do 95% of a problem. you need to make sure you know what he wants. but otherwise a low stress class and i wouldnt avoid taking him for this class by any means. also he didnt show up for our 8am final which was annoying...but the math department was the one being annoying by not letting it be a take-home exam after that happened.,,,,,,,,,,
MATH410_084,MATH410,Roy Joshua,2024,1,"Run. I withdrew without a ""w"" and got into another section but in my entire life, he was the worst professor/teacher I've ever had. He speed-runs topics and examples with little to no explanation. His hand writing is a mix of sloppy cursive and print which he switches constantly between in the same sentence. 16 people dropped this class on the second day while every other section has remained full. A C- is a 45% though if that's all you want, but to get an A it's still a 93.",,,,,,,,,,
MATH411_010,MATH411,Leonid Koralov,2018,1,I took this course 2 semesters ago with this professor and received a B. He was not helpful whatsoever. Wrote word for word from the book with very few examples (no examples outside of the book). I essentially read each section and taught myself the material. Exams were difficult with absolutely no partial credit given. I would never take a course with this professor again.,,,,,,,,,,
PHYS121_034,PHYS121,Negar Heidarian Boroujeni,2019,4,"weights the final the same as the homeworks, so if you’re not a good test-taker, there is still a lot of opportunities to pass the class",,,,,,,,,,
PHYS131_023,PHYS131,David Buehrle,2023,4,"Really good professor. He answers emails really quick, he cares about students understanding the content, and he is very considerate with grades. It's not a hard class if you take some time to study. Homework can be challenging so make sure you take some time to complete them. There are a lot of easy points for the class, and I recommend going to lecture. Exams are tricky, but he gives you a bunch of material to practice with... USE IT! I definitely recommend taking Buehrle.",,,,,,,,,,
PHYS260_155,PHYS260,Hailu Gebremariam,2025,4,To be honest people are kinda tweaking about Hailu for no reason. His voice is pretty monotone which makes his classes boring but it is perfectly achievable to get an A in his class. He doesn't post his slides which is annoying but if you actually pay attention in class and do the homework the exams are super manageable with a lot of the questions being exact/very similar to the hw. This class sucks overall because its physics but hes a decent professor. The final was also pretty similar to his exams which helped.,,,,,,,,,,
PHYS270_043,PHYS270,Drew Baden,2023,5,"Excellent lecturer, and a really nice guy. His exams are fair and surprisingly easy. I always had fun going to lecture since he made every concept super interesting.",,,,,,,,,,
STAT100_191,STAT100,Matthew Griffin,2025,1,"Class is a complete joke the content is middle school statistics. The worst part is how he teaches his lectures. Mandatory attendance with penalties of being more than 3 minutes late. Stickers are given out for being a good boy practically. More than half of the lecture time is taken up by the professor complaining and yelling about people not paying attention or following along on lecture slides. No hoodies, beanies, hats, or head-coverings. He might be the most obnoxious professor on campus.",,,,,,,,,,
STAT400_429,STAT400,Amandeep Chanda,2025,5,"Amazing TA who would explain all steps in detail. Kind, flexible, and very receptive to questions.",,,,,,,,,,
STAT401_034,STAT401,Matthias Wellershoff,2023,5,"Nice Guy and great teacher. Clearly provides all the information you need from his lectures, and willing to provide his notes as well. The rhythm of the lectures was still a bit rough, but that's probably just because he is still a pretty new professor to UMD. Homeworks were helpful and exams were very fair. He is a great professor, highly recommend.",,,,,,,,,,
STAT410_075,STAT410,Sana Jahedi,2024,1,"I was expecting her to be a good professor; there was only one review when I signed up for class which was 5 stars. She is a kind person, she is flexible with I expected her to be a good professor; there was only one review when I signed up for the class, and it was 5 stars. She is a kind person and flexible with assignments, often extending deadlines for the entire class or reducing the number of questions on homework and other tasks. However, this flexibility is necessary because her assignments are extremely difficult. For example, we had a quiz designed to be completed in 20 minutes in groups, but it took longer than the entire 1 hour and 15-minute class period. Homework assignments are time-consuming, quizzes are hit or miss, and exams take an excessive amount of time. Although she doesn’t impose a time limit on exams, I know people who spent over two hours on them, essentially taking the equivalent of three finals in this class.",,,,,,,,,,
STAT430_004,STAT430,Benjamin Kedem,2011,1,"SAS is a very good software to know, but he is a wierd teacher. I don't recommend his class.",,,,,,,,,,
BSCI160_550,BSCI160,Chloe Garfinkel,2025,3,Listen Professor Garfinkel is a really nice woman. She is great at lecturing and is really kind to all her students. That being said her exams are very hard and lengthy. I know several people who submitted multiple pages blank on the first exam. There is lots of writing portions and each exam covers a ton of chapters.,,,,,,,,,,
BSCI170_272,BSCI170,Cordelia Weiss,2025,5,"I love Dr. Weiss as a person but as a teacher as well. Her slides are very helpful and her exams reflect exactly what was talked about during lecture. All lectures are recorded and so were the ta review sessions. doesn't give that many assignments but the ones given are pretty easy. there are participation questions each lecture. Dr Weiss is EXTREMELY accommodating, as she missed a few weeks due to health issues and because of this removed photosynthesis from the exam and final, and she has a great energy and enthusiasm every class.",,,,,,,,,,
BSCI171_040,BSCI171,Swarna Mohan,2024,1,"She is just isn't an understanding person at all and all of her policies reflect this. For example someone in my group realized that they submitted the wrong assignment an hour after the deadline and she refused to accept the correct worksheet. She also sucks to get a hold of because when you do email her she puts a time restraint on when you can email her back or she assume ""your not being serious"" about what you emailed her about.",,,,,,,,,,
BSCI201_077,BSCI201,Caitlin Fox,2024,3,"I've never interacted with Dr. Fox so this is more of a review for the lab portion of BSCI201. Essentially, its an hour or so of your TA reading off all the information you need to know in a pre-made slideshow and then filling out a notesheet or labeling different models. The TA's do the best they can with the material they're given, but you're ultimately teaching yourself everything you need to know for the lab practical. For the lab practicals, theres more of an emphasis on knowing terms and the anatomy of different body systems than the more complex physiology, which the lecture covers more of. The first practical was on anatomical terms, tissues, the integumentary system, and some bone anatomy- it was overall fairly simple and the easiest to study for. The second practical was the most dense and hardest to study for- its on the skeletal and muscular system, which means knowing almost every bone and muscle in the body, every muscle insertion and origin, and some terms for body movements. The third practical was more or less the same level of difficulty as the first one- it was on the nervous system, sensory system, and endocrine system. There was definitely a lot of content to cover and you really needed to grill it into your brain to do well on the practicals. The other reviews seemed to have a big issue with this aspect of the lab, but my issue is more related to how we didn't seem to do a lot of hands-on activities during lab. Like I said before, most of it is the TA lecturing off a slideshow. We rarely did any of the real lab stuff like dissections and such until the end of the semester (there was a sheep brain and cow eye dissection and thats it). For a class I had to pay a lab fee for, it would've been nice if we did more actual lab content. I know high schoolers who have taken anatomy courses and did more lab stuff than I did in this class. Overall this class would have been better and more interesting if I did things that were actually worthwhile more often.",,,,,,,,,,
BSCI207_173,BSCI207,Karen Carleton,2025,5,"She is amazing! Dr. Karen is so sweet and an awesome professor. She is funny, empathetic, and passionate about what she teaches. Bio is a challenging subject in general, with a lot of information, but Dr. Karen really sets you up for success. She gives you every resource you need to do well on exams, it just depends on how much time you dedicate to studying. I learned that the best method was quick notes in class, then rewatching the recorded lectures the next day/taking notes to really help the information stick (prevents cramming before exams). I would highly recommend her!",,,,,,,,,,
BSCI222_224,BSCI222,Raymond StLeger,2025,1,"genuinely don’t know how people are giving this man 5 stars. lectures are disorganized and extremely long. exam questions are very random and can be anything he has said during the lecture or in the slides. he is very intimidating and answers questions in a very demeaning way. he is obviously very knowledgeable, however he should NOT be teaching. discussions are painfully long and i felt like a lot of it was busy work. however, it does help to boost your grade.",,,,,,,,,,
BSCI223_053,BSCI223,Erin Tran,2024,4,"I actually liked the flip classroom model! I find it easier to take notes on my own instead of lecture, but to each their own! I feel like a lot of people didn't pay attention in class though, so that's probably why people didn't do so well on the exams since they had the in-class clicker questions. Pay attention!! A lot of people talk about nothing making sense but they were the same ones not watching. The final was pretty weird, no excuses for that. The lab wasn't hard at all, but there is SOOO much busy work. If it weren't for that, this class would be 5 stars.",,,,,,,,,,
BSCI330_129,BSCI330,Kenneth Frauwirth,2024,5,"Here's the deal: Frauwirth is absolutely the best BSCI330 lecturer you can get. His lectures are clear, engaging, and best of all, recorded after the fact. His exams are fair, and as a person, he's seems nice. You'll have to attend lectures because of the TopHat questions, but honestly, they are worth attending. So, you're thinking, what's the catch? He's chronically late. To everything. We're talking ten minutes late to every lecture, rescheduling an exam twice, half an hour late to advising meetings, you name it. My friend and I have literally raced next to him the lecture hall on some days. I sympathize with the struggle to beat Beltway traffic, so I'm not docking a star for it, but if you're taking him at 9 AM, well, you've been warned.",,,,,,,,,,
BSCI353_006,BSCI353,Catherine Carr,2020,1,"She is absolutely terrible. Never coherent, rambles incessantly on material that isn't relevant for the tests, and is never prepared for lectures. She doesn't respond to emails and makes it clear she doesn't care about you. She also writes pretty awful test questions that she thinks are coherent and straightforward, but are absolutely awful. The class is very very unclear.",,,,,,,,,,
BSCI410_082,BSCI410,Louisa Wu,2024,2,"Dr. Wu is extremely nice, but I find this class difficult to succeed in because of her poor lecturing, and poorly written exams. For the past two exams, it felt like I was going in blind because there are no practice exams or problems offered in preparation for the amount of application based questions that there are on the exam. At most, we have two homeworks for each exam (both homeworks have about 2 questions, which is not a lot). Her wording is strange and often makes people overthink the logic behind the question, and I find that that trips me up the most. For example, she'll have a matching response question but all of the definitions sound very similar/vague and you have to pair a term or concept to it (no word bank provided). In terms of lecturing, it feels like Dr. Wu walks into class, rushes through the slides by reading off of them, and then leaves. I'm sure that she is very knowledgeable, but oftentimes, she sounds unsure of the content herself. Overall, it is a hard class to manage due to the structure and lecture style, not so much the content.",,,,,,,,,,
CHEM131_496,CHEM131,Samuel Lascio,2025,3,"Lascio is a very engaging lecturer and tries to make his class as interesting as chemistry can be. However, he is a petty guy who will blame the entire class for failing and not anything else 😭. I remember that during an exam review session, he spent the entire time arguing with a student who wrote a genuine email about how they were concerned about the exam. He had this email up on the board and literally said “I’m trying to make eye contact with whoever wrote this,” then proceeded to nitpick everything wrong with it. Other times he’s really nice and will answer your questions without condescension (it’s kinda hard to tell what mood he’s in). He curves your grade at the end, and his exams are VERY difficult. Definitely doable, just a very hard subject.",,,,,,,,,,
CHEM132_047,CHEM132,Christiana Guest,2024,2,"okay the class was dogshit of course, but as a BSOS person who mustered an A in this class without cheating on everything, i'm gonna tell you how to maximize your grade in a reasonably achievable way bc all i saw online before taking this class was people being like 'you're gonna fail kiss your GPA goodbye'. as a disclaimer, i'll say i had a great TA, however even my TA would tell me wrong things for lab reports, and some of the other TAs that graded my stuff were real assholes. first of all, put effort into looking at the prelab stuff. i'd usually set aside my sunday morning for it and it sucked ass, but if you're too scared to cheat like i was (which, newsflash to the instructors, everyone else did) then thoroughly reading the prelab readings and watching the panopto video voiced by dr. guest sets you up pretty well for the prelabs. skip the TA videos that go through the experiment, i've been explicitly told by TAs that those are bullshit. but do not forget the panopto video - 70% of the time it's just recap but 30% of the time there's something there that the reading didn't even mention. and make sure you actually understand it, and can reproduce the logic in your own words before you start the prelab. usually you get 2 attempts, so start your first one as early as possible bc sometimes it takes a while before canvas tells you what your score is. for those post lab reflection quizzes, just go over the material quickly beforehand and make sure you remember the prelab content and the experiment. and for both the prelabs and postlab reflections make sure you READ THAT SHIT. they WILL word things stupidly to trip you up, but if you look at each question as skeptically as possible you can get it. i failed the first postlab reflection and then got a 100% on almost every single one afterward, and it's bc i used All my time to pay as much attention to the details of each problem as possible - make sure you leave enough time to check your answers. also, remember some of the basics from older experiments, bc sometimes you have to draw upon that knowledge for the later quizzes. for the lab reports, first of all do them right after the experiment they're for. it's boring and mind numbing but your memory of the experiment and the material at this time will be at its highest which makes it much easier. then, you have a week to check any of your answers or make any adjustments. secondly, if you have a question about formatting or basically anything not chem-related, either don't bother asking the TAs or ask multiple TAs, because they do Not know what's going on and they Will give you wrong answers. you gotta corroborate, and if you really don't know ask dr. guest, she's usually pretty helpful. finally do not be shy. if you have a question, ask. if someone made a mistake that led to a bad grade, let that person know and try to fix it. if you think something should be regraded, even if there's an 80% chance the TA will give it half a glance 3 weeks later and say no, request the regrade. be as polite and dicksuck-y as possible about it, but do it. the worst the TAs can do is get annoyed or say no (or maybe chew you out if they really suck), but the best that can happen is a grade increase which you can Always use. doing this stuff isn't 100% foolproof; this course is ridiculous and poorly made, and stupid shit Will happen. however, if you've cushioned yourself with mostly alright grades, then when this stuff happens it'll affect you less. they've also made the course itself way less difficult in the last few years, so don't get caught up in what people have said about it in the past. good luck soldier.",,,,,,,,,,
CHEM135_405,CHEM135,Andrei Vedernikov,2025,3,"Atrocious lecturer but the class is straightforward and has somewhat lenient grading despite the difficulty of the content. His lectures are just walls of text and useless so if I was rating solely on them I'd give a 1. I didn't find them or the discussions useful so I just skipped every class and fully used the textbook instead - prepares you sooooo much better and gave good practice so please use it!!! He does these clicker questions at the start of class for attendance but they can be done virtually and you only need to do 10 so could just do them for like 5 weeks and then skip every class after. However, the biggest advantage is that his posted practice exams are very similar to his actual exams and so if you do all of them plus any old exams you can scrape together you'll be set up for success. Always a few curveball questions but theres generous partial credit and curving (88 to an A built-in to his grading). Honestly it isn't the end of the world if you're a decent self-studier and utilize the textbook and practice exams effectively, but if you rely on lectures you WILL struggle and I'd recommend switching to someone else.",,,,,,,,,,
CHEM231_397,CHEM231,Sonia Hirschauer,2025,4,"Dr. Hirschauer is an amazing lecturer. I had her 50 minute 3x a week class and I left every lecture having some grasp on the material. She makes her lectures relatively easy to follow and really gets to the point when it comes to learning topics. Anything that is not needed she really will not make you learn so everything fits together well which makes it easier to follow. Her exams this semester were very fair, we have not had the final yet but I can only hope it is the same. The only kind of negative is that Dr. Hirschauer can be a little blunt during office hours, she is very helpful but will call you out for not knowing something especially if it is close to the exam date which can be a little off putting. She also can come off a bit judgmental if you ask her a question that she expects you to know the answer to. Her homeworks were really easy to get 100 on and she gives a lot of resources for exams that help A LOT. I highly recommend taking her for orgo 1.",,,,,,,,,,
CHEM232_037,CHEM232,Monique Koppel,2024,3,"This lab was a bit of a nightmare to take. The grading expectations for the post labs were not clear, and the post labs took a lot of time and effort. I quite liked the lab work itself, although a lot of it was unnecessary. Two of the most important things to do to succeed in the course is to go to the TA office hours and to properly read the lab manual, you would be surprised how much helpful information is in it.",,,,,,,,,,
CHEM241_229,CHEM241,Lyle Isaacs,2025,4,"Honestly not as bad as the reviews make him seem. His exams are as hard as the other reviews have said but if you study properly you can do well on them. My 69.22% was curved to a B+ I probably could have gotten an A if I hadn't failed the first exam so badly. Why I failed the first midterm: On the first midterm I mostly studied using the textbook practice problems but the level of the practice problems in the textbook aren't nearly hard enough to prepare you for the midterm. How I changed my study habits: Before the 2nd and 3rd midterms I made flashcards for the reactants to learn the basics and memorize the reagents, then I would study the old exams, and that worked really well for me because I scored super well on these midterms. Final Exam Prep: To prep for the final just study your midterms, the midterms from the past 3 years, and the final exam review sheet that he posts on elms and goes over during class.",,,,,,,,,,
CHEM271_201,CHEM271,Jason Kahn,2025,1,"Just an absolute loser. Made this class way too hard, didn't know how to use Canvas, had people crying after his exams, made stupid jokes that no one laughed at, and gave hours of homework that was literally irrelevant to the exams. Doesn't even try to teach regular gen chem, instead he wants to teach the concepts behind the math (so biochem) and doesn't even apologize for it. His exams were also just not possible to finish within 50 minutes. Funnily enough, he's still better than migneray, even though he's awful. Enjoy this course!!!!!!",,,,,,,,,,
CHEM272_014,CHEM272,Amanda Schech,2021,5,She's an amazing professor who is very passionate about the subject. I had Dodson for lecture and Dr. Schech for lab and Dr. Schech was the main reason why lecture was doable. Her lectures are straight forward and clear with a lot of examples. She also offers a lot of resources to ensure that we understand the lab. Her exams are decent if you study well. I had her during an online setting,,,,,,,,,,
CMSC131_384,CMSC131,Ilchul Yoon,2025,1,"I'm not gonna lie, if you're a beginner or freshman that's genuinely interested in learning CS avoid this man at all costs. He will destroy your GPA and hopes of moving on to the next class in a heartbeat. I'm a competitive coder and have been coding for a little 2 years and this classes exams and quizzes make me lose my sanity. I've never seen a ""beginner-friendly"" class has a quiz 2 average of a 53% like seriously? anyways he's a nice dude and is very lenient with letting you make up exams but aside for that he's arguably one of the worst professors you'll ever have at UMD. Projects are easy, labs also make 0 sense as well so good luck passing your public tests.",,,,,,,,,,
CMSC132_443,CMSC132,Fawzi Emad,2025,5,"I took Fawzi for CMSC132 in fall 2023 and it is still to this day one of my favorite classes I have ever taken at UMD. This is the gold standard for a CS class at UMD. His lectures were very engaging and he explained things super clearly (despite teaching a bit quickly sometimes). Discussion exercises really helped reinforce the material and the discussions quizzes were very fair. Not to mention his exams were also super fair with high medians. Projects as well were very interesting (especially the Blackjack game, minimum snippet, and graph algorithms maze gui). Final exam was also super fair. Just in general, this class was very well structured. TAs were also top-notch (shoutout to Aram, Rebecca, Day, and Amelia). I really loved this class and I hope he teaches it again in the future as he is mainly teaching CMSC250 now. Overall Rating: 5/5",,,,,,,,,,
CMSC216_408,CMSC216,Christopher Kauffman,2024,5,"Great professor to take 216 with if you want to learn something. Good lecturer, fair exams (if you study and considering that they're open note), and extra credit on projects/exams/lectures. 216 is a hard class at Maryland but Kauffman is probably your best shot for learning. Take Nelson if you want an easy but less in depth class.",,,,,,,,,,
CMSC250_458,CMSC250,Fawzi Emad,2025,2,"I hate his lectures and I hate the way things are graded. The discussions are completely useless and just for a quiz at the end. If you take the class, skip the first 20-30 minutes of discussion and just come during the actual quiz. Also, some questions are a bit ambiguous.",,,,,,,,,,
CMSC320_172,CMSC320,Fardina Alam,2025,5,Hands down best CS class I’ve had. Professor Alam is super chill and knows her stuff. The content was actually useful and helped me get an internship. Absolute GOAT!,,,,,,,,,,
CMSC330_216,CMSC330,Minsi Hu,2024,5,"Without Minsi, I don't think I would have passed this course. Minsi was the GOAT, and I always looked forward to his discussion every week. Whether it's NFA, DFA, regex, Minsi knows it all.",,,,,,,,,,
CMSC351_297,CMSC351,Ting Jiang,2024,4,Ting is an ok lecturer but i always found myself getting bored during lectures and wouldn't pay attention. I stopped going to class after the 2nd week and was still able to do good because she was co-teaching with Justin. Justin's lecture notes and latex notes online were what got me through the course and they really helped with the homeworks and MCQ quizzes every week. There were a good number practice exams that you can use to study for exams which was really nice. The reason she gets 4 stars is pretty much because she co teaches with Justin,,,,,,,,,,
CMSC411_001,CMSC411,Michelle Hugue,2009,4,"Read all the posts below. She is fun, knowledgeable, cares about her students, and works with you if you don't understand certain concepts. Her teaching style isn't for everyone, but I find you can extrapolate your compatibility with her from the prior reviews. Bottom line is: SHE CARES. She wants you to succeed and she'll fight tooth and nail for her students. This review isn't nearly as long or as passionate as it should be, but I think the others get it across nicely.",,,,,,,,,,
CMSC414_040,CMSC414,Michelle Mazurek,2022,5,"Idk what the rest of these reviews are saying. When I took the class this year, I thought Mazurek to be very organized, the class structure to be good, and the class as breezy. She's a good lecturer too, she explains what is happening security wise very high level but yeah her voice is very soothing and if you're not paying attention then yeah, you might fall asleep. The late days on project policy is awesome. For reference, I think I went to about 60% of the lectures, and would binge watch a couple before exam time, and get decent B grades. Even then, I was able to get a pretty good grade in the class. One qualm that is valid that I see echoed here, however, is that the projects sometimes do not have enough set up or foundation for someone who is new to these security concepts to finish thoroughly. I am biased because I came into this class with some general knowledge and experience with how security worked, so the buffer overflow project, the XSS project, and other projects were pretty good. Still, others that I knew who didn't have security experience did pretty well on the projects when they went to office hours. The class is chill, and I would compare its difficulty to 1/3-2/3 difficulty of 250 with Jason Filippou; and 1/4-1/2 the difficulty of 216 with Herman. I personally had a lot of security concepts solidified in this class, and learned a lot about the way security does work, and have come away with a greater appreciation of the technical aspects of security to the high level design and concept-wise approach to security.",,,,,,,,,,
CMSC417_013,CMSC417,Samrat Bhattacharjee,2019,5,"Really knows the course material, and much more. Course was unnaturally hard compared to other CMSC courses I've taken. Really tough.",,,,,,,,,,
CMSC420_155,CMSC420,Justin Wyss-Gallifent,2024,5,"I love Justin and he is my personal GOAT. I encourage that you go to lecture because he explains topics really well and in ways that most people will understand. He doesnt record his lectures but he does post his lecture notes to ELMS, which is MASSIVe for studying for exams or homework questions. Also, he has his own website (https://www.math.umd.edu/~immortal/) which includes all of the content he will be teaching in the course, and I highly recommend using it from time-to-time for better, more in-depth examples that he sometimes won't be able to go over in-class. He strikes a fair balance between more mathematical concepts and programming. The weekly homework is fair and not too difficult if you go to class or OH (grades only 10 highest). The exams are also open-note, so that's cool. The final is take-home but is kinda long long. The programming assignments are not too bad either, and you get to skip one. There are 2 ""difficult"" ones (B-Trees and KD-Trees), so I recommend you skip either one of those.",,,,,,,,,,
CMSC421_033,CMSC421,Tianyi Zhou,2022,4,"I agreed with other comments saying that his lectures is basically reading from the slides and it took quite sometime for the questions from the piazza to be graded, and the last two HW are only graded like one week before the final. Midterm took one month to be graded. Anyway, I stopped attending to the lectures after one week because I figured out his lectures is much better in 1.5X speed. I do learn a lot of stuffs from the class and sometimes his explanation to the slides contents do help the understanding. Midterm and final are really similar to our HW problems which are fair to me. The grading to the HW, even though with some ambiguity, but I personally find out the TA is tending to be generous on the grading due to the nature of our HW (sometimes a lot of calculations, or give explanations, etc.) so even if you might have same answers as other but different from the correct answer, you might have different scores because different TA were grading. Answer keys were provided so you can always check back and forth. TA are also helpful during office if you need help. Also, there are practice exams from previous year for both MIDTERM and FINAL along with solutions so you can have sense of format. Also one other thing I like is Project worth 40% of our grade and the grade is based on public test so as long as you put a lot of time you are guaranteed to get the 40%. Even though the projects are public berkeley projects but I personally don't mind that since I believe good projects and they do line up with what we have learned in class so helps my understanding. There are also many resources for you to explore the materials which I find nice.",,,,,,,,,,
CMSC422_005,CMSC422,David Jacobs,2019,4,"Friendly and knowledgeable. Good curve at end. Good intro to ML concepts, as it is not too thorough and covers a good amount of material.",,,,,,,,,,
CMSC424_050,CMSC424,Daniel Abadi,2023,5,"Incredibly knowledgeable about databases. Great lecturer, projects and weekly quizzes are difficult but you get all the help needed. Definitely recommend!",,,,,,,,,,
CMSC426_018,CMSC426,Christopher Metzler,2023,5,"This class was a lot of different other classes packed into one. I walked in without 320, 422, and MATH401 but all of the lectures seemed to build off of these classes and combine their knowledge. Metzler teaches quite a lot of difficult math concepts (Fourier transform for filtering, back-propagation with matrix decomposition, homography matrices). However, this ended up not mattering much, since the only time that we really needed to use the difficult concepts were on the midterms. Overall, the lectures weren't really required since the projects we could use libraries that already implement the complicated functions. In the case of projects, sometimes the instructions are a bit difficult to grasp but they are quite easily searchable. This class ends up being very manageable if you start projects early, and it's overall a chill class because the reports are graded quite leniently. I think for future classes some material can be left out of the lectures as those are confusing and not always relevant/helpful but as it stands it is a well managed and pretty laid back class.",,,,,,,,,,
CMSC434_002,CMSC434,Evan Golub,2018,4,"Golub is, well, Golub. This class is fun, but he can really make things serious about the designs and implementations. Design mocks required hours of effort (in a team), but were kinda satisfying in the end. It's a pretty chill class, but I don't recommend skipping too many classes - he seems to love random pop quizzes. Tests were pretty much right off the slides, and the homeworks were just 1-2 page question and answer things. If you take this course, be prepared to spend some time out of class for the project. Designing something in Android can take hours to make look pretty.",,,,,,,,,,
CMSC451_035,CMSC451,Andrew Childs,2021,5,"I took this class Fall 2020 (online semester), but I thought Childs was a great professor. He's probably one of the most organized professors in the CS department. His course is heavily dependent on the textbook (which is amazing), but he does a really good job of breaking things down in a digestible way. I would like to say that I'm algorithmically-challenged, but I was still able to follow all of the lectures. He is extremely responsive on Piazza, and very lenient with partial credit. The class is not easy, and you'll definitely need to work for your grade, but overall this is a great class and I would 100% recommend taking it.",,,,,,,,,,
CMSC456_015,CMSC456,Gorjan Alagic,2020,3,"i mean, the course content is just hard in general. but i had trouble paying attention in lecture, i mostly self taught from the book, with guidance from the lecture slides. i will admit the lecture slides are good. i took this class during the COVID-19 pandemic and the transition to online learning was very smooth. homeworks can be hard but they aren't like 451 hard, and it's ""possible"" to do it in one day. work with other people...coming up with certain proof ideas can be hard on your own.",,,,,,,,,,
INST326_024,INST326,Matthew Patrick,2023,5,"optional lectures, organized course, and lots of resources. would definitely take again",,,,,,,,,,
MATH140_474,MATH140,Dong Quan Nguyen,2025,5,"He is a very good professor, but I do recommend sitting towards the front of the lecture hall though as he has an accent that is sometimes hard to understand and speaks relatively quietly. He is super friendly and jokes around in class often and always asks if anyone has questions. Also, he makes calc 1 a lot easier in regards to getting good grades, homeworks are optional and never checked, he always gives a sample exam like a week before the actual exam that is literally template to what the questions will be, just different numbers, and quizzes are not difficult. Only thing I do not like is that he does not record lectures or post any notes, just writes on straight chalkboard and erases when he needs more space, so going to lectures is pretty important. Side note: depending on who the TAs are, if they were anything like the ones this semester you will get points back from him on exams (basically a guaranteed 100) because, somehow this happened twice, they didn't print enough copies for the entire class and started 15 min late into the 50 min period :).",,,,,,,,,,
MATH141_510,MATH141,Yu-Chi Hou,2025,5,"I LOVE YU-CHI. Literally an angel of a TA. If you have to take Calc 2, I hope you get him as your TA. He always goes out of his way to answer questions and help with work, providing additional office hours if people need them and posting notes in his free time to better help explain material. If you don't understand a topic during the lecture, you will after the discussion with him.",,,,,,,,,,
MATH240_334,MATH240,Archana Khurana,2025,5,"i literally didn't even do well and i'm giving her 5 stars. i had a rough semester personally and a lot going on outside of school, and i just didn't study for the first two exams and bombed them, and honestly most ppl probably would've dropped the class in my situation. i went to her office hours to talk to her and she was the sweetest most supportive professor i have ever talked to in my life. she was so so so encouraging and helped me calculate what i needed to pass the class, and provided me sm resources. then i studied for the third exam and did super well. her exams are so light literally just do her review problems in the packets she gives and youre set. even the final, do the review problems she gives you and you will be good. yea, lecture is iffy and might not be helpful, but you can teach yourself the concepts using her notes and youtube, and get an A easily",,,,,,,,,,
MATH241_496,MATH241,Junyan Zhao,2025,4,"Dr. Zhao was an okay lecturer. His lectures were sometimes hard to follow because he moved quickly, and his handwriting was small and difficult to read. I personally found it easier to skip lecture and watch Justin Wyss-Gallifent’s YouTube videos instead, since he explains things more slowly and in a way that felt more logical to me. This class was my most time-consuming course overall, and I found it harder than Calculus II (though I took Calc II in high school rather than college). To prepare for exams, I strongly recommend doing almost every problem in the textbook and completing the weekly worksheets. Discussions were also helpful if you needed guidance or pointers. I’m giving Dr. Zhao 4 stars because his exams are fairly easy and he is very generous with curves. Exams are curved so that the highest score becomes a 100, and he also curves final grades on top of that. As required by the math department, exams make up 90% of the grade, with the remaining 10% coming from quizzes (there were about 13 quizzes total). Dr. Zhao is very chill and seems nice, even though I didn’t interact with him much personally. One downside is that grading can be slow — each of the two midterms took up to two weeks to be returned.",,,,,,,,,,
MATH246_331,MATH246,David Hamilton,2025,1,"Genuinely the worst professor I’ve ever had. He makes far too many mistakes during lecture (granted he is dyslexic), skips over crucial steps while solving problems so it’s extremely hard to follow along, provides essentially no online resources since his canvas page is blank, and has a teaching style that more so resembles a rambling stream of consciousness than a concise lecture. Honestly the guy is a genius, but it’s clear he has absolutely no skills as a teacher, and genuinely seems to be going senile. Sometimes he goes on tangents after being asked simple questions, and makes frequent typos on exams and quizzes that only come up when a student has to show it to him. Given the nature of this class the exams were always going to be difficult, but what makes it worse is that he includes variations of problems that we’ve never reviewed in class and that have no similar examples on the homework. I thought that after completing all homework problems covering the material and acing the practice exam he provided I would do well on the midterm, but BOY was I blindsided. Please do not take this class if you want to keep your sanity and free time.",,,,,,,,,,
MATH310_039,MATH310,James Conway,2023,5,"I absolutely loved Conway. He is really good at breaking down proofs and making things easy to understand. He goes at a nice pace in his lectures, fast enough you don't fall asleep but slow enough to understand what he is talking about. He cracks some jokes in class, and creates a very collaborative feeling in his class. He is super responsive and incredibly helpful. His exams were very fair, sometimes taking problems straight from the homework. The homeworks are hell, but if you really work on them and try to get it you barely need to study for the exams. He actually encourages you to get help with the homework by working with classmates or even going on the internet. That said, starting the homeworks early makes all the difference. The homework is graded pretty strictly (may have had more to do with my TA), but the exams aren't so bad. The worst homework and quiz is dropped. He's also just like... a reasonable guy. He once wrote the due date for a homework is midnight on Canvas, but on Gradescope it was actually due at 9:30 am that day. Some professors would say tough luck, but when it was brought up in class he corrected the problem and let everybody turn it in on the later time. I also heard from classmates that he was really good with accommodating different issues students may have. This is a hard class and it involves a lot of work, but he made it very manageable. I highly highly recommend him for 310.",,,,,,,,,,
MATH401_073,MATH401,Rodrigo Trevino,2023,3,"Solid teacher. He does a lot of interaction with his students in this course, even when he is lecturing. He also does a good job at explaining the meanings and derivations behind formulas, which I think is helpful so that you have some context for what you are actually doing and what it means. He does a lot of groupwork assignments, which I liked because it is so rare in college math classes to have the opportunity to work with peers. The exams are inconsistent - the first one was super lengthy and computationally heavy, but the rest have been very fair. He is also using Justin's notes (which are very good) but I'm not sure how well he knows them - when you ask him a question about homework or groupwork it seems like he's reading the question for the first time. He still gives good answers, but it just doesn't seem like this class is a huge priority of his, although I will say he did seem to be putting in more effort towards the end. Overall, very ""decent to good"" kind of teacher. Not amazing, but you can easily get a solid grade and learn about the material.",,,,,,,,,,
MATH403_009,MATH403,Xuhua He,2018,5,"Explains things in a very easy to understand manner. His proofs, even the long ones, are much more easy to follow than with most professors. He explains what he's doing. Harsh grader though in my opinion.",,,,,,,,,,
MATH405_003,MATH405,Dipendra Prasad,2018,2,"Professor did not understand or care for students with no experience with abstract algebra (it was not a prerequisite), and skipped over important topics like group theroy.",,,,,,,,,,
MATH406_016,MATH406,Jonathan Rosenberg,2018,2,"If you want to get an A by just studying given material and don't have experience with proofs, avoid taking any classes taught by Rosenberg! Teaching: He can explain concepts straightforwardly, although he chooses to cover proofs in class instead of problems related to homework or ones you'd find on tests. The homeworks are hard. Even if you do well on the exams, this is where you will be losing your points. Expect to sit down on homework for at least 4 hours unless you are good at proofs. He usually asks 2 to 3 difficult thinking questions that require you to do proofs where you need to think outside of the box. Exam Difficulty: He starts off the class seemingly easy. The first exam took about 20 minutes or less if you just did the homework problems. Its mostly arithmetic / problems memorized from the notes. I got a 97 on it. On the second exam, I got a D... the full exam was all proofs except 1 problem despite the fact that he said it would be more arithmetic based than proofs and easy like the first exam. Rosenberg loves proofs so if you're not a math major like me (comp sci), avoid this class. He likes to make you think intuitively on the exam. Out of the 5 problems, I only saw 1 before, despite reviewing every single hw problem and the notes multiple times before the test. Rosenberg only curves at the end and you have no idea how you did. The final exam is brutal just like the second midterm ... do not be fooled by the curriculum of this class or the first midterm. He made it way more difficult half way through the year and doesn't seem to care about student concerns ... you don't even get the solutions to the homework problems after the first 2 or three. If you do end up taking his class, do all the proofs covered in class. Try to look for previous exams and study everything. Studying all the material is not enough to get an A. You need to practice proofs a lot. Grading Breakdown: In-class exams 100 points each Homework 100 points total Quizzes 50 points total Final Exam 200 points Total 550 points",,,,,,,,,,
MATH410_083,MATH410,Anna Szczekutowicz,2024,3,"Anna is a decent option for 410, I excelled throughout most of the semester but sadly didn't do well on just the final. I didn't learn much from her lecturing alone, I think this is her weakest spot. That being said, her exams are fair, and her homeworks are good. I'd probably prefer harder homeworks compared to the exam difficulty, but either way the class is fair. Despite my grade, I learned a lot from the class, and I'd lightly recommend taking Anna.",,,,,,,,,,
MATH411_009,MATH411,David Hamilton,2017,4,"Pretty good for 411, just makes it hard when his lectures are so different from the book material, and he covers a lot. I didn't learn a ton in lecture, but they were interesting (best to learn the material beforehand which I didn't usually do). He's an engaging guy. Usually nice enough. Exams were pleasantly fair. Nice grading system.",,,,,,,,,,
PHYS121_033,PHYS121,Negar Heidarian Boroujeni,2019,5,"Great Professor, gives tons of extra credit so you're not left pulling your hair out to get an A.",,,,,,,,,,
PHYS131_022,PHYS131,David Buehrle,2022,5,Such an amazing teacher. Attend lectures. Ask questions during office hours. He really is there to help you understand and apply physics to everyday life. He truly wants his students to succeed. Take him!!!,,,,,,,,,,
PHYS260_154,PHYS260,Hailu Gebremariam,2025,1,"By far the worst LAZIEST professor I have ever had. HEED MY WARNING PELASE, because I didn't, and it sucked: only take Hailu if you are a super diligent student and willing to learn everything yourself. All of his slides are copy pasting from the textbook verbatim, and he does examples in class, but doesn't post them for some reason. Genuinely the most boring professor I have ever had in my entire class. I hold a certain unexplainable loathing for this guy. I guess all things considered he's not that bad but he's just so lazy and boring and uninteresting it bothers me to no end.",,,,,,,,,,
PHYS270_042,PHYS270,Drew Baden,2023,5,"Baden made phys270 a great and enjoyable class to be in, the concepts were never too hard and the exams were very easy but he made sure that we knew the underlying concepts with more depth than was required for the class so we could actually learn them. As a physicist, he emphasized learning these concepts not just to apply them but also to influence how we think (he himself admitted that relativity and quantum mechanics was not something most of us would use anyway, but that it was still important to learn them). His lectures are engaging and interesting, and he could always answer student questions immediately and with great clarity that brought insight to the topics. The only complaint I ever had from his class was that he would consistently go 2-3 minutes over time at the end of class to finish explaining his topic, which is certainly a lot less of a complaint than most professors at UMD. It goes to show how good Baden is that lectures always had very good attendance even though he never really made lecture attendance graded.",,,,,,,,,,
STAT100_190,STAT100,Matthew Griffin,2025,4,"If you are decent at math, this is an easy A+. He literally gives the practice exam that is EXACTLY like the actual exam. He also gives out a lot of extra credit almost every class. With that being said, I gave him a 4 star even though it was an easy A+ because he teaches like this is middle school. No phone, no hoodie, no headphones, repeats the syllabus rules for the beginning of class every class, somehow has attendance in LECTURES with over 100 students, and the best part, legit walks around during lecture to see computer screens if we are off task. If you don’t mind being in boot camp, then this class is an easy A+.",,,,,,,,,,
STAT400_428,STAT400,Jonathan Fernandes,2025,4,"Jonathan is a fairly decent lecturer and a really good dude. However, I sometimes felt his lectures went a little fast or were difficult to follow. I suggest sitting close to the front if possible. The most useful thing is going to discussion. My TA, Amandeep, was the best I have ever had at my time at UMD across all classes I've taken. You really learn what you need to know in the homework, and just do the practice problems he gives for exams, and you'll do okay. I certainly could've gotten an A if I tried harder but I was more focused on not failing 351 and prioritized that unfortunately.",,,,,,,,,,
STAT401_032,STAT401,Mestiyage Gunatilleka,2023,5,This man is a GOAT. G - GREATEST AT LECTURING O - OVERALL EXAM GRADES WERE 90+ EACH ONE A - ALL HOMEWORK IS SEARCHABLE ONLINE AND EXAMS ARE THE SAME AS PRACTICE T - TEACHES LIKE HE ACTUALLY CARES,,,,,,,,,,
STAT410_074,STAT410,Sana Jahedi,2024,1,"She is mostly very sweet and will give extensions if you ask. However, she is convinced our homework and exams are easy when they are very much not. For example, our second midterm was deemed “easy,” but the mean was a 48%. She blamed the grades on us not coming to class. I come to every class and still did very bad. Her fix is applying our extra credit that we got for completing a homework that she realized afterwards was way too hard. I would not recommend if you prefer organized teaching either.",,,,,,,,,,
STAT430_003,STAT430,Benjamin Kedem,2011,3,"I took this class to learn SAS and only feel that I am familiar with it. I don't feel like I know its ""in's and out's."" However, I do feel this class was an easy A. He gives quizzes and HW that prepare for the exam. Take notes directly on the handouts and always print and bring them to class. Don't BS the project but you don't need to put that much effort. Be creative because he likes that. A lot of people did projects on grades and Heart rates which got boring after a while.",,,,,,,,,,
BSCI160_549,BSCI160,Mary Ann Rankin,2025,1,"I want to start by saying that Dr. Rankin really is very nice. It's clear that all of the decisions she makes regarding the class are in an attempt to help students succeed, and she is VERY knowledgeable/passionate about the subject she is teaching. That being said, everything about this class stressed me out from beginning to end. The homework for this class was interesting, and I learned a lot from it, but it rarely helped at all with what you would see in the exams later on. She would also give practice quizzes, which were helpful in the sense that you would see what her exam style would be like, but they still didn't really help all that much. The only way I can describe the actual exams is hell on Earth. If Lucifer himself were to wake up one day and say, ""Hey ^w^ I'm going to make an exam for these damned souls,"" they would look like the ones we took in this class. In fact, the whole class did so poorly on the first exam that she actually decided that she would let us retake it two days later, without changing the questions at all, because the average was like 40-50%. I learned after the first time that the only way to do well on the exams in this class is to take notes on every last slide in the presentations (50-80 slides each + many of the slides are just walls of text in size 12 font) and memorize, memorize, memorize as much as you can and then pray. I took BSCI170 last semester without having taken a biology or chemistry class since my freshman/sophomore year of high school, and I barely struggled at all in that class compared to what I have dealt with in this class thus far. I feel bad saying all of this because again, Dr. Rankin is so nice and so incredibly intelligent, but I have yet to meet anyone in my class of 100+ people that have said her teaching style works for them. It feels like 30 years have been taken off my life.",,,,,,,,,,
BSCI170_271,BSCI170,Eric Haag,2025,4,"I don't understand the hate that Dr. Haag is getting. I thought his class was very straightforward. Sometimes the material can get a bit overwhelming but thats kinda just par for the course with biology, there's always a lot of memorization. Dr. Haag gives very in depth explanations. I understand that sometimes he rambles and can give wordy explanations but he's always willing to explain in more detail after class or during office hours. You can tell he genuinely enjoys biology and likes to teach/lecture about it. Something I really liked about his class were the practice exams. They were very representative of what would be on the exam and often there were questions that were identical between the practice and the real midterm. Another thing that was nice was that he almost never got behind. There were maybe two instances where he lost track of time and content had to be pushed back, however, in each instance he was able to catch us up very fast and leave us with ample time for studying.",,,,,,,,,,
BSCI171_039,BSCI171,Swarna Mohan,2023,2,"The lab and workload is easy, but pray that you get a good TA because it will make your life easier. I never met Professor Mohan and the lab was solely led by a TA. My TA was very unhelpful and did not teach or guide us through the labs at all.",,,,,,,,,,
BSCI201_076,BSCI201,Maira Goytia,2024,5,"Dr. Goytia is an amazing professor! Anatomy can be a tough class but her lectures were phenomenal and she explained the more difficult concepts really well. She isn't like other professors who just read off their slides; you can tell she's passionate about what she teaches and knows what shes talking about. She also records every lecture which can be a useful tool for studying. The way the class is structured is there are short quizzes to take on elms before the start of every lecture that are based on the free online textbook, and at the end of each chapter theres a longer quiz but they're all open at the beginning of the semester and aren't bad at all. Exams are fair but some questions can be tricky so make sure to study every concept. You're allowed a one sided cheat sheet during exams and there are opportunities to receive extra credit after every exam (make sure to do these because they could make or break your grade if you're borderline at the end of the semester). Overall solid professor, would recommend and will be taking for 202!",,,,,,,,,,
BSCI207_172,BSCI207,Karen Carleton,2024,3,Honest she was a very boring professor which made it hard to really focus in her lectures. She record her lectures and post the slides. Her GAE are crucial for exams especially for the FRQ portion. Her midterms were ok but the final was a bit unreasonable. Overall not the greatest experience.,,,,,,,,,,
BSCI222_223,BSCI222,Jessica Mutz,2025,4,"READ THIS REVIEW. She is not as bad as all these reviews are making her seem. In fact, I think she is a pretty good professor. PROS: Spends a good chunk of class doing practice to help students understand the concepts (which a lot of reviews don't mention because they dont go to lecture). Spends time after class talking to students and helping them understand exam concepts. Records all lectures. Cares about your success, sends out study plan assignments which are free points (although they are pretty useless). The quizzes are not that hard and four lowest of them get dropped. NON CUMALITIVE final which is HUGE for such a content heavy course. Also has a very organized canvas. Very well put together slides. The discussion is pretty straightforward, just groupwork and a lot of exam review sessions which are very helpful. MIDS: Exams are pretty hard but that can be a good thing. If you are someone who relies only on memorization then you will not do good on these exams. You need to be able to understand and APPLY what you have learned, which can be helpful for people who dont want to only memorize. The FRQs are fair and often similar to the practice set and exam review problems. The multiple choice are usually harder in my experience. If you like to use your brain and not just mindlessly memorize things then this exam structure is for you. Her curve is okay, most exam averages were around 60% and the cutoffs for final grades were 87 for an A 77 for a B and 65 for a C. Quizzes, homework's, and lab assignments will help boost your grade . CONS: Oftentimes it felt easier to read off of her slides than go to lectures. She is a decent lecturer but nothing special. Her grading policies were kind of obscure during the class, we always knew what exam scores corresponded to what letter grade but it was pretty unclear on what the actual ""curve"" would be. She isn't the most warm and welcoming professor, but isn't rude or disrespectful either. Overall, take Prof Mutz if you want a genetics class that doesn't have a cumulative final and midterms that are more than just memorization. Her lectures feel optional but the practice in them can be very helpful. Make sure to stay on top of lab assignments and pay attention to the plethora of exam review material she gives.",,,,,,,,,,
BSCI223_052,BSCI223,Erin Tran,2024,3,"Dr. Tran is a very kind person and very knowledgeable about her class. I liked listening to her speak which is a shame because she praises the flipped classroom model, which just entirely wasn't for me. Exams were SO difficult. The most shocking thing to me is how I was able to get As in all chem classes I've taken but not this. Still waiting to hear back about rounding up my grade to an A- because I am decimal places away. The lecture videos she posts are years old from Covid, and lecture is based on clicker questions (we had to pay for the subscription out of pocket, btw) which we get participation points for. Lab was extremely fun and my lab group was great, but the amount of busywork was just insane for this not even being part of my major and instead a prerequisite for grad school. Overall the class was fine, super time consuming and difficult. Dr. Tran is cool but DEFINITELY not my favorite.",,,,,,,,,,
BSCI330_128,BSCI330,Kenneth Frauwirth,2024,5,"This is one of the most knowledgeable professors I've had at UMD. He knows how to explain difficult concepts in many different ways, and draws analogies to everyday life, so that anyone that pays enough attention can understand. He does show up late to class. I don't understand why this would bother anyone, as it would only work in our favor as students. It means that we have less material to study, and shorter lecture recordings to review, since exams are essentially entirely based on what we cover in lecture. He is also very nice and willing to talk with anybody to explain anything. He has a sense of humor. He did move an exam forward two days, and then reschedule it to the original date. Again, I don't understand why this would bother anyone, because it only gave us more time to study. He also gave people that wanted to still take the exam that same day the opportunity to do so. So, if someone that wanted to take the exam that badly , and was that upset by the fact that we got more time to study, had a bit of patience and waited till he came to the class that day, then they still could've taken the exam.",,,,,,,,,,
BSCI353_005,BSCI353,Patrick Kanold,2014,4,"I thought this class was pretty boring but on the easier side, if you have a little neuro background and some first year physics background. I had a friend who didn't have that background and she struggled a lot, eventually dropping. I studied a lot for this class - but unlike other classes, the studying paid off. There's a reasonable curve and if you use his slides supplemented with the textbook, you'll do well.",,,,,,,,,,
BSCI410_081,BSCI410,Louisa Wu,2024,5,"Professor Wu is amazing!!! She really wants her students to succeed and she is very willing to help during office hours and one-on-one meetings. She really focuses on learning from past exams and improving study practices. Her tests are really fair, but she does cover a lot in class, so be sure to take thorough notes. Her exams being open note is really helpful and a great way to study as you rewrite your notes. Aside from being a great professor, this course is super interesting!",,,,,,,,,,
CHEM131_495,CHEM131,Samuel Lascio,2025,4,"Dr.Lascio is genuinely a great teacher. His lectures are very informative and he’s very accommodating when it comes to scheduling regrades, office hours, and exam reviews. He replies to emails very quickly and actually cares about the wellbeing of his students. Discussion session is optional but has good resources for exam prep. Study by doing the homework problems until you fully understand them and by reviewing concepts in the lectures slides.",,,,,,,,,,
CHEM132_046,CHEM132,Christiana Guest,2024,2,"My expected grade is listed as an A, but I really have no idea what it actually will be. The letter-grade percentage correlation is based on an incredibly vague average of student performance which is not made clear until the end of the semester - this is me being optimistic. This course is a general chemistry lab, and it is going to suck. Dr. Guest herself is essentially non-existent for this course, but she is responsible for the formatting and system so I still feel validated attributing this review to her. Your main grades come from pre-lab quizzes, lab reports, and post-lab quizzes. For a one-credit class, this is a TON of work and will likely be more draining than your 3 and 4 credit classes (I spent more time on homework for this class than any other class). Luckily, there are no midterms and there is no final exam. The pre-lab quizzes typically give you multiple attempts, but you have to learn all the content from the lab manual and videos posted to elms since the lecture and lab schedules do not overlap. Therefore, you can lose a lot of points even with the multiple attempts because you simply do not know what you are supposed to be doing. Lab reports are sometimes straightforward and sometimes incredibly confusing. Post-lab quizzes are usually fine, but you have to be SURE that you are familiar with the content from labs a couple weeks ago each time. Having a good TA and a good lab partner/group will ease a lot of the pain that comes with this class.",,,,,,,,,,
CHEM135_404,CHEM135,Andrei Vedernikov,2025,3,"Lectures weren't helpful for me. I missed every one for the last 3 months. Requires clicker question but only 10 of them, they can be done from home. Tests are identical to the practices he posts, just study those and you'll be fine.",,,,,,,,,,
CHEM231_396,CHEM231,Donald Hong,2025,1,"DO NOT TAKE DR. HONG. As soon as you enter the class, he treats you like youre a breaking-bad fanatic and know the ins and outs of orgo. The only upside is that his worksheets occasionally have practice problems that show up on the exam. Otherwise, he speeds through notes in class, ALWAYS goes overtime, is disorganized with notes that are hard to follow if you happen to miss class, and refuses to post certain resources on canvas. At the beginning of the semester, he said he was going to teach the course like it was a ""summer class,"" forcing us to rush through topics and be ahead of every other Orgo 1 lecture by 1-2 weeks. He also ends the topics taught for the midterm exams WEEKS before the exam actually happens and gives no review day, so by the time you actually take midterm 2 you're already halfway into content for midterm 3. I tried to give him the benefit of the doubt since it is his first time teaching but it is clear he would be better suited as a TA rather than a lecturer. The one day we had a different orgo 1 professor sub our lecture was the only day content made sense. The only way to possibly succeed in his class is if you are retaking Orgo 1 and already generally know the info of the class before walking in. If you can take another professor or hop on the waitlist, do it.",,,,,,,,,,
CHEM232_036,CHEM232,Silas Ameshiku,2024,4,Overall just a good TA. Willing to help and explain concepts. He's approachable and will chat with students.,,,,,,,,,,
CHEM241_228,CHEM241,Bonnie Dixon,2025,1,"The one thing that made my so angry about Dixon was her failure to inform students about the MANY MANY mistakes present on her hws and quizes. I'd find out a few days before the hw was due, from a friend who went to office hours, that a problem was actually supposed to be another molecule, or a different synthesis step. she NEVER announced that in class. It wasted so much time and effort. I rlly disliked orgo 2, just because of the proff. I got an A+ in orgo 1, and now I expect a B+. Dixon is a knowledgeable proff, but she is mean, rude, and unsympathetic to her students. As a junior, I have had my fair share of proffesors, and Dixon is certainly one of the worst. I just don't understand how these professors have taught for decades and still suck at teaching. MY GOD, its so stOOOpid. Honestly I'm just happy i'm done. I'm lucky i'm an eng instead of a pre-med, cause yall will be scared in this class. If you have more space in your schedule, to attend office hours and Can(+4/5 hrs of class) per week, I think you should be fine. She doesn't curve much, I ended with like a 80 flat in the class, and the curve for an A in the syllabus was about 81.5% I think. So rlly sucks that I didn't get an A even tho I was rlly close. With the extra cred quizzes, they are so difficult, I spent like 8 hrs on one to get 0 points. I think she gives hints during office hrs, but I literally had other classes then, so I was always relying on my friends to inform me about what they discussed with her. Its honestly such a hassle. TLDR, dixon is bad and rude proff and sucks at communication, minimal curve outside what syllabus states. GOOD LUCk, ya'll will need it.",,,,,,,,,,
CHEM271_200,CHEM271,Alice Mignerey,2025,4,"Not the best or worst lecturer, but she only tells you what you need to know for exams. Any lapses in understanding from the lecture can be easily fixed by going to discussion with the TA, reading the textbook, or by watching youtube videos. One bonus to taking chem271 with her is that there's a huge emphasis on problem solving compared to conceptual understanding, which means you only need to know how to do the calculations to do good on exams. Peers in the other section (Kahn) were actually tested on conceptual understanding, which made me thankful that I took it with her instead. Before every exam she would post a practice exam with answers, and these practice exams were 90% similar to the real exams. If you can do every question in the practice exams & understand each step, you will get an A on the real exam. 4 stars instead of 5 stars because of the ALEKS hw",,,,,,,,,,
CHEM272_013,CHEM272,Amanda Schech,2020,3,"Her lectures are informative and thorough. They cover a lot of material and she is good at explaining concepts. However, the lab experiments/reports require an ungodly amount of time to complete. Be prepared to pull all-nighters completing them throughout the semester. Also, the exams are very difficult. She plays with words and makes the questions very tricky, which is annoying, especially since the exams are timed and you barely have enough to rush through it.",,,,,,,,,,
CMSC131_383,CMSC131,Ilchul Yoon,2025,5,"Idk what these reviews are on about. Yoon is a good professor who gives tons of information during the lectures, makes jokes, asks questions, etc. His exams and quizzes ARE hard I agree, but he's a pretty flexible grader and he definitely prepares people for both the quizzes and the exams by providing study guides for the students and telling us what will be on the exam. If you don't get a C in this class (and I am sure many want at least a B-), it's your fault for not putting in effort and time to studying for a STEM class. It's only going to get harder from here on, and I feel Yoon has prepared us adequately. The projects take up more of your final grade anyway, and he's given tons of time to write 100 lines of code. One project had a MONTH to do it, and it was based on code we already had in a previous project!",,,,,,,,,,
CMSC132_442,CMSC132,Nora Burkhauser,2025,4,"Her lectures aren't perfect like others have mentioned, but her slides and code examples are really good for learning the content. She has weekly projects, which if you're interested in computer science are somewhat enjoyable and also teach the content quite well (if you do well on the projects, you can do well on quizzes). I would recommend her and I think she deserves higher than her current reviews suggest.",,,,,,,,,,
CMSC216_407,CMSC216,Christopher Kauffman,2024,5,So much extra credit. Discussions are useless. Lectures are engaging. You can easily excel in the class even without touching the textbook. If you go to (or watch recordings of) all the lectures and complete all labs and homework on your own time honestly (not just copying or clicking through) it's a surprisingly easy A.,,,,,,,,,,
CMSC250_457,CMSC250,Fawzi Emad,2025,5,"An incredible lecturer, the best I have ever had. He did get a bit too much when it came to the homeworks and the exams were a bit too much, however, he is still an incredible lecturer!!",,,,,,,,,,
CMSC320_171,CMSC320,Fardina Alam,2025,4,"Fardina is a very nice professor and her class is pretty chill. Her lectures are kinda mid I won't lie, but she does record them and her slides are very thorough. Homework was pretty reasonable. Whenever it included stuff not covered in class, she added links to relevant documentation. Exams were also very reasonable. She provided study guides for all exams (2 midterms and a final), and you were allowed to bring a cheatsheet for the final. The final project (which spanned the semester) was also pretty chill if you picked a good group and good dataset. The only thing that bothered me was that answer keys were always gatekept. If you wanted to see what you got wrong on a homework or exam, you had to go to office hours.",,,,,,,,,,
CMSC330_215,CMSC330,Cliff Bakalian,2024,5,He's a great professor. He's really lenient with extensions which is something I myself have appreciated with; he is reasonable with course requirements. Definitely take.,,,,,,,,,,
CMSC351_296,CMSC351,Justin Wyss-Gallifent,2024,5,"Justin is an amazing lecturer: his explanations in-class are clear, color-coded well-written, easy to process notes, well-timed, engaging lectures. Humorous. Fair exams. Fair homeworks that are very good practice for the exams. (Class is self-contained, no need to learn anything outside the class). Very approachable and helpful with questions. I asked him about a personal project and he worked through the algorithm with me. Personally, though, I thought he made the class TOO easy. It was supposed to be a class that teaches algorithmic thinking, but we kind of were just tracing pseudocode. I trust he knows what he's doing, and I'm taking 451 anyway, but it would have been nice to learn/be tested on more. We do barely any proofs and time complexity is reduced to memorization. That being said, he provides rigorous proofs in the notes that he posts. He posts class notes and LatEx notes. He has practice exams which are very helpful, and weekly MCQ's, which also help you study. Weekly MCQ's are easy points, open note, online.",,,,,,,,,,
CMSC414_039,CMSC414,Michael Marsh,2022,5,"I have a love-hate relationship with this course. I have come to the conclusion, after much flip-flopping, that although Marsh has a bit of a strange protocol for running a course, he is my favorite CS instructor. At first it is a little tricky to get into his headspace, but once I had my head around the groove of the course I found it very enjoyable. I thought that the projects were fun, and that Marsh really wants his students to succeed in the course. He is always responsive and willing to help out and give feedback. Marsh himself is your most valuable resource in this course, I think. I highly recommend 414 in particular, but I would recommend Marsh as an instructor for any other course as well. I would absolutely take a class with him again.",,,,,,,,,,
CMSC417_012,CMSC417,Michael Marsh,2019,5,"Based on past reviews, I was extremely weary to take Marsh for this class, but after going through it I’m glad I did. He has improved a ton and takes constructive criticism in stride to actually improve the class (the only cs prof I’ve seen do this). Many complain his test scripts are still broken, but these were due to tests that are more in depth than other courses, which I believe is a great thing. You can also tell he loves the subject. His lectures can be a little tough to follow at times as his examples aren’t always the clearest, but he is willing to reexplain anything that may have been ambiguous. Overall, the most useful class I’ve taken at UMD and no regrets on Marsh.",,,,,,,,,,
CMSC420_154,CMSC420,Narayanaswamy Narayanaswamy,2024,1,"Narayanaswamy should not be employed here. He is a very poor lecturer. He started off with handwritten notes that were extremely hard to follow and not even always fully correct. Eventually he just gave up and started presenting seemingly random slides he found on the internet. It was never easy to follow him, and he would start rambling off about unnecessary topics. He is a very poor communicator. Nobody knew what the structure of the course was going to look like till about 3 weeks in, AFTER the add/drop deadline. He gave very vague comments about how the homeworks/exams/projects would be set up and never made it clear what the grading guidelines were. For some godforsaken reason, he made most homeworks due at 12:30am, rather than 11:59pm, or any other conceivable time of day. This would cause a lot of confusion as an assignment due Nov 30 actually had to be done by the night of Nov 29. Now you think you would get used to this, except he often changed the deadlines for assignments. I was unable to submit one homework because for no real reason he decided that one will be due at 11:59. His project deadlines were even worse. They never released on time and the due date would keep getting pushed back because the description left us with too many questions about the project details. We were supposed to have 5 project but he was so late on them that we only had 4. And the projects weren't even relevant to the content we were covering, instead being about some stupid fictional world with lore and all sorts of unnecessary details. The one midterm we had (which he changed the weightage of without telling us by the way) had an average of 55%, as he gave no real study guide, or even general advice on what it would cover, how to best prepare, etc. The TAs are entirely useless and may as well not exist. They don't hold office hours and are of extremely little help. I've even seen them giving objectively wrong answers about programming projects on Piazza. Narayanaswamy himself gave up in person office hours and only holds them via Zoom, which you have to schedule via email. He is of very little help too, as once my friend went for help with some test cases for a programming project, and Narayanaswamy told him to literally ""comment out blocks of his code to figure out what test cases were testing"" because the instructors had improperly named the tests. Overall, this has been an extremely negative experience. I don't even think this a case where a professor can learn from a rocky first semester and improve, he is just an objectively bad teacher.",,,,,,,,,,
CMSC421_032,CMSC421,Tianyi Zhou,2022,4,Fair professor. Lectures are kinda dry so I stopped attending lectures after first week of school since I figured out his lectures is much better in 1.5x so I basically watched his recording to learn. Slides were actually helpful and his explanations are also helping understand the course content. Project are from Berkely and majority of the contents are from Berkely. Good thing with that is you can find many resources (and he did gave some resources) so you can learn after class. Bad thing is that it is kinda boring. Exams are fair and similar to our HW. I did learn many stuffs from the course. Also the grading is fair to me. I find out the TA is tending to give more lenient grades due to the nature of some problems of the HW. Honestly he is pretty solid 3 star professor to me. Just give him 4 star because I think he desevers a little better than 2.33 stars.,,,,,,,,,,
CMSC422_004,CMSC422,Ramani Duraiswami,2019,3,"Ramani is a friendly teacher, but I don't think he taught 422 that well. Lectures were sort of boring, and he doesn't really explain concepts in an intuitive, understandable way.",,,,,,,,,,
CMSC424_049,CMSC424,Daniel Abadi,2023,5,"Enjoyed this class with Dr Abadi. You will learn a fair amount about SQL and using DBMS properly, but even more about the in depth technical details of designing databases. The first half of the class is straightforward and fun, learning about writing SQL queries and E/R models. Midterm was pretty easy if you paid attention. The material gets very very difficult towards the end of the semester. Reading quizzes get hard as the semester goes on. The projects become very time consuming and somewhat confusing as well. As always, if you start early, they are doable. Final was egregiously hard, but Dr Abadi informed us that there was a mistake made regarding the difficulty level. A quite substantial curve was provided on the final exam. Overall, would recommend, but be ready for a moderately heavy workload at times.",,,,,,,,,,
CMSC426_017,CMSC426,Christopher Metzler,2023,2,"Not a huge fan of the lecturing style at all and I attended almost every class. Lectures are dull. Prof just reads off the slides and doesn't seem prepared for questions. He is a lot better at answering questions on Piazza than answering them during lecture. There's a lot of conceptual material but often he refers to variables/equations/concepts as ""this"" or ""that"" while lecturing—delivery could be clearer. Grading is slow. BUT, I honestly think you could get by decently in this class without attending any lectures at all. Slides are detailed and always posted to Canvas. Grades are all based on a few homework assignments and projects with very clear grading criteria and instructions. Grading is lenient with a lot of opportunities for extra credit.",,,,,,,,,,
CMSC434_001,CMSC434,Ben Shneiderman,2011,5,"Great professor who really knows the material and does a great job of teaching it to students. Very fair on exams and projects, and really treats his students with courtesy and respect. One of the best professors in the University, and a leader in the field of HCI.",,,,,,,,,,
CMSC451_034,CMSC451,Jonathan Katz,2021,3,"The course materials are good and the assignments are very fair. However, I never knew what my grade was in the class since the homework assignments took forever to grade. Idk if it's the fault of the TAs or Katz, but it's an anxiety-inducing issue that Katz cares very little about.",,,,,,,,,,
CMSC456_014,CMSC456,Nathan Manning,2020,5,"(spring 2020, ~ second half online due to COVID-19, expecting A/A+ but also P since I will P/F all my classes) I was going to rate 4/5, but Dr. Manning handled the shift to the online format really well, so 5/5. The first midterm (in-class) was made really easy (mathematically) since a lot of CS majors don't have the sufficient proof-writing experience. Similarly some lectures could be really boring due to the need to explain some math concepts that some CS majors aren't familiar with (e.g. basic linear algebra). Note that on PlanetTerp (as of writing this) MATH456 has an average GPA of 2.93 while CMSC456 has an average GPA of 2.37 even though they are the same class (only math majors / cs+math double majors can register for the class as MATH456). After the class was shifted online due to COVID-19, Dr. Manning provided recorded videos (much better than forcing students to virtually attend at fixed times) and the second midterm was a ~week-long mix of theoretical questions and programming (implementing some of the algorithms described in the lectures).",,,,,,,,,,
INST326_023,INST326,Aric Bills,2023,5,Amazing teacher and will definitely help you learn Python better. I personally learned nothing from INST126 and Aric made it so I learned Python. He has a lot of TA's who are extremly helpful so office hours aren't loaded. There is a bit of work so start things early. He has 4 exams but they are only 25% of your grade. Overall would definitely recommend.,,,,,,,,,,
MATH140_473,MATH140,Matthew Wilson,2025,5,"A more recent review* Professor Wilson is really easygoing and friendly teacher. He explains things thoroughly, uses a lot of examples, answers any questions. He's also fairly available and answers emails pretty quick. In terms of coursework, midterms are not too challenging; As long as you keep up with HW, worksheets, yada yada, you will most likely do well in the class. All in all, definitely recommend taking Matthew for math.",,,,,,,,,,
MATH141_509,MATH141,Kendall Williams,2025,1,"One of the worst math professors you could take. Should have at least a 2 or lower. An insane percentage of the class drops his classes, leaving the kids who have to take it but struggled on the first exam completely screwed because there is NO curve. Exam averages are in the low to mid 60s. Almost anyone I have talked to has between a 65 and a 75 in his class. With no curve this should be illegal. Cannot imagine why anyone would want to take this guy.",,,,,,,,,,
MATH240_333,MATH240,James Conway,2025,4,"He is a very nice and caring guy, but his lectures are hard to follow. He took directly from the textbook, but somehow his lectures lacked structure. I went to every lecture and consistently felt like it was a waste of my time. When I sat and listened, I gained a lot more than when I tried to write exactly what he was saying, because it was all over the place. With that being said, he is very helpful when you go to his office hours. When you take time out of your day to be there, he respects you and truly does want his students to succeed. So if you put in effort, he will give it right back. The MATLAB assignments were super easy, especially if you worked in a group- I just recommend doing those way ahead of time so you aren't waiting until the last minute. I used Chat on all of them, and for the most part, it was accurate, still good to check it yourself, though, because you could lose a few points here or there (like I did). My one beef with Conway is that he doesn't give you practice exams that are his, and for the ones he does give you, he doesn't provide answer keys. So going into the first exam, I felt very unprepared because I didn't know his exam style, and that reflected in my grade, however, I was able to get it up. He asks a lot more theoretical questions than you would expect, so know the concepts and know them well, not just how to solve a problem. I liked him enough as a person, though, to take him again for 241, so take that as you will. My best advice is to go to his office hours and don't take shortcuts.",,,,,,,,,,
MATH241_495,MATH241,James Conway,2025,5,Posts his lecture videos so you never really have to go to class. Discussion is optional other than showing up for quizzes. Tests and quizzes are extremely fair. Just study a little bit before and you should be fine. Take this guy for calc 3,,,,,,,,,,
MATH246_330,MATH246,Alice Wang,2025,4,"I took this professor’s class back at a community college last spring and it was a ton of work. Pros: Very Very Very generous grading policy. 6 quizzes were dropped, lowest exam was dropped, lowest matlab was dropped, and there were at least like 20 extra credit opportunities in the class. Also in my experience the exams were very similar to the practice exams. She is very organized, she has lecture notes, study guides, practice exams, and has a schedule for you to complete them by so you are ready to succeed. More neutral stuff I have my own hatred of the proctoring of the exams, but I hated the asynchronous proctoring of the exams much more than the exams themselves. I felt exams were pretty standard and I could deal with them. I did not get to know her a lot as since it was asynchronous I never had a class with her. As many people said she goes slowly, which is amazing for a class like 246 but it would be too slow for me so I would just read the textbook. I also got lazy at the end of the class which was not the move because the final exam was a week after the third midterm. Also the matlabs were mostly fine but one of them just didn’t work for me. All in all, hard class, but the professor has great organization. I don’t know what she’s like personally, but I think she wants you to succeed.",,,,,,,,,,
MATH310_038,MATH310,Steve Halperin,2023,3,Professor Halperin is an extremely nice guy who cares about his students. The class at first is hard to understand but over time it gets better. Every exam is from the textbook which is really nice. In class it is sometimes hard to understand what is going on. Many people skip class and you can but I recommend you go since many times he goes over hw answers.,,,,,,,,,,
MATH401_072,MATH401,Rodrigo Trevino,2023,5,"Very fun class, the professor kept the activities fun and his teaching style was generally relaxed but still made sure to cover the topics well",,,,,,,,,,
MATH403_008,MATH403,Roohollah Ebrahimian,2017,4,"Ebrahimian is a very effective teacher. The best thing about his class is that he engages students and lets students finish proofs. If you want to learn material well, take his class. However, he makes the grading a bit harder than is really necessary, and has HW due every single class.",,,,,,,,,,
MATH405_001,MATH405,Jeffrey Adams,2013,5,Adams is a fantastic professor. He always comes prepared to class and does a great job helping his students through difficult problems. I would recommend him highly if you get a chance to take one of his courses.,,,,,,,,,,
MATH406_005,MATH406,Niranjan Ramachandran,2012,5,"Dr. Ramachandran is, hands down, the best college professor I've ever had. He is extremely knowledgeable, is very good at communicating information and is a very nice man who essentially embodies everything that is needed in a college professor. Let me begin by admitting that his class was very challenging. The homeworks were tough, the average on the two midterms probably averaged out at a 59 (there was a very generous curve at the end of the course) and you won't get very far by lollygagging and mindlessly memorizing a few formulas. That being said, I thoroughly learned about an immense (almost unbelievable) amount of difficult and very important mathematical concepts and I am very, very happy that I took the course with him. After having taken Rama's course I honestly consider myself a much more mature and knowledgeable mathematician than I did before I took his course (and I had straight As in math beforehand). I guess I should also warn you that Ramachandran is not for everyone. A lot of people in my class didn't like it at all and claimed that he was a bad professor for various lame reasons. Usually, their reasoning was something like, ""He's all over the place and is impossible to follow,"" or, ""I feel like we don't learn anything in the class"". What that illustrates is that they're not accustomed to rigorous, difficult math courses and that they're either too lazy or not apt enough to study and understand the deeper concepts that are actually worth putting the time and effort in for. One kid in the class said that ""Modular arithmetic is dumb because there are no formulas."" If you associate yourself with people like that then I recommend dropping out of any upper-level math courses and taking something more your style like communications. In summation, I highly recommend Dr. Ramachandran to anyone who is a serious and mature student and/or to anyone who wants to learn some awesome math. If you're in it for the easy A then take he class with someone else. P.S. His grading is very fair; it's just that his problems and homeworks are challenging and take a fair amount of time and effort to complete.",,,,,,,,,,
MATH410_082,MATH410,Terence Long,2024,3,Boring lectures. Course contents are exactly the same as the textbook. But the midterm means are not bad.,,,,,,,,,,
MATH411_008,MATH411,Leonid Koralov,2017,5,The best professor. Smiles always and tells funny stories about his children. Exam grades sometimes rough (uniform distribution between 0 and 100) but fair.,,,,,,,,,,
PHYS121_003,PHYS121,Peter Shawhan,2015,3,"Beware, his homework is impossible. I would always go to the physics help classroom and spend 3 hours there with other students from this class. However his tests are not bad and he's a nice guy so if you know what he lectures on you will do fine on the tests.",,,,,,,,,,
PHYS131_021,PHYS131,Matt Severson,2022,2,"First off, I hope you don't have Ninad as a TA. Second, the professor was very dry and I couldn't tell if he actually cared about teaching. Everyone said the lectures are useles so I stopped coming to class. The key to get at least a B is to do good on the homework and lab reports. Tophat is used the entire course and the curve is amazing. I heavily bombed every exam (including the final) and still got out with a B. Also, didn't learn a single thing.",,,,,,,,,,
PHYS260_153,PHYS260,Aria Heidarian,2025,5,"this is the WORST CLASS IVE EVER TAKEN at UMD but SHE IS AMAZING. Dr. H is very kind, and explains things so well in lecture. Her exams are incredibly fair, some of the problems are exactly the same as in lecture or her practice midterms. She did not curve since the averages were pretty high but she did curve the final by 10 points out of 120 so about 8%. She also dropped the lowest midterm which was nice. btw the final was DIABOLICAL. the most insane exam I have ever taken, I barely got the points I needed to pass and for context my two highest midterms were a 64 and an 80 so yeah it was very bad. Quizzes were easy, TA always went over similar problems right before. But yeah if you get the chance take any class you can with her!!!! She's amazing",,,,,,,,,,
PHYS270_041,PHYS270,Howard Milchberg,2023,4,"Physics is a really boring class at times. Milchberg is never boring. His only flaws are that he goes into too much detail and can be a little disorganized. If you like physics or math or are majoring in one of those you will love his class. He really knows his stuff and he is very nice and is also fair and listens to his students. He asks questions to the class and if you have a questions he will really try to get you an answer, he wants you to succeed and learn. If you are an engineering major you may struggle a bit. His lectures will bog you down with fine details and things that you may not have to care about or may not apply to you. His lectures are also almost entirely conceptual which can be hard for engineers who are used to building things and using numbers physical literal examples. His grading scale is very generous, the homeworks are textbook problems that you have 2 weeks to do and while his exams are hard, he will only count your higher midterms and if you do better than either midterm on the final he will use your final exam grade as 80% of your total grade. This class isn't a lot of work and honestly if you show up and take notes and pay attention you will be fine.",,,,,,,,,,
STAT100_189,STAT100,Matthew Griffin,2025,1,"I am three weeks into this class so take it with a grain of salt. I am tired of him treating class like discussions. I am tired of him wasting time telling us to take our hoodies off, our headphones out, etc. He will use the entire class time to talk about how he teaches and does not teach us the material. He leaves us with a PDF to self-learn. This isn't a good way to expend tuition money.",,,,,,,,,,
STAT400_427,STAT400,Sana Jahedi,2025,4,"Ok this is specifically in response to all the genuinely spiteful reviews on here. I'm not here to judge who is and who isn't a liar or who is and who isn't incompetent. But it looks like this entire struggle's been brought on by the lack of communication between the Professor and the students. As someone who had Prof Jahedi the semester before last, I can confirm she's very easy to approach and talk with. That would help a lot with having the information you need to understand why the course is structured a certain way. Bashing the Professor like some of the reviews do below is a bit reprehensible when she's a human being. Think this entire thing is a miscommunication issue that can be avoided.",,,,,,,,,,
STAT401_028,STAT401,Mestiyage Gunatilleka,2022,5,"Weekly quizzes to boost your grade, homeworks are easy, practice exams are identical to the exams, don't know what more you need to get a free a+",,,,,,,,,,
STAT410_073,STAT410,Sana Jahedi,2024,1,Exam is impossible. I don't know what she expects of students. I came in with a full understanding of the material and the exam was impossible.,,,,,,,,,,
STAT430_002,STAT430,Benjamin Kedem,2011,3,"He is very smart however He does not know how to teach undergraduate classes. He write on the board all these formula and proofs that most of the class no one understands. He usually tells you about what is on the midterm however it is very difficult to review the midterm since a lot of materials are not in the book. The final project is very easy but you need to find a interesting topic. He allows you to hand in late home works. Overall his class is not difficult to get a B in because he is very generous about grading and if you get an A in his final, he gives you an A in the class.",,,,,,,,,,
BSCI160_546,BSCI160,Leo Shapiro,2025,2,"He's an ok lecturer. I thought I understood the concepts raised in class, but no matter how much I studied and jotted down every single thing he mentioned, and went to every single class, I could not get higher than an 80 on his exams. His slides were basically all pictures, and he didn't record lectures, so you had to go to class to understand. His tests are purposely designed to trick you and, most of the time, make no sense, no matter how much you know the topic. The worksheets weren't bad, but as someone who got an A in BSCI170 and even harder science classes like anatomy, I could not do good on his exams for the life of me.",,,,,,,,,,
BSCI170_270,BSCI170,Eric Haag,2025,3,"He is a nice person overall; however, for this class, he goes very fast over the slides, making it hard to understand the concepts. He tells you something won't be on the exam, but then puts it on the exam. He does not curve, but he does drop the lowest midterm grade, which is nice. The only way I got through was by going to the GSS and asking chat to explain the concepts to me. One time, I asked him to explain a question to me, and he told me it was in the slideshow and told me to study harder.",,,,,,,,,,
BSCI171_038,BSCI171,Swarna Mohan,2023,2,"The lab itself is not difficult at all. You complete a weekly pre-lab quiz before you go to the lab, then you answer some in-lab questions during class. Sometimes there are post-lab assignments but everything is fairly easy. Usually you'll finish the lab early and you can leave. Mohan did not teach my class and we were instead taught by a TA. The TA I had was very unprofessional and unhelpful. He barely teaches and gives little to no instructions (none that made sense at least) for any of the labs or assignments even if you directly ask him questions. However, the grading is not strict so you can expect to get an A in this expect.",,,,,,,,,,
BSCI201_075,BSCI201,Sara Lombardi,2024,4,"Dr.Lombardi is great! She's organized and very upbeat even at 9am which makes me want to learn. She also made us do a couple interactive activities in class which is SO helpful in understanding the overall concepts. Exams are fair for the most part, sometimes her short answer questions are a little too hard but besides that fair.",,,,,,,,,,
BSCI207_171,BSCI207,Karen Carleton,2024,5,"As a freshman, I was pretty nervous about being in STEM classes at UMD since I've heard some profs who do research are a lot less dedicated to teaching. However, Dr. Karen is definitely the best bio prof I could have taken. She is genuinely so kind and truly has a passion for teaching students biology. Her lectures are very organized, and the way she teaches is easy to understand. Her office hours are also really approachable so I felt encouraged to go to them and ask questions. As for work, there's around 11 hwks and GAE which are all graded based on completion. There are 3 midterms and a final, and your lowest midterm grade gets dropped. The exams themselves are difficult but fair. As long as you study and make a comprehensive ""cheat-sheet"" (she allows a single/double page cheat sheet each exam), you'll be fine. To summarize, DEFINITELY TAKE HER IF U CAN!!!",,,,,,,,,,
BSCI222_222,BSCI222,Raymond StLeger,2025,1,"I am not sure as to why the reviews are so high. While I agree with others that this class is hard, it is made extremely more complex than needed. His lectures are always jam-packed with material containing like a paragraph of information on more than 3/4 of the slides whereas everything else is just pictures of books and animals. This doesn’t help in his exams either as the exams are so detailed specific that literally ANYTHING this professor says could be on the exam. The exams ended up being overly complex even if you do understand the concepts since everything was so “nitty-gritty”. And while I do agree he is blunt, if you can’t handle being the subject of his jokes, I would suggest moving to the back of the class. If you want a good grade I HIGHLY recommend taking another professor. The only thing that prevented I believe the majority of students from dropping out was the “lab” grade which cushioned everyone by A LOT.",,,,,,,,,,
BSCI223_051,BSCI223,Erin Tran,2024,4,"Dr. Tran is very nice and understanding. She is very approachable and helpful when it comes to answering questions and receiving feedback on assignments or exam questions. Her class was a flipped classroom, which I found to be more work, as you were expected to watch her topic videos before class and actual lecture was just used as a review. I didn't like how we were never given study guides for exams. Additionally, Dr. Tran never indicated what the correct answer to clicker questions was, so if you didn't write it down in class, you'd have to somehow ask her. The lab was not that bad and boosted my grade. While there were a lot of time-consuming assignments, none of them were that difficult and they ended up really helping my grade in the end. While the class is a lot of work to keep up with, Dr. Tran is pretty reasonable. As long as you keep up to date with her videos and complete the lab assignments and projects on time, you should be fine.",,,,,,,,,,
BSCI330_127,BSCI330,Kenneth Frauwirth,2024,4,"You will hear that he was late consistently this semester, which is true, but it is largely due to him having a hard time with a lot of weird random stuff at home. You may have heard he is not a particularly exciting professor, which is also true. If you are seeking an exciting and deeply enriching lecture, he is not the professor for you. On the other hand, he provides a consistent and predictable (in terms of curriculum) course load that makes getting an A totally doable compared to other biology classes you will take, especially if you are a good student. Definitely recommend for any premed, this is not a hard class to succeed in if you have a little patience and a pretty normal amount of studiousness. There are small issues like boring lectures and inconsistent scheduling from the professor but for the most part you get what you put in with Dr. Frauwirth. Anyone with a crazy negative opinion is straight tweaking, dawg.",,,,,,,,,,
BSCI353_001,BSCI353,Richard Payne,2014,5,"Dr. Payne has been my favorite professor since I have been here (7 semesters). I took BSCI330 with him as well and I love how passionate he is, and how he really wants us to work hard in his class. He is super quirky and is a stickler for the way you phrase a question (all in good intentions, but annoying when you want to understand a concept and not get boggled down by semantics), but overall I really enjoyed his lectures and he presented the material in a very interactive way One day we all brought in flashlights and practiced doing optical illusions. Advice: if you want to learn, and also enjoy interactive lecture series, go take Payne.",,,,,,,,,,
BSCI410_080,BSCI410,Louisa Wu,2024,5,"Professor Wu's passion and dedication to the students shined through throughout the semester, particularly during office hours and one-on-one discussions. They had a focus on helping students employ good study practices (with e.g. the exam wrappers) which was particularly helpful.",,,,,,,,,,
CHEM131_494,CHEM131,Lee Friedman,2025,1,"Everyone saying Friedman isn't as bad as everyone say's is either saying absolute BS or is glazing him- he has his favorites. This is my third chem class due to being a transfer student and taking it in high school and this is literally the hardest class I've ever taken. His exams are genuinely horrible, he one time wrote on one ""I know we didn't cover this in class""... He words the exams so bad so half the time you have no idea what to even do, and the exams are essentially ur entire grade. The homework's were tough, but 100 times easier than exam material. No matter what I did to try and get through this class, it never helped. Unless you have the time and energy to make chem your entire semesters focus and you're willing to pay 15 dollars a month for the pearson plus textbook, you are probably screwed!",,,,,,,,,,
CHEM132_045,CHEM132,Christiana Guest,2024,3,"This was my first lab ever and all things considered, it wasn't too bad. You will never actually meet Dr. Guest and the labs are solely TA run. The TA's do all the grading, teaching, and primary communication. If you have a good TA and ask questions/go to office hours you will be able to complete the post labs easily and get a 90+ on each. You will often get out of lab before the 3 hour mark as the labs were typically simple and easy to follow.",,,,,,,,,,
CHEM135_402,CHEM135,Andrei Vedernikov,2025,3,Also have to purchase a prescription to answer the in-class clicker questions and the textbook,,,,,,,,,,
CHEM231_395,CHEM231,Donald Hong,2025,1,"I am honestly surprised by the other reviews I have seen of Dr. Hong so far. He talks extremely quietly and fast in lecture. There have been multiple times when students have to raise their hands and ask him to either speak up or slow down (this happens at least once a lecture). A TA of this class told us to actually stop taking notes because it is impossible to keep up and understand at the same time. I have had to teach myself every topic in this class through tutoring and YouTube videos. Dr. Hong does not record his lectures and only posts the notes which he writes as he goes during the lecture making them often confusing. His weekly homework worksheets are very difficult and are on the same level of difficulty as the exams. There is extra credit on each exam, but the questions make no sense and are usually unrelated to the topic (ex. He will ask about a random Nobel Prize winner) while the other classes had simple extra credit like “what did you dress up as for Halloween?” I usually do not get any of the extra credit and neither does anyone else I know taking the course with Hong. He also does the curve based off class average, so the curve is not as big as the other classes. Right now, an 87 is an A in our class whereas other classes have an 80 as the A which seems unfair due to the difficulty of the subject. Organic Chemistry is a difficult subject no matter what, but I did not feel prepared for it from the lectures with Dr. Hong. No student should have to entirely teach themselves a class of this level of difficulty.",,,,,,,,,,
CHEM232_035,CHEM232,Monique Koppel,2024,3,"I had an amazing TA, so this class wasn't that bad. The TAs run the classes and grade everything. I only saw Koppel once near the end of the semester because one of the machines in our lab wasn't working and the TA asked her about it. The worksheets and pre-labs are easy, but the post-lab questions suck. They have nothing to do with what you learned in lab and yet take up so much time. This class should be worth more than 1 credit since I was spending more time on the post-labs at some points than my core classes. To get a good grade on the post-lab questions, use Google and attend TA office hours. Also, make sure to watch the videos going over the lab procedure before lab because it will make doing the experiments much easier. Overall, lab was fun but the PLQs were not.",,,,,,,,,,
CHEM241_227,CHEM241,Bonnie Dixon,2025,1,"Pls save yourself and take Stocker or another proff. Dixon is one of the worst professors I have ever had. She is extremely disorganized, i cannot read her notes well, she moves at turbo speed, her office hours are cramped and humid. The class itself it very difficult, I studied FOR HOURS, to end up with a B, when I studied wayy less and got an A in Orgo 1. Dixon did not give back points on one of my exams, it was a solid number of points, nothing ever happened to those points. I know other people who also submitted for a regrade and it never got addressed. I rly wish I had gotten Davis instead. Dixon had these extra cred assignments which you HAVE to do, even tho you will get minimal points. Every point in this class counts. I just hated the fact that it was necessary to go to her office hours and can hours to do well. WHY are you teaching class outside of class hours?? I tried so incredibly hard for this class, and am dissappinted that my efforts did not help me succeed. The aves for the exams were around 60s each time. Good luck if you have this prof, but you can probably save your grade by going to a different teacher, Dixon is NOT it.",,,,,,,,,,
CHEM271_199,CHEM271,Jason Kahn,2025,2,"Dr. Kahn definitely knows what he's doing quite well, and he records his lectures (a first for a CHEM professor I've had, and I had Davis for CHEM241). He has also been quite helpful in office hours and provides lots of free points (HW and ""muddy/clear"" completion quizzes) to buffer for the exams. That said, his exams are miserably hard. It seems like he completely overhauled his teaching after not teaching this course for a while (the last time he did it was Fall 2018). His exams from this semester are much different from the older exams he provided us. Many of the questions this semester were more conceptual and difficult than what he discussed in class or gave on the tediously long homework. He has also incorporated some biochem stuff into his exams. On top of that, the final was absolutely brutal. Also, he often goes off-topic in lecture, and we end up missing things that would be important for the exam, and uses MATLAB quite a lot without giving us any demonstrations on how we can use it ourselves. Overall, would not recommend unless there are no better options.",,,,,,,,,,
CHEM272_012,CHEM272,Amanda Schech,2018,5,"I really loved Dr. Schech, especially after all of the other bad chem professors out there. She is so sweet and helpful and I thought her lectures were easy to follow. Tests can be difficult and her labs are time consuming and hard (but not as bad as other chem labs I have taken).",,,,,,,,,,
CMSC131_382,CMSC131,Ilchul Yoon,2025,1,if this is your first coding class and you got him you are cooked just letting you know in advance.,,,,,,,,,,
CMSC132_441,CMSC132,Pedram Sadeghian,2025,4,"Most of these comments are hate tbh... He really does prepare you well for the exam, it's their fault, mine included, that we didn't study according to his guide. The second exam that had such a low average was only so low cause no one did the project first as he recommended. I noticed after having done his project that the exam would have been much easier. I went through most of my exams, and maybe these dudes are genuinely having a more difficult time than I am, but most of my mistakes were trivial. I wouldn't attribute that to him being a problem though. I don't think he's perfect, but if I could, I'd give a 4.5. Rounding down due to certain things that are put in place that I just don't agree with (Style options for example)",,,,,,,,,,
CMSC216_406,CMSC216,Ilchul Yoon,2024,4,"This class with this professor is designed to weed out students that are not serious about CS. I believe because I got an A- (I did not attend to any TA office hours or any office hours for this class because idk) there is definitely a very good possibility for you to understand and pass this class with yoon. I cannot defend his exams because it is a curveball, he thinks they're are fair in his eyes because he assumes you go to every lecture, understand everything, attend office hours, and attend every discussion.... but that's not reality. I am an average student and am not smart by any means, all I did was spend hours on the content he would teach, and spend time on it until it made sense and I can replicate his example codes (that's essentially what the projects are). The only way through this class is TIME and be WILLING to lose a good amount of sleep. Spend enough time on anything and you can learn anything in this class. That's a promise. Jesus loves you!",,,,,,,,,,
CMSC250_455,CMSC250,Fawzi Emad,2025,1,"He is a decent lecturer, however, very unlikable. He purposefully doesn't record lectures, which is so unnecessary and making our lives harder. Also, I had to show up to literally every discussion even though I learned absolutely nothing during them because there were unannounced quizzes. So, if I didn't show up and there was a quiz, I'd get a 0. The discussions were useless, the TAs just gave us a worksheet each time that we did by ourselves in silence. Fawzi also doesn't curve, not even 0.1%. Have fun with him :)",,,,,,,,,,
CMSC320_170,CMSC320,Maksym Morawski,2025,2,"His style is unorthodox and now how the class should be taught. Many of the concepts are taught at a very surface level and you have to fill in the gaps. Organization is horrible, but you for sure learn more than other professors as you need to learn the skills, class covers wide array of useful topics in data science. Homework is easy and class exams are harder as they are conceptual and little practice is given.",,,,,,,,,,
CMSC330_214,CMSC330,Cliff Bakalian,2024,5,"5 stars because even though lectures weren't really my style, they were informative and covered the material well, and anything else you need is in his posted notes. The main thing I disliked was his use of typing things into a REPL and explaining using that instead of pre-preparing notes and going over them with us - the same info was gotten, but it was much harder to take live notes effectively, and led to some errors in lecture. I went to his office hours once and he personally and patiently explained a concept to me until I understood, which was nice. He also co-teaches with the other prof each semester, so if you hate his teaching style you can just use the other prof's notes. Exams and quizzes are odd for me to review. In my semester, I found them very easy. I checked out a friend's exam when she got it back and they look a bit harder now, though quizzes look the same. However, the profs generally share exams/quizzes so this isn't really a big thing to choose Cliff/not choose Cliff. I was in the class with the 11.5 average (/20) quiz1, and got almost full points - the main issue was that it focused a lot on a small concept (the one that he explained to me one-on-one, actually), so anyone who wasn't comfortable with that was a bit screwed. However, he gives full copies with answers for all past semester quizzes, so it was clear that this concept was important and you had material to study for it with. The topics are very conceptual. I think this class is like an ""intro to compilers"" more than anything else. They introduce a lot of concepts that aren't super useful on their own but could turn out useful if you do research or language development, especially. There are also a few small things that are useful (intro to git, use of map/reduce(fold), PBT, regex) in general coding work as well. Overall okay class, enjoyed it with Cliff.",,,,,,,,,,
CMSC351_295,CMSC351,Justin Wyss-Gallifent,2024,5,"Eh... gonna be honest, Justin's a good professor but the 8am timeslot was really really rough and I only made it to class about fifty-sixty percent of the time. I know that everyone swears up and down about taking Justin at all costs, but if there are other solid options with a later timeslot, it might be in your best interest to consider them if you don't envision making it to 8am class every session. The notes are definitely great, but the concepts in this class are a lot better solidified when you attend lecture in person, so definitely consider this!! Signed, someone whose homework average was embarrassingly low <3",,,,,,,,,,
CMSC414_038,CMSC414,Dave Levin,2022,5,"He's nice and includes all sorts of really cool cybersecurity stuff in the lectures including some of his research. The course organization was stressful at times BUT he also gave us a million extensions and wild amounts of extra credit, and the exams were easy and take home. So it all works out, 5/5.",,,,,,,,,,
CMSC417_011,CMSC417,Michael Marsh,2019,4,"Overall Professor Marsh was a much better professor than I think most of these reviews suggest. He has made changes based on what I hear on here. He no longer does take home exams which seemed to have been a major issue in past semesters based on past reviews and reddit threads. He is well prepared for lectures, and genuinely seems to care about students' success. He offers a survey active all semester for students to voice their opinions of the course, and he even sent individual messages to the students who did really well on each exam congratulating them on their success which was a nice way to show he actually cares about students doing well, which is really rare among professors here in my opinion. His grading scripts can be frustrating and his lack of public tests is something that I think could be improved, but overall he is not a bad professor. Class is pretty hard, but you learn a lot about how the internet works which is pretty cool.",,,,,,,,,,
CMSC420_153,CMSC420,Narayanaswamy Narayanaswamy,2024,2,Poor lecturer. Often stumbles over his words and his accent makes it difficult to understand him. Projects are often confusing- so much so that every project in the class so far has had its deadline extended.,,,,,,,,,,
CMSC421_031,CMSC421,Tianyi Zhou,2022,3,"First off, Tianyi is definitely a nice guy. He tries his best to help students (making accommodations for taking exams in certain situations) and it's clear that he makes an effort to make the concepts come across to us while teaching. That being said, I think there's a lot that he can improve on. He is, no doubt, a very smart person, but there were a lot of times when he wasn't able to really teach certain topics effectively. Sometimes, it just felt like he was kinda reading off the slides not being truly engaged in the material. Secondly, the logistics of this class weren't the best. It took a month to get midterm grades back and all students were just left wondering what was going on. I would also mention that HWs and Piazza question took quite sometime to get responses to, but that's up to the TAs What swayed me to give a 3/5 is that at the end of the semester, he definitely listened to the concern of the students and implemented a couple of changes for the final exam to help us (allowing the use of a cheat sheet, a shorter exam overall because midterm was too long, etc). He also released practice/old exams for both the midterm and final exams ALONG WITH SOLUTIONS which is something CS profs don't always do and I really appreciated. Overall, I think you can succeed in this class if you just go to OH early and attend lecture.",,,,,,,,,,
CMSC424_048,CMSC424,Amol Deshpande,2023,2,"Content in projects had very little to do with exams and lectures and had little impact on our grade relative to how time consuming they were, there was just too much content in the course to where we were allowed a cheat sheet on the final and it was possible you missed half the content on the exam",,,,,,,,,,
CMSC426_016,CMSC426,Christopher Metzler,2023,5,"Truth be told i went to this class once in person. Despite that, he’s an amazing prof w great slides & so quick to respond on Piazza. Projects are clear and take like a few days, he provides lots of resources & the material is genuinely so interesting. Great class for your seniors especially, low stress and fun learning",,,,,,,,,,
CMSC451_033,CMSC451,Clyde Kruskal,2021,3,Had him for 351/451. Got a B+ in both classes. Clyde is extremely lazy. When asked to go over some homework problems he may flat out refuse because it's too much work. Best thing you can do is form study groups and learn from other students. Pretty cool guy overall.,,,,,,,,,,
CMSC456_013,CMSC456,Gorjan Alagic,2020,3,"Wouldn't recommend, his lecture slides are terrible for someone trying to learn the course content. I've skipped class the past few weeks now and have been learning the same content from elsewhere online because they are explained in easier terms, without all the confusing notation. His teaching style is fairly decent though, as he speaks clearly and reiterates a lot of the content to try to help you understand.",,,,,,,,,,
INST326_022,INST326,Bill Kules,2023,5,"I had Dr. Kules for INST326 and he was a great professor. The course was a bit challenging, but he was very patient and helpful. I would certainly take another class with him.",,,,,,,,,,
MATH140_471,MATH140,Dong Quan Nguyen,2025,5,"Taking MATH140 with Professor Nguyen was actually a life saver. I went into the course worried I wasn't going to be prepared for the content or the pace, but Nguyen actually made it really easy to understand the content. I will agree with some earlier comments that suggested you sit closer to the front because for this year he only did lectures on the chalkboard (so if you don't show up to lectures you're kind of out-of-luck unless you have a friend), and sometimes he can be hard to hear. He really does want his students to do well. His quizzes and midterms are super approachable if you show up for lectures. In lecture, sample problems that look basically exactly like whatever quiz you have up next are given and solved. He also sends out a sample midterm that looks almost exactly like the real one about a week before (of which we had four) and solves the problems during lecture. He's pretty funny and a good lecturer, definitely passionate about what he's teaching about (sometimes he'll talk about the mathematicians who have contributed to the stuff were studying), and overall I would suggest this class. To share some of the stuff that worked for me, * After you go over the sample midterm in lecture, copy the questions and solve them multiple times throughout the week leading up to the lecture. You can write down any questions you have about the processes and go to Math Success (tutoring) for them to help you reason out the rest. (Make sure if you go to Math Success though you already have a bit of an understanding of the concepts. They're helpful for confirmation of processes but I'm not sure how great the program is for being taught concepts from the ground up). * TALK TO YOUR TA's! They're really helpful, especially for worksheets that you do in discussion which can be super difficult. But if you understand how to do these, you'll do better than fine on the midterms. * Find previous final exams for the class and use those to study for the final. Nguyen has said, and I quote, ""The midterms are heaven and the final is hell"", and I believe him. So try and use previous finals to study, because they probably repeat the question style. I'm not really sure how finals are going to go (we haven't taken it yet) but the class itself sets you up well to take the blow that the final might have on your grade as long as you do decently on the midterms. * Lastly, I hate to be this person, but ya gotta show up to class. Set however many alarms you need and get in that lecture hall and ATTEND DISCUSSION. Besides the fact that you will have a graded worksheet every discussion, it is also in your best interest, and in the best interest of your grade and understanding of the topic to show up. So just go to class man.",,,,,,,,,,
MATH141_508,MATH141,Roohollah Ebrahimian,2025,5,"Great guy, great professor, great lectures. Posts good YouTube videos and tons of support. No bad questions in his class and he has a great sense of humor. Would 100% recommend taking this professor if you can.",,,,,,,,,,
MATH240_331,MATH240,James Conway,2025,5,"Conway is overall an awesome professor! Take him if you can! I never went to his lectures because he provided dense lecture notes online, plus his lectures were recorded too (though the quality isn't that good but I check it out from time to time if I don't understand the notes). You don't have homework assignments but rather 4 major MATLAB assignments that you can work with a group, and are quite do able in my opinion. There are quizzes almost every week on a set day during discussion (except exam weeks). I personally didn't do well on them because I was having a rough semester, but looking back on it, it's actually pretty easy if you spend time every week looking at the new material and doing some practice with it. I actually ended up doing better on exams, and yes like others said, Conway tends to be asking nitty gritty questions, but it's just like 1-2 questions, and I personally found his exams to be easy and do able. Given his nitty gritty nature, take that as an advantage because I realized that I actually understand linear on a very deep level (and you definitely want this if linear is a core part of your major, I'm talking to you guys cs majors hahaha). And he preps for the final really well too given this nature. He's really kind and funny and approachable, he's just awesome!",,,,,,,,,,
MATH241_494,MATH241,James Conway,2025,5,This guy deserves all the glaze in the world. I hope his pillow stays cold. I hope he wins the lottery. His notes and Leah's TA worksheets are extremely representative of the quizzes and midterms. He doesn't write the final but still prepared the class well enough to succeed. There probably won't be a curve for the class but still very doable to get an A. Use Justin's practice midterms and finals to prepare and you should be fine,,,,,,,,,,
MATH246_329,MATH246,Margaret Doucette,2025,1,Assigned a quiz first week that has topics not covered in lecture. All over the place during lectures and very hard to follow.,,,,,,,,,,
MATH310_037,MATH310,Steve Halperin,2023,5,"Took this class with Kate first and I can tell you its night and day, kate's class will make you put in at least 30 hours each week whereas for this class you really only need to put 5 hours a week",,,,,,,,,,
MATH401_071,MATH401,Lutian Zhao,2023,5,"ABSOLUTE GOAT HE'S AMAZING AND I LOVE HIM!!! Literally the best, he's an amazing lecturer and the midterms are take home. We also only have a final project instead of an exam, and he goes over all of the stuff in class. He also lets us out early about 25% of the time, and he's always super cheery and happy. The homework is super fair, and he's just overall amazing 10000/10 highly recommend",,,,,,,,,,
MATH403_005,MATH403,James Schafer,2012,2,"I thought I would do well in this class, but I ended up hating Schafer's irreverent style. Also, Schafer is not rigorous, despite what others have said. His explanations are often imprecise. Professor Schafer's teaching style is very aggressive, and I felt uncomfortable asking for clarification, as the professor tends to get exasperated with students. In regards to Professor Schafer's lectures themselves, I found them difficult to understand-- not because I'm unaccustomed to mathematical thought or rigor, but because his lecturing was often unclear. The worst was that he doesn't provide much perspective on the material, which made it seem kind of pointless. The semester was basically a mad, stressful rush to absorb the material in Herstein as fast as possible, without much reflection or analysis. I don't think my analytical or problem solving skills developed at all, and I don't plan to become an Algebraist, so this class was essentially useless to me. Also, Schafer is not brilliant. Has he even published? He has no website, and I can't find any of his papers online.",,,,,,,,,,
MATH405_002,MATH405,Giovanni Forni,2012,4,"Well, people below do make a quite-true comment on him. However, I have to say something else. Don't expect the teacher to teach you everything in the classroom, especially in the math class. If you don't do homework, don't read the text carefully, don't go to his office hour, then don't blame at last. I took MATH405 with him. I believe 405 is the most or second most difficult math class for undergrade(you guys can confirm this with anyone in math department or any students who have ever taken this class). His lecture is ""terrible"", full of abstract content and lots of stuff that presume you have already known. But, he is patient both in and out of classroom. You can bring your homework to his office, he will do every single one for you step by step. And he curve a lot, as long as you got a score above the average, you can guarantee to get a B. And usally, this B finally turns to an A- or even A on your transcrept, because he really CURVES a lot. Guys, don't blame how fxxxxxx bad the professor he is if you don't attend lecture, nor do homework. Blame yourselves, cuz you are students, you are supposed to be responsible for what you have ever done. Last, I want to say, if you devote your time into it, you really learn a lot, far more than the course coverage, from him. He is knowledgable and smart. You know, he was a Ph.D. from Princeton U. xD",,,,,,,,,,
MATH406_003,MATH406,Melissa Macasieb,2012,2,"Like most math, number theory is not difficult to understand once you learn to mentally adopt new methods of abstract visualization. How this is best done probably depends on the student. This branch of math really amounts to little more than a massive game of pattern-finding, which can be a lot of fun. My issue with Macasieb is that she takes the fun out of it. She fails to communicate any enthusiasm for the material, or math and problem solving in general, lecturing purely from the book, proof after proof. She makes superficial attempts to engage the class, by occasionally prompting for part of a proof or example, but has no real sense of how to harness classroom energy. Ultimately, there is no reason to go to class if you learn well from books. She uses a good text, and reading it let me focus on the math without the awkward tension of the classroom. YMMV, but for me the point of math is that's it's fun, and this is not a fun class.",,,,,,,,,,
MATH410_081,MATH410,Hussain Ibdah,2024,5,"MATH410 with Dr. Ibdah was a solid experience; while we had occasaionally difficult homeworks (though he always provided solutions after the due date, which I really appreciated) and the exams had averages and medians in the 60s-70s, he gave a generous curve. Grades aside, I liked the way he taught and his notes were comprehensive. He is very kind and genuinely cares about the success of his students (e.g. always made himself available for office hours).",,,,,,,,,,
MATH411_001,MATH411,Wojciech Czaja,2014,5,"Dr. Czaja is great professor. He makes a lot of jokes in class and is willing to answer questions in class, but don't expect much help on homework problems in his office hours. The homework problems were assigned out of the book. The exams he wrote were pretty difficult, but then again, so was the material. Some of the questions were problems from the homework, but asked in a way to make you think about the problem in another way.",,,,,,,,,,
PHYS121_015,PHYS121,David Buehrle,2014,5,Buehrle is a top notch professor. His lectures were very interesting and he is a really nice guy. His tests got progressively more difficult but he is a fairly easy grader.,,,,,,,,,,
PHYS131_020,PHYS131,Matt Severson,2022,3,"If you want to learn physics, do not take this class but if you want to pass easily without much effort then absolutely take physics131 with Severson. Dry but kinda funny guy, difficult exams, but a decent curve. Labs and lectures are absolutely useless but youtube videos are helpful for the content. Don't stress to much over this class.",,,,,,,,,,
PHYS260_152,PHYS260,Hailu Gebremariam,2025,3,"Hailu is the average college professor; people complain too much. There are 3 exams (15% each), homework on ExpertTa(20%), weekly quizzes(10%), and the final exam(25%). His exams are not hard compared to other professors' (3 questions and he usually announces the topics covered). However, some things I dislike about him is that he can be very slow sometimes, he doesn't record lectures or post lecture notes, which kinda forces people to attend lectures, and he could get a bit boring sometimes but is doable. Additionally, he doesn't drop any exams but curves around 10% at the end of the semester(based on class performance). As long as you do the homework and understand the material before the exams you should be fine.",,,,,,,,,,
PHYS270_040,PHYS270,Eun-Suk Seo,2023,5,"I don't know why Professor Seo has such bad reviews. I was worried about this class at the start of the semester, but she has done a great job teaching it. She's very smart so sometimes she does gloss over topics that should be explained a little more but overall she does a great job preparing us for exams. Overall I'd say her class is very fair and there's reason to avoid her as a professor.",,,,,,,,,,
STAT100_188,STAT100,Archana Khurana,2024,5,"This class is so easy to pass. She drops your two lowest grades from each section of the class- in-class assignments (which you have 3 chances total to get a 10 out of 10), homework assignments (which you have unlimited tries to get perfect score on), and R coding assignments (which are difficult in the beginning but she puts out a tutorial showing exactly what you need to code and you go over the coding in discussion). Her midterms and final are the same exact structure and order every year and she posts all the old tests, so if you just practice some of the old exams the tests will be super easy. You also don't have to memorize any equations- she gives you a sheet of all the equations you need and when you need to use each one on the tests so basically the whole test is just plugging in numbers and basic algebra (multiplication, addition, etc). A few things to note: she does have a thick accent but you get used to it and the lectures aren't recorded, but all the slides and information is posted so you don't even have to go to class if you don't want to but I recommend going because you have a lot of extra credit opportunities from being in class, she goes over a lot of examples, and you need to attend if it's an in-class activity day. I also recommend making use of the math tutoring (GSS, AMPs, etc) if you need extra assistance. If you aren't good at math (like me) this class will be a breeze.",,,,,,,,,,
STAT400_426,STAT400,Mestiyage Gunatilleka,2025,4,"In case you're wondering, Danul and Mestiyage are two of the names for the same guy. Nothing brilliant, nothing flawed about STAT400 with Gunatilleka. He has a system figured out, and it worked for me. Safest/least risky choice. - 30% final, 2x15% midterm, 3x4% R Project, 28% (~8) homework. - Homeworks discussed in Discussion, people actually go surprisingly - R projects mildly annoying, but like the homeworks, a grade booster - Exams had slightly lower than typical averages, but nothing crazy. There were four versions of each exam, so it was pretty formulaic without curveballs. - Lectures recorded, handwritten notes, ~20% attendance. Many places to learn the content. He's a fine teacher, speaks clearly, etc, so I went, and that was enough. Just don't think too deeply at times. That could cost you your sanity. We don't spend much time on derivations, so turn your brain off and apply the formulas.",,,,,,,,,,
STAT401_027,STAT401,Natalia Tchetcherina,2022,5,"It can be difficult to understand her because she is not a native English speaker, however, all the slides she provides are straightforward to follow. The homework and classwork can be tedious but for the most part, they are fair and follow the examples she does in class and I think they are good resources that allow you to teach yourself; personally, I taught myself mostly through the work given out. There were times that I felt that the content in class did not completely line up with the homework, but since the homework was WebAssign, it is pretty simple to just quickly read the relevant part of the book that allows you to complete the homework. Since attendance isn't mandatory, it is totally feasible to get a good grade simply by completing the given work and understanding that. As for exams, I felt her practice exams gave you a good idea of what it would look like. There were some tricky parts and things you can easily lose points on (like not using the hat symbol), but for the most part, there were no ""gotcha"" questions. You are allowed to have a cheat sheet during the test and it becomes essentially a plug-and-chug if your notes are good. For the final, if you get an A, you automatically get an A regardless of what you got previously. I think this is a fair policy that should apply to many classes. Her grading can be a bit picky for Classworks but she is willing to hear you out and give you back points here and there if it is reasonable. From my experience, she is one of the kindest teachers I have had and I would take her again. I feel like if you do all the work she gives, getting an A- for this class is guaranteed. I would take her in the future.",,,,,,,,,,
STAT410_072,STAT410,Sana Jahedi,2024,1,She thinks the class is for like grad students or something and gives impossible questions that she’s never gone over. She gives quizzes that take all class then wonders why we’re behind schedule. She changes her mind every day and is very disorganized. She changed our exam date like 3-4 times without telling us.,,,,,,,,,,
STAT430_007,STAT430,Benjamin Kedem,2009,5,"Kedem is a really funny guy, and you actually learn a lot of stuff in his class. It also isn't difficult to get an A in the class, as long you put in the work. He can get a little carried away with proofs and his research sometimes, but hey, what math professor doesn't? Take 430 with Kedem.",,,,,,,,,,
BSCI160_545,BSCI160,Leo Shapiro,2025,1,"Shapiro is not a good teacher at all. He is obviously very passionate about the subject but he makes it impossible to get a good grade. I'm someone who is great at bio and aced micro and cell and molecular, yet the way Shapiro sets his class up makes you feel so dumb. He goes on tangents about nothing and expects you to remember these for the tests because he always references something niche that he talked about once, he turns the lights off so you'll fall asleep, and he talks very fast. He seems like a nice person but his powerpoints are literally pictures with no words so it is impossible for you to understand what he wants and his tests are way too hard. Do not take him.",,,,,,,,,,
BSCI170_269,BSCI170,Cordelia Weiss,2025,5,"Best professor I have had at UMD hands down!! Really cares about the success for her students and showcases that every single day. I also love that Dr. Weiss is very intentional with getting to know students names which feels so important when you're in a large lecture. She also records her lectures which is so helpful for exam review! The exams are very fair with information coming straight from the slides. I also love that she reiterates important concepts over, and over, and over again to make them stick in your head. Additionally, if you are pre-health she consistently makes applications to the real world that may be interesting to you. She truly is incredible, and I would highly recommend.",,,,,,,,,,
BSCI171_036,BSCI171,Swarna Mohan,2023,5,"(review of LAB, not Mohan's lecture) It all depends on your TA because they run the lab. The content is easy, just stay on top of TopHat readings and pre-labs if that's what they still do.",,,,,,,,,,
BSCI201_074,BSCI201,Maira Goytia,2024,5,truly an amazing professor. its evident that she likes to see her students excel. i found a passion for anatomy after taking her course.,,,,,,,,,,
BSCI207_170,BSCI207,Karen Carleton,2024,5,"Would highly recommend taking Dr. Karen. She is super nice, passionate, and caring. Her teaching style is also pretty good and she always records her lectures. Her midterms are always very fair and also have application based questions which is surprising for a biology class. She also drops the lowest scoring midterm. In terms of assignments, its not much work at all with just 11 HWs and 11 short quizzes before GAEs. I know a lot of people who don't even show up to lecture and still do fine. Sometimes I felt that the course content was useless for me, especially Unit 2 which is almost memorization, but Dr. Karen made it manageable. The TAs are also pretty helpful in GAE sometimes. A great professor to take this class if you have to. The class is more based on knowing concepts then memorization, so make sure to get the general gist of things before the midterm.",,,,,,,,,,
BSCI222_221,BSCI222,Raymond StLeger,2025,5,"Super interesting professor and class. Rewatch lectures and take notes carefully, do every practice exam, and you will be fine, also participate in the discussion. Getting an A in this class is very feasible with effort",,,,,,,,,,
BSCI223_050,BSCI223,Erin Tran,2024,5,"I personally think this is a great class and I like how Dr. Tran teaches. She's also super nice, welcoming, and relatable. If you're not a fan of a flipped classroom model then here's your fair warning (I like it). The lectures are more like clicker based ""discussions"" to practice the concepts in the pre-lecture videos and they are broken up into bursts (5-25 mins) so honestly if you watch a video while eating a meal or like little breaks here and there you don't even need to take notes like that (because going to class is basically studying imo) Dr. Tran explains things pretty simply in the videos and in class and if you don't understand something she's pretty accessible, we picked two office hours as a class and if you still can't make it just email or ask your TA. This class has ALOT of assignments though so be prepared, it's not hard it's just tedious especially the lab presentations. Sometimes the lecture exams and the major lab assignments were kind of stacked back to back but we kind of asked (feedback through survey) to have them spaced out a bit more and Dr. Tran listened and for that second exam, lab assignment combo we were given more time (just communicate). Labs were pretty fun; there are two 2hr time slots but my section rarely ever stayed the entire 2 hours. The exams weren't particularly hard, sometimes the questions were worded oddly and I had to ask my TA for clarification a couple of times. But because of the sheer amount of assignments and points (clicker pts graded on participation, lab participation, bonus points, weekly concept check assignments ""PAKs"" that are graded on completion) your exam score shouldn't really tank your grade all that much. In conclusion: content is pretty easy, courseload/work is heavy, exams are medium difficulty (clarity), but bc there's so much work it truly is hard to not pass and getting an A is definitely doable.",,,,,,,,,,
BSCI330_126,BSCI330,Kenneth Frauwirth,2024,5,"Literally the nicest professor I have ever had. The class itself is totally doable. The exams are fair, and he usually will emphasize the topics he wants to ask about on the exams so pay attention. He records all lectures so you can rewatch to study for exams. The lab is a super grade boost and there are is a ton of built in extra credit. Take his class!",,,,,,,,,,
BSCI353_004,BSCI353,Richard Payne,2013,1,I have loved many biology professors and it pains me to dislike this one. He is a nice person but an AWFUL professor. He is terrible at explaining concepts and highly unprofessional. I sadly learned nothing from this man and wasted 3 credits. I was actually surprised when I saw how high his ratings were because I completely disagreed. Take someone else.. you will learn nothing. Class consisted of two tests and a final.,,,,,,,,,,
BSCI410_079,BSCI410,Louisa Wu,2024,4,"Dr. Wu is a great teacher! She truly cares about student learning, and personally hosts office hours every week where students have the opportunity to work through the homework assignments with each other and with her. She didn't test on anything she didn't cover in class, but she does cover a lot in class (and will test on things that she says but aren't written on the slides), so be sure to take thorough notes. The content is dense, but Dr. Wu wants her students to succeed and tries her best to make that happen. The class is dense in content even compared to other upper-level biology classes, but Dr. Wu will work with you to help you succeed if you put in the effort!",,,,,,,,,,
CHEM131_493,CHEM131,Lee Friedman,2025,1,"In my opinion Friedman is kinda funny. But! this class genuinely sucked the life out of me. The homework's took me 2-3 hours but that might have been a me problem. He doesn't record lectures, only posts notes but they can be hard to understand without context. He shifts the grading scale so a 60 is lowkey passing and a high 70 or low B is probably about an A. I will say though even with that, the average of the last midterm was a 47 and I got a 45. Overall I got a 33 on the first, a 59 on the second and a 45 on the last one. There were a lot of things he never fully went over in class though. For example I'm not sure if he ever actually explained what the general charges of elements were on a periodic table which is pretty basic and foundational stuff. If you expect him to actually teach, don't get your hopes up. He's very good when it comes to introducing a topic and then sometimes he'll do a couple examples but if you actually want to understand you gotta teach yourself. If you're good at that kind of thing and you did good in AP chem in high school you should be fine. Obviously I'm not good at teaching myself and I never took AP chem. The GSS people were really nice though. Half star for the jokes, another for the GSS. But I'm definitely failing this class. Please don't take this class if haven't taken any kind of AP chem class before. Even if you have no other choice don't do it. Save yourself. Run and never look back. :(",,,,,,,,,,
CHEM132_044,CHEM132,Christiana Guest,2023,2,"So this isn't really about Guest herself, because you barely see her if at all, but the course itself since she's the only instructor. The TAs basically run the whole class, and I am very lucky to have gotten a good TA. There are prelab quizzes, and they aren't that bad, however, there are refection quizzes that occur 1-2 weeks after a lab has taken place that are such a pain. They are in place of a final exam, and I do think I prefer those to a final, however, they are quite challenging and only have 2-3 questions and are around 10 points, so if you get something wrong on one of these quizzes with 3 questions, that's immediately a 66%, and like I mentioned before, they are quote challenging. The lab itself isn't horrible, but the instructions in the lab manual which Dr. Guest wrote are quite confusing, and I had to ask my TA lots of questions for the procedures to make sense. The post-lab questions for your lab reports are straightforward and pretty easy. On the lab reports, you can also get extra credit. However, this past semester, some people got over 100% in the class due to the extra credit, so basically the class had a negative curve, as I have a 94.7% in the class and that's an A-, which I am not happy about. I know some people have it worse, but as I worked very hard in that class, getting an A- with a grade that would be an A in any other circumstance really angers me, since it isn't a 4.0. This class is also only 1 credit, so it shouldn't screw my GPA as someone who is also a STEM major, but I am annoyed by it. The class takes up a lot of time with the prelab quizzes and lab reports for a 1 credit class, and as someone who took this their first semester as a freshman, it really added to the stress levels. I would recommend taking this after you have already adjusted to the workload of college, and really, this class can be a hit or miss.",,,,,,,,,,
CHEM135_401,CHEM135,Andrei Vedernikov,2025,3,"Chem in general is extremely hard, for me at least, not to mention it's a weed out course. He is not helpful in lectures, once you get the first 10 clicker questions for the grade, people stopped coming to lecture since he post the lecture slides anyway. Would have attended all lectures regardless, but his lectures were honestly so boring and monotone and you're gonna have to teach yourself the content anyway since he pretty much just reads off the slides. I will say though, the practice exams were a good resource and pretty similar to the midterms. The class is already curved, so he won't curve the exams (unless its like a 30% average tho, def not if the average is like ~60%). Discussions are optional too and the slides are posted in ELMS",,,,,,,,,,
CHEM231_394,CHEM231,Monique Koppel,2025,1,I already wrote a review for her but I realized I left out a very important con of taking her: her notes are actually awful. She basically just scribbles down random structures and then uploads them on canvas so if you miss class you're screwed. She also has really bad handwriting that I have trouble reading even though I have bad handwriting.,,,,,,,,,,
CHEM232_034,CHEM232,Monique Koppel,2024,4,"I took 232 Orgo 1 lab in Spring '24, which was honestly better than expected, definitely better than Gen Chem 1 lab. Like the other reviews, this one is more for the course itself than for Dr. Koppel. Overall, MOST of the labs weren't time-consuming and sometimes fun but the post-lab questions offered nothing but annoyance because they often had little to do with what we did in labs. I STRONGLY recommend going to office hours EVERY week, whether for the worksheets or post-lab questions. Either way, this strategy relieves unnecessary stress and guarantees a decent score on the questions. If your TA is great (like mine was), optimize their time sections. You need to maximize your points on ALL the lab reports as much as you can because THERE IS NO CURVE. Since Dr. Koppel removed midterms and finals, she no longer fancied one. Now there is only a practical ""quiz"" at the end of the semester, which is generally easy if you study well, BUT it can plummet your grade too since there are only two questions worth 25 points each, so don't take it lightly! Overall, complete all your assignments, study well for the practical, and most importantly go to office hours.",,,,,,,,,,
CHEM241_226,CHEM241,Lyle Isaacs,2025,5,"Organic Chemistry is a challenging class and this class can be very difficult. However, you will do well if you read the textbook and put in your efforts. Dr. Isaac’s is very knowledgeable and he’s a very kind and passionate professor. His midterms are hard but definitely doable. The final was very fair! I think this class is a reflection of the amount of hard work you put in. I would highly recommend you take Dr. Isaac’s and as long as you study a little each day, you will be fine!",,,,,,,,,,
CHEM271_198,CHEM271,Jason Kahn,2025,2,"Kahn is a very interesting guy. It's clear that he's incredibly knowledgeable in the field of biophysical chemistry, but it doesn't translate well into his teaching ability. He definitely loves the content and teaches as such, but it sometimes feels like he expects us to know more than we actually do, just because he's an expert at it. He sometimes spends time inefficiently in class, talking about housekeeping matters that don't pertain to the content, or bringing up MATLAB. Kahn loves MATLAB like his own child and he often depicts reactions as MATLAB graphs but he isn't the best at explaining what happens in the graph. He often left me more confused about certain concepts after he brought up the MATLAB graphs. However, one-on-one, he is very good at explaining concepts concisely if you don't understand them- i.e. go to his office hours and pre-exam review sessions and ask questions if you can, they were pretty helpful to me. All lectures and review sessions were recorded but he writes important equations and reactions on the chalkboard a lot, which isn't visible with the camera, so being present for the lectures is your best shot. He also got upset about halfway through the semester because of attendance and threatened to stop recording if attendance didn't improve. He often says that his exams are meant to be difficult, and they are, but he gives out a lot of partial credit and grades leniently. Kahn prides himself on teaching conceptual concepts over plug and chugging formulas, which is something that works well enough for me, but I had to put in a lot of time to this class to not fail. He also draws on a couple of concepts from biochem and physics. He posts all of his previous exams and a dated syllabus on his group website under biochem.umd.edu, would highly recommend checking those out. Shoutout to the discussion TA Ryan, he's the goat.",,,,,,,,,,
CHEM272_011,CHEM272,Amanda Schech,2017,1,"garbage. pretends to care, but does not help, even when students actually reach out. does not show up to own office hours.",,,,,,,,,,
CMSC131_381,CMSC131,Ilchul Yoon,2025,1,"As a person, he is nice. However, as a professor, I have to be plain and unbiased: he is not good! If you are reading this and have the chance to prepare, please do so in advance as soon as possible. His quizzes are difficult, but the exams are even worse than the quizzes. If you can't change your professor, make sure to prepare well in advance. But if you have the option, I strongly recommend avoiding him, or you will regret it later.",,,,,,,,,,
CMSC132_440,CMSC132,Pedram Sadeghian,2025,2,"The previous reviews are pretty accurate. Pedram isn't the most interesting professor and his voice can lull you to sleep. However, the main problem I have with him are his exams. His averages were WAYY lower than those of Elias and Nora. The previous exams he provided were far easier than the exams he actually gave us this semester. On Exam 1, the only code-writing on the practice exams was doing basic things with class definition. But on the actual midterm were really strange algorithms that were difficult to understand. He doesn't really do a good job of preparing you for his midterms. His projects were also extremely boring, as every single one of them was remaking a data structure from scratch rather than using it in a cool way. Everyone took Pedram in Spring 2025 because Elias was full and Nora had really bad reviews, so everyone saw him as the 2nd best. Just do yourself a favor and take one of the other professors unless you want your grade to suffer.",,,,,,,,,,
CMSC216_405,CMSC216,Ilchul Yoon,2024,3,"He's clearly a very knowledgeable professor. Additionally, he's an approachable and is more than happy to clarify concepts that you need clarification for. So overall, as a person and instructor he's great. The only gripe are how he gives assessments. He does not prepare you at all for exams, and he will sometimes add questions relating to one very esoteric or specific thing that he talked about once during lecture and not present in any lecture slides, lab assignments, and projects. Additionally, he'll sometimes give past exams or worksheets, but these also do not reflect the type of questions in exams. So, this is what makes his exams a lot more challenging. You will do fine in the class as long as you're not doing unrelated stuff on your laptop or phone like playing brawl stars or doom scrolling. Pay attention during lecture, take and REVIEW notes, and you will be fine. I believe he gives a reasonable curve at the end, I think a 75 is a B.",,,,,,,,,,
CMSC250_454,CMSC250,Fawzi Emad,2025,5,"I really enjoyed having Fawzi as a proffessor. His lectures were engaging and I never really felt bored while in them. He can be a little cringe from time to time but honestly, that adds to the atmosphere. People get on him for being overly picky with grading, and while I also have encountered this, if you pay attention and go to lecture he gives you all the tools you need to succeed. The biggest issue for me was the no recording lectures thing so you really have to be there. I think I could have easily gotten an A if I had shown up at every lecture. He also has pop quizzes in discussion so you want to be in a later discussion and make friends in the earlier ones.",,,,,,,,,,
CMSC320_168,CMSC320,Maksym Morawski,2025,5,"Max is goated idc what the other reviews say. He's probably the most engaging CS lecturer I've had at UMD. He doesn't bog you down with basically any math, you just need to know the general concepts and how to apply them in a real project. He's still very disorganized, and his exams are obviously very polarizing, but I feel like I actually learned a lot from this class. Despite his slides being in a constant state of chaos, he's very good at explaining difficult concepts and tying them to interesting real world examples. His AI ethics lecture in particular was genuinely fantastic. All the HWs are super easy to get full credit on, and imo his exams are not bad at all. If you listen to him in lecture and retain his main points, then an hours worth of study before the exam is all you need. To be clear, for any class other than CMSC320, take somebody else. I cannot imagine having him for a class as rigorous as 250 or 351. But if you want to learn how to do data science and machine learning in the real world, take Max.",,,,,,,,,,
CMSC330_212,CMSC330,Anwar Mamat,2024,5,He is a kind person that really cares about how you're doing. You gotta be quick with your fingers if you wanna be able to answer all the clicker questions. The amount of times I missed a clicker was so many :(,,,,,,,,,,
CMSC351_294,CMSC351,Clyde Kruskal,2024,5,"The GOAT. Hilarious class. Exams are half running through and analyzing algorithms, half creating your own new algorithms based on existing ones and analyzing them (the hard part). Super lenient on dates, and listens to the class. Lectures are flipped and therefore basically optional, but you'll want to go to them for some of the more important topics and after exams. Your 3 'quizzes' a week are straight from recorded lectures so a small portion of your grade is just free. If you're 1 standard deviation ahead on exams, you get curved to an A. Which shouldn't be too hard with all these salty plebs giving 1 stars. Congratulations.",,,,,,,,,,
CMSC414_037,CMSC414,Michael Marsh,2021,4,"Pros: - All exams were timed, open note, and open internet. They were not structured to be extra difficult because of this caveat. The final was supposed to be in person, but got moved online. - The goals for assignments (home works and projects) were fairly clear. It takes some time to adapt to Marsh's ""unique"" approach to projects in the class, but office hours and campuswire were always open and the instructors actually answered questions (Most of my previous class piazzas had questions ignored on piazza) - Marsh genuinely cares about the course. Cons: - Lectures are asynchronous. You watch the lectures in your own time, and the lecture itself was a ""discussion"". I attended almost every in person lecture, and it was a waste of time. - All of his projects are graded with bash and python scripts, and you submit through a gitlab commit. You will always have that feeling in the back of your head that the project might not run the same on his system. - This class has A TON of overhead knowledge. C, docker, git, bash, python, linux, etc. You aren't expected to be an expert, but you will spend a lot of time learning content independent of the class just so you can do the projects. Overall I recommend 414 with Marsh. This is the CS class I had the best experience in. It doesn't hold your hand, but help is there if you need it. It is structured in a way where you ACTUALLY LEARN stuff on your own. With that in mind, you have to put in work to do well in this class. Do not expect this class to be a free A unless you already have security knowledge.",,,,,,,,,,
CMSC417_010,CMSC417,Michael Marsh,2019,5,"Marsh for 417 was great. He took a systems approach to the whole class which I really liked. If you didn't like 216 then you'll have a rough time, but projects are easy as long as you can read manpages and use Wireshark. It's impossible to fail his class if you submit even a half-assed attempt on all the projects. All exams including the final were take-home. If you don't get an A in the class it's on you",,,,,,,,,,
CMSC420_152,CMSC420,Narayanaswamy Narayanaswamy,2024,4,"His class reminds me of CMSC351 with Kruskal. A lot of the content is pretty analytical and some of the homeworks can be tough, but overall he grades very leniently and gives lot of partial credit. Projects are pretty fair and if people ask they will extend the deadlines a bit usually. Overall, I think its a pretty rewarding class.",,,,,,,,,,
CMSC421_030,CMSC421,Pratap Tokekar,2022,4,"I made a review back in November regarding Prof Tokekar and I would say that his management of the 421 course improved between then and the end of the semester. Pros: 1) Posts lecture slides and links to additional online resources and textbook chapters to review 2) Mix of online and in-person OH and TAs did a good job at answering questions during OH 3) Interesting assignments and projects 4) Answers questions during lecture, OH, and is very flexible 5) Posts practice exams and problems to prepare for final and midterm 6) Allows regrade requests 7) Quickly graded final exams Cons: 1) Took a while for midterms to be graded and transferred to ELMS 2) TAs took a little while to respond to Piazza posts",,,,,,,,,,
CMSC424_047,CMSC424,Amol Deshpande,2022,3,"Let’s start with the pros. The course teaches you a decent amount of concepts about different database systems, how to design them, and how to work with each. The projects were a lot of fun and taught me most of what I know about databases. I would say you could finish a project in a day or two if you understand the concepts. With all that being said.. the homeworks and exams are MISERABLE. Amol has HUNDREDS of slides on a subject, but they don’t really teach you much. He does go in depth about some subjects in class, but a lot of it is left to self teaching (go figure, it’s a CS course). I wouldn’t take this course again. A lot of what I found to be useful can be learned on your own if you follow some advanced SQL book and lookup Apache spark and mongodb. The last 4 weeks of class are mostly useless, as he goes into how database programs are implemented. It may seem useful at first, but there are just so many concepts to memorize. I’m giving the class 3 stars because I enjoyed the projects. The other material was insane. On the bright side, there is a pretty generous curve.",,,,,,,,,,
CMSC426_015,CMSC426,John Aloimonos,2022,3,"I do not even know where to start with this class. The lectures were just the professor rambling about some random bullshit. He would draw some functions and diagrams on the board and then show some math but it was all pointless. It went to the point where out of 80 students only like 20 would come to class. I came once to class just to see wtf was happening and I found half the kids watching the world cup match. There was 1 Midterm in the class and it was worth like 10% of the grade, I studied and reviewed the slides and projects about 3/4 days before and I got a 75 on it. The class average was a 60% on it. There was no final so there really was no point coming to class after this. There were 4 projects in the class, all seemed pretty interesting at first glance until you actually did them. Each project was done in groups of 3-4 people, and it was all in MATLAB. You were pretty much left in the dark, the concepts from class did not help at all and your only salvation was to hope there was something online to help you. The TA's did not even look at the code, this was pretty evident because for some reason the class avg on these projects was a 90-95%. They primarily graded based off of the reports. To add to the glory of this weird class, for the fourth project the TA's never updated installation instructions and after a week of complaints they just decided to give everyone a 100% and anyone who managed to get something working extra credit. And thus every group got between 100-220% on this project worth 20% of the grade. I cant say I really learned anything from this class tbh. It seems cool and the topics seem cool but I really didnt learn or gain anything besides maybe losing sanity. Though i will say minimal effort is required for this 3 credit 400 level cs course",,,,,,,,,,
CMSC451_032,CMSC451,Clyde Kruskal,2021,3,"This is my second review of kruskal, the first being for CMSC 351, posted on 12/20/2020 (search for ""tybug""). I've changed view slightly; I think he's actually quite a good lecturer, but the class is far too disorganized to get anything above 3 stars, similar to 351. I also didn't learn the things I was most excited for in this class: proving algorithm correctness (formally, not hand waving with a certifier) and learning how to come up with algorithms, not just analyzing existing ones.",,,,,,,,,,
CMSC456_012,CMSC456,Lawrence Washington,2019,5,"Best professor I ever had. Posts Panopto recordings and uploads his notes onto ELMS, very fair exams and not a lot of HW. Such a nice guy as well. 10/10 recommend",,,,,,,,,,
INST326_020,INST326,Aric Bills,2022,5,"Aric’s definitely one of the best professors on campus. Coming with mediocre python skills, his class challenges your growth and understanding starting from the basics to more convoluted subjects. He’s generous with extensions and office hours. All his UTA’s are very helpful and available. Don’t slack on practices, late penalty is 50%.",,,,,,,,,,
MATH140_470,MATH140,Mirna Pinsky,2025,1,"horrible teacher, half of the class doesn't even come, she's rude when someone ask a question, she's thinks that we are suppose to know everything because we took previous calculus classes in high school which I indeed don't, she also just writes the answers on the chalk board or show them already written as if that is helping us when we still don't know what's going on, her accent is very strong so be aware, discussions In my opinion are pointless if I still don't understand what's going on, I don't even attend class anymore because of how bad she is as a teacher. whatever you do please don't take her and find a different professor.",,,,,,,,,,
MATH141_507,MATH141,Roohollah Ebrahimian,2025,3,"I think I mainly disliked this class because the content is pretty difficult and if you're someone that doesn't like math or isn't great with it then you may have a hard time. Dr. Ebrahimian does do a pretty good job at lecturing and doesn't give any homework. He's a funny guy and his TAs are all really good. He isn't really the most chill grader and also gives no extra credit and no curve. Basically, he's a great teacher if you're looking to better understand content and less worried about your grade.",,,,,,,,,,
MATH240_330,MATH240,James Conway,2025,5,"Conway is overall a great professor! I didn't go to his lectures because it seemed pointless to me, especially when his lecture notes were dense and provided online (even the recordings too, though the quality isn't that good). I personally found his quizzes to be a bit challenging to me, but looking back at it, I realized they were actually darn easy, it's just that I was having a rough semester. Exams, unlike what others have said in the reviews, are actually pretty do able and easy (I always end up doing much better on the exams than on the quizzes). Yes he does test you on the nitty gritty concepts, but I actually kinda liked that because Conway will do an amazing job teaching you linear on a deeper level, and helping you get a deeper intuition behind it (and it's just like 1 or 2 questions at most that are like nitty gritty, most are just general linear exam questions to expect). You will definitely want this kind of professor if linear is like a core/key foundation behind your major (a la computer science). You also don't get any weekly homework assignments but rather 4 major MATLAB assignments that you can work with a group. They aren't that bad and it's kinda do able too. He is very nice and approachable, and funny too. Definitely take 240 with him it's worth it.",,,,,,,,,,
MATH241_493,MATH241,James Conway,2025,5,"Professor Conway is a great Calc 3 professor. He lectures very well and provides ample resources to complete the course. His exams are always fair. The questions are always iterations of text book problems and the directions are always clear. Professor Conway does not assign graded homework, rather he posts suggested text book problems. There is a quiz every week in the course that relates to the material covered in lecture and the suggested practice problems. Professor Conway is a kind professor and happy to answer questions and happy to be teaching the course. Would recommend",,,,,,,,,,
MATH246_328,MATH246,Manoussos Grillakis,2025,1,"If you take this professor: - The MATLAB assignments are horrible. You are simply assigned problems and expected to figure them out yourself. Now, this wouldn't be too bad if the textbook were alright. But that isn't the case. In particular, the textbook you must use is so out of date that many of the features they teach you literally don't work in MATLAB anymore, and you're going to need to spend significant time searching the web and/or attending tutoring to get help on solving the problems. Make sure to start the MATLAB assignments early. On the bright side, based on grading statistics, almost everyone got a full score on all their MATLABS, so as long as you at least mostly solve all the problems, you should be fine. - There is no point attending his lectures, as he is the worst lecturer I have ever seen. He talks in a very soft, monotone voice, and rambles without an organized train of thought. It's hard to follow what he's saying, and many people (including me) got up and left in the middle of the first lecture. Your time is significantly better spent self-studying for this class. - Make sure to attend all discussions. The people who had Chirag as their TA seem to have raving reviews about him, but as someone who didn't have him as my TA, I can attest that the quality of discussions can vary wildly depending on who your TA is. On top of this, there usually isn't enough time to solve all discussion problems in the discussion section. For both these reasons, make sure to individually work through all discussion problem sets yourself. - Grillakis posts notes from David Levermore, but Levermore's notes are borderline unintelligible and unreadable, even if you are experienced in reading math-heavy papers. In my opinion, Levermore's ability to explain a topic, no matter how simple, is almost as bad as Grillakis's ability to lecture on a topic. Levermore's notes are good for one thing, and one thing only: they have a lot of practice problems, usually with decent explanations of the solutions. Many people will tell you that Justin Wyss-Gallifent's diffeq notes are very useful for self-studying. Aside from the occasional typo (and the rare provably untrue statement), this is true, but what they don't tell you is that HIS NOTES DO NOT COVER THE ENTIRE LAST 1/3 OF THE CURRICULUM. Neither do Grillakis's lecture slides, and, if I'm remembering correctly, neither do Levermore's notes (barring some exceptions, in particular Green's functions). This course provides you with (almost) no materials for all topics between the second midterm and the common final, and this nearly caused me a mental breakdown in the days leading up to the final. Which brings me to my most important point: - Get to know someone who has a different diffeq professor, and have them send you all of their resources and practice exams. If this isn't possible, at least go to the Guided Study Session for diffeq in the days leading up to the final and download all the materials they give you there. I personally learned the entire last 1/3 of the curriculum from a single practice exam with solutions that my friend (who had Francisco Arana Herrera) sent me, two days before the final. I had long been of the opinion that it doesn't matter what professor you take a class with, as you can always self-study your way to a good grade. Taking diffeq with Grillakis single-handedly convinced me otherwise. Although it is true that you can always self-study your way to a good grade, having a bad professor can add an unnecessary amount of stress, work, and overall mental burden, ESPECIALLY if you aren't even provided with the proper materials to study the topics yourself. But with that aside, if you work hard enough, it is indeed possible to succeed in this class. I personally got a full 100 on both midterms (for which the upper quartiles were 90 and 84 respectively), and I even ended up outscoring my friend on the final (albeit only because he made a careless mistake). But even with all the curves (all I know is my 96.7 became an A+) and relatively easy (depending on who you ask) midterms, if I could do it over again, I would without hesitation take a different professor, or even better yet, take diffeq from a community college.",,,,,,,,,,
MATH310_034,MATH310,Steve Halperin,2023,5,"Homework is the same problems as the exams, IDENTICAL. He even offers extra credit on each exam by dropping a question and making it extra credit.",,,,,,,,,,
MATH401_070,MATH401,Lutian Zhao,2023,5,"This guy is the goat. Every midterm is take home, and he goes over the questions with different numbers in class right before releasing the midterm.",,,,,,,,,,
MATH403_006,MATH403,James Schafer,2011,2,"Since I withdrew from the course about halfway through the semester, I normally would not review the professor except I don't want other math majors to make the same mistake I did. For the record, this is the first course I ever dropped with a W. I agree with the other reviews that Professor Schafer is indeed a very brilliant man, and he lectures more coherently than many other math professors I've had. HOWEVER, he is not a good professor unless you are already naturally brilliant at math. Like most professors in the department, it is clear that he holds the frustrating point of view that math should only be for those to whom it comes naturally, and that those who are not born math geniuses shouldn't even really be in the field. I am generally an A student in math, but it is not a subject that just comes easily to me. I study a LOT to get the grades that I do. His obvious favoritism for those who seemed to understand the material instantaneously was frustrating to say the least. Also, I unfortunately had a class scheduled during his office hours, so I e-mailed him to try and schedule an alternate time to meet. He set up a time with me, but then never showed up. Furthermore, after writing down a bunch of barely legible nonsense on the chalkboard, he would then make a statement like ""this is quite easy, you just have to think about it,"" which is not a helpful statement when it actually ISN'T easy at all. In short, if you are someone who learns math as opposed to someone who just knows math, Schafer is not the right guy for you.",,,,,,,,,,
MATH406_002,MATH406,Melissa Macasieb,2012,5,"Macasieb is great. She understands number theory in and out, and communicates it very well to her students. Lectures are focused on going through basic proofs of the material, and a sufficient number of examples for you to understand what's going on. If you skip class, you can just read the book; it's essentially the same thing. Grades consist of weekly homework from the book (lowest 1-2 grades dropped), weekly quizzes that are homework problems verbatim (again, lowest few dropped), two midterms, and a cumulative final. Exam questions are either computational (and thus simple) or proof-based (almost always come from problems in the textbook that are recommended but not explicitly assigned). Exam averages suck (we're talking 55-65ish), so she will obviously curve a bit in the end. Advice to do well: keep up with the material (early concepts such as Fermat's theorem and modulo arithmetic definitely impact the later material substantially), do extra practice problems from the book. This class requires a bit of work, but if you put in the effort, you'll be fine.",,,,,,,,,,
MATH410_080,MATH410,Hussain Ibdah,2024,1,"Probably the worst professor I have ever had. Completely fails to engage students during lectures. He is disorganized, constantly had to delay an exam and couldnt get through all the material by the end of the course. His first exam had typos that changed the questions and one question said, and I quote, ""make sense of the function"". This is in a proof based math course. His handwriting is completely illedgible which means you cannot catch up on lectures if you miss something and cannot use his notes at all. Why this man is allowed to teach the most notoriously challenging math class at UMD is beyond me.",,,,,,,,,,
MATH411_006,MATH411,Justin Wyss-Gallifent,2013,5,"He really cares about his students. He explains concepts extremely clearly and encourages you to think about what's going on in class. I never had to use the textbook because his notes are so clear. Tests are difficult enough to let you see if you actually are understanding the material, but not so difficult that you feel like crap after taking them. I also took the MATLAB course. The tutorial was really helpful and clear. I spent maybe 10 hours total the entire semester on this class, and that includes learning MATLAB from scratch and doing the projects. Take this class as early as possible; it's easy, not a lot of work, and a decent introduction to MATLAB.",,,,,,,,,,
PHYS121_017,PHYS121,David Buehrle,2013,5,I also disagree with the first review of the professor. He is one of the kindest individuals I've ever met and explains the concepts very well. His tests are not too difficult. Physics is one of those subjects you either get or don't. I would say I'm usually one of those students who wouldn't get it...but I truly excelled in this course. If you have taken physics in high school...then you will do absolutely fine. Usually 800+ out of 100 points is an A.,,,,,,,,,,
PHYS131_019,PHYS131,Matt Severson,2022,2,"Dry, disorganized, low exam averages, fat curve, but I wish was organized to teach effectively.",,,,,,,,,,
PHYS260_151,PHYS260,Hailu Gebremariam,2025,4,"Course: This is a course on Electromagnetism. Concepts will be harder to understand than those from Physics I because they relate to more abstract concepts, but as long as you spend a good amount of time understanding those concepts the exams shouldn't be a hard time. According to the schedule Hailu is supposed to go up to Chapter 16 in the textbook and even talk about Thermodynamics, but this semester and I think the last semester as well he only got up to Chapter 14. So just keep that in mind. Lecture: Hailu is a pretty slow lecturer and often goes through pretty long derivations and also spends quite a bit of time on practice problems. I found this approach useful to me but if you find yourself relying on the textbook a lot to understand the concepts it might not be the best idea to go to lecture. The only thing is Hailu doesn't post his lecture notes or records (unless class is canceled), and in my opinion his walkthroughs of the lecture problems are really important. So if you plan to not come to lecture try to get a friend who does go to share their notes with you. Discussion: Hailu claims you learn new material in discussion but pretty much all the discussions were just reviewing concepts from lecture. If you are good with what was in the lecture there isn't much reason to go to discussion. My TA in particular seemed to do problems that were way harder than the ones Hailu gave in lecture or in the exams. Main benefit of discussion is you can discuss HW problems with the TA. Homework: Homeworks are pretty easy for the most part as they mostly resemble lecture problems, and a lot of them just involve you deriving formulas (that were already covered in lecture) and then substituting in the values. You get 5 tries with each open-ended problem and no points are taken off until you use up all 5 tries, so use them wisely. Homeworks come every week and are due the next week. The homework is also really good practice for the exams so I'd recommend studying those problems before them. Quizzes: Quizzes are only worth 10% of the grade and there were only 8 of them this semester. One of them was also dropped. These mostly cover conceptual questions, so review the posted slides and lecture problems prior to doing these quizzes. If you get a question wrong your quiz grade can drop quite a bit, but like I said they are only 10% so don't worry too much about not doing good on these. Just make sure you aren't consistently bombing the quizzes by studying the material beforehand. Exams: Each exam consisted of 3 questions (6 for the final) with multiple parts. Hailu likes to have his questions build on each other so you'll want to make sure you understand the relationships between the concepts you learn in class and relationships built across the chapters. Hailu allows you to use an equation sheet. I'd recommend filling that sheet with every equation he covers in lecture, as the exams can consist of any question type. As long as you understand the concepts Hailu's exams aren't really too difficult, as once you figure out the concept and which equation to use the actual question becomes very simple. Other Random Advice - Don't go too crazy studying practice problems. Study the lecture problems and HW problems and if you understand those, you should be good. If you don't understand them, then you may want to try your hand at the extra textbook problems. - Use discussion/office hours to clarify concepts. - Hailu curves the class in the sense that if the class average is below what it should be, he'll make it so 20% get A's, 40% get B's, 25% get C's, the rest get D or F. So as long as you put in a decent effort you shouldn't worry too much about failing this class, even if you aren't so good with physics. Class Review: My 4-star rating is mostly because of how easy the exams are, as they made the class a lot less stressful for me. Otherwise Hailu is mostly an average professor for me. He goes over the material decently well and he goes over many problems in class. The main caveat is he doesn't post solutions or record, which felt unnecessary since I'm sure neither of those things are very hard to do and would have made reviewing the lecture problems a lot less of a hassle. Overall, if you take PHYS260 with Hailu you really shouldn't have too much of a problem. Putting in the effort should be enough to get a decent grade.",,,,,,,,,,
PHYS270_039,PHYS270,Hailu Gebremariam,2023,4,"Hailu is pretty boring, but if you go to lecture and somewhat pay attention to the practice problems he does, you will do well in the class.",,,,,,,,,,
STAT100_187,STAT100,Archana Khurana,2024,5,BEST AND EASIEST STATS PROFESSOR EVER. GREAT TEACHER AND SUPER EASY CLASS. SO EASY TO GET AN A. SHE GIVES PRACTICE TESTS AND IF YOU DO THEM YOU WILL BE FINE.,,,,,,,,,,
STAT400_424,STAT400,Jonathan Fernandes,2025,2,Overall good teaching. One big complaint though. Towards the end of the semester he all of a sudden announced some sort of down curve capping the Homework and Quiz average to a 92% in offer for the final replacing lowest midterm. I personally am not a fan of artificial down curves/capping and it was very unexpected. I wish he had announced this much earlier or did something that felt less forced. Only complaint but overall the class is taught very well with adequate resources provided to prepare for exams.,,,,,,,,,,
STAT401_024,STAT401,Mestiyage Gunatilleka,2022,5,"Exams were literally the same as the practice exams, I think he was just lazy and did not care. Lectures were okay, you can tell he has a passion for statistics but still were a bit boring. Homework is very easy. Would recommend.",,,,,,,,,,
STAT410_071,STAT410,Sandra Cerrai,2024,3,"I think she is OK for the most part in teaching the material, and I think it's generally interesting, but I have a few gripes about the administration of the class. For one, she gets really frustrated when students don't appear to understand the material. The simple reason is that it's difficult to understand the material while taking notes and listening to her--a lot of us understand it after going back to our notes or to the textbook--but apparently she doesn't realize this. On the first midterm, there was one problem that had unclear wording. Several students went up to her to clarify it, but her clarification did not help, and I actually ended up erasing the correct way of doing it. Another part of the same problem used the expected value for a geometric random variable, which she forgot to derive in class and only realized after the exam.",,,,,,,,,,
STAT430_006,STAT430,Benjamin Kedem,2009,2,"Perhaps it's just been an off semester, but Kedem was neither approachable nor encouraging. On the first day of class, he handed out the syllabus with his e-mail and phone number, then told us not to call or e-mail. He also listed a half-hour long scheduled office hour, which he said no one ever goes to. When questions were asked in class, they were often ignored, misunderstood, or magically hand-waved away. Many times, the question of ""Can SAS do (such and such)?"" was met with ""I don't know."" On the plus side, Kedem is fairly humorous and entertaining. He is also very intelligent. His tangents about his research, though generally unproductive to learning SAS and well beyond the scope of the class, were interesting. If you want to learn about statistics theory, Kedem is your guy. Furthermore, (as someone else said) Kedem accepts late homework, which is nice. (Be warned, however, that if this happens repeatedly by a majority of the class, he will attempt to retract this privilege.)",,,,,,,,,,
BSCI160_544,BSCI160,Chloe Garfinkel,2025,5,"I'm not sure why Dr G is getting any hate at all. Dr G is a truly accommodating and understanding professor. She teaches BSCI160 thoroughly, and her passion shines through her teaching, which can sometimes lead to a muddier barrier between required information and course material. Instructions can be a little unclear on assignments or tests, but she is always there to clear things up, whether it be through email or office hours. This was her first semester teaching at UMD, so I'm sure the clarity of the material will improve for the upcoming semester. I recommend taking her, plus she's fun to talk to.",,,,,,,,,,
BSCI170_268,BSCI170,Cordelia Weiss,2025,5,"I absolutely hated biology before taking this class, the way she teaches the material is so interesting and her exams are EXTREMELY fair if you study what she asks. She provides objectives for every lecture (also records) which compile and make a perfect study guide. Throughout her lectures she will also emphasize material verbally or it will be boxed/bolded on a slide which indicates she is likely going to test the material on the exam. She cares a lot about her students and her job, she puts genuine effort into prioritizing the needs of the class ie. slowing down on content if needed, answering questions. There are weekly quizzes to check your knowledge and she drops the two lowest of the scores, she also does free participation points every class which is nice. The only reason I can think of why someone may not like her is because she had to leave the class for 2-3 weeks due to health related concerns and people were angry that she had another lecturer (keller) step in as well as lectured virtually. HOWEVER, because the class was so thrown off by Keller's lecture style (which in my opinion, hes very nice and sweet and his lectures tell a story, but his slides are not details whatsoever and I felt like falling asleep) she ended up completely removing any material he taught in the midterm AND the exam, all this to say shes EXTREMELY accomodating. Additonally, her slides/lectures are detailed enough that you don't need to do any of the additional readings on SimBio if you so please. DEFINITELY take her if you can, shes funny, blunt, teaches everyone well, and is super willing to accomodate any needs/questions/concerns. The class is structured so well for such a new professor.",,,,,,,,,,
BSCI171_035,BSCI171,Swarna Mohan,2023,1,never responded to my email regarding my final grade nor the follow ups but threatened to change an assignment grade to a 50% when i took more than 24hrs to respond to her email earlier in the semester,,,,,,,,,,
BSCI201_073,BSCI201,Maira Goytia,2024,3,"shes so nice and clearly very knowledgeable in the material. very easy to get into contact with and office hours are helpful. although, her exams are quite hard for no reason. her slides don't usually say a lot, so she explains the lengthly important processes out loud and that can cause miscommunication and overall makes things harder. this got annoying since knowing the processes of how a muscle contraction for example is SO important but there weren't on the slides so you had to go to the recordings to get every little detail correctly. but overall, i loved her i just don't like that aspect of her teaching style in my opinion.",,,,,,,,,,
BSCI207_169,BSCI207,Karen Carleton,2024,5,"Dr. Carleton is one of the best BSCI 207 professors here at UMD. While this class is challenging and requires a LOT of studying outside of class, Dr. Carleton makes the information easy to apply and understand. The GAEs and homework are especially helpful when studying for exams, and the lowest midterm, GAE, and homework grade are all dropped. Overall, this class, while having a ton of information, is very manageable if you are willing to put in the effort (attend office hours, go to GSS, take detailed notes in class, etc.). Dr. Carleton genuinely cares about her students and is dedicated to making sure you take something significant away from the class, and is very knowledgeable about a wide range of biology topics. She is incredibly sweet, and you can tell she enjoys teaching this class.",,,,,,,,,,
BSCI222_220,BSCI222,Jessica Mutz,2025,1,"Her lectures were completely pointless to attend. She confused herself often and would have to spend a few minutes collecting her thoughts because she didn't understand the content on her own slides. She would read off the slides and didn't add anything to them, and often made them more confusing. Throughout the year, she said in multiple emails that an ""A"" average on each exam was a 110/140 (78%). I finished the semester with an 86.7% total. I thought I was certainly well into the A average based on what she had been saying throughout the semester. I got an A- and an 87% would have got me an A, so I guess she also does not round up for future reference. She made it completely unclear throughout the year what the cutoffs for each grade were. I honestly am still not sure what exactly determined the cutoffs. I think on each exam I got roughly 20-25% higher than the average and did very well on all other assignments, and still got an A-. I would STRONGLY advise any other professor for BSCI222. I would rather be the first person in line to fight the gorilla or the last person in line with Bonnie Blue than take a class with Dr. Mutz ever again.",,,,,,,,,,
BSCI223_049,BSCI223,Erin Tran,2024,5,"It looks like I'm the odd one out but I actually loved this class. The labs were fun and none of them went to the 1 hour 50 minute mark. My group was great. I didn't usually watch the videos before class because I'm lazy but it never affected my grade. Clickers are graded for participation. Exams are VERY fair and the exam questions are literally the same as the clicker questions, just worded different. But, if you understand the answer to every clicker question, you will get an A on the exams. Also there are sooo many cushion points in lab if you need a grade booster.",,,,,,,,,,
BSCI330_125,BSCI330,Kenneth Frauwirth,2024,5,"He is the sweetest man ever. One short Canvas quiz per week, 3 midterm exams, 1 final. The lab is ridiculously easy so it will boost your grade if you struggle on exams. No surprises, concepts might seem tricky in class but are very study-able. Lectures are recorded too so you can go back and watch. Easy A!!!!",,,,,,,,,,
BSCI353_003,BSCI353,Richard Payne,2013,2,"Sure, he can talk a lot I'll give you that. He knows the information he teaches quite well, but he comes off quite rude at times. Don't be fooled by your impression of him during lecture. I went to his office hours for help, and all he did was confuse me and make me feel like an idiot for wasting me time going to ask for help. He doesn't answer your questions during office hours, but instead consistently tells you that all the information is on the slides for us to work out. His exams are full of nonsense that test us on the details of his lectures. His exams are straight from the slides, but poorly written. He tests you on maybe 25% of everything we learn, so you can technically study over 80% of the material and end up getting a C. If his tests reflected more of what he taught, his class wouldn't be so bad. Thankfully, professor Quinlan taught the last third of the class. She wasn't bad at all.",,,,,,,,,,
BSCI410_078,BSCI410,Louisa Wu,2024,5,"Dr. Wu was such a nice professor and you can tell that she really wants you to do well and fully understand the concepts. Her exams being open note is really helpful as it is a great way to make you study by making a notes sheet. She also has lots of extra credit opportunities to help your grade if you struggle a little on the exams because they can be difficult even though they are open note. I highly recommend going to her office hours since you can get really specific answers to your questions as there is a lot of material to go over in class and does move fast. Overall I recommend the course though, it is super interesting!",,,,,,,,,,
CHEM131_492,CHEM131,Samuel Lascio,2025,4,lascio is great!!! he's a great prof i'm just failing because i'm bad at chem lol. anyway yeah idk what grade i'll get but we'll see. lascio is great and chill he's funny. 4 stars because for one lecture which was an exam review right before midterm 2 he was just reviewing a student's email and i was like damn...this is lowk unproductive....but yeah he's a chill guy i'd recommend anyway. just because he's cool. just don't be like me and actually lock in lol...i'm so happy i'm not pre-med....,,,,,,,,,,
CHEM132_043,CHEM132,Christiana Guest,2023,1,"If I could give 0 stars I would. I have never taken a class that was managed so poorly. There was basically no communication with her TAs given that mine, Sneha, never knew what the password was for our weekly quizzes, gave maybe two shits about us, and spent the entire lab period talking to this one kid that she knew from her premed frat. The weekly lab quizzes shouldn't have been that hard, but there were frequent wording issues that made some questions confusing. The grading was super specific on the lab reports and I got points off for answers that TAs during office hours literally told me were good. I think it's ridiculous that the grading leniency seems to vary drastically between the TAs, they need a better rubric. Also, our lab grades on Gradescope were not consistent with the ones on Canvas such that denominator on Canvas was /35 for all of the reports but that was not the case on Gradescope where the denominator ranged up to /41. This caused some of us to get over 100% on labs on Canvas (ex. 38/35). The issue was not addressed until literally after finals week where we were told (in a frankly barely comprehensible Canvas annnouncement) that she was going to correct for it by dropping all of our grades down by 3%. She also made us pay for her $60+ mandatory lab manual (she's literally making thousands off of it) that was riddled with errors that our TAs had to correct. Through all of this I have never once seen her in the flesh and sometimes I wondered if she even existed. Her pre-lab videos are useless and a waste of your time to watch. The experiments themselves sucked, but were doable. It was the crazy poor class management that left a bad taste in my mouth.",,,,,,,,,,
CHEM135_400,CHEM135,Samuel Lascio,2025,2,"I love the dude. He’s a funny guy and easy to talk too, and lectures are fine. The only reason why I gave him such a low review is because of the final. It wasn’t necessary too hard considering this is chem135, it was just the fact that he made about half the final focused on the last two chapters we learned when he told us that those were going to make up a “small” portion since it was so much content given to us in only about a week. I could have actually passed this class if I knew how significant those chapters would be. Ofcourse i understand that the material was presented and it’s my responsibility to study and learn it, it was just not on my mind as much as it should have been because of what we were told. But overall he is a pretty good professor",,,,,,,,,,
CHEM231_393,CHEM231,Monique Koppel,2025,3,"As a person, she is very sweet and she cares a lot about her students. As a professor, she can be kind of hard to follow and unorganized. I think this more so had to do with the course and the difficulty of the content. I believe she is probably one of the better options for orgo, but in all honesty we can all agree there really isn't a ""good"" option in the umd chemistry department.",,,,,,,,,,
CHEM232_033,CHEM232,Monique Koppel,2024,4,"This class was just ok. My TA was amazing but other TAs were very rude and condescending. The worksheets are not hard but the post-lab questions are very annoying. You can never really tell what Koppel wants from your answer (also half the time I just paraphrased what was in the manual and got full points). But on some questions it was so hard to tell what she wanted and I lost a lot of points because of that. It also depends on the TA who grades it, some are very harsh other not. I will say tho, the curve (for me anyway) was non existent which kinda sucked because I ended with an 87 and expected the curve to bring me to an A- but it didn't, so don't rely on any curve for this course. I would advise you to go to as many office hours as possible and avoid Monday lab.",,,,,,,,,,
CHEM241_225,CHEM241,Lenea Stocker,2025,1,"Stocker skips so many steps in mechanisms and then expects you to somehow know them for the exam, which was bizarre. She only teaches the surface level info, and then tests you on complex problems which she herself has not taught (expects you to figure it out outside or class)",,,,,,,,,,
CHEM271_197,CHEM271,Alice Mignerey,2025,3,dont listen to all of these people. she is really not that bad her tests are not too hard although the homework does take a while. go to discussion because matt is amazing,,,,,,,,,,
CHEM272_003,CHEM272,Michelle Brooks,2009,3,"I have mixed feelings about Dr. Brooks and this course. The course has way too much work for a 2 credit course (3 exams, a lab every week, and a final vs. 2 exams, a final, 2 quizzes, and 2 problem sets for 271). I had more work in this course than any of my other courses. On the other hand, I have never learned so much from a chemistry lab. I feel like I actually did take something away from this course and have a better understanding of certain things. The lectures are somewhat unnecessary to attend especially if you can follow the powerpoints on your own. However, during some lectures, she gave you hints and answers to things you wouldn't normally get. I didn't interact with her too much throughout the semester, but I had a couple of problems and I never had anything bad to say about any interaction with her. I thought she was pleasant and helpful and was really there to teach you.",,,,,,,,,,
CMSC131_380,CMSC131,Ilchul Yoon,2025,1,One thing I'm gonna say is every one star review you see here is true or even worse depending how much you are okay with loads of stress and unbearable exams.,,,,,,,,,,
CMSC132_438,CMSC132,Nora Burkhauser,2025,1,"Terrible prof, very nice lady She isn't a terrible person or anything but this class is very disorganized and she isn't great at engaging her students. I fell asleep first day of lecture. I'm sure the content would be manageable if it was properly taught but I pretty much taught myself this entire course. If you are technically inclined or very interested in programming I am sure you would do great but if you actually want to understand the topic, I'd go with Elias (if she is co teaching with Elias you might as well go to his lecture's cause everything else is his anyways).",,,,,,,,,,
CMSC216_404,CMSC216,Ilchul Yoon,2024,3,"If you are reading this to decide what professor to take and you are early enough not to pick Yoon, dont. However, if you have to take him do not spend the months leading up to the class worrying like I did. Yoon’s class is not equivalent to all of these reviews and you need to go in which a much more positive mindset than these reviews let on. It is definitely true that my friends in Nelson and Kauffman had an easier time and arguably learned more, however having Yoon does not mean that you are going to fail. I am no where near a genius, in fact I was just hoping to pass 216 knowing how hard would be, especially with Yoon and I ended with a B. What is takes to do well in Yoon’s course is hard work. His exams are impossible and not fair. The test material does not reflect what’s taught in class and labs so I would say that doing bad on exams is expected (class average was never higher than a 66). Quizzes also very hard. The projects are doable, start early. The lab assignments are free As if you attend lab. You need to try very hard to do well on projects and lab assignments because these free points will average out exam grades. More importantly, you need to take advantage of Yoon’s willingness to help. Ive seen other reviews say this and it is so true.. Yoon is truly SUCH a nice guy. I had a family emergency and Yoon granted me an extension and offered to help fix my code without even considering it for a second. I went to Yoon’s personal office hours multiple time throughout the semester to ask questions from lecture or go over old exam problems, and I learned a ton. You will excel if you build a relationship with Yoon, and I suggest starting early!! The class was averaging low scores, so towards the end of the semester Yoon assigned an easy extra credit assignment that would add points to your final grade and yes, Yoon curved our final grades. In conclusion, you can absolutely do well in this class without being a genius, Yoon just does not make it easy. You need to attend every lab and lecture, earning as many free points as you can and studying enough to stay with the average exam score. Most importantly, review lecture slides and if you are ever confused (or just want Yoon to know who you are), GO SEE HIM!!!",,,,,,,,,,
CMSC250_453,CMSC250,Fawzi Emad,2025,1,"WOW. I could not have gotten a worse professor. Fosho worst prof ive ever had at mayland. BRO this guy has to be evil. First of all, he purposefully chooses the most random questions to put on his midterms. We could have a whole chapter or section focused on a topic, and he will make sure to go out of his way to put the most randoommmmmmm edge case question on the midterm. There was one i remember, he didnt put a question similar to 99% of the practice problems or slides, he put the one question that was legit one random slide. SECONDLY THIS GUY HAS TO BE EVIL. He has a 'gracious' policy for being sick for a lab. GOD i guess i should just go f my self if i lord forbid wake up sick, and cant go to class. On two seperate occasions I woke up sick and thought it would be irresponsible to attend lab, in fear of spreading whatever I had to my fellow classmates, so I emailed bro as soon as I woke back up, and it was 'too late'. He legit has a policy where if ur sick and the absence is unexcused he will excuse it, but he never did. I had lab at 8 am, I emailed him at 10 am, and it was too late. Like am I supposed to predict when I will be sick and email him the day earlier???????? I also emailed him after not doing too well on the first midterm asking for help and guiadence as to what to do moving forward. And essentially he told me to review the lecture slides.......... like.......... um......... thats what ive been doin.......... huh..??????? I saw the positive reviews and was excited, stay clear gang.",,,,,,,,,,
CMSC320_166,CMSC320,Fardina Alam,2025,5,Dr. Alam is one of the nicest professors I’ve had. You can tell she actually cares about her students. Gonna miss her class for sure!,,,,,,,,,,
CMSC330_211,CMSC330,Anwar Mamat,2024,4,"Anwar's lectures can be dry and boring at times, but he is a good teacher. You can not ask for a more qualified professor who is an expert in the field for CMSC330. Extremely intelligent and funny at times, but tries to avoid joking around too much as 330 has a lot of content. 330 is hard and the projects took me a long time personally, but you can not go wrong with Anwar. Between Cliff and Anwar, I would lean Anwar's way since he has much more experience in the field.",,,,,,,,,,
CMSC351_291,CMSC351,Justin Wyss-Gallifent,2024,5,"Took it over the Summer. Class material was laid out well, organized and easy to digest. Justin & the TA's were very helpful and responded pretty fast. Would definitely recommend taking 351 with him if possible. He's one of the best CS profs.",,,,,,,,,,
CMSC414_036,CMSC414,Michael Marsh,2021,3,"Michael Marsh is a decent professor, but his classes can be quite difficult. I would NOT recommend taking CMSC414 as your first upper-level class. Definitely take something else first to get used to how they operate. This class is very dense, the material is tough without a lot of background experience, and the projects can be overwhelming. The logistics of this class can also be very annoying. The slides, homework, and exercises are supposed to be helpful, but without some prerequisite knowledge, they can be incredibly difficult to use. Due to the structure of the class I would only recommend taking this if you are ready for a very large workload. I'd imagine someone much more prepared than I was might be able to succeed quite well in this class, but I also imagine my position is a pretty common one. Be careful going into this class, it will challenge you.",,,,,,,,,,
CMSC417_009,CMSC417,Michael Marsh,2018,1,"Such a terrible teacher for 417. Exams and projects are so vaguely worded. You need to make several assumptions on exam questions, but if your implementation doesn't match his you get a 0. When we asked for clarifications, he would sometimes give us misleading answers. He never gave us sample input/output even though we asked before every project and exam. Half way through the semester he just gave up on doing slides. Grading felt like it was arbitrary, but he told us not to worry about it because he promised a substantial curve. He ended up setting 39 as the cutoff for a C-, but an 85 was still a B, so he might as well have not curved. He also gives out minuses but not pluses.",,,,,,,,,,
CMSC420_151,CMSC420,Narayanaswamy Narayanaswamy,2024,4,"Class is hard, but he is very accomodating. Records lectures and gives you all the resource you need to succeed. You have to work for an A.",,,,,,,,,,
CMSC421_029,CMSC421,Tianyi Zhou,2022,1,"The entire course was taken from Berkley. The professor simply read from the slides and when questions were asked, he simply would give a response that does not answer the question. The midterm grade was given back a month and a half after taken the exam but was not given the physical exam back. Some grading on the exam did not seem fair and when brought to the attention of the professor, his response was that all the TA's agreed the grading was unfair but they didn't have ""the bandwidth"" to go and regrade them. In addition, many questions on piazza would go unanswered. This probably was one of the worst professors I have ever had in CS.",,,,,,,,,,
CMSC424_046,CMSC424,Amol Deshpande,2022,5,"Learned a lot of material in this class. We started with SQL, some theory about database design, MongoDB, Spark and ended with some more theory. Definitely a challenging class but there was a lot to learn. Every homework/project had a one week, no questions asked extension. Exams were challenging but also always had questions that were on the homework.",,,,,,,,,,
CMSC426_014,CMSC426,John Aloimonos,2022,3,"ive been to a total of 2 lectures: the first day and the midterm lol. the class itself is super chill, 4 projects that mainly dictate what your grade is and only 1 exam that's worth 15%. projects can be done in groups, but make sure u guys stay on top of things. yes u are given 8 late days u can use to push back a deadline for a project, but dont rely on it too much as the projects can take an extremely long time and need a lot of assistance in OH. as for john himself as a professor, i found them very unrelated to the projects, thus y i never went. he seems like a funny guy and is nice but his thick accent was also another reason why i decided to not come. overall, not a bad class as long as u have a solid group",,,,,,,,,,
CMSC451_030,CMSC451,Clyde Kruskal,2021,4,"Had Dr. Kruskal for CMSC351/451. He is not perfect, but I absolutely disagree with his 2.87 star rating. He has a good sense of humor and teaches algorithms in a way that makes it very intuitive. He also really makes sure to answer student questions during lectures and is helpful during office hours. One of the biggest complaints is that there is a really long turnaround time before things get graded. This is not any of the TA's or Kruskal's fault. They are simply understaffed for the amount of kids they have to manage. Another complaint is that the tests are completely unfair. This was absolutely not true in 351, where the problems were literally just slightly altered homework problems and problems that reflected lecture material. The tests for 451 I felt were more difficult. Many people also leave the class frustrated because they can't seem to get a good grade by rote memorization of the materials. I think that the problems Kruskal gives out on the homeworks and exams are fair for a difficult algorithms class and focused on difficult problem solving. It is, however, very difficult for any teacher to 'teach' a class math maturity or problem solving ability. You are simply going to have to do extra practice practice from the textbook if you haven't done these kids of problems before.",,,,,,,,,,
CMSC456_011,CMSC456,William Gasarch,2018,5,"He is THE man. Great guy, super funny and he really cares about his students. His homeworks are also fair, challenging but not impossible. He's also good about explaining everything until you understand",,,,,,,,,,
INST326_019,INST326,Aric Bills,2022,4,"I wouldn't rate Aric a full 5 stars. Lectures don't really cover concepts, you watch videos on your own time, and come to class to complete practice assignments based on the concepts the videos covered. Another thing is the homework assignments, the homework assignments are honestly rather difficult. You'll likely pass, but be prepared to struggle. Tough grader as well, here's what to expect in the class: 4 major coding homeworks (1 ended up being dropped due to aric getting sick and the schedule got funky) 4 exams 1 group project Weekly practice and exercises Exams are actually not bad, practice exams are provided and the actual exams are VERY similar to practice ones. The group project also isn't too bad, you come up with an idea for a program and execute it. The worst part are the homeworks, but if you are comfortable or rather comfortable with basic python concepts, you'll pass! it might be intimidating the first couple weeks and you may begin to doubt your ability, but stick to it, I really was considering dropping the class because I was doubting myself, but I'm glad I didn't because I really do feel I came out as a better programmer.",,,,,,,,,,
MATH140_469,MATH140,Dong Quan Nguyen,2025,5,"This class is so chill! There are four midterms that you take in lecture and five quizzes that you take in discussion. If you go to lecture around exams/quizzes he goes over practice questions that are pretty identical to the real ones. I will say he can be a little hard to understand sometimes, so if you haven't taken any sort of calc class before, his lectures may be slightly confusing. Also, he doesn't write the final so it's going to be much more challenging than the midterms. There is no mandatory homework for the class, but you do have to go to discussion because there is always a worksheet that is collected and graded. Dong Quan is also just very nice and funny!",,,,,,,,,,
MATH141_506,MATH141,Aryan Karnick,2025,5,BEST PROFESSOR EVER. He taught me the entire course on 1 week. Complete clarity. Would highly recommend taking his class. He's going places.,,,,,,,,,,
MATH240_329,MATH240,Shin Song,2025,4,"She's really underrated. She explained concepts with sufficient depth and is always willing to answer students' questions. She gave us gap notes which I really appreciated because it allowed us to focus on lessons and not worry too much about copying down every little thing. The discussion sections are also well-designed, and the worksheets are very accurate to what quizzes/exams are like. For the three midterms, she gives two practice exams for each one, and sometimes also gives a review sheet. You can tell she really wants her students to do well in the class. She tells everyone the topics the weekly quizzes will cover which I've heard Conway does not do. Her MATLAB assignments are extremely light and she even drops your lowest one. She probably isn't as good as Archana, but she's really not a bad professor and I was able to get an A easily. Students may find some concepts difficult at first, but it is easy to succeed in this class. The one downside is that lectures aren't recorded so you do have to attend, and also that some topics were not clearly explained the first time but she goes over everything several times so it's not too bad.",,,,,,,,,,
MATH241_492,MATH241,Junyan Zhao,2025,3,"50% midterms (2), 40% final, and 10% quizzes/discussion attendance depending on the TA. He goes through content super fast, we finished going over all the material before Thanksgiving break, which had it's pros and cons. There is no graded homework which means you must be very diligent in your personal studying if you want to do well. It can be difficult to take notes because his handwriting on the chalkboard isn't the most legible. And his curve policy isn't the best, he will adjust the highest score to 99 and then adjust everyone else's based on that. Lastly, I felt a little unprepared for the final exam because there was a question we had just never seen before. But overall he is a very nice guy and his midterms were definitely fair!",,,,,,,,,,
MATH246_327,MATH246,Weimin Jiang,2025,5,"Weimin wonderfully shows how each concept leads into the next and has great examples, and made a lot of intimidating differential equation concepts a lot more straightforward. He understands how it feels to be a student and feel confused, so he is very conscientious about how he should teach thoroughly. He is very humble as well and genuinely wants the best from his students.",,,,,,,,,,
MATH310_032,MATH310,Steve Halperin,2022,3,"Like others have said, exam questions are directly from the homeworks (so you should definitely do them) but his lectures can sometimes be very confusing. He is always available in his office though to go over hw problems and concepts from class.",,,,,,,,,,
MATH401_069,MATH401,Lutian Zhao,2023,5,"Actually the best professor ever, very engaging lecturer and has take home exams and no final exam. Would 1000% recommend",,,,,,,,,,
MATH403_002,MATH403,Joel Cohen,2011,1,"It is difficult to describe why Dr. Cohen is such a horrible math professor. He goes really really fast and skips tons and tons of steps to the point where he becomes incomprehensible. To make matters worse, his handwriting is awful. He is unprepared for lectures. Several times he has thrown terms into his lectures that we'd never heard of before, and then two classes later he would explain what they are. I strongly recommend not taking Cohen. Math403 has been the most challenging course I have taken as an undergraduate, and he makes it infinitely more difficult. I am graduating with Latin honors, so I am not dumb, and I have dealt with some pretty awful professors, but this guy is the absolute worst. I guarantee you will regret taking him.",,,,,,,,,,
MATH406_001,MATH406,Melissa Macasieb,2012,2,"She obviously knows number theory really well but her lectures were devoted more to proving theorems which really weren't tested at all. Also all of the proofs were in the book anyway so she could have just said ""for details on the proof for theorem x consult the book."" Also her grader was quite draconian and if you said something like ""I lost 8/10 points for an arithmetic error"", she would say ""if you want I could maybe give you a few points back"" and then spend a few minutes continuing to expand on how you were wrong which was quite annoying.",,,,,,,,,,
MATH410_079,MATH410,Terence Long,2024,4,"Professor Long is one of the best math professors at UMD. He's charismatic, funny, and explains content really well. All of his lectures are from the book so you know exactly what he's talking about & his homework are fair with fair grading. The only flaw he has is planning -- or really lack of planning. The second exam was made two weeks before finals & homeworks are randomly assigned (although always with 1 full week to complete). If you're okay with not being totally certain what your upcoming week is going to look like, take him for 410. Imo it's a worth while trade off for his teaching.",,,,,,,,,,
MATH411_002,MATH411,Manoussos Grillakis,2012,5,"Grillakis is a well-dressed man who knows this class in and out. Lectures are spent proving theorems, often differently from how the book does it, which can be helpful. Grades are the average of your homework grade (lowest of 7 dropped), your midterm average (lowest of 3 dropped), and your final exam score. Homework is often either plug-n-chug application or intense proof that you may need to go to office hours for help on. However, there is at least a week and a half between due dates, so you always have enough time to complete the assignments. Exams are basically a practical application of the material you learn. He does not put dense proofs on exams, but rather he tests your basic and superficial understanding of the techniques you learn in class. Exams can be tricky, but they are very doable and very much test your understanding of the material. Just as was said in the review below, this class is essentially a multi-dimensional extension of 410. Some of the concepts are very arcane and difficult to grasp (example, proving Stokes Theorum and boundary proofs with Jordan Contents), but Grillakis is great at explaining these concepts.",,,,,,,,,,
PHYS121_004,PHYS121,Peter Shawhan,2013,4,"Professor Shawhan is a great teacher. He doesn't do that many problems in class and the homework is difficult but in the end, that's how you learn. I really came out of this course with a solid understanding of the basic concepts, which is key to doing well on the MCAT. Take Shawhan! An A is definitely doable as long as you can follow the textbook, which is pretty good. He posts all of his notes online after class which is a really big plus.",,,,,,,,,,
PHYS131_018,PHYS131,Matt Severson,2022,4,"I took him last year for 131 and 132 and honestly he's not bad. The class itself will make you cry and throw up if you care not feeling lost. However, you're good if you're fine with being lost most of the time. The material honestly just sucks bio+physics is a horrible combo. BUT you will do well in the course. Failed all the exams but did well on hw, reading and labs and did well overall. The curve is a blessing honestly. Severson is a chill dude and honestly I found him very funny. The echo in the lecture room and lighting sucks though and makes you want to sleep so I would recommend just listening to the recordings or reading the slides and self-teaching.",,,,,,,,,,
PHYS260_150,PHYS260,Aria Heidarian,2025,5,"She sets you up for success in her class. Lectures are fast, but filled with practice problems. She posts both her lecture notes and her slides. ExpertTA homework is fair, if tedious, and 2 free attempts are provided for each question, so give them a genuine attempt. Exams were also very fair, and one midterm was dropped as well. Discussion quizzes were whatever, but one of them was dropped. The practice problems she provides prepare you well for the exams, make sure to start them early and really understand them. Make sure to check/use Piazza, she provides a lot of answers/guidance for many homework problems and practice problems. I fell asleep during lecture a lot (not because she was boring I was just severely sleep-deprived) but I still managed to get most of the content, and anything I missed I could get from content posted. I didn't go to office hours or anything, so I didn't know her personally very well, but she seems to have good vibes and care a lot about her students' success! Everyone I know who went to office hours said they were helpful. Taylor's discussions were great as well.",,,,,,,,,,
PHYS270_038,PHYS270,Drew Baden,2023,5,"A breath of fresh air in the UMD physics department. His exams are well worded, direct and do a good job of fairly assessing whether or not you fully understand the material. He shows a great deal of passion towards engineering and physics concepts, which make the otherwise semi-dull content easier to pay attention to and understand. He makes good jokes, constantly asks students if they have any questions, and is overall a professor who has compassion and an understanding of his students. This course isn't necessarily easy, but with Baden it has been a much smoother ride than in my past Physics courses. My one slight on him is that he rarely, if ever, updates canvas, but he hands back exam grades in class so you will always have a rough estimate of your grade at all times. Overall great guy, great professor and great for his students sanity.",,,,,,,,,,
STAT100_186,STAT100,Archana Khurana,2024,3,"She's a very nice woman but in lecture I never really understood what she was saying, and her voice just got a little annoying after a while. After the first exam I pretty much stopped going to lecture and only studied the previous exams she posts since the exams never change. She does offer plenty of extra credit and her class was fairly easy because of how she made it and the resources she provided. As for the R assignments my TA would do the whole thing in discussion and we would just copy it lol but yeah very easy if you just put a little effort but you're better off teaching yourself with her resources.",,,,,,,,,,
STAT400_423,STAT400,Sana Jahedi,2025,2,"As someone who did pretty poorly in this class, I think some of the reviews (especially ones from the middle of the semester) are slightly exaggerating because emotions were high and so people were reactionary. That being said, I don't think she's a particularly good professor (she has flaws) but she's not like the literal devil The Bad: - the course was kind of poorly organized, and I think that her disorganization and lack of transparency around it is what caused a LOT of the problems. The extra credit system is a pretty strong example of this - there were a variety of things you could get credit for but it wasn't always clear how much credit you were getting/whether you were getting it/how it would actually impact your grade. She also had a really confusing policy about dropped quizzes (she automatically dropped one but if you did poorly on quiz1 but well on quiz2 your quiz2 grade would replace your quiz1 grade and wouldn't count as the dropped quiz, but she also mentioned this being based on individual student evaluation?) which she then fixed by just dropping 2 quizzes for everyone and saying she intended to all along and just lied to motivate us. I don't know if she's lying about that but it's kind of mean to just lie about a course policy for the sake of ""motivation"" - she gave out extra credit for Piazza but didn't really define what counted as a contribution worthy of getting points, so the STAT400 piazza was kind of a pain in the ass since everyone was just responding to things for the sake of getting points, even if they didn't know what was going on or have a good answer (sometimes students answered posts about logistics that instructors should have answered, sometimes you would get 4 people in the followups saying the same thing, or editing the student answer for the sake of getting more contributions, it was all very annoying) - the rubrics for this class were bad, it was really hard to know what I actually lost points on (the graders overuse the point adjustment feature, and the rubrics themselves aren't the most clear) - sometimes the answer keys had errors: apparently this was on purpose for the sake of the extra credit system but I think that's a bad choice. If someone catches the mistake and gets extra credit that's cool for them, but I imagine plenty of people just got more confused because they were looking at an answer key that was wrong, and they probably didn't learn the content correctly because they assumed the answer key was right - she didn't let us see our final (like it wasn't on Gradescope) after it was graded which was annoying because I would have liked to know what I did wrong - lecture wasn't super engaging (I will also admit fault here, I slept through some of them, they were at 9:30am in the armory) and I think she would probably be better at a different time (that wasn't so early), I think part of the issue is that she went pretty slowly through the set theory and combinatorics stuff, which made the first lectures really boring for anyone who kind of knew it, and also meant that when she went through the harder stuff, there was less time for it than there ideally would have been - the canvas was organized poorly, it's just kind of hard to find things in the files there, which is annoying The Good: - she's not terrible at explaining things, and she's pretty patient. Sometimes this is to her detriment (she entertained way too many questions from people who probably should have just gone to office hours, it kind of disrupted the flow of lecture) but it was nice in lecture. She also lets people do the questions on the board which is fun! I like that - her TAs were all really nice! I never learned any of their names except my TA's, but my TA was really nice, and when I asked for clarification from the other TAs during the exams, they were all very nice - quizzes weren't too bad, they were usually pretty similar to the discussion practice sheets. The discussion practice sheets were also pretty helpful. I didn't do amazing on the quizzes but that's kind of a skill issue on my part - She does post notes, which is nice - The homeworks weren't easy but they weren't unreasonable imo, I could have done better on them if I didn't procrastinate so much, she does also drop some I believe tl;dr - I don't think I would recommend her, and I don't think I would take a class with her again, but I also think a lot of these reviews make her seem way worse than she is. You don't need to like avoid her at all costs or anything. I think a lot of people expected this class to be easy because she made it super easy for the previous semester, and then people got upset when it was harder. I think this class was probably more challenging than it needed to be (Exam2 was bad for everyone) but I think she'll probably improve in the coming semesters",,,,,,,,,,
STAT401_023,STAT401,Mestiyage Gunatilleka,2022,5,"Truly a 4 star professor but his reviews are a bit crazy, so I want to raise his rating a bit higher. Like others have said, do the homework, review the practice exams, and you should be fine with this class. Coding projects are a bit annoying but they are not hard. Would recommend.",,,,,,,,,,
STAT410_070,STAT410,Yu Gu,2024,5,"Hard class but the subject is fun. Midterms were brutal. They were worth 20% of your grade, and out of 20 points. So each point you lose is one point off your final grade. Final was 40%. Substantial curve at the end so it was okay. He covers stuff most STAT410 Professors don't: multivariate normal and random vectors, some stuff on Monte Carlo Simulation, and has a very theoretical focus (or so he says). He uses random walks for most of his examples. Exams are designed to test your understanding and are not plug and chug. No cheat sheet. Overall if you think you're smart, take him. He'll give you a better class than most people teaching STAT410.",,,,,,,,,,
STAT430_008,STAT430,Benjamin Kedem,2008,5,"Teaching: He mixes his lectures with both SAS programming and statistics and overall does a good job teaching the material. He is knowledgeable in the content topics and always encourages students to ask questions. He often go on tangents or talk about his research, but he always relate it to statistics. Personality: Professor Kedem is pretty funny and approachable. Grading: Grading is not a big deal and accepts late homework/projects(even those that are weeks late). He doesn't treat you like kindergartens. If for example, you got a C on your midterm, and you received an A on your final. He'll give you an A.",,,,,,,,,,
BSCI160_543,BSCI160,Vadim Karateyev,2025,4,"Vadim was a pretty good professor. His lectures were easy to follow, exams were fair, and course load was never overbearing, which is all I can ask from a Gen-ed. Attendance was *technically* not mandatory, but about 60-70% of lectures had in-class assignments to be done in small groups. They were always easy, and I'm pretty sure everyone that attended class always got a perfect score, but I didn't love that aspect. He also would not say if there would or would not be an assignment beforehand, though I assume that is because he knew many people would not attend if they knew there were no assignment. Exams had review sessions with the TA, and the recording and slideshow were posted on ELMS, which made studying pretty quick and straightforward. You were also allowed 2 sheets of notes, front and back, for each midterm, as well as 4 for the final. Lowest exam was dropped, which was really nice. Much of the class didn't even need to take the final. Lastly, this was one of Vadim's first semesters teaching, and he really pushed for honest feedback from us, which I think highlights his passion as well as him wanting to improve his class for future years. If I were to take this class again, I'd choose Vadim's class again.",,,,,,,,,,
BSCI170_267,BSCI170,Cordelia Weiss,2025,5,"Legit FREAKING AMAZING!!!! She is the best professor I have ever had at UMD. Her class is very easy to follow, and her slides have EVERYTHING you need to know for the tests. She is pretty young, so shes pretty funny and relatable. If you try, and study in this class, you will do well. Also she really does try to learn a ton of peoples names in a huge lecture hall, which is rare. Please take her. I am so glad I did. (she had no reviews when I signed up haha)",,,,,,,,,,
BSCI171_033,BSCI171,Swarna Mohan,2023,3,"I never met Professor Mohan, but I've heard she is extremely scary even from my TA so it's ok. The pre-labs are pretty easy however you have to pay attention to small details, luckily you have two attempts on each one. There were no exams but was a poster project which was really easy as long as you have a good group. You kind of work out your lab groups on the first day so pick wisely. Having a good group is really beneficial not just for assignments, but for efficiency in class. Volunteer to go first for as much as you can because usually, you will get out earlier than other groups. READ EVERYTHING it is straightforward but they will take points off for the littlest of things. The major things in this class are completing the pre-lab quiz, lab manual, poster project, 1 lab report, and the lab practical. The lab practical is super easy. I would highly recommend going to office hours before the lab practical because the TAs literally walk you through it. They also post an example of the exam on canvas which makes it easy to see what you need to know. Overall this lab is easy but annoying.",,,,,,,,,,
BSCI201_072,BSCI201,Maira Goytia,2024,5,Dr. Goytia was an incredible professor who showed her passion and interest for the material that she taught. She was very resourceful when you needed a question answered and responded timely to emails. Her exams were very fair and if you pay attention in class then you should be able to understand the content pretty well. She also provides extra credit throughout her exams plus another extra credit paper after the exam to bring your grade up. Make sure to stay on top of things in this class since all the units build on each other. Dr. Goytia was also very approachable for any questions or clarification you may need,,,,,,,,,,
BSCI207_168,BSCI207,Nicholas Fletcher,2024,5,"Dr. Fletcher is a great person, very friendly and approachable. This class is a LOT of content, you were expected to know specific lineages of random animals and random facts. This class built on previous bio classes so you needed to have background knowledge because he doesn't explain basics like cellular respiration. I actually had no clue how to study for this class as it is purely memorization although he does let you have a cheat sheet (1-sided). I recommend the GSS worksheets, they were like recaps. The GAE (group activities) and homework were graded on completion so that did help with my grade a bit. The recorded lectures were really helpful because the lectures were packed with content so if you missed something, you can always look back on it. He drops one exam score and one assignment from each category. I thought the 2nd unit was the toughest because it was very very specific, you either know it or you don't. The final wasn't too hard, it was about 50% new content and 50% old content. Overall this is probably the most boring biology class I've taken but Dr. Fletcher made it bearable.",,,,,,,,,,
BSCI222_219,BSCI222,David Straney,2025,5,"One of the best professors I have ever taken! He is genuinely interested in teaching the content and is always willing to help if you attend office hours. There are a lot of assignments for the class, and they are single-attempt, but they are fairly easy if you understand the concepts. I think these assignments definitely helped me stay on top of the material since I needed to understand the content before taking the quizzes. The assignments are essentially free points that help boost your grade. The exam content is very similar to the practice exams. My advice would be to complete a few practice exams and then go over the answers to past practice problems—since he has exams dating back to 2009—to ensure you're not missing any important material. He also shares past final exams, which I haven't seen any other professor do. He hosts weekly review sessions where he goes over previous exams, and during exam week, he holds a Zoom review session that is not recorded (though everything else is).",,,,,,,,,,
BSCI223_048,BSCI223,Kendall Opheikens,2024,5,"Kendall was a great TA, super chill and helpful in lab. Super receptive about fixing grades, we had a discussion about why I answered a test question the way I did and once I explained my reasoning she fixed my grade immediatley. Genuinely wants everyone to get an A in the class. Make sure you clean up your lab bench before you leave or you might get points off. Showed us lots of pics of her cute dog :)",,,,,,,,,,
BSCI330_124,BSCI330,Kenneth Frauwirth,2024,1,"Consistently late to class. He once moved an exam two days before it was scheduled, then emailed everyone that he couldn't make it the day of the exam. Unbelievably difficult to pay attention to, this man needs to take INAG110",,,,,,,,,,
BSCI353_002,BSCI353,Richard Payne,2013,5,"I'm sure it's been repeated enough, but to do well in Dr. Payne's class, you need to know everything on his slides. Practice tests are a good depiction of what you should expect on the tests. I thought he was a great teacher and his lectures were interesting.",,,,,,,,,,
BSCI410_077,BSCI410,Stephen Mount,2023,2,"He was an okay professor, but his lectures were so boring I slept most of the time.... He posts past exams and reuses some questions and/or makes new questions off of old ones, so make sure to go through those. But I feel like I did not learn a single thing this semester, it was truly a waste of my time and energy. I also was so close to an A- (2% off) so that was disappointing. Don't recommend taking him if you want to take this class.",,,,,,,,,,
CHEM131_491,CHEM131,Monique Koppel,2025,4,"Taking this over the summer probably wasn't the best idea. I grasped the pace of the course while taking it. Orgo requires a lot of memorization, which does not couple well with a short amount of time. Also, a solid foundation of it is key to succeeding in Orgo 2. Professor Koppel is not as bad as I thought. She cares and does her best. However, it's just difficult to sit through 10 hours of lecture consecutively in a week, alongside the lab. Not recommended over the summer!",,,,,,,,,,
CHEM132_041,CHEM132,Christiana Guest,2023,1,"I was supposed to receive a 94% but my grade was curved down 6% to a B+. This pulls down my GPA by several points. If you can avoid it, do not take a class with Dr. Guest.",,,,,,,,,,
CHEM135_399,CHEM135,Andrei Vedernikov,2025,1,"I'd highly recommend avoiding this professor. He mumbles a lot and talks very quietly so he's not very easy to understand. He's very bad at teaching and his lectures are honestly a waste of time. He glosses over hard-to-understand topics such as quantum mechanics and organic chemistry. He requires you to buy the $80 textbook only for him to not use it a single time the entire semester. The homeworks are nothing like the exams and just weekly busywork. He's the only professor of CHEM135 that doesn't make his exams open notes. Overall, his class was a waste of time and money. Do not take him.",,,,,,,,,,
CHEM231_392,CHEM231,Donald Hong,2025,5,"Good teacher, very nice -> first time teaching the class collectively but is genuine and cares for his students to succeed. Not sure about curves right now but the way he's teaching it makes a lot more sense (coming from a person retaking Chem 231 -> f*ck Dixon). He tends to go a little fast and past lecture time but it's not the end of the world. You also get plenty of resources.",,,,,,,,,,
CHEM232_032,CHEM232,Monique Koppel,2024,2,"i have never seen koppel or contacted her the whole time, its mainly the TAs doing everything. for a 1 credit class, it is a bunch of work. every week you have to do a pre lab write up & worksheet(s) for the current week and then the post lab questions & worksheet(s) for the previous weeks. the PLQs are so hard and long, sometimes the worksheets are confusing as well but the pre lab write ups are fine. i learned this later on in the semester (wish i started in the beginning), but you HAVE to go to the TAs office hours to make your life easier. especially find a TA who will just give you the answers bc some are stuck up and will only help if you attempt the question. there was a curve, i dont think any other reviews really mentioned this but my 78 got rounded to a B.",,,,,,,,,,
CHEM241_224,CHEM241,Bonnie Dixon,2025,1,"Don’t be fooled by all the overly positive comments, everyone I know who took Dixon was miserable. Honestly feels like she’s writing the good reviews herself. The only way to do well in this class was to go to office hours constantly, because lecture alone was not enough. I get that orgo is supposed to be hard and time consuming, but this class took it to another level. The amount of outside effort required just to keep your head above water was exhausting. Not a good experience overall.",,,,,,,,,,
CHEM271_196,CHEM271,Jason Kahn,2025,5,"Overall, I think that Kahn is nice, pretty approachable, and obviously cares about how his students feel and the feedback they have to offer. I would think that the class is more difficult compared to a typical general chemistry 2 class, but as long as you do his old exams and mostly pay attention in lecture, you should be fine. You can tell he has a passion for teaching, but sometimes he can go on tangents or go into too much detail in lecture, which can be confusing. He does hold 2 hour or more review sessions outside of class time before each exam though, which most professors don't do. If I had to make the choice of which chem professor to take again, Kahn would be my choice.",,,,,,,,,,
CHEM272_002,CHEM272,Michelle Brooks,2009,2,"Epic fail class. 3 exams + final for a 2 credit class. There is a ridiculous amount of work for this class as well. Lab reports aren't short and the grading is VERY VERY inconsistent. I've compared my lab reports with others and some people will get points deducted and others won't for the same answer. It was difficult to study for exams. It was strongly based on application of the material. There was 1000 points total. CHEM271, the corresponding lecture, had only 500 points total and the work load was very small.",,,,,,,,,,
CMSC131_379,CMSC131,Ilchul Yoon,2025,1,"if you have him, just know that every one-star review you see here is true and even worse.",,,,,,,,,,
CMSC132_437,CMSC132,Pedram Sadeghian,2025,1,"Monotonous lecturer but still gets the point across. His exam averages are extremely low, which shouldn't be a problem if every other 132 professor has exam averages that low. But that isn't the case; for the first two exams of the Spring 2025 semester, we had averages in the mid to low 60s. The third exam had an average in the mid 70s. This wouldn't be a problem if 132 were a weed-out class, but it seems like only Pedram treats it like one. At the end of the day, he isn't a terrible professor but his exams are unnecessarily hard.",,,,,,,,,,
CMSC216_403,CMSC216,Ilchul Yoon,2024,1,"This class was an absolute hell scape. Final grades just got posted this morning, Christmas Eve, when the final was on December 12th. I guess he was grading his final project 6 grades as well - which had a due date of December 20th???? My final grade was a 76, which between about 3 extra credit points (which he said applied post curve?) got me to a B. I learned way more watching YouTube videos and googling the content on the lecture slides than I did going to this mans lectures. I still went to lectures, unlike 50% of the class, because his Panopto recordings are basically useless otherwise. This man LOVES his chalkboard - and none of it gets picked up by Panopto. It gets better. No one in the back 60% of the class can read the chalkboard either. His handwriting kinda sucks, but its also just small? As a back of the class sitter, I had to go to the front because I couldn't read not only the chalkboard, but also the code on the screen. He also likes to mumble. Also, god forbid you have a yapper in the class... dude has no self control and will have an entire conversation with one student about the most niche topic thats not even remotely related to the lecture. As for discussions, no one goes (unless you have a really good TA, which most don't). They teach you things in discussions at the beginning of the year that they don't teach in lecture. That's where we learned gdb commands and stuff about valgrind and splint. You're also supposed to go over memory maps in discussion, but my TA was running behind so we never got to it, and lo and behold I did bad on the memory map questions :'(. Either way, these things show up on exams, and aren't taught in lecture; but, they are all recorded, so you can watch yours *or* your favorite TA's recordings. Honestly, I didn't think the projects were awful. That was actually where I did best in the class. The worst thing about them is the like week and a half deadline... combined with my awful schedule I was often pulling an all-nighter a day or two before it was due. The project I did worst on was when I was like deadly sick for a week and then just didn't finish it well. And then the next project relied on it lol. I usually lost a few points on them, but not a ton. This is 35% of your grade so it's important to focus on these. The exams are the real reason everyone hates this man. 50% of your grade is exams (actually lower than most coding classes from what I've seen, but still a lot). He will post ""practices"" like 3 days before exams and quizzes, saying they are supposed to help you. Sometimes the content on them is literally not on the exam/quiz AT ALL??? He likes to do this to waste your time :). What you actually need to be doing is studying the most obscure edge case you've never been taught, a bunch of random linux and gdb commands you were never taught, and just like 3 or 4 pretty hard coding questions. All that studying only for class averages of 67, 66, and 65 for the midterms and final, respectively. Me personally, I genuinely didn't have enough time to study well, so I did like 5-10% worse than average on the midterms, and then did almost 10% better on the final. For the quizzes, we had means of 62 and 66! The only thing he does to help boost your grade is the coding exercises and lab work. There were 10 lab assignments and 4 exercises, with a fifth exercise for 2% extra credit. These are generally easy and are about 15% of your grade. However, if you miss the announcement that they get posted, you might lose points for turning in late/not at all. tl:dr, if you are a normal student, the grades will be super low, and you will likely be super stressed. While Yoon is genuinely a nice person, he is a very mean professor. You will be stressed for both exams and projects. Make sure you teach yourself the content, and try your best not to fall behind. If you didn't read the grade data posted above - 17% of people fail this class, and like 8% withdraw. If all the registration spots close for every other professor like they did for me, I am very sorry, and good luck.",,,,,,,,,,
CMSC250_452,CMSC250,Fawzi Emad,2025,1,"do not take him. please save yourself. genuinely my biggest college regret is taking fawzi over teli. fawzi is such a harsh grader you can study so long and understand the concepts but your grades just won’t reflect that bc he seems to enjoy showing off his ego rather than figure out how to best help his students do better. don’t take him, and save yourself. please",,,,,,,,,,
CMSC320_165,CMSC320,Maksym Morawski,2025,1,"Terrible teacher plain and simple. He's lazy, slow, and unorganized. His homeworks are quite literally, look up shit and copy and paste the AI overview. I learned nothing from this course. Max is also quite an insufferable teacher, he pretends that his exams are difficult because they're are application based but in reality they're difficult because we've never learned how to apply anything. A couple times he'll introduce things and say we don't need to know it but you actually do. He'll introduce a million different concepts, barely scratch the surface of each topic, then expect you to know how to apply the concept like you were part of a large corporation and implementing a real-world model. Expect nothing to be graded until a month after the late deadline and tons of inconsistencies in the rubric. An answer on our first exam was incorrect (he admitting it was incorrect) and now at the end of the semester it still has not been fixed and some people still have unprocessed regrade requests. By far the worst professor I've had so far, I was maybe interested in half of one lecture. Some of the 5 star reviews are probably Max himself.",,,,,,,,,,
CMSC330_210,CMSC330,Anwar Mamat,2024,4,"He's a great public speaker I think the first half of the semester he was getting back into teacher but after that he was getting better at lecturing. He does clicker quizzes which to be honest only people who don't want to show up to lecture complain about it's a free 4% of your entire grade he essentially gives people answers to it most of the time and there not hard questions. As for projects, exams, and quizzes he co taught with Cliff so most of the projects and exams were made by Cliff and his TAs from my understanding. Between Cliff or him Anwar is the better 330 professor provides great slides to study off and is more entertaining/ easier to follow.",,,,,,,,,,
CMSC351_290,CMSC351,Justin Wyss-Gallifent,2024,5,"Took this class in the summer. Layout was 1 exam every two weeks for a total of 3. I believe he mentioned he cut some small part of the normal material out to make sure we had enough time to cover everything. Justin was always very understanding about everything and very receptive on Piazza, I definitely recommend taking this class over the summer if you get the opportunity.",,,,,,,,,,
CMSC414_035,CMSC414,Michael Marsh,2021,1,"Awful, awful professor. Lectures are incredibly high level with absolutely no application involved. Grading scripts make countless errors, which he promises to resolve, but WILL NOT ALWAYS if you are unlucky. Incredibly disorganized course webpage.",,,,,,,,,,
CMSC417_008,CMSC417,Michael Marsh,2018,1,"Honestly, one of the most unorganized classes I've ever taken. Avoid this professor at all costs. The first project took nearly 2 months to get back to us, and over half of the students got zeroes due to shoddy testing code. Every assignment we've had so far has had to be regraded. This morning, the day AFTER the drop deadline, he announces the next midterm and final exam will be in class rather than take-home. Completely unprofessional.",,,,,,,,,,
CMSC420_149,CMSC420,Michelle Hugue,2024,5,"I took Meesh's class in 2003, and TA'd for 420 twice. You can blame me for the XML input the projects still use today. Meesh was the best 400 level professor I had. I learned more in her class than any other at UMD.",,,,,,,,,,
CMSC421_027,CMSC421,Pratap Tokekar,2022,4,"I think the professor taught as best as he could, but the class structure just wasn't good at all. The TAs never responded on Piazza so he was basically the only one who ever answered questions, grades took forever to get back, lectures weren't recorded for unexplained reasons, and the slides were taken from UC Berkeley and never updated. Pratap has potential to be a great professor, but if he's gonna teach this class in the future he should just make his own slides, and he should push the TAs to at least answer student questions.",,,,,,,,,,
CMSC424_045,CMSC424,Peter Keleher,2022,5,"I had an amazing experience in CMSC424 with Prof Keleher. I think many of the 1-2 star reviews judge Keleher a little too negatively. I liked this class and the way Keleher taught it. Pros: 1) Keleher actively responds to Piazza posts and answers student questions in office hours and is very understanding if you communicate with him proactively 2) Weekly lecture quizzes had questions and solutions that helped prepare for the exams and final 3) Assignments were well-explained and not too difficult to implement 4) He posted practice exams with problems, detailed answer keys, and topic lists to prepare 5) He answered questions in lecture and recommends good resources and sections in the textbook 6) TAs are responsive and had both online/in-person OH and responded to my Piazza questions quickly and private posts 7) Cutoffs for the overall grades were pretty generous 8) Well organized, good logistics and regular announcements on Piazza 9) Topics covered in class are very applicable to real-life database engineering Cons: 1) Doesn’t record lectures which I found a little challenging at times as hearing his personal commentary would have helped supplement my understanding of the material Other than that, this was an excellent course that I learned a lot from and I would definitely recommend taking it with Keleher.",,,,,,,,,,
CMSC426_013,CMSC426,John Aloimonos,2022,1,"Reeks of tenure. TAs did literally everything for this course. Lectures had nothing noteworthy in them, and we were not able to practice these concepts. Projects had very odd grading schemes and had no input from the instructor. Midterm exam (conceptual and explanatory) was extremely different from the one given as practice (computational and short). The only reason students did well was because he did not give installation instructions for a MATLAB package for M1 Macbooks, so after 2 weeks of no information we've been told our final project (20% of the final grade) has been made optional. Very uninteresting course and experience.",,,,,,,,,,
CMSC451_028,CMSC451,Andrew Childs,2020,5,"(Disclaimer: had him during fall 2020 virtual semester) I found the course a lot easier than 351. The homeworks were a bit challenging but I found that the TAs, at least during this semester, graded very generously (the rubrics are not like 351 where it’s basically 0%, 50%, or 100% per question). The tests were kind of hard to do under a time crunch but they were generally easier than the homeworks and again had generous rubrics. Childs is a nice professor and responsive to the students - he extended the deadline on one of our homeworks. If you’re interested in 451 I recommend taking it with him.",,,,,,,,,,
CMSC456_010,CMSC456,Lawrence Washington,2018,5,"Dr. Washington is an amazing professor! He teaches concepts very clearly, is a super nice guy. He's very understanding about workload and will give you any extensions you need. Exams are very fair, and I had fun putting in what work I could to learn the material (I was also taking cmsc414 and cmsc320 that semester). Definitely take a class with him before you graduate!",,,,,,,,,,
INST326_018,INST326,Matthew Patrick,2022,5,"not sure why there's the hate in the some of these reviews... professor was very clear that the course was going to be asynchronous from the beginning. and whenever i did go to lecture he was really helpful and nice. i didn't have to waste time going to lectures and labs for stuff i already knew or could easily google which saved me so much time. there were other in-person sections for 326 too, feel like some people would've just had a better experience there. honestly this was one of the best classes i've taken, but to each their own ig",,,,,,,,,,
MATH140_468,MATH140,Mirna Pinsky,2025,2,"Avoid taking this class if you don't want to teach yourself calculus. The only reason I'm not giving a one-star review is because I think she's a nice lady at heart and she's kind of funny sometimes, but she's a terrible teacher. Her tests are overly difficult as well and the review that she does in class provides minimal help in preparing for the exam. I've tried studying different ways for each exam and I always pick the hardest problems I can find in the textbook and do all the recommended problems in the syllabus, and she always finds a way to pick questions that are both unheard of and harder than the practice problems. As someone that didn't take calculus in high school, as a first-time learning experience this is probably one of the worst ones I could've had.",,,,,,,,,,
MATH141_505,MATH141,Sean Gruber,2025,5,"Yea there's basically nothing bad to say. Every review has basically already covered it. He's incredibly nice and understanding. And you'll walk out of the class learning something while having a good time. If you have the option to take him, do it!",,,,,,,,,,
MATH240_328,MATH240,Archana Khurana,2025,3,"intro: overall i think i liked the class and coursework? if you want to know why 3 stars, see the cons section below the class itself is not very hard and she makes the class pretty easy in multiple ways pros: - quizzes are given about weekly/biweekly depending on exams/break, and you can work in groups of 2-3 within your discussion section (so make sure you're in the same discussion as your friend if you care) - 2 practice exams per midterm given before, which are formatted very similar to the actual midterm. also a lot of resources for finals like practice/past exams - she does a LOT of review sessions, for midterms and a couple for finals (which look generally useful if you're lost on a topic), mostly over zoom/recorded but sometimes in person; i never went to these but she gave useful info there - she posts her edited/unedited notes on the ELMS files page so you can follow along and/or catch up, but very rarely the notes might not make any sense alone (without her explanations in lecture) if you don't already understand the foundation/previous content that its building on - always posts reminders/announcements about review sessions/quizzes/projects and generally seems pretty responsive/available to help - midterms/finals were, for me, easier than the practice versions or the review session problems - couple of points of extra credit on exams - 2 quizzes dropped? - she seems very kind and helpful - discussions are mainly extra practice problems for content you're on, and i didn't attend after 2/3 of semesters when things got busy and I still did well overall (besides required for quizzes) neutral: - no assigned homework/graded homework if you want that for a grade boost, however she does assign problems from the textbook (which she provides, online) for you if you want extra practice. i didn't need any of it to do well on exams/quizzes - the way that the notes are written during lecture can sometimes be messy. there's a general format of definition/theorem -> examples but this can change from time to time - 4 matlab projects, i found the content/questions asked here somewhat more confusing than in-class, and sometimes its a little unclear of what the question exactly is asking for/how you can get to the answer, but overall not a bad part of the course - she has a decently heavy accent which if that's hard for you to listen to/understand, it could be a possible issue -- additionally, shes not fluent in english like a native speaker, which is fine, but you just have to be more careful when listening to make sure you understood correctly - sometimes makes a mistake during lecture which slows down the class which is fine overall cons: - here's my MAIN issue with the class: going to lecture was such a terrible experience (for me) - besides the accent (for me personally), she had very odd/fluctuating pacing throughout each lecture; she would either be really slow with question/problem making it boring, or be really fast with a question and you can't write any notes down - on top of pacing, sometimes she'll be late and then hold the lecture for like 2-3 minutes after class and only slightly mention ""this will be really important: ..."" after doing miscellaneous work the entire lecture - she repeats herself like, a lot. like 3-5+ times at certain points in lectures. then she might also move on quickly and you won't know if shes still on the same example #1 or suddenly on example #10 - she always expects class engagement in the lecture (or even in review sessions). she'll either like have the answer up on the screen and then ask us for the answer (literally waiting for someone to say something), or she'll just repeat a question like 4 times asking what the answer is (even if its painfully obvious/basic arithmetic) - she switches between an ipad screen/her paper notes at times, slowing down class but also why can't we just stick to the screen format which is easier to read/follow along - explanations for concepts are IFFY at BEST, and generally just not helpful at all. she'll switch through a various bunch of concepts quickly and sometimes you'll fall behind on what's going on in class (or she'll move backwards in content while you're still writing down an example) --> THIS was honestly one of my bigger issues; her explanations are just not good -- additionally, I just didn't find her explanations useful for new concepts and I was often rather confused after a lecture on what she meant. (but it does seem like she knows what shes talking about) - she has a lot of expectations of what terms you understand/know and will quickly mention some new word/vocab in class but not actually explain what it means so its like a double layer of confusion - overall, i just had such an entirely bad experience with attending her lectures i pretty much dreaded the days I this class's lecture - lectures themselves are not recorded if you care conclusion/tldr: - class was on the easier side and shes very helpful, kind, and provides many resources to succeed but the lectures were approaching unbearable (for me).",,,,,,,,,,
MATH241_491,MATH241,Junyan Zhao,2025,2,"I would not recommend taking Professor Zhao. In his lectures, he simply prints pages from the textbook and works through the derivatives of the equations on the chalkboard. The examples he provides are the same ones found in the textbook, and he solves them extremely quickly. As a result, unless you had reviewed the material before class, it was difficult to fully comprehend the information. When introducing new topics, he rushes through them. Before THANKSGIVING, we had already finished all of the course material. During the following two weeks, each class consisted of reviewing two textbook chapters within 50 minutes. For one of the hardest topics, Vector Fields, we learned all of the theorems in less than two weeks. The only saving grace of the class was my TA, who reviewed the material thoroughly and was far more helpful than the professor. Even the TA expressed confusion about why the professor rushed through the entire textbook. The grading breakdown was 10% quizzes, 25% midterm, 25% midterm, and 40% final. The averages were midterm 1, 74%, midterm 2, 73%, and final, 70%. The class is basically just self-review the whole time, and going to the lecture is a waste of time.",,,,,,,,,,
MATH246_326,MATH246,Revati Jadhav,2025,5,"Definitely take this class with her. She goes over multiple examples in class, responds to emails in a timely manner and her way of teaching is very easy to follow.",,,,,,,,,,
MATH310_031,MATH310,Kathryn Truman,2022,2,I'm not a fan of Truman. Homework assignments took hours and weren't similar to any of the problems we covered in class. The averages for the exams were all around 50%. I would go for a different professor when taking 310.,,,,,,,,,,
MATH401_068,MATH401,Allan Yashinski,2023,5,"Had him for MATH461 and decided to take MATH401 with him as well. The class was a good experience, and Allan was always quick to reply to my countless emails asking for clarification regarding the content. The exams were very fair. The work load isn't light per se, but it helped me understand the content.",,,,,,,,,,
MATH403_003,MATH403,Joel Cohen,2009,3,"Dr. Cohen is not that bad, but for me, 403 was a challenging course. The exams were hard because you had to recall a lot of the theorems from chapters that might not have been covered recently. Going to the math dept. tutor, Dr. Bhatia, helped a lot. If you do take this class, make sure you are comfortable with proofs and algebraic concepts in general.",,,,,,,,,,
MATH406_007,MATH406,Lawrence Washington,2011,4,"Very nice guy and a pretty good professor. His tests are very reasonable and he gives you practice tests too. He is very approachable during office hours. He assigns homework bi-weekly. He collects 2 or 3 problems and then quizzes you on another 2. However, in class before the quiz, you can ask him ANY homework problem and he will do it. There's usually enough time to do all of them, so you're set for the quiz. He'll also do problems in office hours. With a little effort, you can get a 100% in homework and quizzes.",,,,,,,,,,
MATH410_078,MATH410,Christian Rosendal,2024,5,"Great professor who you can tell really knows and enjoys the content he's teaching and wants you to understand it too. Follows the textbook very closely - but unlike some other professors, manages to present the material in a way that adds onto the textbook and truly makes class worth attending. He's also generally really nice, exams are fair, and homework load is manageable. I'd highly recommend him.",,,,,,,,,,
MATH411_007,MATH411,McBlaine Boyle,2011,5,"He is really good at teaching, and thoroughly enjoys it. Even in an upper level class, no question was too basic, and the lectures were given at a reasonable pace with full explanation. In other words, all assumptions and previous assertions or connections to previous parts of the problem were made clear at each step. Homework was also very reasonable but helpful, and he strikes a nice balance between proofs and applications (i.e. USING the concepts). Lectures were very helpful, and focused on a lot of examples of methods used to prove and solve things. He is also very helpful (and always present) at office hours. I might say that the class is a little less rigorous than I remember 410 and being and than other 411 classes I've heard about, but he does a healthy amount of relating the material to topo and linear. I would definitely say that even a very introductory view of set theory/topo is extremely useful the first unit in his class.",,,,,,,,,,
PHYS121_027,PHYS121,Adil Hassam,2012,5,"Dr. Hassam is awesome! He is so friendly and funny – he tries to make lecture entertaining. The examples he gives in class are not nearly as hard as the ones on the exams, but if you go to discussion and understand MasteringPhysics problems, you will be very well prepared for exams. I had Jack for my TA and he was very helpful. Lab is hard, but I still managed to get an 89% for my total lab grade. There are also occasional quizzes in discussion, which count for 5% of your grade, about a dozen MasteringPhysics homeworks (15%), two midterms (15% each), the final (30%), and lab counts for 20%. Hassam gives a very generous curve. The midterms consists of about 4 multiple choice/ true or false questions and about 4 problems. I did well in lab and on homework, but I failed most of the exams and still received a B in the course. He assigns grades relatively, meaning you are graded according to how everyone else in the class performs. Dr. Hassam doesn’t like to fail anyone if he can help it. If you study hard, do all of the homeworks, and attend every discussion you will do well in this class.",,,,,,,,,,
PHYS131_017,PHYS131,Matt Severson,2022,1,"Class structure: Incredibly disorganized. Due dates constantly changing. One assignment is due, then the date is shifted, then it is no longer due. You already did it? Too bad. Am I in a physics class or a Kafkaesque fever dream? Teaching style: Goes through pre-written PowerPoint slides that make no sense even when he tries to explain things. He is not a good communicator so he dislikes teaching, which makes class a giant waste of time. Feedback style: Shockingly nasty. Says things like ""it's not my job to teach you xyz..."" ""I guess you weren't paying attention during class..."" ""Any lack of success is your own doing."" Office hours: One of my classmates said he showed up to office hours and Severson said he was busy ""come again next week"". Excuse me? Office hours is when you make yourself available to your students. Lab: 3 hours of blind confusion where you learn nothing about physics. It is just about decoding the instructions and then messing around on excel. They aren't even his labs but he doesn't care enough to change them. Difficulty: It was an easy class if you ignore him and just learn from online resources. Overall: He is an unfortunate reminder that not all teachers care about their students. He would just prefer to rant, ramble, and blame his students rather than take responsibility for the quality of his own course.",,,,,,,,,,
PHYS260_149,PHYS260,Hailu Gebremariam,2025,4,"Hailu is a decent professor if you can look past his boring lectures. The actual content is very useful, and he answers students' questions well. Exams are fair, and the final, while difficult, was also fair. Does plenty of practice problems like the exams in lecture, so please actually go to them. Like other reviews say, he doesn't post much practice material; please practice from the textbook and you will be fine. Tip: if you sit toward the front near him, you will be less likely to fall asleep.",,,,,,,,,,
PHYS270_037,PHYS270,Drew Baden,2023,5,"The only truly great physics professor at UMD in my (limited) experience. His exams aren't necessarily easy, but they're direct and worded well so that if you understand the proper concepts you will succeed. Helpful guy overall with a keen sense of humor and the passion to make otherwise lackluster content seem interesting enough to learn. Only slight on him is that he doesn't update canvas nearly as much as he should, but otherwise is the best bet by far if you want a good experience in Physics 3.",,,,,,,,,,
STAT100_185,STAT100,Archana Khurana,2024,5,She's very nice and goes over content multiple times to make sure everyone understands the material. The weekly R assignments were annoying but a useful skill for anyone interested in coding. Practice exams are almost identical to the actual exams and if you make a decent effort to study those you are pretty much guaranteed an A. STAT100 is a pretty easy class but taking her made it even easier.,,,,,,,,,,
STAT400_422,STAT400,Mestiyage Gunatilleka,2025,4,"Assignments are almost free 100's, so it's down to the exams, which aren't too bad if you know your calculus (and can be bothered to study). He provides an extremely generous study guide with answers, and makes both his lecture recordings and writings accessible. No quizzes too, which is really nice. As generous as the assignments are I felt like Danul explained concepts in lecture in extremely roundabout and confusing ways, and I personally found it better to learn from the TA or the textbook as a primary source, but also useful to peek at the lecture notes and such secondarily.",,,,,,,,,,
STAT401_022,STAT401,Mestiyage Gunatilleka,2022,4,"Very clear at explaining statistics concepts, quizzes and exams are pretty easy. Only downsides are that his lectures can be quite dry and coding projects are somewhat annoying to do.",,,,,,,,,,
STAT410_068,STAT410,Takumi Saegusa,2024,2,"Not a good professor at all. Lectures were incredibly dull with him just reading verbatim off of the lecture slides, which were riddled with errors, including errors in formulas which I only noticed after slamming my head against a wall on a homework problem only to realize the formula HE GAVE was wrong, so maybe double-check the things he tells you to be safe. He paced the entire class incorrectly, as well, so we spent the entire first half of the semester doing the basic foundational work of STAT410, but we never made it to moments, characteristic functions, or limit theorems, all of which I would have liked to learn as a Math major interested in studying statistics. The exams were easy however and you can bring a formula sheet. Not particularly hard professor, but a genuinely awful teacher.",,,,,,,,,,
BSCI160_542,BSCI160,Leo Shapiro,2025,1,"dr shapiro is very knowledgable and seems very confident on his expertise in ecology and evolution. however, i sometimes think he is TOO smart for the rest of us taking his class. his exams are by far the worst as he typically includes something that he briefly mentioned in lecture or asked us to recall something so specific from a video (which i think is ridiculous). if you dont go to class, youll likely miss something he said that will definitely be in the exam. he goes on too many tangents and can never just get to the point. he also talks about those stupid birds way too often. aside from the fact that he is a really bad lecturer, he also doesnt let us see our full grade for the whole semester so youre basically blindsided until he releases them. i strongly recommend taking any other professor than him if you actually want to get an A in a 100 level biology class.",,,,,,,,,,
BSCI170_266,BSCI170,Swarna Mohan,2025,5,"Most of the bad ratings are for Mohan's lab, and the quality of your lab depends on your TA. But Mohan herself is a great lecturer. Really good professor, made the class pretty easy to understand and easy to find success. There is a lab manual that you have to buy (SimBio) and there are graded readings (but they're graded on completion), however you honestly don't need to read the textbook. Mohan only puts material that she goes over in lecture on the exams, and she records all of her lectures, and it was really convenient! Attendance matters however as she puts random participation questions in the lecture, so you will have to wake up at 9am and go to the lectures, but she drops like 7 of those participation question grades. Use frugally tho! A lot of the other reviews on here talk a lot about the other work she assigns throughout the semester, but it really isn't a lot and fairly easy. There are weekly in-class ""quizzes"" on Fridays which go over the material that she talked about throughout the week, so even if you do skip you should still keep up with the material. The exams are also fairly similar to the weekly class quizzes so they can help you get an idea of what kind of questions would be on the exam. You can also go to office hours, inbox the TAs, and go to Guided Study Sessions if you need help. GSS sessions are hosted two times a week at the same time. Overall this course with this professor was fairly easy imo, if you put a little bit of effort into the class you will succeed!",,,,,,,,,,
BSCI171_032,BSCI171,Swarna Mohan,2023,2,"I never interacted with her, but her lab manual is a scam. You pay like $25 for a lab manual that is poorly written, confusing, and ridden with errors, and she has about 1000 or so students each semester all of which need to buy in order to succeed, so she is making bank scamming college students. She was super strict about small things. I turned in one assignment 3 minutes late, which is my fault, but I ended up getting 1/2 credit. Aside from her being super strict, your experience within the class will be reliant on your TA.",,,,,,,,,,
BSCI201_071,BSCI201,Maira Goytia,2024,5,"Absolute goat! Such a nice person and very knowledgeable about every subject within BSCI201. Her exams were fair, and you are given plenty of material to help you prepare and study for them. Her office hours were a big help too as almost no one goes for some reason. She also allows a cheat sheet for each exam that helps you avoid the stupid memory things that won't come up but just might be snuck in for a few questions on each exam. 10/10 professor I would 100% recommend.",,,,,,,,,,
BSCI207_167,BSCI207,Nicholas Fletcher,2024,4,"Fletcher is a great professor. He records all his lectures and uploads them to Canvas, so really, the only time you have to attend class is when he hosts Group Activity assignments during class (GAEs). You will get full points on the homework and in-class GAEs for just attempting them. The online concept checks have three attempts and unlimited time, while the online GAE-preps have one attempt with unlimited time. He does ramble a bit during lectures but usually gets through everything he needs to just fine. You do get cheat sheets for all the exams, the front page of the equation sheet for all the midterms, and the front and back of the equation sheet for the final exam. I would have done better if I studied more, so just study a decent amount and write what you can't grasp onto the cheat sheet and you'll be fine. He also rounds up grades, my 86.45% was rounded up to an 87% for a B+.",,,,,,,,,,
BSCI222_218,BSCI222,Raymond StLeger,2025,1,"There's a review that gave this man 5 stars and said the people who don't do well didn't study enough...NOT TRUE. He's a very smart man for sure but his lecture slides and speech are very disorganized and have no flow to it. Very hard to understand him and keep up with him in lecture, and his recordings aren't much better. His exams averaged low 70s and high 60s, which is just a reflection of his teaching because a majority of us would make Quizlets based off his lecture slides so we had all of the info, but he would still put questions that were so incredibly specific that you can't really know what the answer is unless you're a genius. He was also very disrespectful and condescending to students, would often tell them to ""Shut up"" or ask ""Are you dumb"" in lecture. I don't recommend if you want a good grade.",,,,,,,,,,
BSCI223_047,BSCI223,Erin Tran,2024,1,"In the last four years I've taken two chems, two anatomies, two physics, and various other straining courses, and this by far is the worst. The content probably wouldn't be nearly as difficult to learn and understand if Dr. Tran used even half of the time we spend in lecture actually teaching us. She raves about how great the flipped classroom is, but if you were to ask literally anyone in our class you would not hear the same answer. We have to watch videos that are 3 years old and not a single minute of lecture is spent reiterating any material. Every class period is spent doing clicker questions for a participation grade, which the school no longer covers the subscription for, and we are expected to have the same level of understanding as her despite her not really teaching us. Most of class guesses on all of the questions and they are not a good indicator of exam questions. For every exam, Dr. Tran creates multiple versions where everyone had vastly different questions. To top it off, she informed TAs that they were not allowed to give us partial credit for most questions, even parts that were worth 10 points on a 150 point test. Every test had errors and had questions that were very poorly planned and worded. Truly the only reason I can expect to do well in this course is because of my TA Kari and what felt like hundreds of lab assignments. Most weeks we had 2 or 3 time consuming assignments due, in addition to 2 large projects that barely related to the class. We had to come up a gene and cloning strategy to genetically modify bacteria to benefit a cow???? This class has been one of the most time consuming courses ever, especially with two lab sessions a week. It is clear to me that Dr. Tran does not prioritize her students and doesn't really seem to care about how we are doing. She sent out a mid-semester survey for feedback and went over it in class. She proceeded to tell us that she won't be changing anything despite us asking for some change. I truly hated this class.",,,,,,,,,,
BSCI330_123,BSCI330,Kenneth Frauwirth,2024,4,"Dude is nice and is generally a good lecturer. Exams are EXTREMELY lecture-heavy and contains a lot of specific content that he TALKS about, but does not put in the slides. DO NOT take tues-thurs 75 minute lectures. This man does not stop talking the entire way through, and I guarantee you will fall asleep, zone out, or generally pray for the sweet release of the void. The mon-wed-fri lectures are less overwhelming.",,,,,,,,,,
BSCI410_076,BSCI410,Louisa Wu,2023,5,"Dr. Wu is a fantastic professor and if you are considering taking BSCI410 or an upper level biology course, then I would strongly recommend taking BSCI410 with her. I have found that it can be difficult to connect with professors at UMD who teach large courses with many students, and it can be easy to find yourself feeling like just another number associated with a grade on their roster, but it is completely different with Dr. Wu. She is a truly caring individual who wants her students to succeed and she is incredibly generous in terms of the time she commits to her students and her willingness to help students understand the course content and do well in her class. She is an incredibly nice and relatable person who is not intimidating at all which makes the course much more enjoyable, and she makes it very comfortable to reach out to her. Do not be intimidated by some of the reviews on here about her class, BSCI410 with her is incredibly fair and she makes it very possible to do well in her course. As an upper level biology course, BSCI410 has its fair share of challenging content, but if you reach out to Dr. Wu and attend office hours to sure up gaps in your knowledge related to the content then you will definitely do well. The course itself is also extremely interesting for anyone who has an interest in genetics or the life sciences. Some major topics covered in the class include genetic expression and interactions, genetic technologies, and genetic history. Dr. Wu makes these topics extremely enjoyable to learn about through providing fun examples related to the content during lecture and exercises outside of class time that are thought provoking and make you think about how what you are learning can be applied to the world around you. In terms of the graded course content, there are three exams, six homework assignments, twelve post-lecture elms quizzes, in class clicker questions and a handful of one minute essays online. She drops your lowest exam score, lowest homework score, two lowest quiz scores, and two lowest clicker scores, but if you attend office hours and talk to her about topics you are having trouble understanding then these dropped assignments serve more as assurance that you can relax going into the final than as a grade saver. When enrolling in my classes, I had the decision to take BSCI410 with Dr. Wu or another upper level biology course that looked easier but far less interesting and I am incredibly happy that I decided to take BSCI410. If you are reading this review and are on the fence about whether or not you should enroll in this course with Dr. Wu then I hope my review convinces you to go ahead and enroll as it has been one of my favorite classes I have taken at UMD and Dr. Wu is a fantastic professor and an amazing person.",,,,,,,,,,
CHEM131_490,CHEM131,Natalia White,2025,5,I had her for chem over the summer and she was honestly great. I had an 89.something and that ended me with an A+. She took time to stay after class to answer questions and her tests were fair.,,,,,,,,,,
CHEM132_040,CHEM132,Christiana Guest,2023,1,"Lab is entirely TA-run. My TA was ok and ran the lab smoothly. You'll have some TAs who'll grade harshly and others who will be softer. Ultimately, your experience in this course depends on what TAs happen to grade your lab. The only reason why people took Guest this semester is because she was the ONLY option for this course. At least you will never interact with her in lab. This is why I'm giving her a one-star review: At the end of the semester, she unexpectedly curved everyone's grade DOWN by 3-5 percent (i.e. ~92 equates to a B+). I got a high 93% (raw percentage) which got dropped to an 88%. She states in her lab manual that ""you should work as if there was no curve in this class""... so what does that mean if you curve down? This does not allow students to accurately keep track of their letter grades, and turns the class into a giant competition to get good grades. If you try to email her about that, you will be met with no response -- as other reviews have said, it is extremely difficult to communicate with her. For future students... do yourself a favor: if there is another option, go with that option. Although this isn't likely to change.",,,,,,,,,,
CHEM135_397,CHEM135,Lenea Stocker,2025,5,"I thought Dr. Stocker was a really good teacher overall. She doesn't like to be emailed but is a very friendly person and helpful when I went to office hours. Some topics can be hard to understand but I always thought she explained them well, sometimes using fun metaphors. She doesn't post full lecture notes or recordings so you do always have to come to class. She does however post multiple practice exams, some with answer keys and some without and they tend to be pretty accurate. I do also think she makes you memorize some things like ion solubilities that other classes get charts on for exams.",,,,,,,,,,
CHEM231_390,CHEM231,Sonia Hirschauer,2025,5,"Hey everyone, After reading some of the reviews here, I felt like I needed to share my experience. I took Organic Chemistry with Dr. H in the spring and ended up withdrawing. I thought I could “figure it out,” but that approach did not work for me. When I retook the course with Dr. H the following semester, everything changed. She genuinely believed in me and emphasized that success would come with consistent practice. I didn’t do anything over winter break to prepare, yet I ended up with an A- that semester. Honeslty, the difference was that I did orgo every single day. Dr. H’s exams are fair—they test whether you understand the concepts, not your ability to memorize random material. She never includes topics that haven’t been discussed in class. Chemistry is hard (I was in tears y'all), but blaming the exams isn’t fair—they are designed to reflect your understanding, and that’s exactly what she evaluates. I also went to office hours a few times for extra help, and she was incredibly supportive. Sure, sometimes I couldn’t grasp certain concepts right away, but she still guided me and pushed me to understand the material. Not every interaction will be great, but you get what you put into it. Honestly, I absolutely love Dr. H and would take CHEM 231 with her a million times over. Regardless of who you take you're going to have to work your butt off--that's just orgo for you. So, as long as you can explain why the heck you're drawing that arrow there you'll be fine :)",,,,,,,,,,
CHEM232_031,CHEM232,Monique Koppel,2024,3,"Never met her, you only interact with the TAs. The work for this class is actually insane considering it’s only 1 credit. You have to do the pre lab write up and pre lab worksheet for the current weeks lab but then another post lab worksheet and post lab questions for the previous weeks lab. Pre-labs arent that much work and sometimes the pre lab/post lab worksheets arent bad either, but the post lab questions are so long and tedious. The TAs lowkey grade harsh too. Go to the TAs office hours for help on the PLQs and sometimes the post lab worksheets too. Find a TA who will give you the answers bc some are stuck up and wont help you unless you attempt it first. If youre wondering abt the curve I got a 78% rounded to a B.",,,,,,,,,,
CHEM241_223,CHEM241,Lenea Stocker,2025,2,"She gives off the vibe that she doesn’t really want to be teaching, and she kept mentioning that she wanted a promotion throughout the semester. The class itself is full of people who are the teacher's pets and act like everything she says is hilarious, which is honestly kind of exhausting. She flies through lectures at lightning speed and I seriously couldn’t retain anything in real time, so I had to start recording every class just to have a chance of understanding it later. That said, when I did go back and review the recordings, the material actually made more sense. So I’ll give her credit, she does prepare you well if you're willing to put in the extra effort to basically relearn everything yourself. Her exams are fair, and she provides tons of practice problems and old tests to study from. But she doesn’t record lectures or post notes herself, which feels outdated and unfair given how fast she goes. Overall, she clearly knows the material and can prepare students well, but the delivery makes it really hard to keep up unless you're HYPER motivated or already strong in orgo.",,,,,,,,,,
CHEM271_195,CHEM271,Alice Mignerey,2025,1,"Literally do anything you can not to take this class. these reviews don't even do how bad she is at teaching justice. It is awful. I went to class the first two weeks - all she did was make me more confused. First, she would spend 10 minutes figuring how to work the technology. Then she would spend half the class figuring how to do her own problems. Im not sure about y'all but if a teacher cant figure it out neither can i. It was way easier to self study and just go to discussion rather than try to sit through those classes. On top of this, the homework she gives is so god AWFUL. I would spend literally 10 hours a week on JUST the homework - because if you get one question wrong it will take you back one (so as if you didn't get the previous question right) which is genuinely the most frustrating thing in the world. Mind you this is a two credit class, so spending upwards of 10 hours on homework a week is INSANEEEEE. take anyone else. please its for your own health and wellbeing. what i will say constructively about this class: since i didnt go to class, the homework did help keep me familiarized with the topics so i wasnt so screwed when it came time for exams - but like 100% that does not outweigh the trauma that ALEKS (homework website) put me through. also, her exams are not super unfair, they are kinda ish similar to the practice exams she gives butttttttttt she will throw in one or two or three like SUPER hard questions on every exam that absolutely nobody gets right just for fun (TA literally said that she just does this and thats what differentiates the A students from everyone else).",,,,,,,,,,
CHEM272_001,CHEM272,Michelle Brooks,2009,3,"Dr. Brooks is an unusual character. Some days she seems so nice and is willing to help you out any way possible, and some days it seems like she has pms and hates the world and wants you to get an F. All I can say is that I worked by @$$ off to get an A in this class, and it was the most workload I had out of any class. She curved the class so that if you had an 85% or higher, you would get an A. The three exams were difficult, especially the multiple choice part. Although the final was really easy, just make sure you write all the procedures and every chart from the lab manual. Overall if you really want to get A, get ready to work.",,,,,,,,,,
CMSC131_378,CMSC131,Ilchul Yoon,2025,1,"if you have him, you are in big trouble. Every one-star review you see here it's even worse than that!! and if you have no coding background imma just say you gonna go in som deep stress for sure.",,,,,,,,,,
CMSC132_436,CMSC132,Larry Herman,2025,1,"Insanely boring professor with the strictest rules. No missing class whatsoever, unless you have a university approved reason, and even if you submit an absence request he won't respond for weeks on end until finally denying you weeks after the request was made. No electronics in class, including ipads. Not a problem, just buy a notebook, but just seems so unnecessary. Reminds you to call him Larry in every lecture and gets weirdly upset if someone refers to him as a professor. Only bright part is that he occasionally makes jokes about frogs and other animals but the fact that he docks points from your grade for the craziest things- accidentally writing down the wrong discussion time on a midterm, forgetting to write your name on the odd numbered pages- takes away from any sort of friendly jokes he might make.",,,,,,,,,,
CMSC216_402,CMSC216,Ilchul Yoon,2024,3,"If you are reading this in order to decide what professor to take and you are early enough to not pick Yoon, don't. However, do not stress for the months leading up to the course if you have to take him like I did. His course is not equivalent to all of these reviews and you should go in with a more positive mindset than these reviews let on. I am not a genius, in fact I was just hoping to pass 216 knowing how hard it would be, especially with Yoon. Without a doubt, my friends in Nelson and Kauffman had a much easier time and arguably learned more. However, Yoon does not mean you are failing the class, I ended with a B. What it takes to do well in this class is hard work. His exams are impossible and not fair. They do not resemble the material taught in class, so doing bad on the exams I would say is expected (class average was no higher than a 66). The projects are totally doable, start early. The lab assignments are also free As if you attend labs. I did not miss a single lecture or lab. I tried very hard on projects and lab assignments trying to get as many ""free"" points as I could which will balance out the exam grades. What it comes down to as well is that Yoon is truly such a nice guy. I had an emergency and he granted me an extension without even considering it. You have to take advantage of his willingness to help. I went to Yoon's personal office hours multiple times to ask questions from lectures or go over exam questions. During these sessions I learned a ton. You should try very hard to build a relationship with Yoon and start this early in the semester. While the class was averaging low scores, he gave us an easy extra credit assignment towards the end of the semester and yes at the end of the course, he did curve our final grades. In conclusion, I wouldnt be eager to take his classes and he makes it very difficult but trying to get as many points as you can and studying enough to stay with the average on exams will get you very far. Most importantly, review the lecture slides after class and if you are confused GO SEE HIM!!!",,,,,,,,,,
CMSC250_449,CMSC250,Mohammad Nayeem Teli,2025,5,"Easy class imo. Easy exams, pretty straightforward. You have to go to discussion on wednesdays because there are quizzes that are about class topic the week before. His lectures are recorded and it is not mandatory to go to class and they are some what boring but really helpful. Homeworks are long and can be tricky but start early and spend time on them and understand it, they will help alot with exams. Highly recommend taking 250 with him!",,,,,,,,,,
CMSC320_164,CMSC320,Maksym Morawski,2025,1,"Conflates incompetence with ""challenging students."" Agree with his philosophy of not revealing exam answers, but when all students get are typo-ridden exams and brief, disorganized overview lectures on exam topics, it's egregiously obvious how little effort Max puts into writing assignments and exams. The responsibility of knowing course material falling solely on the student as detailed on the syllabus is unreasonable given that undergraduate students have not committed to becoming data science specialists, and near contemptible given Max's example.",,,,,,,,,,
CMSC330_209,CMSC330,Cliff Bakalian,2024,5,"CS 330, a hard class they say, But I never did much work anyways They groan and they sweat and sometimes they cry But to that I say ""I didn't even have to try"" Speaking seriously, Cliff's 330 is a great class and not very difficult. You'll learn a lot from his projects. Take him!",,,,,,,,,,
CMSC351_288,CMSC351,Elizabeth Qiu,2024,5,Best TA UMD CS will have for a long time. She sacrificed a lot for us. Staying up to record problem guides for students. Staying past OH hours to help students. Very proactive on piazza. Blessed to have had her as a TA while taking this notoriously difficult course.,,,,,,,,,,
CMSC414_034,CMSC414,Michael Marsh,2021,1,Micheal doesn't teach you and expects you to learn all of the material outside of the class.,,,,,,,,,,
CMSC417_007,CMSC417,Michael Marsh,2018,2,"His lectures are mediocre, but the real problem is how he tests code. He puts our arbitrary project specs without public/release tests and then tests them in a very specific way, causing many students to get zeros for things such as putting a space in the wrong place in the output. He said he would fix this, but I still have no idea what grade I have in this class.",,,,,,,,,,
CMSC420_148,CMSC420,Michael Marsh,2024,5,"Marsh's greatest contribution to the field of college education is getting out of the way of his students by letting them do the course self-paced. That comes with its own risks that you do in fact fall behind. But do not expect any help from him or the TAs through your journey, you're on your own.",,,,,,,,,,
CMSC421_024,CMSC421,William Regli,2022,2,"Regli started out seeming like an accomplished and interesting professor, but as the semester went on that facade faded. He is one of the most disrespectful professors I have ever had. The first programming assignment he gave us had 3 conflicting sets of instructions, took the longest of any cs project I've ever taken (for some people ~40+ hours), and was detrimentally open ended, which is something I normally appreciate. His exam questions are extremely vague and have no clear answer. You can know your stuff and still fail the exam because you have no idea what the questions are asking. Overall this has been the least organized and most condescending class I have ever taken. Regli sees himself as above the students and above the class. He has not dealt with the material in 30 year and when pressed on an answer will just try to make you look stupid. Take this class if you have to, it won't be the end of the world, but you will probably hate him and the class.",,,,,,,,,,
CMSC424_044,CMSC424,Amol Deshpande,2022,2,"The only pros to this semester were that the dreaded B+ tree, the E/R Project, and the math-related projects are removed. Spark is a separate project and MongoDB was another separate project, along with a new JDBC/ODBC project. That's the only reason why I'm giving this review two stars, since the projects were actually useful and were a lot easier than they were in the past, and from the generous late policy. But other than that, this was miserable. Each topic no matter how complex it is was gone through in such surface level so then we have to pick up extra time ourselves to thoroughly learn the concepts, especially canonical cover, and concurrency. For canonical cover, we were just supposed to look up an algorithm instead which was ridiculous. Also, the fact that we have to study I don't know a 1000 slides for an exam that can ask about literally anything is ridiculous too. I could be fine with all of this if the homeworks had detailed solutions after them. Some answers are just marked as ""Correct"" or ""Incorrect"" without giving us the full answer, and how we get to that answer. Also, as I mentioned earlier in learning the material on our own, examples were not given well at all. Examples should mimic homework difficulty so then we can learn from them and apply to the homework problems, not learning them in surface level and then having to take a lot of extra time just to do the complex ones. And with the late policy, official solutions can't be released, which I understand that. But if that's the case, then we need more complex examples with solutions so we have a point of reference. Overall, this class was just a lot. If you want to learn databases, you're better off learning it on your own.",,,,,,,,,,
CMSC426_012,CMSC426,John Aloimonos,2022,4,"Lectures are great for learning concepts, clearly has a ton of knowledge and is passionate and kind. For the projects most of the learning has come from TA led overviews/course notes for projects also written by TAs. Projects done in groups of 3-4 and are challenging but I personally feel they are rewarding. Midterm was fairly tough but according to the TAs it will be curved fairly well. Would recommend for anyone with a passion for learning or interest in these topics, would recommend starting projects early with your group.",,,,,,,,,,
CMSC451_027,CMSC451,Andrew Childs,2020,5,"Definitely the best professor for CMSC451. The lecture videos are concise, well put together, and very informative. The course was also structured in a way that allowed for a lot of flexibility for students. Exams are fair and you will do well if you do the homework's. Professor Childs is very knowledgeable about algorithms and is also able to answer questions and explain concepts very well. Overall, really enjoyed his class.",,,,,,,,,,
CMSC456_008,CMSC456,Lawrence Washington,2013,4,"Dr. Washington was great and the nicest professor. He was interesting everyday and had his material ready. Unfortunately, he had generally low standards for how much material to cover in the class, and if you really want to take cryptology to know the material at an advanced level, don't take it with him. If you want to take it for fun and to learn a few things about cryptology, take it with him, because you will learn!",,,,,,,,,,
INST326_017,INST326,Aric Bills,2022,5,Aric is the absolute man. He is so understanding and willing to compromise if you need an extension. This is also the class in which I've learned the most in my entire experience. I came in as a very below average coder but Aric got me up to speed and now I'm so much more comfortable with Python. The workload is definitely not easy but he's a fantastic teacher. Also a great lecturer. My favorite professor thus far for sure.,,,,,,,,,,
MATH140_467,MATH140,Dong Quan Nguyen,2025,5,This class is so easy. Only reason I got a B is because I slacked off during an exam and didn’t do the study guide. Every other exam I aced. As long as you attend lectures and do the study guides you’ll be fine. The study guides are the exact same as the midterms just different numbers so you’re ready for them. He’s also got some pretty solid jokes. Only tough part is that he doesn’t make the final. But he does his best to make sure you’re prepared. Absolutely loved his class!,,,,,,,,,,
MATH141_504,MATH141,Foivos Chnaras,2025,5,"Having Foivos as your TA will be the best decision you make if taking MATH141! Calc 2 is difficult, but he makes it manageable and breaks down difficult concepts so that you actually understand what you’re learning. Math is not my strong suit, and this was the first math class that actually made sense, and it was due to his teaching style. He genuinely cares about his students and always makes time to help students when they are stuck or struggling. Even with the head injury I received while taking his course, he was able to accommodate and teach, which I feel says a lot about his character! Don’t second guess it—if you have a pulse, take Foivos!",,,,,,,,,,
MATH240_327,MATH240,Archana Khurana,2025,5,"Archana is a very kind professor and takes a genuine interest in ensuring that students who put in effort get a good grade. She holds review sessions for the three midterms and multiple for the final regardless of how many show up. These helped me in understanding concepts the most out of all resources. Quizzes are during discussion and you can take them in collaboration (two get dropped). If you understand what is going on in the quizzes you most likely are up to speed with the class. Overall, she is lenient, genuine, and nice, and if you are ever struggling in the course go to her office hours and she will help you without hesitation as long as you are genuine. Just make sure to stay attentive in lecture or you may find yourself lost after a few lectures.",,,,,,,,,,
MATH241_490,MATH241,Manoussos Grillakis,2025,1,"Here's the entire class (no quizzes): - 2 Midterm Exams each worth 100 points. - 1 Final worth 200 points - 3 matlab homeworks that are 10 points each, all doable in like at most 2 hours (you literally just copy code from the guide sheet) Otherwise, lectures are useless because he's very theory heavy and just uses notes from another teacher, but also throws in physics concepts randomly for no reason? He'll spend entire classes doing this btw. Exams are average difficulty, but he gives like 0 prep, just tells you to do certain recommended problems in the textbook. The funny part is that even if you do go to lecture, stuff on the final STILL will show up that he just never covers (trust me, problems on the final will be nothing like anything he gives). Take Grillakis if you just want to teach yourself and take mid-difficulty exams. Don't bother EVER going to lecture. If you're stuck taking him just watch Justin's videos and use his notes (look up justin wyss gallifent, he has a website and youtube channel) and pray that the final is easy.",,,,,,,,,,
MATH246_325,MATH246,Revati Jadhav,2025,5,"I highly recommend this professor for Differential Equations. She possesses a deep understanding of the subject and delivers material with confidence, all while being incredibly kind and approachable with her students. She successfully balances the course's inherent rigor with a commitment to student comprehension, taking every necessary step to ensure everyone understands the content. I truly hope to see her teach more courses in the Math Department in the future.",,,,,,,,,,
MATH310_030,MATH310,Kathryn Truman,2022,5,"I'm only getting a C because I bombed my first midterm. The homework feels like a lot of work because it's due right when you finish learning the material that is covered in the homework and you're not able to solve it easily just yet. But I promise when you look back at the homework questions to study for the final, you'll realize how easy it is to solve them and laugh at yourself for spending so much time than necessary. It took me a lot of self-studying to fully understand how to write proofs, but once you understand everything the material becomes fun. Dr Truman is a great professor, she'll do anything to help you understand the material, so don't worry too much !",,,,,,,,,,
MATH401_067,MATH401,Allan Yashinski,2023,5,"**Note: I took this as a summer course.** Allan is extremely adept at explaining math concepts beyond theory. He is helpful, understanding, and genuinely wants students to succeed. I found this course to be much easier than 461 because I learn best through real-life examples... and this class is all about real-life examples. We used free online textbooks, but I found that the lectures were enough. We covered a different (yet related) subject every 2 days with group work due at the end of the second lecture. The group work is done during lecture time and is basically a work sheet that you can talk through with a couple other students in a breakout room. Similar to his 461 class, MATLAB was a major part of the homework. I'd highly recommend making a class GroupMe and meeting separately on zoom because some of the homeworks can be long and difficult. Exams were fair; it was open note, open book, and had similar questions to previous exams (he provided previous exam solutions). However, a lot of people felt rushed to finish the exams on time. The average exam score was 79%, with the median being 82%. Pros: - Recorded lectures - Groupwork is probably a completion grade... don't quote me on that - Useful feedback/explanations provided on homework submissions - Open note, open book exams Cons: - Some homework problems take hours to figure out - May not have enough time on exams - Lectures aren't directly engaging or personable, only 1 other person had their camera on",,,,,,,,,,
MATH403_001,MATH403,Justin Wyss-Gallifent,2009,5,"Abstract Algebra was probably the most difficult course I have taken so far in college, but it was all worth it because I learned an incredible amount thanks to Justin's awesome teaching skills! I had him for 246 last semester, so I decided to give this class a try because he was teaching it. 403 was a very tough course for me, but I'm sure I would have failed the class if any other professor had taught it. Justin lectures is such a straightforward, easy-to-follow manner and explains everything he writes of the chalkboard. He provides plenty of examples so that everyone can comprehend the meaning of theorems, definitions, and proofs he writes on the board. Unlike most of the professors in the math department, Justin actually cares about his students and doesn't brush them off. He responds to emails very quickly and has numerous office hours available if you need extra help, since many of us did need it. The exams were pretty hard, but straightforward nonetheless, with averages/medians usually in the 50s. He does give an appropriate curve so if you think you're failing, don't worry, all hope is not lost!",,,,,,,,,,
MATH406_004,MATH406,Melissa Macasieb,2011,5,"Macasieb was a great professor, but that comes with a slight catch. She really only wants to help the students who seem serious and study the material often enough to never fall behind on the small things. She gets rather annoyed during lecture if she needs to explain something that we went over last week. That being said if you are on top of things you will do fine. Homework/Quizzes: Was somewhat difficult, but manageable most of the time. 4 questions were often turned in for grading and all the other questions were possibilities to be seen on a quiz the day the homework was due. The quizzes were just redoing the hw problem w/o the book or notes, which wasn't hard to do. The Book: ""Intro to Number Theory"" by Dudley or something like that. It was a pretty good book. It was short, but effective. Although I must say that the author starts to get impatient and lazy around section 12, but nothing really to worry about. Tests: 2 Midterms and a final (ALL are cumulative, despite what she might say). Number Theory is one of those classes where if you fall behind you stay behind, because there isn't any concept that you can just say ""I just wont bother learning that and I can scrape by with a B"" because everything builds on the previous stuff. The Midterms were about 75% computation and 25% proofs The Final was about 60/40 computation to proof. Overall I would say make sure you know all the theorems that took a while to prove during class or that she emphasizes, because those are sure to show up on the tests. FINAL NOTES: -MAKE SURE TO GET MODULAR ARITHMETIC DOWN SUPER FAST OR YOU WILL BE LOST. -FERMAT'S THEOREM IS VERY IMPORTANT, AS IS PRETTY MUCH ANY THEOREM PROVED BY EULER OR EUCLID (THERE ARE MANY) -THE ONLY WAY THAT SHE WILL HELP YOU IS IF IT SEEMS AS THOUGH YOU HAVE PUT A LOT OF EFFORT INTO FIGURING SOMETHING OUT AND HAVE A GOOD UNDERSTANDING OF THE MATERIAL. IF YOU SEEM LOST SHE WILL NOT HELP, SHE EXPECTS YOU TO BE ABLE TO FIGURE ""SIMPLE"" THINGS OUT BY YOURSELF BY NOW. (Here ""simple"" means stuff we did last week) Also I managed an A+ because I destroyed the final, I studied for it for pretty much 4 days straight.",,,,,,,,,,
MATH410_077,MATH410,Hussain Ibdah,2023,4,"Will start off by saying that the class was small making communication much easier. I also think it was his first time teaching analysis so things were a bit less organized than normal. Lectures were usually him going over some important theorems. The weekly homework took me forever at first, like 12-15 hours, but it eased up over the semester. They were also graded not too harshly but they still have to be somewhat rigorous. I think his notes were a pretty good reference if you can read the handwriting. The exams had averages in the 60s but he gave opportunities to make up points. I'm not sure how this compares to other professors but in general MATH410 is very challenging but doable and that's how it went.",,,,,,,,,,
MATH411_004,MATH411,Manoussos Grillakis,2010,4,"Grillakis is an effective professor (not great, but definitely a competent teacher). He will answer your questions directly when asked, and his proofs are generally easy to follow, though there are exceptions (not that this is his fault, as some of material is simply a bit complex to get in one go during lecture). His tests were well written - they were definitely short enough to be completed in an hour, but the questions were thorough in covering the content being tested. Also, the questions ranged in difficulty, so the exams weren't devilishly hard or too easy (though the exams certainly *seemed* easy when I was taking them, because I wasn't paying enough attention to some of the subtleties of some questions). Also, importantly, Grillakis was very responsive to student concerns about the shifting homework schedule after the week of snow, and the work load was never impossibly heavy. MATH411 isn't too bad, basically an extension of 410 into multiple dimensions. You can pretty much expect to do as well in 411 as you did in 410.",,,,,,,,,,
PHYS121_018,PHYS121,David Buehrle,2012,4,"Buehrle is the king. Pros: EXTREMELY nice, presents the material in an understandable, friendly way. Tries to make sure all of his students get a concept before he moves on. He also curves a BOATLOAD apparently. He says an 80 is rounded to a 90, and looking at his stats in our umd he is really generous. Also, his homework is graded on completion and not correctness. Cons: Dude teaches you AP Physics. Straightup. He uses old AP physics questions for his own exams, and his final. You can google the questions from his key and ap exams from like eight years ago show up. This is a royal pain when you're studying class notes and from the book and he asks you something that you've never come across before, which none of the other current phys professors do. However, there's usually only one or two of those on each test, and other than that they're OK. IMPORTANT note: Make sure you have the old exams when taking this class. He reuses a lot of his questions, and this is pretty convenient. What I found was the best way to study was to study old exams, notes, old AP physics problems, homeworks. That's listed in order of importance. I walked away with a decent understanding of basic physics and an excellent grade (I got about 910 points looking at my total grades) Make sure you do the force and motion survey at the beginning, it's worth like 1.5%",,,,,,,,,,
PHYS131_016,PHYS131,David Buehrle,2022,4,The homeworks and the labs are very tedious. But the exams are easy as long as you review the practice exams. Plus the (required) textbook is well written and helps to understand lecture. He's a very engaging lecturer by the way. And he's willing to answer any questions you have about the material. Yeah physics might be required but at least you got Dave C Buehrle to help you out.,,,,,,,,,,
PHYS260_148,PHYS260,Hailu Gebremariam,2025,2,"Nice guy, class is terrible. Very slow at everything. He talks slow, he grades slow. I fell asleep throughout class. I aced the exams, but the final was something else. Fully think I got 40% on that. Content isn't to hard till the last chapters, which I recommened going to class and reviewing the textbook for. Never rlly looked at my notes too much. The expert TA is useful for studying ig, exams don't seem to hard. My TA wasn't good, and never offered the last exam back. But overall, the class if boring, prof is too, just stick with it and try not to slack off, otherwise you'll be like me and lose your A :(",,,,,,,,,,
PHYS270_036,PHYS270,Hailu Gebremariam,2023,3,"His lectures are pretty boring and hard to follow, but sometimes he draws diagrams and those are pretty helpful.",,,,,,,,,,
STAT100_184,STAT100,Matthew Griffin,2024,5,"BEST PROFESSOR He gives you so many opportunities to do extra credit, extra work assignments that really boosts your grade. I will admit he is very strict on attendance and if you’re not there in class you miss out on extra credit points and assignments. But he makes the class work so easy along with the TA’s and the peer mentors which have been super helpful!!",,,,,,,,,,
STAT400_421,STAT400,Jonathan Fernandes,2025,4,"A solid professor overall. It may not be as easy as STAT400 with Mestiyage from what I've heard, but nonetheless I think that Fernandes was a solid option for this class. Granted, his exams (particularly exam 2) can sometimes have some curveball questions, but they are generally related to what he teaches in class and especially related to the sample exams that he uploads, usually in a timely manner. I will say that his lectures were not the best, as his teaching style was a bit boring and he can sometimes be all over the place in his lectures, but they're not the worst and some office hours with the TAs will most likely clear up any confusion you have. One thing to note though is that his final had some pretty hard questions, as about 50% of it is based on material from after Midterm 3, which is probably the hardest part of this course, which is the only reason he's getting 4 stars here and not 5. However, I would still recommend taking him as the rest of his class is generally not that bad.",,,,,,,,,,
STAT401_021,STAT401,Hatice Sahinoglu,2022,4,"lol, literally just follow along with the handouts she gives in class and turn in the homework on time. It's really that easy. 1 star off bc her chalk board handwriting sucks",,,,,,,,,,
STAT410_066,STAT410,Lutian Zhao,2024,5,"Goat-tian Zhao is amazing. He made me like stat after hating it. He also went way beyond the scope of the course at the end but none of that content was on an exam (since there's no final) so if you're interested in getting a head start on STAT 420 content or just other statistics things, then you can do that. Or you can just come to class and vibe, or not come at all. Very flexible, no mandatory attendance, homeworks did not take that long but reinforced concepts well. Exams, all the problems are given ahead of time with only numbers changed so it's easy to do well but again you still learn the content when you practice the problems.",,,,,,,,,,
BSCI160_541,BSCI160,Chloe Garfinkel,2025,5,"Dr. G is a great professor! Her lectures are super informative, and her slides are well-organized and easy to follow. You don’t really need to buy the online textbook to do well in the class. She and the TAs offer several office hours each week, and they’re extremely helpful— they are really beneficial if you are confused on the HW, want clarification on a topic, or are studying for the exam. She also provides study guides, allows a notecard or sheet of paper during exams, and drops your lowest midterm grade. Definitely use these resources to be successful in the class and on exams, as they are worth 25% of your grade. Overall, she’s really nice, clearly cares about her students, and is very approachable and easy to talk to. I’d definitely recommend taking her class!",,,,,,,,,,
BSCI170_265,BSCI170,Cordelia Weiss,2025,5,"I LOVE Proff. Weiss. She is an absolutely amazing teacher and is very funny. I almost didn't take her because she didn't have any reviews, but thank gosh I did. The tests are very straightforward and only include material from the posted PowerPoint slides! While I would 100% go to class, if you happen to miss a day, reading just the slides will have you do well in the class. This semester, Prof. Keller came in and taught a few classes, and I can say with 100% certainty that Weiss is a better teacher. She is easy to follow and truly makes sure you understand the concepts. She also had the TA's host review sessions, which were very helpful for the tests. So if you want a fun, relatable, and easy to follow professor, take this class.",,,,,,,,,,
BSCI171_031,BSCI171,Jibreel Ali,2023,5,"Jibreel was a great TA. I would take this section a million times over. He was super chill and did not make everything seem so serious. It was great. He also explains the long lab manual material in simpler terms, which is awesome.",,,,,,,,,,
BSCI201_070,BSCI201,Caitlin Fox,2024,3,"In all honesty, a lot of these reviews are... harsh. Dr.Fox coordinates the lab portion of BSCI201, which is worth around 42% of your grade. The lab meets once a week, and rarely goes over an hour and half of the two hour and fifty minute allotted time slot. The class consists of your TA reading the slides already given to you, answering a discussion question with you group, and then leaving. Towards the end of the semester, there are two quizzes on the skeletal system and the muscle system (which are generally grade boosters and everyone does well), and some other non graded activities which were actually really fun (a sheep brain and cow eye dissection). There were three ""practicals"" which are essentially just lab exams with a different name, and each of them was its own stand alone exam with no cumulative final or aspect to the lab portion of the course. However, the sheer amount of knowledge you were expected to know for each practical was ridiculous, especially for the 2nd one. With that being said, the averages were still around the low 80s, which Is significantly lower than the averages for lecture exams. Each practical is worth 100 points, accounting for a total of 300 points, or 30% of your grade in BSCI201. The remaining 12% came from pre-lab quizzes and in-lab assignments which were all easy. Overall, her low ratings were just because this course is dumb and you don't actually needed to know anything the lab makes you learn, unlike the lecture which I found very interesting.",,,,,,,,,,
BSCI207_166,BSCI207,Karen Carleton,2024,5,"Honestly one of the best professors at umd. PLS take her she is so caring and kind. She actually wants to teach biology and make sure that every student understands. she has around 11 hws which are all completion and GAE which are also for completion. Her exams are fair but hard, If you study than you will be fine. Overall i loved her teaching style and she is very approachable for office hours.",,,,,,,,,,
BSCI222_216,BSCI222,Raymond StLeger,2025,5,"To preface, this man is very British. He is blunt, can seem scary, and says things like ""and Bob's your uncle"" and ""Yippee"" on a daily basis. However, he is a very passionate lecturer and definitely knows what he is talking about. At first, I hated his lecture slides because they are a little all over the place and have a lot of random pictures on them, but I found a system of studying that worked for me. The first exam was really easy and honestly, all of the midterms over all were very fair. He asks you things that he explicitly mentions in class, so the people who complain about him asking random fill in the blank questions either didn't pay attention in class or study enough. I lowkey cram studied for every single midterm, and I would go over all of the lecture slides and create a review guide that I would memorize. Overall, StLeger is a very good professor, and I definitely recommend because his exams aren't hard (people just don't study enough).",,,,,,,,,,
BSCI223_046,BSCI223,Erin Tran,2024,2,Took this the first semester that exams were moved to in-person and it was much more work than expected and tests were random and unorganized. No partial credit was given and averages were in the 70s and bsci does not curve. Did not feel like I learned anything because of the flipped classroom design of the course. Dr. Tran seems nice enough but doesn't actually teach us. She uses clicker questions in class which no one follows along with and she moves through them quickly without really explaining much. It feels like she is very disconnected from her students - granted it is a huge lecture hall - but I don't think she knows how much her students don't understand the topics.,,,,,,,,,,
BSCI330_122,BSCI330,Kenneth Frauwirth,2024,3,"All the material you need to know for his exams comes from the class lectures. If he doesn't cover something in class, it won't be on an exam. His lectures are well-organized and easy to understand for the most part, but there is a lot of content, and they are quite monotonous. I fell asleep during multiple lectures, but catching up with the content was easy with the recordings. Sometimes he makes jokes though, which help make the lectures more engaging. Like other reviews have said, there isn't a lot of homework and the lab isn't difficult. I found lab fun, but it didn't really connect with lecture content too much. Make sure to keep up with your lab notebook; it makes it so much easier near the end of the semester. He also gives some extra credit with the TopHat questions and lecture quizzes, so make sure to do those. The first exam had less content than the rest, but only slightly. The exams are fair, but sometimes he words questions weirdly and his explanations if you ask him for clarification aren't clear. There was this one exam question that the whole class was confused about and his ""explanation"" of the question was frankly terrible. I probably would have gotten more points if he didn't explain. Exams consist of a few multiple choice, some short answer, and 2 long essay questions. The final is cumulative but only has multiple choice, fill-in-the-blank, and short answer questions. The exams and lab assignments are graded by your TA, so hope you get a good one. You can get a regrade for exam questions, but I've heard that Frauwirth is pretty strict with regrading.",,,,,,,,,,
BSCI410_075,BSCI410,Louisa Wu,2023,5,"Dr. Wu is fantastic! I never use exclamation points in my writing but I will to describe how great she is! As someone who transferred into UMD from a much larger school, one of the hardest adjustments was going from having professors who took time to get to know all of their students and encourage them to professors with class sizes of 100+ who's students seemed like they were just names on a roster associated with a grade. Dr. Wu was that rare exception at UMD when it comes to courses with large class sizes. She is a truly caring and generous individual in terms of how she treats her students and the time she dedicates towards helping them succeed. If you put in any effort to attend office hours and get to know her, you will see what I mean. She is so welcoming that it made reaching out to her for help not only easy but enjoyable. As a 400 level bio course, molecular genetics can be intimidating in terms of the scope of the content, but Dr. Wu made the class a wonderful experience. She provides the class with examples to the content that are fun and memorable in a way that makes a 75 minute class fly by. While some of the reviews here talk about the class being difficult to follow, I found it to be very possible to do well on her exams, and in the course in general, if you just put in a little extra effort outside of class to dig into the content of the course and do some background reading (which you can easily do while attending office hours and also receiving extremely helpful feedback from her). As I mentioned, it is a 400 level course with a wide scope of content so its not one where you can just skim through the lecture slides and expect to do well. I was guilty of that going into the first exam and was initially intimidated by the course after getting my first exam score back, but I started to go to office hours and reach out to Dr. Wu for help, which she gladly provided in a way where the gaps in my knowledge related to course content were easily bridged. I took this course as an upper level elective requirement and was initially torn between taking this course or a much easier course that would have fulfilled the same requirement (but looked much more boring), I ended up choosing to take this course and I am extremely happy that I did. If you have any interest at all in not only genetics, but the life sciences in general, then I would strongly recommend taking this course with Dr. Wu. Some examples of major topics covered in this course include genetic expression and interactions, DNA technology, genetic recombination, genetic testing, and genetic history. In terms of the actual course work and exams, opportunities for points in the class included 6 homework assignments (the lowest score of which is dropped), 12 quizzes on elms (the lowest two scores are dropped), clicker questions in class (lowest 2 are dropped), one minute essays which do not take long and cover fun concepts in the class, and 3 exams (with the lowest exam score being dropped). The assignments for the course are not overwhelming at all, just make sure your are taking the time to understand why questions on the quizzes, homework's, and in class clickers are being asked and how they relate to the course material rather than just answering them for the sole purpose of getting points. The exams contain a wide range of content but they are open note and if you take the time to organize your notes and understanding of the concepts rather than just copying down the lecture slides then they are extremely manageable and you will do amazing in the class. There are also plenty of opportunities in the class for extra credit (but if you follow my advice for the course in terms of how to approach the homework's quizzes, and exams, then these points will most likely serve as assurance that you can skip the third exam and still get an A rather than a grade-saver :-)). I hope my review of BSCI 410 with Dr. Wu will convince some of you reading this review who are on the fence about whether or not you should take this course to go ahead and take the leap and enroll in it as it was one my best experiences at UMD and I am extremely happy that I decided to take it myself.",,,,,,,,,,
CHEM131_489,CHEM131,Amanda Schech,2025,5,"Amazing professor. -approachable and kind -digestible lectures (especially as someone who struggles with chem) -fair exams (practice exams are so helpful, lots of resources)",,,,,,,,,,
CHEM132_039,CHEM132,Christiana Guest,2023,4,"I don't actually know Dr. Guest but the way that the lab is scheduled is great. There are many resources available to show how the lab is supposed to be done, however the reflection quizzes SUCK. Truthfully I think it is really evil that those go into the 50% category because it's usually out of 10.6 and there are three questions, meaning that if you mess a couple up and your lab reports aren't that great you can kiss an A goodbye. However, having an amazing TA like Cristina Zhang makes the experience a lot better. Christina is so kind, patient, and funny. She put up with my group's multiple mistakes and still managed to teach us a lot about chem. The overarching theme is that Dr. Guest is mid and Cristina is amazing.",,,,,,,,,,
CHEM135_396,CHEM135,Alice Mignerey,2025,1,"If you like self studying, this class is for you! Go to class, sometimes is helps. When one door closes, another door opens. That other door is my goat Matt (the TA). Do the ALEKS homework, it will impact your grade. DO NOT BUY THE TEXTBOOK!!! The discussion homeworks are the best practice for exams as well as practice exams. However, the practice exams are not exactly like the actual exams. Make sure you understand all the concepts to ensure you can figure out how to solve the problem on the spot, cause a similar problem will not be on the practice exam. Also, btw office hours were not known, make friends in the class. It is important to note that for my class the raw average was around a 50%, and then she curves at the end so those people get a B. All in all, please do not take this professor unless you are naturally gifted at chem.",,,,,,,,,,
CHEM231_389,CHEM231,Sonia Hirschauer,2025,5,"Lecture notes are top-notch. Lots of work, but a very enjoyable class. I made great friends in it. Homework is helpful, PP sets are helpful. ( I did each one three times over, once to grasp, once before the exam, and once before the final.) A wonderful person--very nice and a great sense of humor. One of my favorite professors.",,,,,,,,,,
CHEM232_030,CHEM232,Monique Koppel,2024,3,ok so you actually never interact with Koppel unless you go out of your way to. the post lab questions are sometimes mad hard and she expects so much writing from stuff that isn't even mentioned int he question so rlly make sure you hit all the bases when answering and over explain yourself. also the labs you actually have to prepare for so just read the stuff and watch h the videos and you ill be fine,,,,,,,,,,
CHEM241_222,CHEM241,Bonnie Dixon,2025,5,"This class (CHEM241) was difficult but incredibly rewarding. Organic chemistry is a hard subject because it is very different from other classes. You can't memorize or cram and expect to be successful. But if you're reading this review, chances are you have to take ochem regardless. And also, odds are this isn't the last chem class you're going to have to take. TLDR, if you want to make the most of organic chemistry and be prepared for future courses, take Dr Dixon. I took this course in Spring of 2025. Originally I had registered for the TuTh 8am section because it was supposed to be with Dr Davis, and then it was switched to Dr Dixon. I had heard horror stories about her previously so I was honestly scared for the impending semester. However, I was happily surprised by Dixons orgo 2 class. (On the last day of lecture, she said ""I know I'm not who you wanted to have, but I still hope you enjoyed learning about chemistry this semester,"" which to be completely honest made me tear up ;) I strongly feel that Dr Dixon sets students up for success. She lives and breathes UMD chem. Even though she taught 3 large chem classes this semester, she still made plenty of time for our class. Her office hours are essentially open every day 8am-2pm, except for when she is lecturing of course. She also provides CAN (chemistry at night) which is a gold mine of practice problems which are usually helpful for/closely related to the homeworks. Homeworks are often graded with in a day or two, and exams are graded quickly as well. For one of the midterms, we took it at 8am and I had my grade the same day before 3pm. Unlike other chem professors, Dixon doesn't do chem research, which I think helps. She really is just here to teach, and she loves doing it. Homeworks are difficult. But by going to every lecture, and either attending CAN or watching the recording, they are doable. I didn't go to discussion because of my job (I did the practice problems though) and I went to office hours maybe 2 or 3 times the whole semester when I was just completely stuck on the HW. Exams are also tough, but they are very similar to the HWs. Also, she often outlines what will be on each exam. One thing I love is that there is so much opportunity for extra credit. Each exam is out of 100 pts, but there are around 110 points available on each exam. There is also (time-consuming) extra credit which can be done beforehand and added to the score. The exam score will not go over 100 though. But this definitely helped me be less anxious about the exams, because I know I can skip something and still do well. Personality wise, I think Dr Dixon is hilarious. One day she was playing music loudly when we came in at 8am. She also makes jokes and sometimes talks about her personal life in a humorous way. I didn't find her passive aggressive but also I don't take things personally. I did not get bored in her lectures. I think that all in all, she really just loves chemistry and wants to make it accessible for her students, while instilling in them the value of perseverance and strong work ethic.",,,,,,,,,,
CHEM271_194,CHEM271,Alice Mignerey,2025,4,"Hear me out guys. I get that Dr. Mignerey gets a pretty bad reputation here, but she really isn't that bad if you're more of a self-learner anyway. I like that she stresses solving problems and leaving the conceptual ideas to the discussion. Yes, she messes up during lecture, but not to the extent where you're left confused. Although her exams can be tough, they almost always replicate the problems from discussion or practice exams, so you don't have to look out for trick questions that often. DO THE DISCUSSION WORKSHEETS! That said, Dr. Mignerey cannot teach effectively, I'll be honest. She's a sweet old lady, but her teaching capacities exceed their expiration dates. BUT, the TA (Matt) comes in super clutch, and this class wouldn't be the same without him. He teaches you everything you need to know in discussion, and his notes substitute the slides a lot better. I honestly just used his notes and worksheets to study, so big shout-out to him. Lowkey, Dr. Mignerey should consider passing down the torch to Matt lol. I know a lot of people complain about the ALEKS hw, but there are ways to navigate that. You don't need to work harder than you need for this class, so if you're gonna take 271 with her, I'll advise you to recognize the patterns and optimize YouTube lol. You'll save A LOT more time to study for what's actually important for exams. Overall, I can't say I enjoyed lectures, but I preferred Dr. Mignerey's straightforward approach to managing CHEM271 and don't regret not switching professors. Hope this was helpful, and good luck!",,,,,,,,,,
CHEM272_010,CHEM272,Michelle Brooks,2008,2,"Class was extremely difficult. Most labs take a long time. The lab reports took forever and were hard. Some were graded easily while some were graded really harshly. She made her midterm and final almost impossible. Overall, very bad lab. She did curve in the end but not that much.",,,,,,,,,,
CMSC131_377,CMSC131,Elias Gonzalez,2025,5,"Elias was such a nice professor to have during my first semester of college. He teaches things well, is pretty funny and I usually felt prepared for exams. He’s also pretty young so it feels like he actually remembers what it’s like to be a student. He also set aside special office ours to talk about mental health with his students so it seems like he actually does care about his students. I unfortunately couldn’t take him for 132 because the seats filled up instantly which should tell you how good he was.",,,,,,,,,,
CMSC132_435,CMSC132,Pedram Sadeghian,2025,3,"The lectures are educational, but don't do much to actually prepare you for quizzes or exams. Do leetcode or Hacker rank problems they will prepare you for exams and quizzes much better. As one of his guarantees are that exams and quizzes are things you have never done before. Pedram knows what he is talking about, but going to the lectures will only give you a basic idea of what is happening, no applications are explained at all just how data structures are put together on a High level. Other profs have average exam scores in the 80's while our first 2 were around 65 with exam 3's being high at 77.",,,,,,,,,,
CMSC216_401,CMSC216,Christopher Kauffman,2024,5,Very good lecturer and recordings were provided. Projects forced you to learn the content and were not too difficult. I really enjoyed how the exams were open-note because it made you rely on your understanding of the content and projects rather than just memorization. Probably the best professor ive had at umd yet.,,,,,,,,,,
CMSC250_448,CMSC250,Fawzi Emad,2025,5,"For reference my average review is just over 4 stars (I review all my professors for consistency) What I liked: - Hilarious, veteran, competent lecturer who knows how to run a class - Small curve applied at the end of the course - 9.5 homeworks, weekly and useful - 2 discussions/week: usually Tuesday quiz, Thursday review What I didn't like: - odd grading scale, less partial credit than I would have liked. Plus T/F questions worth 5% of an exam are rough - I understand why he doesn't want to mislead people with practice exams, but lack of midterm review materials was a bit frustrating. Would rate 9/10 if that were possible because of this Miscellaneous: - No recordings, slides intentionally cryptic to encourage attendance which was ~80% throughout the semester - 3 midterms, Easy/Hard/Hard with Medium final - If you want to get to know Fawzi, you can. Approachable and appreciates talking to students",,,,,,,,,,
CMSC320_163,CMSC320,Maksym Morawski,2025,3,"Professor Max is definitely an interesting professor. He has a unique teaching style and runs his class a bit differently than what you might be used to. He technically records lectures, but don’t count on seeing them—he rarely posts the recordings. He does eventually post his slides, but sometimes it's a bit delayed. He’s very disorganized and can take quite a while to respond to emails, which can be frustrating. That said, he’s a genuinely nice guy and actually teaches really well during lecture when you’re there in person. If you’re willing to adapt to a less structured course and stay on top of things yourself, it’s manageable. Overall, not a terrible experience—just be prepared for a more unconventional approach.",,,,,,,,,,
CMSC330_208,CMSC330,Cliff Bakalian,2024,5,"Loved the class, very little busy work, intentful projects, fair exams. There are once a week lecture quizzes where you can collaborate with people so it's not hard to get a good grade on those and they act as a little grade boost. He and anwar gave extra credit that was max 1% that came from discussion attendance/participation. I never went to discussion so I didn't really get those points but it's easy to get those. He also gave 1% if 90% of your section did the course evals at the end of the semester. The projects to take a while but I really liked them. Just make sure to start them early so you're not working for 12 hours straight for 3 days in a row like me. The 4 quizzes throughout the semester were kinda hard but not too bad if you studied. The biggest complaint was about the final this semester. The general consensus was that it was really hard(I studied a while so I did alright) but the average was 68 and he did not curve it. One other issue was the handling of exam 1. I was in a section that had a fire alarm go off right before we took the exam so ours got postponed two days. This was fine but our lecture's exam average/median were about 10% under the other classes. But, at the end of the semester, I only got a 5% boost on that exam, so I think they either curved it on a bell curve or just didn't curve it as much as I think they should have. This probably won't happen again so thats not really an issue in the future but just something to note.",,,,,,,,,,
CMSC351_287,CMSC351,Elizabeth Qiu,2024,5,"bruh the only guy giving one star is the one of the very few guys who was posting hating comments throughout the semester. I thought there were parts of the course that were unfair, and throwing shade and hate at the TAs for something the instructors have the last word in is just diabolical. this girl left no question unanswered. is she even human? 351 did not deserve elizabeth...",,,,,,,,,,
CMSC414_031,CMSC414,Michael Marsh,2021,1,"Insists on using campuswire for some reason when literally everyone else uses Piazza. Also insists on using Gitlab when everyone else uses the submit server. In 414 he gave us previous exams but would straight up refuse to answer or ignore us if we asked what the answer was. Rushes thru slides and expects us to know every single small detail about a topic, but at the same time will assign homeworks and projects that barely have anything to do with what he tests you on. Also in 420 he made exams super long for no reason, you wouldn't have finished unless you used other resources or asked your friends for help or saw the exam beforehand. Avoid him, you and your GPA will thank me later.",,,,,,,,,,
CMSC417_006,CMSC417,Samrat Bhattacharjee,2017,1,"The review from 2013 is really not telling at all. I had to drop this class because the median of the first test was like a 50. I have a pretty decent GPA (3.6), but this teacher's workload is IMPOSSIBLE to manage unless you purposely make your other courses really light. I had to drop and take the W for the sake of my other classes. Don't believe me? There are currently 15/40 spots open in the class after people dropping, and his average is about a 2.6 based off past years. Basically only take this class if you consider yourself extremely smart, and every other class has been easy for you.",,,,,,,,,,
CMSC420_147,CMSC420,Justin Wyss-Gallifent,2024,5,"Justin is the best. He is a very fair grader and always considers how the class feels about deadlines. He moved back so many of our projects because students expressed needing more time. The class does have some proofs and math on homework, but it is definitely not as math-heavy as some reviews state. He makes the class engaging, so I was never bored or falling asleep in class. His notes are amazing and grades come back fast.",,,,,,,,,,
CMSC421_023,CMSC421,James Reggia,2021,5,"Dr. Reggia is an easygoing professor and cares about his class a lot. It's basically a survey class for a wide range of ML and AI techniques. I recommend this class if you don't know anything about AI/ML. Many of the topics are taught at the surface level, but to teach anything above that would require significantly higher math prereqs which would get in the way of the spirit of the course. If you already have extensive experience in ML this class is probably not for you.",,,,,,,,,,
CMSC424_043,CMSC424,Amol Deshpande,2022,5,"He is very very smart and this course covers a LOT of material. I was new to everything database/SQL, but had to learn fast. That being said, I thought the professor did a great job at teaching the content and answering questions for those who attended class. Projects were long but manageable, not to mention that he gave week long extensions available for every project/HW as the late policy. Overall, very useful class with lots to learn.",,,,,,,,,,
CMSC426_011,CMSC426,John Aloimonos,2022,5,Great professor if you are there to actually learn real concepts and not just trying to memorize some text book. Like one of the best educational experiences I've had in all my years at UMD. He is the reason I persued a Combined BS/MS degree and was a great guy to work with.,,,,,,,,,,
CMSC451_026,CMSC451,Jonathan Katz,2020,1,"He has good lectures but this person genuinely does not care about any of his students. He does not want to spend any second on logistics and his replies to piazza posts are very irritating to say the least. I would not take him again. And grades? He says everybody should get an A and does not curve. Grading is not clear at all! We never know what the cutoffs were, we never knew what grades we had until we saw them on Testudo. A complete failure of a professor in my opinion. He also asked if us so many times not to email him. He even said he will not respond to any emails. He genuinely does not want to teach in my opinion.",,,,,,,,,,
CMSC456_003,CMSC456,Jonathan Rosenberg,2013,3,"He's alright, I suppose. There were - 11 homeworks worth a total of 20%. He dropped the lowest one. - 2 midterms worth 20% each - The final exam was worth 35%. - 2 simple online quizzes on Elms worth a total of 5%. All the grades were kept up to date on Elms, which is nice. I did go to lectures and took notes most of the time, but I felt like I took notes just for the sake of it. I never really looked over them, because I felt he was just reiterating what was in the book sometimes. He did do examples though. One lecture I realized he was introducing something we had just done for homework as if he wasn't aware of the homework at all. I suppose a TA grades it. The homework was kind of easy, with a few problems requiring Matlab. He had the useful M files on Elms. I learned mostly from the book and Google... The only issue was his exams. The questions were pretty tricky. None of them were really similar to any homework or previous exam. You had know the topics pretty well and even then you had to think pretty hard for a bit to try and work out some of these problems. I felt some of them were riddles really. Another thing is there were a lot of topics and cryptosystems to study for... a lot of tricky modular arithmetic and number theory involving factoring, Fermat, primality, and whatnot. The final was pretty nasty. I felt like I had pretty much failed the course after time was up. It was 200 points. There were only about 20, maybe 30 points worth of problems I felt confident about. The class average for it was 108 (out of 200). I guess it's okay though because apparently no one got below C- with overall final scores ranging from 43% to 90%, an average of 67, and a standard deviation of 12.8 for 27 students. So it's a huge curve for this class at least. It's quite a relief because I needed this to graduate. It's weird because I was really wondering. A few people almost never showed up to class, and I think this one guy only showed up for the exams.",,,,,,,,,,
INST326_016,INST326,Matthew Patrick,2022,1,"Do not recommend this professor. Nice guy, but class relies entirely on reading slides, the textbook, and an optional lecture every 2 weeks. If you are not confident in your Python skills this is not the professor to take, you will likely fail. I have learned nothing from the course material and have to rely on google for learning. Office hours are constantly swamped. TA's are not helpful I have gotten responses such as ""this is a simple concept to understand, re -read the question"" downright degrading and unmotivating.",,,,,,,,,,
MATH140_466,MATH140,Todd Rowland,2025,1,"ABSOLUTELY NOT! DO NOT DO THIS TO YOURSELF PLEASE TAKE LITERALLY ANYONE ELSE. Basically he will try to ""rigorously"" prove what you are learning instead of properly learning what the formulas are. We had an exam and he taught the class what indefinite integrals were the day before our exam. The only way I did anywhere as good as I did within the class was because of my absolutely amazing TA Quinn Carmack. He was so helpful and actually cared about our success whereas Rowland will try to learn the name of every single person in the 200 person lecture hall, fail and then incorrectly teach material. He does NO examples, and the quizzes in class are unrelated to what he speaks about. Several times he will ATTEMPT an example, do it incorrectly, someone will point it out and he responds ""Hehehe... guess I messed that up pretty bad :). You guys get it though, of course don't do what I just did."" And then he leaves it on the board and walks away.",,,,,,,,,,
MATH141_503,MATH141,Anna Szczekutowicz,2025,5,"Great professor all around. I came into calc 2 having failed AP Calc and only 1 college level calculus course under my belt which didn't even cover integration and managed to do better than I expected. Every lecture was well organized and she makes every topic easy to understand. She would introduce a new topic and then spend a majority of the time doing practice problems. She posts her notes so missing a class is not detrimental. Homework was not mandatory this semester which is apparently a new thing she's trying out. However I highly recommend you still do them as they are great practice. Most weeks there is a worksheet and quiz you do in discussion. The quizzes are just one problem to solve and are sometimes the same as a homework problem, and the TA's go over homework's before the quizzes anyways. The exams were fair and apparently she cut down from 4 midterms to 3 this semester, all of which had similar problems to homeworks and worksheets so doing the homework, even though its not graded, is great practice.",,,,,,,,,,
MATH240_326,MATH240,Archana Khurana,2025,2,"Archana is probably one of the nicest professors I have had so far at UMD. She genuinely cares about the success of her students and always answers questions students have either after class or over email and provides very comprehensive reviews before the exams. However, that being said, I felt like sometimes her explanations were extremely lacking. I often would have to read the textbook, or watch videos to understand the topics discussed, as her lectures often confused me, even though the material of this class is not that difficult. The class was fast paced to start but quickly became slow to the point where it was a struggle to pay attention. The few difficult topics in this course were poorly explained and were one of the few things that actually felt rushed. She often repeats herself multiple times within the span of a few minutes, which somehow makes things more confusing. She also makes quite a few mistakes in lecture which can get annoying at times and sometimes will just randomly pause for several minutes trying to figure out what is going on and what she is trying to say, which is extremely frustrating. After lecture I often questioned why I bothered showing up, as I think reading the textbook could have been a better use of my time since I would read it anyways to understand what was discussed in class.",,,,,,,,,,
MATH241_489,MATH241,Junyan Zhao,2025,4,"Pretty good lecturer, can be engaging and humorous at times, and readily tries to answer any questions as well as he can. Course grades are just 2 midterms, the final, and 10% is discussion, which is graded depending on who your TA is. My TA gave us full credit if we showed up to the 2 discussion sections the day before the 2 midterms. I know other TAs graded based on participation in weekly (ungraded) quizzes. His lecture format is just that he gives some formula or theorem with an extensive definition and description, and gives up to like 4 example problems that apply what he just taught. And then just does it over and over again. His explanations can definitely be lacking, and sometimes he would explain stuff fast, so you might have to spend time understanding and learning some topics. He only curves the final grade enough so that the highest score in the class is a 99%. For my semester, it was curved by only 1.2%. I would highly recommend doing the practice problems he gives before each exam, as they are actually very similar to the questions on the exam. But there have been some questions that are like curveballs that have never been shown.",,,,,,,,,,
MATH246_324,MATH246,Francisco Arana Herrera,2025,5,"ignore the complaining below - when i took 246 this past spring, the type to leave these reviews were the ones either 1. skipping lecture, 2. complaining about how much engineering homework they had (a note of warning - the type of engineering your classmate is pursuing is always the one w/ the most homework, full stop), or 3. getting mad they had to learn some semblance of theory rather than being allowed to j plug and chug (""yea but when are we gonna see how to actually solve problems with this bro??"") - heavy overlap w/ camp #2. this class was fantastic. as others have written, our syllabus followed levermore's notes pretty consistently, with some sections occasionally dropped. lectures had a focus on developing intuition behind the methods studied, which i really appreciated; he in general made a solid effort to make the lectures/subjects interconnected/build off prior work, usually leading in w/ big points from the last couple lectures, before bridging them w/ the new stuff about to be covered. he worked off his ipad in lecture, writing w/ chalk on an actual chalkboard, and would post his notes daily (i want to say they were usually up before lecture ?), w/ videos of lectures uploaded to panopto. levermore's notes were a good PRN supplement, but i often found his notes to be much more helpful when reviewing or confused. happy to answer questions in class. later exams were tough in parts, but i appreciated that he challenged us to actually draw connections independently based on what we'd learned (eg the fact linearity meant you could split a DE to use the key identity on a certain section before adding a constant back later) - any points lost on these questions (which weren't much as grading was p lenient) were accounted for later in the course, when he dropped the bar for an A/A+ respectively from a 93/97 to 92/95. in general just a really cool dude, would def recommend you go out of your way to take him given the opportunity",,,,,,,,,,
MATH310_029,MATH310,Steve Halperin,2022,5,"Great professor to take for a pretty terrible grade distribution of a class. His tests are LITERALLY the same questions as the homework so there should be no reason why you should not get a 100% if not better on each exam(there is extra credit in each exam). This class is mostly self learning the techniques of proofing so if you want a free A and also a pretty decent understanding of mathematical proofing, this is your guy.",,,,,,,,,,
MATH401_066,MATH401,Raluca Rosca,2023,2,"As others have stated Dr. Rosca is a nice person but is quite bad at teaching. Her lectures were unorganized and were directly copied off of Justin's MATH401 notes. She would often make errors on the board failing to catch them until others pointed it out. And perhaps worst of all, she does not grade exams... as in she doesn't even have a grade in the first or second midterm before we take the final exam. I don't know if/why this is allowed but it means you go into the final exam with 0 idea of how you are doing in the class. Ultimately, I had my final grade entered into Testudo without knowing what I actually ended up scoring on any of the exams (midterms or finals). I am inclined to say she just takes your groupwork/homework scores and uses that to determine your final grade in the class, but this is just a guess. The material covered in class, however is easy and shouldn't be a problem. Justin's notes are thorough and the math is not hard at all. Overall, I would pick a different professor for 401 if possible!",,,,,,,,,,
MATH403_007,MATH403,James Schafer,2007,5,"Schafer is a really cool guy and an entertaining professor... even though he looks like a homeless person. Several students in my class went on to take 404 and then 432 with him, regardless of their grades in any of these classes. Several students also dropped out of his Math340 class. Schafer is completely incapable of hand-waving; he loves to prove things, and if you can appreciate mathematics done rigorously you'll appreciate him. Of course, if you're taking a class like 340 or 406 with him, it's likely his approach is more intense than you're prepared to deal with, but if you can stand up to the challenge you may grow a lot as a mathematician. He understands that the material he teaches is hard and how much effort it takes to learn it and he is encouraging. Many students benefit from his office hours, and he's happy to help out. He also will not let you get away with not learning -- he assigns a lot of homework. Many think his tests are hard; it's probably just a consequence of the material itself being hard, and having Schafer means no safety bubbles. Some other professors are sloppier and slower than he is, so having someone like Schafer who can hammer out details but still keep you on your toes can be a breath of fresh air. He is a really cool person, but if you don't like to prove things or if you're not willing to put a lot of energy into learning math, then Schafer is not for you.",,,,,,,,,,
MATH406_015,MATH406,Thomas Haines,2010,3,"Haines was a good and fair prof. His lectures were sometimes boring but he allows time for HW questions. He has 2 exams which are curved and weren't that bad if you keep up with HW. He gave practice exams for both. HWs were very helpful in learning and practicing the material and he drops 3. He told some ""funny"" jokes to lighten the mood several times. Overall good prof, nice guy.",,,,,,,,,,
MATH410_076,MATH410,Haizhao Yang,2023,4,"Really chill, very nice. cancelled the 2nd and 3rd midterm. lectures were boring though, but treated us as extra elementary which was nice.",,,,,,,,,,
MATH411_003,MATH411,Manoussos Grillakis,2010,3,"He seemed like he knew what he was doing, the tests and homeworks were pretty standard, but he was really boring. He talks kind of softly into the board, and pretty much writes everything he says down (which is also all in the book). There was nothing particularly terrible about his class, but it was hard to pay attention for the whole 50 minutes, especially when the proofs were complicated.",,,,,,,,,,
PHYS121_006,PHYS121,Peter Shawhan,2012,5,"I wish Dr. Shawhan was teaching 122 because I would take a class taught by him again in a heartbeat! He's a great professor who really does care about his students. While he focuses more on theory, he does go over actual equations in his lectures (as opposed to some professors). His homework is hard, but if you try it and then go to office hours, the TAs will help you. I don't think I ever got more than a point off on homework if I went to the TAs for help. Tests were definitely tricky, but very doable. His final was harder than the semester tests, or maybe just trickier. I got tripped up, and our class exam average was way below other test averages from the semester. He doesn't waste a lot of time on experiments, but when he pulls them out they're a nice way to break up the lecture. He gives clicker questions in lecture, but will give you exceptions if your clicker is broken for that day. He also carries extra clicker batteries with him to class. Labs can be graded a bit harshly. I felt that there wasn't a lot of guidance as to what they really wanted in a lab report. They felt like a waste of time, as did the discussions, which are actually ""tutorials"".",,,,,,,,,,
PHYS131_015,PHYS131,Matt Severson,2022,5,"Physics is hard for a lot of people. It is even harder for a teacher to teach it in a way students can understand. My experience with Severson was positive. While the lectures can be a bit dull at moments, it is not that hard to succeed in this class. I've heard stories of my friends in this class bombing exams repeatedly and still ending up with an A. Do the work, practice problems, and go to discussion and you will get an A. Overall, not too hard of a class and good teacher!",,,,,,,,,,
PHYS260_147,PHYS260,Aria Heidarian,2025,5,"Hands down my favorite professor so far...her lectures are fast paced but they're filled with applications of why the content might be useful in real life, and she gives a lot of extra credit opportunities on exams. Super nice professor, make sure you go to her office hours if you need help. Her practice problems are hard, but she usually posts handwritten solutions to them.",,,,,,,,,,
PHYS270_035,PHYS270,Hailu Gebremariam,2023,4,You know he is a good teacher the problem is you might fall asleep in his lectures.,,,,,,,,,,
STAT100_183,STAT100,Matthew Griffin,2024,3,"Listen.. BE ON TIME, TURN IN WORK ON TIME. Class is treated at if we were in kindergarten. Hand holding WITH EXTREME EXPECTATIONS. If you dont like lec’s and talking about the same rules (since day one) all throughout the semester pls find someone else. I will say he is passionate but A BIT TOO MUCH.",,,,,,,,,,
