review_id,course,professor,year,rating,review_text,project_heavy,exam_heavy,homework_heavy,time_consuming,self_learning_required,harsh_grading,disorganized_course,fair_but_strict,evidence_snippet,label_rationale
CMSC131_397,CMSC131,Ilchul Yoon,2025,2,"This was my first CS class ever. And it was also my last. I couldn't stay in it anymore (as someone taking it for the 4 ""easy"" credits). Maybe I'm just stupid, but coming in with no experience in CS, I found this class boring and exhausting. The jump in difficulty was extreme for me -- we went from coding animals using basic shapes to pong. I cried to my dad and dropped the class. I think Dr. Yoon is genuinely a nice guy. He cares about his students, but maybe he just also hates them at the same time. Otherwise, why would he make this intro class so stupidly hard? I did enjoy staring at his shiny, bald head during lecture, though.",0,0,0,0,0,0,0,0,class boring and exhausting,The review describes general difficulty and exhaustion without a specific workload signal.
CMSC132_415,CMSC132,Pedram Sadeghian,2025,1,Avoid at all costs. Unnecessarily hard weed out class.,0,0,0,0,0,0,0,0,Unnecessarily hard weed out class,No clear workload signal.
CMSC216_383,CMSC216,Christopher Kauffman,2024,5,"Amazing professor. Engaging lectures and fair point system. He loves answering questions, and encourages students to come to his office hours to learn more. There are only 5 projects and all were manageable. Exams were also fair. 6/5 stars.",0,0,0,0,0,0,0,1,projects ... manageable; Exams were also fair,Projects and exams are described as manageable and fair.
CMSC250_427,CMSC250,Fawzi Emad,2024,5,"Great professor, knows the material well and teaches it well. Grades harsh and wants you to write proofs in a specific way, but he makes it clear beforehand how he wants you to write the proofs. If you take Fawzi for CMSC250, you will understand the material well.",0,0,0,0,0,1,0,1,Grades harsh ... clear beforehand,Grading is harsh but expectations are clearly communicated.
CMSC320_161,CMSC320,Maksym Morawski,2025,1,"Dude didn't grade any projects until the very last second, which counts for 46% of grade. Exam answers could be almost exactly the same, but with a 30% variance in grading because everything is free response. You can get a lot of points back through regrades though.",0,1,0,0,0,1,1,0,30% variance in grading,Projects were delayed and exam grading was inconsistent.
CMSC330_238,CMSC330,Katherine Saltzman,2025,5,Best 330 TA. She has a great sense of humor and is very knowledgeable on all of the topics covered in the course.,0,0,0,0,0,0,0,0,very knowledgeable,No clear workload signal.
CMSC335_024,CMSC335,Nelson Padua-Perez,2024,5,"super chill course, especially for senior year :) only downsides sometimes were exams having coding content from other exams (ex. exam1 having the content from previous exam2s, exam2 having content from previous exam3s), but all the topics on exams were always outlined and stuff so it was fair in that regard. not bad at all and would 100% recommend!",0,0,0,0,0,0,0,1,topics on exams were always outlined,Exam coverage is described as fair and clearly outlined.
CMSC351_352,CMSC351,Clyde Kruskal,2025,1,"Worst professor I have ever taken. His handwriting is atrocious and unreadable. His course consists of 5 year old videos and random math theorists. This class is basically all self taught. The exams are extremely difficult and the rubric is very unreasonable. If you don't know how to answer the question leaving it blank is the best answer. Based off the rubric you are either completely right, very close to correct, or wrong and receive no credit. Do not take him.",0,1,0,0,1,1,0,0,self taught ... exams are extremely difficult,The course requires self-teaching and has difficult exams with unreasonable grading.
CMSC411_041,CMSC411,Bahar Asgari,2022,5,"Dr. Asgari teaches this class completely different than how Yoon taught it so put all of that out of your mind. She's a nice person, and competent professor who genuinely wants her students to succeed (and isn't afraid to show it). Don't get me wrong, this class is not an easy A but the exams, projects, and homeworks are all very fair and doable. Her office hours are a valuable resource to get additional clarification and she'll also put practice problems on the course page that are also helpful in understanding the lecture content. Again, this class is difficult but there's less suffering with her as the professor. I HIGHLY recommend taking a course taught by Dr. Asgari!",0,0,0,0,0,0,0,1,"exams, projects, and homeworks are all very fair",The course is difficult but all major assessments are fair and doable.
CMSC412_016,CMSC412,Ashok Agrawala,2023,1,Honestly the exams are worse than the projects and the projects are terrible. Professor refuses to put in any effort whatsoever to make this class suck less.,1,1,0,0,0,0,0,0,exams are worse ... projects are terrible,Both exams and projects are described as very difficult.
CMSC414_071,CMSC414,Michael Marsh,2024,4,"Marsh is super generous with his time. He gave me a 30 minute individual meeting because I waited in line for office hours and he didn't get to me. I also one time emailed him my code and he personally debugged it for me and sent me back some reasons why my code wasn't working. The course itself is ok... if you actually want to learn the material to the level where you could answer interview questions about it or use it on the job, you would probably want to do all of Marsh's assignments(including many that are recommended but not submitted) which would take an unreasonable amount of time. That being said, you can get away with doing a lot less and still get a good grade. In Marsh's defense, I think is mostly because this course would work better if 417 and 456 were prerequisites for this class(we had to spend a lot of time going over material covered in these courses for background) The grading is a bit slow on things graded by the TAs(challenge questions) so for anyone taking this class I would recommend submitting those as soon as possible to make sure you have time to resubmit(they are graded somewhat harshly). In addition, the buffer overflow and build-it projects were extremely challenging so make sure you have enough time on those.",1,0,0,1,0,1,1,0,projects were extremely challenging,"Projects are challenging and time-intensive, with slow and harsh grading."
CMSC420_129,CMSC420,Justin Wyss-Gallifent,2024,5,"Justin's lectures and notes are comprehensive. If there are no major changes to his curriculum, be prepared for weekly homework assignments (he'll drop the lowest score out of 11) and coding projects every 2-3 weeks (he'll drop the lowest score out of 6). On the positive side, Justin provides a helpful exam outline during the review day, along with to previous exams and their solutions. Furthermore, he is flexible with deadlines upon student request. Pros: + Justin is a concise and responsive professor, adept at explaining complex concepts with clarity. + He and his TAs are supportive, ensuring timely assignment grading and effective communication. + The homework and exams are fair and reasonable. Cons: - The class workload resembles CMSC351, with occasional challenging proofs, although they are kept to a minimum. Tips: Make use of TA office hours and visit Justin's office for any questions or clarifications. Attend lectures, especially if you prefer a hands-on approach over simply reading latex notes. Use practice exams and thoroughly review homework and latex notes, particularly for proofs. --> Overall, I highly recommend Justin as an instructor. However, if you lean towards a more flexible class structure, Marsh might be a preferable choice.",1,0,1,1,0,0,0,1,weekly homework ... coding projects every 2-3 weeks,Frequent homework and projects create a heavy but fair workload.
CMSC421_041,CMSC421,Tianyi Zhou,2023,1,"Simply put, this class has been nothing short of an absolute trainwreck. The class is completely disorganized from the way that the assignments are written to the way that TAs provide contradictory information which makes assignments take longer simply due to the fact that we do not know what the instructors are asking us to do. Attendance is required, which is questionable but tolerable because we only had to sign a piece of paper at first. Recently, the professor adopted an in-class quiz policy where we are required to take a quiz which is graded on accuracy as a way to show our attendance. This is acceptable but we are often given minimal instructions on how to solve the quiz problem and the class is usually confused on how to proceed with the provided information on the quiz. To top it all off, we are assigned a research project that we are already a few weeks behind schedule on because the staff was spending time putting out all of the fires that the first weeks have caused.",0,1,0,1,0,0,1,0,assignments take longer ... completely disorganized,Disorganization increases assignment time and quizzes are unclear.
CMSC422_010,CMSC422,Ramani Duraiswami,2021,2,"I took this course in Fall 2021 Pros: + Generally nice guy Cons: - Is a meh lecturer, I do not feel as though his explanations of concepts were sufficient - Lectures are handwritten, and is often hard to read - Lecture notes are not easily available in one place, they were on Piazza but not readily organized, and half of them weren't even there. - Lecture barely helps with coding assignments - THE CLASS IS VERY DISORGANIZED! Along with what I've already said, lectures were delivered during the Tuesday morning section and the Thursday afternoon section. However, since you are only scheduled for either the morning or afternoon section, you would either have to find some way to get there in time, or (most likely), watch the lecture videos which are extremely long. They did not make it clear how exactly content was split up between both of those classes, or what quizzes were on what concepts, and it took me about a month and a half to figure out how the class was organized. - Workload is very high, even for a 3 credit CS class",0,0,0,1,1,0,1,0,Workload is very high,"The course is highly time-consuming, disorganized, and relies on outside learning."
CMSC424_029,CMSC424,Peter Keleher,2021,3,"I don't think Pete is as bad as some of the reviews below state. First, I will say yes, he is not responsive on Piazza, and him not releasing recorded lectures is annoying, along with his refusal to post the slides beforehand. Some quizzes were hard, and he could have released answers sooner to some. The query optimizing part of the class was needlessly difficult and not very useful. However, I thought his lectures were ok- I've definitely seen waaaay worse. His exams were quite easy, with high averages, and were a lot like the quizzes. No final, too, which is a big relief. Projects were also reasonable, and I appreciate that they were worth a lot of the grade. Considering that other classes like CMSC351 and CMSC451 place an undue grade emphasis like 2 exams, this is a major relief. He also gave a total of 20 late days across all assignments, no penalties, which is also great. The content is also very useful to learn, especially in the first half. Like a review below said, if you plan on taking CMSC424 and see Pete is teaching it, you should be fine with him.",0,0,0,0,0,0,0,1,Projects were also reasonable,Projects and exams are described as reasonable and manageable.
CMSC430_006,CMSC430,David Van Horn,2019,4,"Such a great professor. Clearly is dedicated to the course and the students. He genuinely wants kids to learn and to build a curriculum that is strong and representative. However 430 was very challenging and a lot of work so beware if you enroll to spend 10-15+ hours on projects. There were no exams though just projects for all assignments, midterms, and final.",1,0,0,1,0,0,0,0,spend 10-15+ hours on projects,Projects dominate the course and require substantial time.
CMSC433_027,CMSC433,Jose Calderon,2023,5,"Jose did an excellent job teaching 433 this semester, especially considering he was understaffed and rewrote the curriculum from scratch. I would say that he is one of my favorite CS professors I have had so far.",0,0,0,0,0,0,0,0,favorite CS professors,No clear workload signal.
CMSC451_074,CMSC451,Laxman Dhulipala,2024,5,"He is not Laxman, he is the LaxGOAT. The class is inherently quite difficult, and the coursework shows it. Expect the homeworks to take you 15-20 hours on the lower end (there was a poll on the piazza that showed 44% of people took >20 hours) and the midterm to thoroughly test your knowledge. Definitely go to lecture too, the recordings are very helpful but the notes can be hard to follow. Laxman was incredibly understanding throughout the entire semester and continually offered deadline extensions and waived late penalties to help with the workload. Furthermore, the actual course content is very interesting. Not only are the algorithms taught (somewhat) applicable to interviews and the job setting, but I left the semester with a much better foundation of how to think about solving algorithmic problems. I would 100% take any class this professor teaches.",0,1,1,1,0,0,0,1,homeworks to take you 15-20 hours,"Homework is extremely time-consuming, while the professor is understanding and fair."
CMSC460_002,CMSC460,Tobias von Petersdorff,2021,5,"The professor does have some pretty bad anxiety at times and it can be really uncomfortable for the students, but overall he is a great professor. His explanations can be extremely in depth and hard to follow but he does not expect you to be able to derive those explanations for yourself, just to build some intuition as to why things work. His homework’s were pretty difficult but he would give out tips and answers when students were really struggling, his exams were extremely fair and very similar to his sample exams. I recommend taking this class with Dr Petersdorff.",0,1,1,0,0,0,0,1,homework’s were pretty difficult ... exams extremely fair,"Homework is difficult, while exams are fair and well aligned."
CMSC470_009,CMSC470,Rachel Rudinger,2023,5,"I expected her class to be bad or disorganized after reading some of these. These bad experiences must have been from the being a new lecturer. this is hands down one of the best classes ive ever taken in this program. she is probably the best lecturer for an ml class i have had and explains concepts very well and knows the material like the back of her hand. only thing is she doesnt record. if you take this class, it might be helpful to make your own audio + screen recordings as you go through slides during lecture so you have something to review. tests arent too hard, class averages were like 80%. also haviing 320 as a prereq for this class helps a lot. im not sure why it isnt required for 426. 422 will help in this class towards the end due to neural network stuff but you might survive without it. anyways yes i highly recommend this class, rudinger is one of the best lecturers in this program hands down. the workload is also very reasonable no absurdly long projects or hw. everything given is reasonable.",0,0,0,0,0,0,0,1,workload is also very reasonable,The workload and assignments are explicitly described as reasonable.
INST326_032,INST326,Matthew Patrick,2023,1,"Instructor didn’t teach a thing. He puts out power point slides every week, additional reading materials, and gives assignments. The TAs grade the assignments. There is also a final project that I spent weeks on, just to have it not graded. The professor didn’t communicate that either, he just submitted final grades without even touching our final projects. I wasted so much time on it. I don’t know what he does, but he sure does not lift a finger to be a part of this class.",1,0,0,1,1,0,1,0,final project that I spent weeks on,The final project took weeks and the instructor failed to teach or communicate.
INST327_040,INST327,Iskander Lou,2025,3,"The class is fine. You can't go wrong with taking him, but there's also nothing really crazy to say about him. The TAs are a little too harsh on grading, but that's in part due to his rubric. You don't end up learning much databases; things are easy enough to just not go to lecture and learn off the videos in a few hours. Seems pleasant, though!",0,0,0,0,1,1,0,0,TAs are a little too harsh on grading,Grading is harsh and students can rely on videos instead of lectures.
INST414_013,INST414,Wei Ai,2023,4,"Professor Ai is very knowledgeable and understanding. The class structure was pretty straightforward - an assignment every week and 2 larger projects. However, I found the format of the class exhausting. Attending a 3hr lecture with material that was not too 'engaging' became extremely difficult. At one point only 7-10 people would attend class (50 people signed up for this class), but I think that's on the iSchool rather than Professor Ai who really did try his best to make the class engaging. The assignments take about 1-2 hours every week and the 2 projects are pretty exhaustive in being able to apply class concepts - no group projects though. If you want to take INST414, I'd suggest taking it with Professor Ai but perhaps not a 3hr lecture.",1,0,1,1,0,0,0,0,assignment every week and 2 larger projects,Weekly assignments and exhaustive projects create a time-consuming workload.
INST447_002,INST447,Nekabari Sigalo,2022,2,"Gives little to no feedback on your work, draws out lectures and takes up multiple videos and hours worth of your time to explain information that could be done in minutes. Expects you to do things her way when there are often multiple ways to solve a problem, you can get points taken off for something like that. She also does this really annoying thing where her assignments will repeat questions the exact same way with different variable names; so you're learning nothing more than you did the first three times you did it, it just takes more time. The class itself isn't hard, but she often doesn't explain concepts that are required on labs and assignments so you have to figure it out on your own. She also takes 2-3 weeks to grade assignments (and doesn't give actual feedback); when you have a class where the content builds on previous material you can get stuff in one week's content wrong and continue to build on that without realizing. Class content is useful, but you'd be better off learning it yourself/from some online sources.",0,0,1,1,1,1,1,0,takes up multiple videos and hours,"The course is time-consuming, poorly explained, slow-graded, and requires self-learning."
MATH140_482,MATH140,Dong Quan Nguyen,2025,5,"If there is any math professor you'd ever want to take, TAKE DQ!!! Although he may be harder to understand at times due to his accent, he's very enthusiastic and truly knows and understands what he's teaching. As long as you pay some attention to his lectures, you can't go wrong. P.S: Depending on how things go when you take him, the TA's might mess up with printing the exams which usually takes about 15 minutes for them to fix. You will be given bonus points on the test in this case. ALSO, really important note: He sends out a practice test through the canvas email the week before every midterm (the actual midterm but just with slightly different numbers). So make sure to practice those problems like your life depends on it.",0,1,0,0,0,0,0,1,practice test ... before every midterm,Exams are frequent but closely matched by provided practice tests.
MATH141_467,MATH141,Anna Szczekutowicz,2025,4,"The professor was clearly knowledgeable about the topics covered and did do a lot of review before exams in class. While the discussions could have been better, I think the lectures were useful. There was a lot of information to cover over the semester, meaning she wasn't always able to clarify material, but that was primarily due to time constraints as well as the class size. The discussions and quizzes were not very helpful, but I think that mainly was due to the TA not being very good at explaining the concepts. The main issue was with the homework. I didn't like the way the Cengage (for HW) worked. It was really picky about formats like case sensitivity. It also would sometimes not understand work given and would refuse to grade it. Since it was never graded manually, it would sometimes mark correct work wrong because it had a slightly different format. This also meant that feedback on homework was either vague or nonexistent, which would be my biggest criticism of the course. While it was only worth 3% of the grade, it certainly would have benefited me to have more immediate feedback beyond correct or incorrect.",0,0,0,0,0,1,0,0,mark correct work wrong,Homework grading is unfair and overly sensitive to formatting.
MATH240_292,MATH240,Allan Yashinski,2024,5,Super cool guy. I would grab a beer with him (he's also good at teaching).,0,0,0,0,0,0,0,0,good at teaching,No clear workload signal.
STAT400_461,STAT400,Shixin Zheng,2025,4,"Pros: dresses nice, review guides are very similar to the exams so if you diligently do them, you shouldnt struggle on the exams, the quizzes are free points so even though he doesnt tell us the content of the quiz, its simple if you do the homework(lowkey on depends ta tho, my TA was chill, I've heard that the other TA was lowkey bad). He posts the notes, with his voice recording over them, so if you miss lectures, it's not the end of the world. The best thing is that he curves graciously. The average for our second exam was 78; however, he wants the exam averages to be 83, so he curves them up to it. If you do poorly on an exam, these curves are lifesavers. He genuinely tries to ensure that we all do well in this class and listens to us. Cons: homework is pretty hard, I won't lie, but he also gives us a week to do them, and he encourages collaboration with your peers, just don't cheat on it. Regarding my grade, I don't study enough, which is entirely on me; nothing on him. Another con is that there may be gaps in your understanding due to inconsistencies in the notes. Since he is using other people's notes for this class, that may be the reason for these gaps, which could improve in future semesters, as this is his first semester teaching it. Final: These complaints stem from the fact that a 400-level math course is not easy. Shocker!!!. Just be prepared to do the work. He is 3.5, not a 4, but since there is not 3.5, I'm rounding up for my guy. Stop the hate!!!!!",0,0,1,0,0,0,1,1,homework is pretty hard ... gives us a week,"Homework is difficult but manageable, while note inconsistencies create confusion."
STAT401_054,STAT401,Jonathan DeWitt,2024,5,"Genuinly good prof. Young but knows what he's talking about and clearly passionate abt what he's doing. Weekly hws (1 dropped). 25% grade is hws, then 75% is 3 exams (25% each). You get a sheet of paper double-sided for the first 2 exams, and 2 pieces for the final. Exams are fair. Enjoyable class",0,1,1,0,0,0,0,1,Weekly hws ... 75% is 3 exams,"The course has weekly homework and exam-heavy grading, but exams are fair."
CMSC131_441,CMSC131,Erica Metheny,2026,5,GENUINELY the best best best TA ever. Went above and beyond to explain concepts I didn't understand. She gave me confidence and made me feel so much better about the class.,0,0,0,0,0,0,0,0,explain concepts I didn't understand,No clear workload signal.
CMSC132_489,CMSC132,Larry Herman,2026,5,"In my opinion, Herman is a vastly underrated professor. He has three midterms and a final, and each is worth about 15-18% of your grade. He posts a 20-30 page long practice test about a week before each exam, thats filled with practice questions that are formatted and cover similar content as the corresponding exam. Basically, if you do the whole practice test and understand everything within it, you are set for the actual exam. He also posts worksheets in the form of optional homework that are good practice for exams. In terms of exam grading, he and his TA's are generally pretty generous with the grading, and I often found myself getting a higher grade than I expected. In terms of lectures, he doesnt allow electronics, which didnt really affect me as I dont use electronics in any of my classes, but he tends to be a pretty good lecturer. He covers the material at a good pace, and is very open to questions about the content. Hes also pretty funny and seems to care about his students imo. He and his TAs have plenty of office hours, and when he didnt have time to cover certain material in class, he went out of his way to make videos about it rather than direct us to the textbook to learn it ourselves, he also gave everyone three pieces of candy for halloween. He does incentivise people to come to lecture and discussion by having ""surprise"" graded worksheets that are cumulatively worth about 10% of the grade, so if you go to lecture and discussion, you basically get a free 10% of your grade as the worksheets are graded on completion. He also has participation points that are worth 3% of your grade where you basically have to participate a few times over the sem, so another easy 3%. As for projects, none of them were super hard, I think the longest one took me like 3 hours, he released the grades for the first two fairly quickly but waited till the end of the sem for the rest of them. He gives long instructions for the projects which have a lot of helpful details and as long as you follow that and style your code correctly you should be fine, he also gave extra credit for some of them if you finish them before the deadline. Basically, Herman is a good lecturer who cares about his students and gives ample resources and grade boosters so you can get a good grade in the class, just make sure to attend lectures and discussions and you should do fine.",0,1,0,0,0,0,1,1,three midterms and a final,"The course is exam-heavy, but grading and resources are generous; project grades are delayed."
CMSC216_454,CMSC216,Nelson Padua-Perez,2025,2,"taking the summer session currently, and it's making me want to kill myself! lectures are ramble-y, examples are far too busy, and the way we're being taught assembly (ie reading off slides verbatim) is absurd. exams and earlier projects were light but holy shit is this class miserable currently",0,0,0,0,0,0,1,0,lectures are ramble-y,The review criticizes disorganized teaching but says exams and earlier projects were light.
CMSC250_473,CMSC250,Maksym Morawski,2025,4,this man wants you succeed. he's so nice and will work with you. you can get extra credit for submitting class notes. two downsides is that he doesn't check his emails and he can be a little all over the place.,0,0,0,0,0,0,1,0,a little all over the place,The professor is described as somewhat disorganized.
CMSC320_222,CMSC320,Maksym Morawski,2026,5,I pleasantly enjoyed his class last semester. The lectures were interesting and none of the assignments were that challenging just took some time to make sure you hit all the requirements. He also would give lots of extra credit on the homework assignments for doing just a little more than the bare minimum which helped out a lot as some of the exams were a little tricky. Overall hes a great professor and the long you do the readings and understand them before the exam the exams wont be that hard and then make sure you are actually putting effort into the homeworks and this class won't be that hard.,0,0,0,0,0,0,0,1,none of the assignments were that challenging,Assignments are manageable when students put in effort.
CMSC330_195,CMSC330,Cliff Bakalian,2024,5,"It was a good class. It was well taught and organized, and his notes were very good if you missed something in the lecture. The projects were all alright, although there is room for improvement with some (which will happen, as this was just after a major restructuring of the course). His Rust knowledge was a little spotty, though.",0,0,0,0,0,0,0,0,projects were all alright,No clear workload signal.
CMSC335_012,CMSC335,Nelson Padua-Perez,2023,5,"This class was phenomenal! Genuinely the most enjoyable CMSC course you can take at UMD. Projects are very manageable, exams are quite easy if you run through study guides, and you do not have to attend class at all! If you make an effort to soak in the course material, you will learn a ton of applicable skills and it's an easy resume booster, you learn a lot of tools in such a short time. (I suggest working on the final project alone or doing something grand so you can put it on your resume, I did a personal portfolio as my final)",0,0,0,0,0,0,0,1,"Projects are very manageable, exams are quite easy",Projects and exams are explicitly manageable.
CMSC351_271,CMSC351,Maksym Morawski,2024,4,"Max is a fine professor, might not be the best lecturer but his exams are definitely not as hard as people are making it seem. If you studied the course content throughly you would likely come up across some of the stuff we were tested on. most of the people complaining didnt show up to lecture (where he literally gives out exam answers if your paying attention) or try to talk to him personally which is not hard to do because hes a cool guy. he actively goes out of his way to help students that are struggling including me at the beginning of the semester, 351 is a hard class, but the amount of people complaining this semester wouldn't peak at 25% in kruskal let alone pass",0,0,0,0,0,0,0,1,exams are definitely not as hard,The class is difficult but exams are manageable with thorough study.
CMSC411_012,CMSC411,Michelle Hugue,2020,1,"She is not a teacher but a photocopier, or this class should be ""How to use search engines"" but not ""Computer Systems Architecture"". She just gives out tons of youtube links and that will be the class. No lecture! You have no idea what the test will be on. We post a poll on piazza and 95% of students agree that the class material is not enough to take the test. IF you are good at GOOGLE, then choose her!",0,1,0,0,1,0,1,0,class material is not enough to take the test,Students must self-learn because lectures and materials do not prepare them for tests.
CMSC412_018,CMSC412,Ashok Agrawala,2024,2,"The projects are extremely time-consuming and it can be hard to figure out what to do since the project descriptions are vague sometimes and specific instructions are scattered across the project slides, project specification document, and random Piazza FAQ sections posted by the TAs. Agrawala himself has almost nothing to do with the projects; the TAs are pretty much your only help. The exams were difficult, but that's just the nature of CMSC412, so I can't blame Agrawala too much. The syllabus didn't describe the percent that each assignment contributed towards our grade, so we were left guessing the weight of each one. We also didn't get our final back, so we have no idea how well we did, let alone what questions we got right or wrong. Lectures are a complete snoozefest, but Agrawala can be quite funny sometimes. The only saving grace is that there is probably a decent curve, so you'll probably pass.",1,1,0,1,0,0,1,0,projects are extremely time-consuming,"Projects are highly time-consuming, exams are difficult, and course information is scattered."
CMSC414_088,CMSC414,Dave Levin,2025,2,"Do not be fooled by his high rating: his rating is him as a person NOT as a college professor. This is the worst organized class I have ever taken, with almost no communication at all from Dave about anything. It is less than 36 hours before our final as I'm writing, and he has not even told us the location of our final exam. Every other lecture involved him going on long tangents, either unprompted or from a malicious student question, about the research he does and how cool it is (with no connection to projects or exams). He has not responded to one piazza post this semester, with one TA being in charge of that. However, to no fault of the TA, all of the actually important non-trivial questions are ignored/unanswered as they require an instructor to determine them. And of the questions that are answered, many are answered with ""I will contact Dave and follow up"", with no follow up, or ""Have you tried contacting Dave?"". Additionally, he says to communicate with him via email, to which he never responds. He told us that the guest lecture we had the Tuesday before thanksgiving would be on the final, and that he'd post the video like all other lectures, and still no video has been posted. He releases projects late, doesn't adjust due dates, and constantly has incorrect answers on the answer keys. On the plus side, his exams were fairly easy in comparison to my other classes, and his projects do an okay job of scaling in difficulty. Speaking to the class as a whole: There is WAY too much content. It feels as though you scratch the surface level of 20 different concepts, and come out having really learned nothing.",0,0,0,0,0,0,1,0,worst organized class,The course is extremely disorganized with late projects and poor communication.
CMSC420_174,CMSC420,Narayanaswamy Narayanaswamy,2025,3,"Very nice and lenient professor, course is challenging but if you stay on track with course material and genuinely try to understand the analysis in depth you should be good. Some projects were quite challenging so it is best recommended to start early.",1,0,0,1,0,0,0,1,projects were quite challenging ... start early,"Projects are challenging and require starting early, but the course is manageable."
CMSC421_067,CMSC421,William Regli,2024,2,"The concepts in this class definitely have the potential to be cool and engaging, but the way he teaches is quite disorganized and detailed in the wrong places. You learn a bunch of vocab words in every lecture that gets mentioned once and never reiterated, but he keeps moving forward so if you don't remember one word you're screwed. Even if you read the textbook, the terminology it uses is sometimes different than the terminology he uses in class. He also moves really fast and all his slides have a lot of words, so it feels impossible to take notes and if you get lost, you're not going to pick up anything for the rest of the class. He also frequently makes mistakes in his lectures or slides and has to double back on himself during class which makes knowing what is the ""correct"" information rather difficult. As for the assignments, they take a long time, and he lied about having only 6 assignments (we had 7). The instructions for almost every assignment were constantly changed, even up to a few days before the due date. There's almost always some type of unforeseen issue with it that several people have to address before it gets announced to the rest of the class. The exams are multiple choice which takes some stress off, but the difficulty really isn't any better, especially when you see that one question is worth 9% of your whole exam grade. The one exam on logic is literally just 250 + genuine logic. If you have your cheat sheet of definitions you don't have to go to class to get a good score if your logical reasoning abilities are strong. On the other hand, if they're not but you studied a lot, you might not do so well. The exams themselves often contain a few poorly worded questions that leave it up for interpretation, and when you ask for clarification from the TAs, they also interpret it differently than how he intended and you get the question wrong. The exams could be better structured, but at least there's a curve on it. Two stars just because there's a curve, the textbook he recommends is well written/easy to understand, and these two together + self studying make this class passable.",0,1,1,1,1,0,1,0,"assignments, they take a long time","Assignments are long, exams are difficult, and disorganization forces self-study."
CMSC422_053,CMSC422,Heng Huang,2025,5,Wants the students to succeed,0,0,0,0,0,0,0,0,Wants the students to succeed,No clear workload signal.
CMSC424_065,CMSC424,Daniel Abadi,2024,1,This class is so ridiculously hard for no reason,0,0,0,0,0,0,0,0,ridiculously hard,No clear workload signal.
CMSC430_028,CMSC430,Jose Calderon,2023,5,"One of the better Professors at UMD. His compiler class is well organized and well run. It is clear Jose is passionate and knowledgeable about compilers, his lectures some of the best, they are engaging and topics are well explained in detail. Projects can be tricky and they do build on each other, notes and lecture material should give you enough more of an understanding to get them done. Projects have public and secret test, getting the public test done will usually grantee a good grade, you'll probably miss a couple of test, it is honestly better to just take a high score rather than spending hours trying to get a hundred. Exams are take home coding assignments, they can take a bit of time but usually fine in terms of difficulty.",1,1,0,1,0,0,0,1,Projects can be tricky,Projects and take-home coding exams take time but are fair and manageable.
CMSC433_035,CMSC433,Anwar Mamat,2024,4,"Not a bad teacher and the course isn't too bad either. It's 5 coding projects, one midterm, and one final project that was easy. There's also gradescope quizzes that aren't hard. Takes a while to grade though, and some of the descriptions for projects weren't that clear since they were written this semester. The midterm was also tough, most people didn't do well.",0,1,0,0,0,0,1,0,midterm was also tough,The midterm was difficult and project descriptions and grading were unclear.
CMSC451_025,CMSC451,Jonathan Katz,2020,2,I would not take him again because he seems to genuinely not care about any of his students. He has good and interesting lectures but it seems like he doesn't want to spend a second of his time outside of class for the class. Maybe this impression is unique to me but I felt like he didn't care about the students and didn't want to be bothered.,0,0,0,0,0,0,0,0,good and interesting lectures,No clear workload signal.
CMSC460_004,CMSC460,Shixin Zheng,2025,3,"Interestingly, this professor was substituted into teaching this class at the last minute; I had registered for Anurag Dey just to walk in on the first day and instead see this dripped out mess of a man. Anyways, his first crime was making the first homework due after the schedule adjustment period ended. As someone who doesn't touch homework until the day it was due, I would have probably dropped the class if I had known it would be like that. Consistently, the homework had very conceptual questions, and at least one proof each. Eventually I wised up and realized that these are all well explained proofs and that I could just go to MathStackExchange or https://statproofbook.github.io and copy from there. These proofs were never on the exams except for one time we were asked to derive the pmf of a negative hypergeometric distribution based on our knowledge of negative binomial and hypergeometric. That was criminal. The quizzes were easy except for the two or three times that they were not. My TA was very unorganized (had an excused absence and turned a HW in one day late by emailing him, it took him a long time to reply). Also, at least this semester, all the grades were on Gradescope and did not account for the curves and weighting, so you had to calculate your actual grade by hand; somewhat annoying. After the first midterm, he got coerced (bullied?) into having a curve, giving extra credit opportunities on the HW, and giving a formula sheet for the second midterm, along with posting more helpful practice problems. The EC questions were always ridiculously difficult, so I'm not sure how many people benefitted from this. At least for the final, I thought the practice problems were reflective of what was on the exam, and instead of a formula sheet, we were allowed to bring a cheat sheet with whatever we wanted on it. Despite the number of times I cried over the class (mostly the homework), I also literally jumped for joy when I would get a 100% on the homework. This class had me going through it. Not to mention that his lectures are just abysmal, see below re bad handwriting, tangents, not to mention the weeks we spent wondering what symbol he was drawing and talking about (""co-see""). Finally, a book I was reading during one of Zheng's lectures for my English class said something about xi and the mystery was solved. Lecture was best spent taking notes from the ""class text"", the draft of notes by two other UMD stats professors, while occasionally looking up to see what he was talking about. He has a way of explaining easy concepts in the worst way possible. Instead of saying ""turn right"", he would say ""turn left three times"". Also, he doesn't post a link to the class text anywhere, so you have to hope you can look it up or a friend sends it to you. Just poorly organized, but it's his first semester, so maybe he'll lock in soon like he does on his fits.",0,0,1,1,1,0,1,0,homework had very conceptual questions,"Homework is demanding, lectures are ineffective, and the course is poorly organized."
CMSC470_008,CMSC470,Jordan Boyd-Graber,2023,1,"This class is flipped lecture which means we watch the lecture videos on our own, and go into class to ask questions for one of the classes for the week. The other class for the week (not listed on testudo as a class/discussion time) is a workshop where we do an assignment on that week's lecture content. The content of the course is ok. It's all pertinent to the subject, and is realistic for students to learn at this level. However, the logistics for this class and it's assignments were some of the worst I've ever taken at CS at Maryland. This professor does not teach, and it feels like he does not care about this class at all. He was not present at the midterm to answer questions, and when we asked the TA's questions at the midterm, they said ""Let me ask the Professor"" and then the professor would not respond, so the TA's did their best in answering our questions for the midterm. Every homework assignment released with bugs, meaning if you wanted to start the homework early, you'd have to post on piazza about the bug, wait for the TA's to fix it, and then start again. Every homework assignment had extremally vague instructions and grading criteria spawning many questions on the piazza. These questions were often answered by complete non answers, or ""you should know this"". Might I add that the in person question sessions were not recorded, so if you could not remember what a TA/Professor said during class, there was no way to get that answer. So, if they answered a piazza question in class, you're just left hoping another student will answer it for you. In completing the homeworks, many of the lecture videos were wholly unhelpful as well. The videos are not substantial enough to teach the content to a level needed to complete the homeworks in my opinion. To complete them, I would go back to reference the lecture videos, only to realize he spent maybe a sentence or two on implementation details we need for the homework, and the rest of the video introing why this technique is important in history, or why it fell out of favor. All in all, the class felt lazy, sloppy, and an absolute nuisance to complete assignments. I strongly recommend against taking CMSC470 with this professor.",0,0,1,1,1,0,1,0,Every homework assignment had extremely vague instructions,"Homework is time-consuming because instructions are buggy, vague, and poorly taught."
INST326_021,INST326,Daniel Pauw,2023,2,He teaches 326 this semester and I can say that these first few works have been some of the worst in my life. He throws you into material that you haven't really learned yet and he's so disconnected from reality that it's insane. Whenever you ask him a question he'll either redirect you to the TA or just reread the directions of the assignments even slower offering no assistance whatsoever. He only does office hours once a week for an hour and it consists of him asking questions to the questions you ask. Avoid him at all costs if he ever teaches again.,0,0,0,0,1,0,1,0,material that you haven't really learned yet,Students are assigned untaught material with little support.
INST327_025,INST327,Vedat Diker,2024,4,"This course is co-taught by Diker and Duffy. I had Diker for the once a week in-person lectures. His lectures were a bit dry but very helpful. He tried to be as simple as possible in his explanations to help his students understand. There was a zoom option for lectures. The mandatory Friday discussion sections were for labs. The labs were easy as the TA would go through them step-by-step. Assignments for this class weren't too difficult and there were plenty of office hours opportunities to ask questions about them. Bi-weekly discussion boards weren't difficult, but a bit tedious. Grading is fair for the most part. The final group project was quite annoying. It is dragged out pretty much the entire semester with several checkpoints and written reports. The final project experience heavily depends on how productive your teammates are. Overall, Diker is a solid professor and this is an interesting class!",1,0,0,1,0,0,0,1,final group project ... entire semester,The semester-long group project is tedious but the course is otherwise fair and manageable.
INST414_001,INST414,Aditya Ravindra Bhat,2019,4,"Adi is a great guy and definitely knows what he is talking about. Despite being the first time he taught a class as an instructor, he still did well in conveying concepts and answering questions. He is a kind and lenient person that is willing to help whenever reached out to. As long as you are willing to show an interest, he will do anything he can to assist you.",0,0,0,0,0,0,0,0,kind and lenient,No clear workload signal.
INST447_006,INST447,Giovanni Luca Ciampaglia,2023,1,"sucks, uses autograder for assignments but his solutions aren't correct so he has to send out 3 announcements to tell you how to specifically overcome his idiosyncratic errors and vague solutions by adding specific lines of code and so you can arrive at his erroneous solution",0,0,0,0,0,1,1,0,errors and vague solutions,"Incorrect solutions and vague instructions create inconsistent, unfair grading."
MATH140_477,MATH140,Steven Chadwick,2025,4,"Average professor, good notes and tried to explain things to the best of his ability. Pretty fair with grading. Not a big fan of the loud breathing into the microphone during lecture but other than that pretty solid.",0,0,0,0,0,0,0,1,Pretty fair with grading,Grading is explicitly described as fair.
MATH141_519,MATH141,Shin Song,2025,1,"Professor song is a very nice person but not a good professor, at all. Having taken calc 2 before with other professors, I can confidently say her explanations of the topics are incredibly confusing and she does a horrible job of preparing her students for the exams. When trying to simplify complex ideas and arithmetic, she actually makes them even harder to understand and does not go over important topics/formulas which are on the final and midterms. You are better off taking another professor and self studying for the class using videos/online notes.",0,1,0,0,1,0,1,0,better off ... self studying,Poor explanations require self-study and fail to prepare students for exams.
MATH240_300,MATH240,Wiseley Wong,2024,5,"Dr. Wong is the best there is for Math240. His lectures are amazing, quizzes and exams are fair, and he is overall a very charismatic person. I did not have any prior knowledge of linear algebra. Yet, I did better on Dr. Wong's Math240 exams than Math241 and Math246, both of which I had taken a similar class back in high school. Math241 and Math246 were more of applying a formula that I had to memorize, but on the other hand, for Math240 I really did not have to memorize anything because Dr. Wong elucidated all the concepts to a point where it became very intuitive. If I were to take exams 1, 2, and 3 right now for Math241 and Math246 again, I would probably get a lower score than I did. However, if I were to take Dr. Wong's midterms again, I am quite confident that I would do just as well. That is how good Dr. Wong is at teaching. I ended up with an A+ and it honestly was not due to me being studious. It was all by virtue of Dr. Wong's knack for teaching. Side note: Dr. Wong was the course chair for Math240 this semester, so he was the person who wrote the final exam. Because of this, his students had somewhat of an advantage on the final because we were all familiar with the format of his exams. I would assume that Dr. Wong will most likely be the course chair for most semesters that he's teaching Math240.",0,0,0,0,0,0,0,1,quizzes and exams are fair,Assessments are clearly described as fair.
STAT400_425,STAT400,Sana Jahedi,2025,1,"An awful professor. Her lectures have nothing to do with the homework and exams. Also, they are extremely monotone and boring. I have learned absolutely nothing from her course. After giving us an insanely hard midterm 2 with a 50 as an average, so many people got mad. Do you think she decided to apply curve? Nah she said that the problems were simple and we were just stupid. After seeing 30+ horrendous reviews on PlanetTerp, instead of curving, she decided to give us problems for the final in advance, and warned us that we would get the exact same ones on the real final, but with slightly adjusted values. The issue was that she did not give solutions for these problems (only for 4 out of 15) and the problems were insanely hard. Like they were really hard even to memorize because of how little we learned in this course and how complicated these problems were. I literally had no idea what was happening in these 4 solutions, the rest of the problems I had to ask ChatGPT or Google. I am just so mad about how bullshit this class turned out, and how I learned literally zero new information, and that I will not be able to use this class as a prerequisite, because honestly I cannot claim that i know something about statistics. In conclusion: awful, afwul, afwul + no curve. How is she allowed to teach at UMD I will never understand.",0,1,0,0,1,1,1,0,insanely hard midterm ... no curve,"Exams are extremely difficult, uncurved, and require outside resources due to poor teaching."
STAT401_080,STAT401,Kyeongwon Lee,2025,1,"I'm not sure what's going on in this class anymore. The STAT department needs to do something about its courses and professors. First there's the nightmare with Dr. Zheng's STAT400 class and Dr. Williams teaching STAT410 in the most brutal way, then there's this. Dr. Lee does not seem to go over the concepts effectively at all, instead redirecting us to his practice worksheets whose answers are typically not gone over. This makes doing them a waste of time as we can't even check our solutions to see where we went wrong. The quizzes in this class also have abysmal averages (two quizzes didn't even get a PASSING mean, with one being under 50%). This shows how unprepared many of us feel, even though the quizzes were pulled directly from the practice worksheets. The funny part? ALMOST NOTHING from the lectures shows up in the worksheets, lecture is all PowerPoint slides with conceptual stuff but the discussion is entirely applications of these concepts, which wasn't taught very well. The professor also seems to be very static with learning and doesn't seem to change things up very well. Our midterm review was literally just the professor going back through the very first set of slides and jumping through things, rather than doing practice problems that would be useful for the exam. Recently, we have also had a sub instructor cover the class, and the sub literally went BACK TO THE START of a 90-ish slide PowerPoint that we were MIDWAY through, jumping through slides very quickly. The class GroupMe had also freaked out several times when there were quizzes because everyone felt so unprepared. I hope there's a curve in this class. If so, I'll reconsider my current rating.",0,1,0,0,1,0,1,0,quizzes ... abysmal averages,Quizzes are very difficult and the course is poorly aligned and confusing.
CMSC131_385,CMSC131,Ilchul Yoon,2025,1,"This is supposed to be the *INTRO* comp sci course, and I have spoken with people who already finished CMSC 351 with another professor and they talk how Yoon is the most difficult professor they have had at UMD. Do *not* take him for a class. If you have hours of free time to learn everything possible about Java then you may do okay, but this isn't my only class and I'm incredibly stressed. I do the projects and practice exams, but the practice exams/quizzes sometimes are not related to the actual quiz/exam at all. The projects are fine, but these exams are brutal. Avoid for your own sake, for your mental health and GPA, do not take him.",0,1,0,1,1,0,1,0,hours of free time to learn everything possible,"The course requires extensive self-study and has brutal, poorly aligned exams."
CMSC132_463,CMSC132,Nora Burkhauser,2025,5,"I feel like Professor Burkhauser's reviews were a little bit low during her first semester teaching. However, I don't think that Prof. B is a bad teacher. She has gotten better with her teaching over time and is very friendly to the students. Less mistakes were made during her lectures, and she was very knowledegable getting the concepts of CMSC 132 across. If you have a choice, take her. Your grade will thank you, and you will learn quite a lot.",0,0,0,0,0,0,0,0,learn quite a lot,No clear workload signal.
CMSC216_466,CMSC216,Christopher Kauffman,2025,5,"Kauffman is an incredible professor and 216 is pretty easy with him. His lectures are incredibly detailed and informative. The structure of the class is very well made and makes it easy to understand everything. Every assignment given gives enough practice for the exams (you should not chatgpt the projects for this reason) so you don't need to practice much outside of the coursework and if you didn't understand something in lecture the labs and projects will usually fill these gaps. The projects only have public tests and the exams are open laptop so you can download anything you want for the exam just no google or ai. One warning I'll give is he told us he would reorganize the grading structure to deal with ai cheating and his options were either lower project weighting and raise exam weighting, add an extra midterm, or automatically fail anyone who's exam average is below 70%. Personally I don't think these should be an issue due to what I've written in this review. If you're reading this and picking classes definitely take this guy over anyone else",0,0,0,0,0,0,0,1,216 is pretty easy with him,Assignments and exams are well structured and manageable.
CMSC250_511,CMSC250,Mohammad Nayeem Teli,2025,4,"i'm decently lukewarm about teli. - his lecturing gave you the bare minimum in what you needed to know for hw and quizzes. his lectures can be a little wishy-washy within explanations - hw, discussion and quizzes were harder than the examples covered in lecture. had to spend a lot of time in OH figuring this out - exams were easy compared to the hw/discussions/quizzes. this is a redeaming quality of the class - TAs were a mess, regularly skipping OH, each TA would give you different answers to the same hw questions, partially like this because teli does not provide answer keys or grading guidelines to TAs - generally proof notes were sloppy, it makes it hard to figure out what is syntaxtically acceptable for an exam. grading felt random at times - recordings were a nice to have overall he is an okay professor, he get's the job done. 250 is generally taught a little bit confusingly, so if you're not a math person, plan to spend extra time in OH to figure this class out.",0,0,1,1,0,1,1,0,spend a lot of time in OH,"Homework and quizzes require extra time, while grading and guidance are inconsistent."
CMSC320_177,CMSC320,Fardina Alam,2025,3,"Easiest CS class I have ever taken. It’s pretty much impossible to get below an A, especially if you bother to do the extra credit (of which there is a lot). The TAs were kinda useless. I had one experience where a homework question made no sense, so I asked a TA in office hours, and he had no clue either, so he said to post on Piazza so the TA that made the homework could answer. Their response basically said to try harder. By the latter half of the semester, a lot of posts didn’t even get responses. The lectures covered a lot of content very briefly, so you could learn what’s available in the field of Data Science. A lot of the math behind data science methods wasn’t explained well (or was wrong), so I don’t view this as a great prerequisite to CMSC422.",0,0,0,0,0,0,1,0,homework question made no sense,"Course support and homework explanations are unclear, though workload is easy."
CMSC330_261,CMSC330,Cliff Bakalian,2025,2,"Cliff has a lack of professionalism that radiates throughout this entire class. He doesn’t hold his TAs to any standards so they often show up late and are unhelpful during discussions and office hours. He tries to be goofy by putting bizarre “brain rot” style questions on midterms, which obviously makes the questions way harder to comprehend. He also never responds to emails. On top of all that, he’s not a great lecturer. He’s not the Devil. I don’t want to be too harsh. But I struggle to come up with any positive contribution that Cliff made to this course that I can’t also attribute to Anwar. I would recommend taking Anwar instead.",0,1,0,0,0,0,1,0,questions way harder to comprehend,Midterm questions are difficult to interpret and course support is poorly organized.
CMSC335_019,CMSC335,Nelson Padua-Perez,2024,1,"His class is extremity disorganized and a lacks clarity regarding exam content. Despite the absence of guidance on exam topics and the withholding of practice exams, students are left to navigate a frustrating academic experience devoid of support. For exam 1, the main coding question had content from Exam 3. He misguided all of his students.",0,1,0,0,0,0,1,0,extremity disorganized ... lacks clarity regarding exam content,The course is disorganized and exam coverage is unclear.
CMSC351_285,CMSC351,Justin Wyss-Gallifent,2024,5,I actually enjoyed going to this class despite not being a morning person. He makes one of the more notorious classes at the University really fun and easier to understand. I enjoyed this class a lot in the Spring!,0,0,0,0,0,0,0,0,fun and easier to understand,No clear workload signal.
CMSC411_047,CMSC411,Bahar Asgari,2022,4,"Big up professor Asgari. The content she teaches in her architecture class are REALLY interesting, and the projects are so fun and educational. You really get a lot out of this class - she's super active on Piazza and is so helpful with clarifications. She's very accommodating of students' needs and requests, and you can tell she's a very genuinely nice person and wants her students to succeed. I loved this class - it's my favorite 400 level CS class so far, and it's definitely thanks in part to her projects and kindness. My one issue would be that her lectures are somewhat dry; while the content is super interesting, when lecturing she doesn't do much more than read from the slides monotonically and answer questions. The exams are fair and she's always open to help with students' questions.",0,0,0,0,0,0,0,1,exams are fair,Assessments are described as fair and the projects are educational.
CMSC412_014,CMSC412,A.U. Shankar,2022,4,"I've had Shankar for CMSC 216 and CMSC 412. Although Shankar has a stutter if you focus during lectures, write down some notes, and ask him questions, he will clear up any confusions you have. The difficulty of the exams he gives usually is written by whoever is proctoring the course. In CMSC 216, the exams given were written by Yoon so it was pretty hard. In CMSC 412, Shankar wrote his own exams, which were rather fair if you knew the material (much fairer than exams written by Yoon or Kruskal). The reason why I give Shankar 4 stars is literally because I think he did an ok job teaching 412. I think reviewing a professor's competence should account for the conditions of the course. The biggest change Shankar could've done is go over hints for the projects in the lecture, though this was mostly the job of the discussion section and the TAs. Other changes Shankar could've made were to make his slides less vague and provide more detailed practice exam solutions. 412 is hard because doing the GeekOS projects take too long, leaving students without much time for other classes and to understand other aspects of Operating Systems not implemented in GeekOS. GeekOS is designed by a UMD graduate, Jeffrey Hollingsworth, Neil Spring, etc. If one accounts for the fact that this project was given to everyone who took CMSC 412, one would realize that this pain is not the fault of the Shankar but the curriculum of the course. Sure Shankar could've changed this curriculum but I don't think this would be too fair.",1,0,0,1,0,0,0,1,GeekOS projects take too long,"Projects are very time-consuming, while exams are fair."
CMSC414_062,CMSC414,Michael Marsh,2024,5,"I took 414 Spring 2023. His flipped classroom approach and low-stakes quizzes were a breath of fresh air. His grading policy was very straightforward which made figuring out your grades a lot less stressful. If you consider yourself bad at time management, he may not be the right professor for you. Things may have changed since I took this class, so this might not be accurate anymore, but assignments weren't officially due until the very end of the semester. If you're unable to keep up with the recommended schedule, you might find yourself having to do everything at the last minute. Some of the projects (especially the first one, which was about buffer overflow and NOP sleds) took quite some time to do, so watch out! 414 was very interesting and you learn a little bit about a lot of different things. I think it's quite useful in figuring out whether computer security is a field you'd be interested in pursuing. Marsh was also very nice and friendly; the TAs on piazza were also super helpful (shout out to Julio!).",1,0,0,1,0,0,0,0,projects ... took quite some time,Some projects require substantial time and strong time management.
CMSC420_203,CMSC420,Justin Wyss-Gallifent,2026,4,"Just a note about the really bad warnings: we were only told that he was switching his class format about two weeks before the semester started so I would guess that some people who were really unhappy may not have had enough time to find a new class or realized what 7 exams would entail for them (especially poor test takers). Yes, 7 exams could be stressful (this is the reason I deducted a star, but really I'd give a 4.5 if possible). However, the exams were really fair except for the first one. They were a lot like the recommended problems, some of them were even directly from these problems. For anyone who doesn't struggle with serious test anxiety, you'll probably be fine. Do the recommended problems and try to stay on top of content so you don't have to cram for each exam. Justin himself is a great teacher. His lectures were pretty engaging and he explained things really well. The only real complaint I have about the exams is that sometimes the proofs were just a little too difficult for someone who isn't used to proofs. The first exam was kind of heinous, but I think Justin just didn't account for the fact that it had been awhile since we had seen 351 material and we all had professors who taught the content differently. And Justin is INCREDIBLY nice, like way nicer than a professor really has to be. He wasn't out to get us with the 7 exam thing, he was just trying to make the course fair to those of us who refuse to cheat on every single assignment handed to us. He dropped an extra exam after seeing how much stress some of the students were experiencing due to the change in class structure. He extended project deadlines MULTIPLE times. Again, as long as you're not someone who has serious test anxiety you will do fine.",0,1,0,1,0,0,0,1,7 exams could be stressful,"Frequent exams are stressful but generally fair, and staying current is necessary."
CMSC421_014,CMSC421,Dana Nau,2019,1,"Nice person, not so great class. This has been the most frustrating class I have taken in my undergrad here. The projects were poorly implemented and communicated, and the TA's did not really help much. It would often be the case that there would be dozens of piazza questions left unanswered on the day before an exam or a project. In addition, expectations on projects and how they would be graded was not communicated well at all. With no semblance of tests to evaluate your performance, you just had to write something and hope whatever arbitrary grading scheme worked in your favor, if not then oh well. For this reason many people ended up with very low scores in the class, despite putting in a lot of effort. I would be very careful in taking this class. If you are expecting a class with clear expectations on projects and transparency with grading, this is not it. Instead you will feel a lot of stress over unclear grading, lack of communication and poorly defined student expectations.",1,0,0,1,0,1,1,0,projects were poorly implemented and communicated,Projects require major effort amid unclear grading and poor communication.
CMSC422_017,CMSC422,Furong Huang,2022,3,"Nice professor, decent lectures. Often got very difficult to force myself to go as they were slow. Projects and slides were old and she would have notes that she would not put on the slides and only say out loud during lectures. If you missed it, that's too bad, it was probably on the weekly ELMS quiz, which was always annoying. Having only two attempts for the quizzes was super frustrating, especially for very mathematically dense weeks. The projects were fair, a little tedious. They have an autograder on ELMS, but we do not have access to see how we did until we get the grade. ELMS Computer Science courses stink, just put it on gradescope.",0,0,0,0,0,0,1,1,"projects were fair, a little tedious","Projects are fair but somewhat tedious, with unclear quiz and grading logistics."
CMSC424_013,CMSC424,Amol Deshpande,2020,1,"CMSC424 during the full covid semester is actually kind of absurd. The concepts build up extremely rapidly, but the extraordinarily difficult homeworks don't even cover material relevant to future jobs. If I ever have to calculate precisely how many hard disk seeks and block reads occur when running a SQL Hybrid Hash merge join operation in the worst case at a future job, I will actually eat my hat. The fact that homeworks ask us to effectively re-derive and analyze internal sql algorithms is a bit ridiculous for this semester. I made the mistake of not doing a couple early homeworks to make room for other classes, thinking the difficulty would be consistent throughout the semester. Turns out I need every point I can get in this class, and that's not really possible with how inscrutable and impossible the homeworks have become.",0,0,1,1,0,0,0,0,extraordinarily difficult homeworks,Homework is extremely difficult and consumes substantial effort.
CMSC430_054,CMSC430,Anwar Mamat,2025,5,"Took this course over the Summer with Anwar. It's same old Anwar, I'm not a huge fan of the way he teaches, but I also don't typically go to lecture, so it's not something too important to me. This course in particular tends to be taught identically regardless of professor because they're based off some really amazing notes written by someone whose name I cannot seem to find written down anywhere. If you're comfortable with assembly from 216, and the concepts from 330, you'll do quite well in this class from the notes alone. Since it was the Summer, it was nothing but projects and a few easy quizzes. Even the midterms were just projects. We weren't able to do the actual final, because Anwar only had classes 3 days a week instead of all 5, meaning we weren't able to cover all the content. We just did the next project as the final instead, so it was incredibly easy but still weighted disproportionately towards our grade. Regardless though, it was an interesting class, and besides having to join the Zoom each day (since he took attendance through Zoom polls) it was pretty easy, even if you're not listening to a word he says. If you like the way Anwar teaches, or if you're very comfortable with writing in assembly, working with parsing and interpreting, and don't mind learning from the (quite comprehensive) notes, then definitely take this class if it interests you.",1,0,0,0,1,0,0,0,nothing but projects,The course is project-centered and can be learned largely from notes.
CMSC433_036,CMSC433,Leonidas Lampropoulos,2025,5,"overall, great professor! he definitely wants students to succeed; he records most lectures (except for review sessions) and provided extensions on 2 of the projects solely because many students were asking him. i personally found it a little difficult to follow his lectures since he's fairly monotonous, but he himself seems to be quite kind and understanding. the projects were all pretty straightforward except for the parser project, and his exams are tricky with the averages being fairly low (he did provide a pretty generous curve to account for this, though). my only nitpicks would be that he uses discord rather than a forum like piazza (i think discord is worse for organizational purposes, as it was a little hard to tell what had previously been asked/answered), didn't record his review session lectures, and didn't provide an answer key for the practice midterm or actual midterms themselves (granted, he was willing to answer questions via discord; but since he didn't provide answer keys for our midterms and his rubrics are incredibly vague, it was difficult to determine what was or wasn't regradeable). overall though, i enjoyed his class a lot!",0,1,0,0,0,1,1,0,exams are tricky ... averages fairly low,"Exams are difficult, and vague rubrics and Discord organization complicate grading."
CMSC451_031,CMSC451,Clyde Kruskal,2021,3,"I took this class in Spring 2021. Typically, while most people say that your 451 grade with Kruskal is the same as your 351 grade with Kruskal, I feel as though your 451 grade may be lower. If you choose to take this class with Kruskal, be sure you know what you're doing... Pros: + The ridiculously long pre lecture videos from 351 are gone. The professor actually teaches new content during lecture time, making lectures highly informative. + He repeats most NP assignments from 351, so you can reuse your work + Professor is very chill regarding deadlines. Often, he would extend a homework deadline by a few dates simply because someone asked nicely. Our midterm deadline was actually moved by 2 weeks. Cons: - The quizzes from 351 that helped gauge your progress are (mostly) gone. We had a few at the beginning of the semester but they stopped afterwards - There are no written solutions given for any homework assignment (not just NP). This is especially detrimental when exams are often based off of homework assignments. While there are review sessions that go over homework assignments, they lack the formal rigor that a written solution would have. Also, there is no guarantee that the every problem is covered in these sessions. It is especially baffling that we do not have solution keys when this was done so often back in 351. - The live lectures are often very free-flowing and not directed without the slide set. This can make it difficult to determine what to take notes on. - No review material is given for either the midterm or final. The homework assignments do not make up for this. As a result, it is very easy to lose lots of points of exam questions where you may actually understand the concepts at hand. Again, exam review material is something that was easily made for 351, so I am shocked that they couldn't apply the same processes here to make it.",0,1,1,0,0,0,1,0,exams are often based off homework assignments,"Exams depend heavily on homework, while missing solutions and review materials create confusion."
CMSC460_006,CMSC460,Tobias von Petersdorff,2026,4,"I feel like the reviews for TVP have been a thing of the past, and he has changed for the better. First off, I have yet to see a panic attack. It is only March, so I can't make any assumptions, but I am glad that he has remained relatively calm in class for the first half of the semester. He is also very friendly and accommodating, which is great to have as a professor. Additionally, his homework is graded pretty fast (he has a TA grading the HW this time), everything seems to be assigned at the right pace, and his exams are very fair and straightforward. TVP's lecture notes are also phenomenal; these are probably more helpful than actually going to class. He is a bit sluggish with exam grading, though, as it has been almost three weeks without our Exam 1 grade. If you are great at self-studying, take this class. Otherwise, you might want to either hold off or take another professor's section.",0,0,0,0,1,0,1,1,great at self-studying,"The course favors self-study, while pacing and exams are fair but grading is slow."
CMSC470_007,CMSC470,Rachel Rudinger,2022,2,"She's kind and it's clear that she's trying. It's also clear that she's very knowledgeable about NLP. However, that did not translate to being able to teach well. Lectures were extremely dry and often hard to follow. It was often unclear what we had to know (vs what is just ""good to know""), as lectures tended to contain a lot of superfluous detail. Concept explanations were made more complicated than they had to be. On the plus side, homeworks were well-written, aided in understanding some concepts, and weren't too difficult. The midterm exam was also fair. So, it seems like the issue is not structural, but in the substance of how the material is taught. I came into this class being really excited about the subject but found myself groaning in frustration during class.",0,0,0,0,0,0,1,1,homeworks ... weren't too difficult. The midterm ... fair,"Homework and the midterm are fair, though lectures are unclear."
INST326_076,INST326,Aric Bills,2025,5,Aric is by far my favorite professor at UMD. Incredibly smart and great guy. Take his class.,0,0,0,0,0,0,0,0,favorite professor,No clear workload signal.
INST327_003,INST327,Pamela Duffy,2019,5,"Duffy is a good teacher who cares about her students, and gives very fair (and open book) assessments and assignments. Databases can be a pretty dry subject but Duffy does her best to make the course interesting, and it is one of the most useful courses in the major.",0,0,0,0,0,0,0,1,very fair ... assessments and assignments,Assessments and assignments are explicitly fair.
INST414_010,INST414,William Farmer,2023,3,"At the moment this professor seems genuinely seems busy with all the things going on in his life. Which is fine but that comes at a cost to his courses. This course is likely terrific if you already know all of the concepts and ideas that he asks for in assignments and exams. However, if you remotely struggle in this course there are very few resources available to you and it's extremely difficult to get in contact with the professor. Even when you do you frequently have to follow up in order to get any form of help. This problem is only made worse since this semester the TA while being a great person didn't give a lot of help in the sometimes vague questions or when you were genuinely stuck. This professor is best suited for students who require minimal help to understand data science and can quickly finish assignments since due dates aren't consistent.",0,0,0,0,1,0,1,0,few resources available ... due dates aren't consistent,Students need prior knowledge and face inconsistent deadlines and limited support.
INST447_010,INST447,Giovanni Luca Ciampaglia,2023,1,"This class was pretty bad. The professor is very nice, but the way the material is taught is not easy to understand at all. We were taught one thing in class but the programming assignments and labs were way harder and sometimes made zero sense. I didn't think this class would be bad at all, I had a lot of hope but it's stressed me a lot this semester, by far my most stressful class.",0,0,1,1,1,0,1,0,assignments and labs were way harder,"Assignments and labs are stressful, poorly explained, and require self-learning."
MATH140_472,MATH140,Dong Quan Nguyen,2025,4,If you are looking to actually learn Calculus don't take this class. If you don't care to learn Calc or aren't taking Calc 2 then take DQ! Tests are super super easy and there is no HW. Not the best teacher especially if you have no background in Calc but he is the best guy. The final will be impossible but the grades will even out in the end.,0,0,0,0,0,0,0,0,Tests are super super easy and there is no HW,No clear workload signal.
MATH141_534,MATH141,Foivos Chnaras,2025,5,"Good lecturer, very supportive professor, recommend him for anyone. He gets the important information across very well, and is available for any help that anyone needs. Generally an awesome guy.",0,0,0,0,0,0,0,0,supportive professor,No clear workload signal.
MATH240_307,MATH240,Owen Guch,2024,5,Soooooo helpful and communicative for MATH240 under Wong. The discussions and office hour times helped me for quizzes and exams.,0,0,0,0,0,0,0,0,helped me for quizzes and exams,No clear workload signal.
STAT400_412,STAT400,Soyoung Park,2025,5,Soyoung is an amazing TA for STAT400! She is so nice and always has a smile on her face. She explains concepts very clearly in discussion and cares genuinely about students' success. Highly recommend her!,0,0,0,0,0,0,0,0,explains concepts very clearly,No clear workload signal.
STAT401_070,STAT401,Anurag Dey,2025,1,"I have mixed feelings on this. The class started out fairly normally, and although he probably cancelled about one in five classes (and was often about 10-15 minutes late to the ones he attended), there wasn't much to write home about. The first midterm was very easy, which everyone was excited about. After that, the wheels fell off. He went from cancelling class once every other week to showing up once every other week. He suggested he was going through some health problems, which I do understand, but he still had obligations to us. About 3 weeks after the midterm, we were getting set to take our second midterm, and he dropped a bombshell on us: He was completely changing the structure of the class. There would be no midterm 2, there would be no new instruction, no more homework, basically, no future assignments.. Instead the class was split into 6 groups with a vague assignment which basically amounted to ""Work with your group on some sort of Statistics thing"". Nothing would be turned in, and each group would meet with him to discuss every third lecture. He was still no-showing around 75% of the time. No group really did much with this. Nothing was turned in, and our professor was very rarely even there to discuss our research with. Several times people reported going to his classroom during class times and no one being there, no students, no Professor Dey. He pretty much didn't even announce it anymore. Long-story short, he really didn't teach for the 2nd half of the semester. The Mid-term and final were both easy (directly off the homework), and the cutoff for an A was 85%. Most students will get an A, which is nice, I suppose. But as a professor, he simply did not really do his job.",0,0,0,0,0,0,1,0,completely changing the structure,The course became severely disorganized when instruction and assignments abruptly changed.
CMSC131_417,CMSC131,Pedram Sadeghian,2025,1,"no curves and makes exams & quizzes impossibly hard for an introductory course in java, pedram puts you through misery and extended suffering take elias or nora",0,1,0,0,0,1,0,0,no curves ... exams & quizzes impossibly hard,Exams and quizzes are extremely difficult and uncurved.
CMSC132_434,CMSC132,Pedram Sadeghian,2025,1,"Even though you can still learn from his monotonous teaching style, be prepared for a potential drop in your GPA or the risk of not meeting your benchmark requirements.",0,0,0,0,0,0,0,0,potential drop in your GPA,No clear workload signal.
CMSC216_429,CMSC216,Christopher Kauffman,2025,5,"I would absolutely take Kauffman again--you can absolutely tell he loves teaching and his students, and he comes off as very approachable (which is really nice when you have a question, over email or in person). The class / projects / tests are hard, but it's absolutely worth the time and effort. Has a really good engagement point system that gives you some grace on late project submissions if you, again, put in the effort. Very well organized system, posts all his slides, records all his lectures, etc. etc.",1,1,0,1,0,0,0,1,"projects / tests are hard, but ... worth the effort","Projects and tests are hard and require effort, but the course is well organized and fair."
CMSC250_487,CMSC250,Mohammad Nayeem Teli,2025,1,"Nice guy, but BORING! I stopped coming to class because I just couldn't take it any more. I can't say I learned much. I don't recommend him for CMSC250.",0,0,0,0,0,0,0,0,BORING,No clear workload signal.
CMSC320_184,CMSC320,Fardina Alam,2025,5,"great professor if you're looking for a an easy and low-stress cs course; i believe every homework and exam included a bonus section, and in addition, she provided a bonus homework and a couple of small ""bonus quizzes"" during class. i admittedly only went to lecture the first half-ish of the semester, and from what i could gather, fardina seems quite nice but imo her lecture style was rather boring. her slides are fairly detailed though, and her exams tended to ask more surface-level questions so between that and all of the extra credit she offered, her class was definitely a breeze",0,0,0,0,0,0,0,1,easy and low-stress cs course,The workload and assessments are easy and low stress.
CMSC330_181,CMSC330,Cliff Bakalian,2023,4,Cliff is an ard professor in my opinion. Pros: good TAs fair exams and quizzes(except quiz 1) He tries his best to help the students Bonus points for participation Cons: boring lecturer does not record Some Difficult projects(Every CS coding class is going to have difficult projects so it is what it is) Overall this class was not that bad,1,0,0,0,0,0,0,1,Some Difficult projects,"Some projects are difficult, but exams are fair and the course is manageable."
CMSC335_004,CMSC335,Nelson Padua-Perez,2022,4,Nice person and good professor overall. This lectures were good and his projects were fair. He understands how stressful college can be and trys to accommodate. Only complate is that sometimes his exams material we have just learned and his review guides have a lot of topics which never actually get tested.,0,0,0,0,0,0,0,1,projects were fair,Projects are fair and the professor is accommodating.
CMSC351_363,CMSC351,Clyde Kruskal,2026,1,Don't do it to yourself... Just wait the semester out until a different professor can be taken. Never seen such low averages in my life. 41% was a C- btw...,0,0,0,0,0,1,0,0,41% was a C-,Very low averages and the grading cutoff suggest harsh grading.
CMSC411_042,CMSC411,Bahar Asgari,2022,5,"I'm extremely glad I took her class this semester. Ever since the beginning of the semester, she has been extremely pleasant and accommodating. All of her assignments are organized and if anything is unclear, she will gladly make things clear on Piazza or during office hours. Her exams in particular actually relate to provided material prior especially because she provides necessary examples to help us practice and understand concepts better. PICK HER CLASS!",0,0,0,0,0,0,0,1,exams ... relate to provided material,Assignments are organized and exams are fair and aligned.
CMSC412_020,CMSC412,Ashok Agrawala,2024,3,"Ashok's not good at lecturing. Exams are very difficult. I would prep around 30+ hours and take notes on every chapter of textbook and I got around 70, 90, 80 on M1, M2, Final respectively. Projects are all doable, but take a long time... especially for debugging. The harder projects can take 20+ hours. Also, information about the project is scattered across a project spec, slides provided by the TA, and project overview discussions sections (which are not recorded). Make sure to go to discussion on days they introduce new projects. Make sure to start as early as possible so you can go to OH. The TAs carry the course. Overall, your grade in this class mostly comes down to how much time you can spend on the class. I only took 3 classes this semester, and spent a lot of time for this class. The grade is split between (1) projects ~40, (2) two exams ~30, (3) final ~25, (4) participation ~5. No insight into how participation grade works, but projects can really help to boost your grade if you do them all on time :). I ended with an 89, and this was curved to an A+",1,1,0,1,1,0,1,0,harder projects can take 20+ hours,Projects and exam preparation demand extensive time amid scattered course information.
CMSC414_033,CMSC414,Dave Levin,2021,5,Really interesting lectures and great instructor!,0,0,0,0,0,0,0,0,great instructor,No clear workload signal.
CMSC420_195,CMSC420,Justin Wyss-Gallifent,2025,5,Giving him a 5 bcuz that extra exam drop came in clutch. The reason most students consider him the GOAT is because he is open to taking feedback from students which is a GOAT mindset to have as a professor.,0,1,0,0,0,0,0,1,extra exam drop,"Multiple exams are implied, but the drop policy makes grading more forgiving."
CMSC421_025,CMSC421,William Regli,2022,5,"Professor Regli is a very considerate professor as he has been both lenient with grades and deadlines. His projects can be a little challenging (and the first one was a little too open ended - but by fault of one of the TAs), but they are fair and teach you a lot more about the concepts in AI than just the slides alone. For his exams, while they are a little more on the challenging side, they have generous curves (as an 82% on one exam translated to an A). As far as workload goes, it should be pretty manageable since there are 3 programming assignments and then 3 (much smaller) homework assignments throughout the whole semester. He recommends that you read the textbook and do practice problems, but this is mostly supplementary imo (and probably not worth the extra effort). I disagree with the comment about him being disrespectful as he has always been eager to help and connect with me whenever I've reached out to him during/after class. My only complaints about Regli are that it can be a little hard to follow along with him during the lectures because he goes over a lot of content in small amount of time, without pausing to do practice problems or repeating the content, which makes it hard to retain the information. Overall, I'd recommend Regli as he does care about the content and you having practical takeaways from CMSC421.",0,1,0,0,0,0,0,1,projects can be a little challenging ... but fair,"Projects and exams are challenging but fair, and the workload is manageable."
CMSC422_025,CMSC422,Mohammad Nayeem Teli,2024,5,"I posted a midsemester review of this class back in October 2023 so this is a review for the class in Fall 2023 semester now that it's over (apologies for being a little late). My feedback for this course now is basically the same as the prior review I made. The first thing I would like to add are that the final project was a little challenging (extra credit section was interesting) and time-consuming so as always, make sure you start your projects early. Second, the final exam was cumulative and relatively similar to the practice final we got. There was also a final exam review session via Zoom, which greatly helped. This class will be challenging from a mathematical standpoint so make sure your calculus, probability, statistics & linear algebra foundation is strong. Other than that, the class was well-organized. I still recommend all students to take this class with Prof Teli.",1,0,0,1,0,0,0,1,final project was...challenging and time-consuming,"The final project was challenging and time-consuming, but the course was organized and recommended."
CMSC424_001,CMSC424,Amol Deshpande,2012,5,"Prof. Deshpande was a great professor (especially for computer science courses). He did not just stand in front of the class and read off a power point. He actually taught the concepts, sometimes with no presentation at all. When he did use a power point, it was as a visual aid and not as a crutch. For this semester, he did only quizzes (no midterm) and a final, plus homeworks. I liked the quizzes because it removed the stress of having a big midterm, however, it required you to always be caught up in the material.",0,1,0,1,0,0,0,0,quizzes...required you to always be caught up,Frequent quizzes and a final required students to stay continuously current.
CMSC430_038,CMSC430,David Van Horn,2024,3,"Professor never replied to emails. I still don't have my final grade on ELMS nor testudo, and I graduated yesterday. Also good luck finding a TA during office hours later in the semester.",0,0,0,0,0,0,1,0,still don't have my final grade,Delayed grading and unavailable support indicate poor course administration.
CMSC433_010,CMSC433,Anwar Mamat,2019,5,"I had Anwar for 433 and 330. He knows how to run a course well, curves fairly, and is generally pretty responsive to student concerns. I think he is a good standard that other UMD CS professors should hold themselves to. His slides are pretty good and his tests are fair.",0,0,0,0,0,0,0,1,curves fairly...tests are fair,The course is described as well run with fair tests and grading.
CMSC451_078,CMSC451,David Mount,2025,5,"My goat David Mount awesome class!! I thought I would fail because I am lazy but he is very generous with grading. The only thing is that HWs take too long and I wish that they could be split up into multiple. Very good class to help you think differently and become more knowledgeable on the theoretical side of CS. Not an easy class at all, but very fun!",0,0,1,1,0,0,0,1,HWs take too long,"Homework takes too long, though grading is generous and the difficult class is worthwhile."
CMSC460_003,CMSC460,Stefan Doboszczak,2022,5,"Professor Doboszczak is a great professor. As an engineering major I have taken just a few math courses throughout my degree.... and Stefan is definitely one of the best I've had. He doesn't just go over the most basic example in lecture and give you the hardest problems to solve for homework. He gives a great balance of examples and theoretical explanations and gives challenging but solvable homework problems. He gives great practice exams and plenty of additional resources to learn the material. The only downside is that he doesn't release answer keys to the practice exams. So you should work on them well before the exam so you can get assistance from him or the TA's if you're stuck. The course, though being titled computational methods, has a lot of cool information regarding the IEEE floating point standard, how computers store numbers, and how to figure out how accurate your answer can be on a given machine (single precision vs double precision). The second half of the course I found to be more challenging as it is the more theoretical mathematical concepts you see on the course description (interpolation, quadrature, differentiation, etc). I was weary to take this class after being required to take so many math courses -- but I actually enjoyed every lecture I watched because of Stefans teaching. I would 100% recommend this course to anyone that has the option to take it.",0,0,1,0,0,0,0,1,challenging but solvable homework problems,Homework is challenging but solvable with strong support and resources.
CMSC470_018,CMSC470,Sarah Wiegreffe,2026,1,"Worst prof ever. Doesn't know shit about the mod. Gives out of syllabus questions in the quiz, which btw varies from section to section.",0,1,0,0,0,0,1,0,out of syllabus questions in the quiz,Quizzes include out-of-syllabus and inconsistent section content.
INST326_001,INST326,Dimitri Wolford,2017,5,Really good teacher. He is very helpful in answering questions and he presents the material thoroughly. He grades very leniently on the quizzes and the tests. The homework assignments are fair and if you struggle he will gladly help you if you go to his office hours.,0,0,0,0,0,0,0,1,homework assignments are fair,Assignments and assessments are explicitly described as fair.
INST327_027,INST327,Pamela Duffy,2025,5,"Professor Duffy does a great job making the material easy to understand. The assignments are very educational and really reinforce what you learn. This class focuses heavily on SQL and isn’t too difficult if you stay on top of things. To succeed, make sure to watch the lecture videos, complete the quizzes before class, and follow along with the in-class code examples and skeleton files provided. Don’t hesitate to ask for help in ELMS or Piazza. Both the TA's and professors are very supportive. Additionally, shoutout to TA Angela! She is amazing and very knowledgeable, and explains concepts clearly. Each discussion is mandatory, and we start with 15 minutes to try the lab exercises on our own. After that, the TA walks through them step by step, which is super helpful. Additionally, there is a semester-long database design project. Make sure to pick a good group within your class section early on, or you’ll be placed randomly. Some parts of the project require meeting up and working on the same device, so it’s important to have a cooperative group. The project can get challenging if group members don’t pull their weight.",1,0,0,1,0,0,0,0,semester-long database design project,A semester-long group project requires sustained coordination and effort.
INST414_022,INST414,Phuong Anh Nguyen,2025,1,"I wanted to start by saying she was one of the worst professors I've ever had, but upon further reflection, she is the worst. Her course structure is unclear, no information is presented during lecture, and it has to be learned through YouTube videos she sends before class. For every class, we simply do an assignment that is due at the end of class—NO EXCEPTIONS. She doesn't provide rubrics for major assignments and then gives unhelpful feedback when you receive a lower grade than expected. Grades on assignments CANNOT be discussed during office hours or, quote, ""your office hours privilege will be revoked."" Her office hour structure is terrible, and you have to request an appointment based on a specific pretext. Most of the time, you will actually be meeting with the TAs instead of the professor. She is rude and resorts to threatening when a student has a mild disagreement and shuts down students' questions during class. Each week, we have a discussion assignment, which we aren't given enough time to complete—or you could simply do a way easier online certificate to avoid discussion altogether. This structure really discourages you from actually attending discussions and interacting with classmates. If I could go back, I'd immediately withdraw from this class, and the course content—compared to previous professors—is abysmal. Do yourself a favor: if Kem is teaching your section, reschedule and pick a different professor.",0,0,1,0,1,1,1,0,learned through YouTube videos...assignment due,"Students must learn externally while facing unclear structure, frequent assignments, and opaque grading."
INST447_004,INST447,Nekabari Sigalo,2023,4,"Easy course. Felt like taking INST126 but with more work with pandas. No challenges were met doing activities because she gives you most of the coding framework for you to modify for assignments. Learned some things about data science but didn't earn much of a learning impact as this course gives you. I used INST course projects as a way to place them into my portfolio for may employers, but I have so say the work we were given wasn't portfolio worthy or even as work heavy as work I've done in 314. Definitely feels like I'm taking a 200-300 level course.",0,0,0,0,0,0,0,0,work...wasn't...work heavy,The review explicitly describes the course as easy and not work-heavy.
MATH140_487,MATH140,Mirna Pinsky,2025,1,"Legit this account was made just for her. Lokey don’t know how she even has a one point five it should be a 0. A lot of people find her rude but that’s whatever but just her actual ability to write tests, teach the material, and answer questions is terrible. Also just to put it into perspective the normal grade with no curve on the first midterm is 60-60 percent our classes was like 30 which is an insane difference. Thankfully by luck I had the best TA Emma to save my grade.",0,1,0,0,0,1,0,0,class average was like 30,Tests were unusually difficult and produced an extremely low class average.
MATH141_520,MATH141,Kendall Williams,2025,2,"the way he taught concepts was okay and was very receptive to questions and helpful during office hours, however the way he wrote problems for exams and homeworks were almost criminal. i had to withdraw from the class after the 2nd exam to save my gpa even after countless hours of studying, going to office hours, asking questions, doing practice problems, etc. just the way the problems in exams are written are horrible and there's no curve.",0,1,1,1,0,1,0,0,countless hours of studying...no curve,Difficult exams and homework required extensive studying with no curve.
MATH240_366,MATH240,Shin Song,2025,4,"Nice person, exams are easy, quizzes are easy. The only knock on her is that she can be a very boring/overly technical lecturer, so you might need to self-study a bit. Don't get complacent after the first midterm because there is a large spike in difficulty for subsequent exams. (They are still easy for those who actually study a decent amount)",0,1,0,0,1,0,0,1,need to self-study a bit,"Some self-study is needed, but exams remain manageable for students who study."
STAT400_443,STAT400,Shrestha Pal,2025,5,"I took this course last summer, but I wanted to add about Shrestha, my TA for STAT400, being one of the most lenient graders I've met. She clearly pointed out where I went wrong and ensured that I did not get completely dinged for careless mistakes on my homework.",0,0,0,0,0,0,0,1,lenient graders...pointed out where I went wrong,"Grading is described as lenient, clear, and reasonable."
STAT401_056,STAT401,Matthias Wellershoff,2024,5,"Very kind teacher and really understanding IMO. Our class was originally 5% project, 11% homework, 28% on exams (3) but format was changed after exam 1 scores were low – ended up doing 20%, 28%, 36% for exam scores as a ""curve"". Exams were similar to practice exams and problems done in class, and fair. Also, instead of the 90/93/97 A-/A/A+ grading scheme Wellershoff used a 85/90/95 A-/A/A+ grading scheme.",0,1,0,0,0,0,0,1,three exams...similar to practice exams,"The course is exam-weighted, but exams are fair and aligned with practice."
CMSC131_420,CMSC131,Aaron Kyei-asare,2025,4,"Aaron is a great guy and I would say that he has definitely improved looking at his past reviews. I came in with little to no prior knowledge and just needed the class for a programming requirement (took CSP in 10th grade), and I still felt like I was understanding what was going on. I will say make sure you go to office hours, that was the most helpful thing for me. The main downfalls of Aaron would be somewhat slow grading, but that's a lot of professors at this school, and the exams. I don't personally think any of the exams were insanely hard, but it is just slightly annoying that he doesn't have any practice exams he created since he started recently. All in all, I would recommend Aaron. He makes class pretty chill plus you get like 3 2-day extensions on the programming projects.",0,1,0,0,0,0,1,0,slow grading...doesn't have any practice exams,The review notes exam preparation gaps and slow grading.
CMSC132_400,CMSC132,Nora Burkhauser,2024,1,"Incredibly easy class but a really bad professor. If you red to be spoon fed information do not take this class you will fail. If you can learn yourself, also figure out what how she teaches it because they are relatively strict with the grading and want code written a certain way.",0,0,0,0,1,1,0,0,If you can learn yourself...strict with grading,Students must learn independently and meet strict coding-format grading.
CMSC216_434,CMSC216,Larry Herman,2025,5,Idk why his rating is so low tbh. Larry is super fair with the stuff he teaches if you go to lecture and actually pay attention you will be perfectly prepared for the exams. His projects are great because the descriptions get real specific about what you should do while also leaving some room for you to do it your way. 10 total points were free points of worksheets graded on completion that you just had to go to some lectures/discussions to complete. On top of this he curves. Getting an A in this class is easy if you regularly attend lecture and are half decent at programming.,0,0,0,0,0,0,0,1,super fair...perfectly prepared for the exams,The course is clearly structured and fair when students attend and engage.
CMSC250_516,CMSC250,Fawzi Emad,2025,5,"I took this course in spring 2025 and I can truly say that Fawzi was one of the best lecturers I've had at UMD. I learned so much from attending lecture and he explained topics very well. He would make explanations of topics very thorough and relatable so that they stuck. The discussions were not that useful in my opinion but that is very dependent upon your TA. However, the worksheets given in discussion proved to be very useful. I liked the fact that the homework was not graded because I could use the assignments for practice (I would do the problems then use the answer key to see what he was looking for in terms of format). Also if there was a problem that I could not figure out no matter how much I tried, I could always fall back on his answer key to point me in the right direction to start or learn how to do the problem entirely. Some might say that this ""defeats the whole purpose of homework"" but I would disagree saying that it made the homework less stressful and allowed me to learn something new rather than simply sitting there not knowing what to do. Overall his exams were very fair and were truly indicative of the content covered in class. Although he did not provide practice exams, reviewing the homework, worksheets, and lecture examples multiple times and ensuring that I was comfortable with those types of problems and the theory behind them was enough to do well. If you are on the fence about taking him, I would do it. If you attend his lectures, pay attention, and put in the work outside of class, you will do very well.",0,0,0,1,0,0,0,1,put in the work outside of class,"Success requires outside effort, but exams and expectations are fair."
CMSC320_173,CMSC320,Fardina Alam,2025,4,"Fardina is a really kind person and the assignments are pretty chill. She hands out extra credit like candy (the bonus HW alone adds 4% to your overall grade). She does spam 70-100 slides per lecture but you get used to that and it's easy to pick up on what's actually important. I didn't really mind and they lined up well with the exams. Only real issue: the TAs this semester are horrible at their jobs. I dunno how much of that reflects on her, but keep it in mind since 1) Piazza is really inactive, & 2) get used to regrade requests because their autograders are crap and take off points for valid code.",0,0,0,0,0,1,1,0,autograders...take off points for valid code,Faulty autograding and inactive support create inconsistent grading.
CMSC330_205,CMSC330,Anwar Mamat,2024,4,"He goes super fast through the content which is very jarring for the first few lectures, so trying to take notes is impossible. But, his slides are very good so there's no need to in my opinion. He has clicker quizzes during lectures to keep people engaged and make attendance mandatory, but they're never too bad and they do help with the content. 330 is the hardest CS class I've taken so far, and it's because all of the content is new. Exams are usually fair but hard, and the project take a very long time to complete. The best thing about Anwar is his passion for teaching. He came back from AWS to teach and I can see why, and I'm glad he did.",1,1,0,1,0,0,0,1,project take a very long time,Projects are very time-consuming and exams are hard but fair.
CMSC335_023,CMSC335,Nelson Padua-Perez,2024,5,"Liked this class because I really learned a lot stuff from it. His exam materials were all included in his bullet points for exam topics, which I thought was fair. Project were fun and easy as well, and the final project was a very interesting one to me personally. Nelson, overall, is a pretty good lecturer, he is very funny, kind, and he cares about his students a lot. I recommend everyone take this class.",0,0,0,0,0,0,0,1,exam materials...fair...Project were fun and easy,Assessments are clearly outlined and described as fair and manageable.
CMSC351_347,CMSC351,Justin Wyss-Gallifent,2025,5,"I had ting for 351 but I willingly woke up to come to this class at 8am and it was so worth it. Justin is a GOAT and so are his notes. They are very easy to understand and helped me tremendously. Even if you do not go to class, if you just are up tot date on his notes, then you will be fine!",0,0,0,0,0,0,0,0,notes...easy to understand,No clear workload signal.
CMSC411_046,CMSC411,Bahar Asgari,2022,5,"Please take this class with her because the way she teaches the content will make sense. The exams are based on practice questions, homeworks, and exercises demonstrated in the slides. Computer Arch is a lower level topic so it could be confusing, but her step by step explanations make it clear. She's very nice during office hours and is willing to help clear your confusion. The projects aren't bad as long as you start around a week before due date. Also, the professor and TA (Jerry Gui) answered piazza questions quite well and detailed, which also was a plus. Overall 11/10 class. STRONGLY RECOMMENDED.",1,0,0,0,0,0,0,1,projects aren't bad as long as you start...week before,"Projects require starting early, but exams and support are fair."
CMSC412_007,CMSC412,Neil Spring,2008,3,"Now, Neil is a great guy and a somewhat competent teacher. His teaching style takes getting used to; he basically walks into class everyday, opens up VI and just types notes, which you are expected to copy down and know. If you take notes on paper, learn to do it by computer, or you will get crazy pissed when he hops all over the place modifying what he wrote. My personal suggestion is Microsoft OneNote. Of course, he posts the notes file online, so you don't really need to take notes, but I would advise you do so, particularly if you're not that familiar with the subject. He involves the class by basically asking us questions and writing the answers in his VI file. He writes it very colloquially which is nice, but sometimes he uses really obnoxiously large, outmoded words (draconian, pathological etc.). The way the lectures go will be entirely up to you and your classmates. In my case, my classmates were total geniuses. We have 1 guy who got a diploma from MIT, half the robotics team, and a bunch of other people who basically know everything there is to know about linux. These people will be the bane of your existence if you are not one of them. They will side track the class, ask really convoluted and (in my opinion) irrelevant questions, and basically confuse the HELL out of you. It is basically your job to slow these people down and make sure they don't get too many opportunities to derail the class. Neil also gives quizzes if someone's cell phone goes off in the class. So, study your notes every night basically. He also has a huge vocab sheet he posts at the beginning of the semester, with words that will be covered on his multiple choice exams. Now some of you may have seen me say multiple choice, and grinned happily; set aside that notion, Neil's exams are pretty damn bad. His questions are more tricks than tests of knowledge, there are several that can be interpreted to mean different things, and it's really anyone's guess as to what they truly ask. Other questions can sometimes reword the answers in such a way that even if you know what the answer is, finding them among the choices is tricky. The projects in this course are pure hell for the most part with 1 or 2 exceptions. This isn't really Neil's fault, he delegated it all to his TA, who mismanaged time a fair amount (routinely showed lecture slides for projects 3 weeks before they were ASSIGNED). Overall, it's not easy to review this course, as I don't know if it's me, the TA, the professor, or the course itself that's the problem, but I do put in 40 ish hours a week for out of class work, and I have a C-. Neil is a fair guy though, so I am not too worried about failing/passing. If you want an A in this class, and haven't been weaned on linux, then you will need to start reading the book weeks before the semester begins. Make sure you have flashcards ready from a previous semester on DAY ONE of the class. Look over previous semester's projects. This class is more demanding than any other I have ever taken, and it's in no small part because of the disparity in intelligence of the individuals who take it. It's going to be a tough, long, hard semester, but keep your head up, and prepare well, and you will get the grade you earn. If your time management sucks, however, prepare for a real shock to the system; this is one of the hardest courses offered at UMD, and you will find out why.",1,1,0,1,0,0,1,1,40 ish hours a week for out of class work,"The course demands extreme weekly effort, difficult projects and exams, though the professor is fair."
CMSC414_080,CMSC414,Yizheng Chen,2025,5,"The hate in here is not deserved, I do agree her class was more difficult than it should've been, but if you spoke with her she was especially kind and willing to help. It was clear to me she was definitely putting in the effort to be a better teacher.",0,0,0,0,0,0,0,1,class was more difficult...kind and willing to help,"The class was difficult, but the professor was supportive and fair."
CMSC420_177,CMSC420,Justin Wyss-Gallifent,2025,4,"I had Justin for calc 3 and had Ting for 351 who cotaught with Justin, so I’m something of a Justin veteran myself. He’s a great lecturer, which is a given. This class is a little weird, with lectures talking solely about math and theory, but with 6 coding projects. The B tree project was the hardest of the 6, but the rest are doable and he drops the lowest so its chill. Also all the projects had their deadlines pushed by at least two weeks which is nice. There are also weekly written homeworks and he dropped the lowest 1 or 2 I cant remember. The tests were fair, anyone who complains about Justin’s exams being too hard is suffering from an incredible skill issue. Overall a good experience.",1,0,1,0,0,0,0,1,B tree project was the hardest...weekly written homeworks,"The course has recurring homework and challenging projects, but tests and deadlines are fair."
CMSC421_074,CMSC421,Maksym Morawski,2025,1,I had him for 320 got an A. This dude is lowkey buns. Imagine a professor who wants to teach but is lazy ash. That's basically him. He's just a troll. Why did I have to have him again for 421.,0,0,0,0,0,0,0,0,lowkey buns,No clear workload signal.
CMSC422_020,CMSC422,Soheil Feizi,2023,4,"Excellent lecturer. The logistics of the course were pretty bad - the TAs were often unavailable and not very helpful, and the homework assignments (ELMS quizzes and a programming assignment) were never really reviewed or explained well. Overall a good experience though.",0,0,0,0,0,0,1,0,logistics...pretty bad,Poor logistics and weak assignment support indicate disorganization.
CMSC424_100,CMSC424,Herve Franceschi,2025,4,"Not too bad overall. While the course material is incredibly useful, the lectures can be quite dry and confusing, so I mainly studied the material using the slides or on my own. The professor is clearly organized, but the quality of class resources is inconsistent: some slides are excellent, while others are messy, and the lack of pre-populated databases makes it difficult to follow along with live examples. The workload is fair, as the homework reflects the lecture topics well, and the first three quizzes are great for understanding the material, though the last two are quite memorization-heavy. While the exams are fair and include a clear topic breakdown, the 35% weighting of the final felt unnecessarily high. Overall, it’s a very manageable and useful class; you'll do fine.",0,1,0,0,1,0,0,1,mainly studied...on my own,"Some independent study is needed, but workload and exams are fair and manageable."
CMSC430_033,CMSC430,David Van Horn,2023,4,"Very good class, would recommend taking if you're looking for an actually not too bad and fun 400 level CS class. I thought it was one of the better organized courses I've taken at UMD, but a lot can be said for DVH's part in that. He was pretty much absent from every Piazza post relying on TAs and Jose to respond and emailing him was basically throwing away an email into the void. With that being said, I didn't have much issues with the course. The TAs are brilliant and make up for this lack of responsiveness and he does record his lectures which is a huge plus! Overall, good professor who cares about your learning. Would recommend.",0,0,0,0,0,0,0,0,not too bad and fun,No clear workload signal.
CMSC433_028,CMSC433,Rance Cleaveland,2023,1,"Man. So you thought 433 was always just going to be Java multithreading right? NOPE! Turns out, it's just whatever the professor wants to teach. This guy, Mr. Rance Cleaveland, was all about programming correctly, because in theory, the more correct your code is, the more secure it is. Neat concept. Nice. Cool beans. Quite a shame, because he clearly can't run a class about it. His class is structured around a single paper mathy assignment, several projects in Dafny and Haskell (dafny is extremely cringe and haskell is just ocaml part 2), one midterm, and one final. Oh, you want to study for the midterm or the final? Yeah sure man, all you have to study is a single slide of a presentation showing all the topics you need to know. No example problems. No practice exam. No textbooks. I guess you have the singular homework that wasn't a project. At least the exam is open computer, closed internet, but doesn't really help when you have zilch to study from. For me, his lecture was quite boring and rather un-learn-able for someone who isn't interested in learning what ancient Mesopotamian symbol I need to know this time. The projects were either incredibly easy or extremely annoying and frustrating, either due to the language or the extremely poor project description. There were multiple Piazza questions all asking about what he meant by the projects and he basically answered them full of academic jargon that probably makes sense conceptually. So basically, his class has zero structure and you're supposed to already be a god and know this kinda stuff in order to do well. The class is not easy despite the workload being low. It just felt like he finally found a hundred people or so willing to listen to him talk about whatever he's been studying for the past however many years.",1,1,0,0,0,0,1,0,projects were...extremely annoying...zero structure,Poorly described projects and weak exam preparation made the course disorganized and difficult.
CMSC451_077,CMSC451,David Mount,2025,5,"Overall, this is an amazing class and you learn so much. It's definitely hard but definitely worthwhile to take if you're interested in designing algorithms. Mount is the absolute GOAT too. He's an incredible teacher and you can get a lot of help on the HW by simply running your approach by him. Midterm average was around a 78, but he curves at the end of the course. He also records! The only gripe I have with the course is that there are only 5 HW's, which makes each HW every time consuming and stressful. I would've preferred more HW's with less problems per HW to spread out the workload. However, I still really loved this course. It was so satisfying when I finally got a working algorithm, and I feel like I got so much better at it.",0,0,1,1,0,0,0,1,each HW very time consuming and stressful,"Homework is very time-consuming and stressful, but the course is rewarding and curved."
CMSC460_005,CMSC460,Shixin Zheng,2026,5,"I'm posting this to indicate that the review below was for STAT400, not CMSC460. Zheng, as far as I know, only taught STAT400 last semester (Fall 2025). Also, the content of the review is identical to another review that was posted for STAT400 with Zheng (and it lines up with what I observed since I was also a student of STAT400 when Zheng taught it during Fall 2025).",0,0,0,0,0,0,0,0,review below was for STAT400,No clear workload signal.
CMSC470_016,CMSC470,Rachel Rudinger,2025,4,"I honestly think Professor Rudinger deserves a higher rating. Starting with the good: The lectures were interesting and informative, offering clear explanations of complex topics. Professor Rudinger was very helpful during office hours and genuinely cared about students’ understanding. HWs and exams are not difficult, and I felt that they reflected the course content well. Also, the new grading structure (gone is the 45% final, its weight split between an additional midterm and final) was a positive change, making the overall grade distribution more balanced. Formula sheets were allowed for every exam, which was helpful. However, there are still quite a few areas for improvement: Students’ questions on Piazza often went unanswered for days. Out of three TAs, only one ever responded to students, leading to delays in resolving questions and confusion. Professor Rudinger rarely checked Piazza and responded with huge delays. Although practice exams were provided, they were released very late. For example, the practice final (we still had the final review slides) was posted just one day before the actual exam, which left little time for preparation. In my opinion, the course was overly theoretical. We never saw any code during the lecture or applied examples of the concepts, which made it challenging to connect theory to practice. The one programming assignment we had explicitly prohibited the use of optimized data structures, which made the project unnecessarily difficult and tedious.",1,0,0,0,0,0,1,1,project unnecessarily difficult and tedious,"The programming project was difficult and tedious, while exams were fair and support delays caused confusion."
INST326_034,INST326,Scott Dempwolf,2024,4,"I didn't have much experience with Python before this class but the professor gave us examples and broke down the code for most assignments. He is very willing to answer questions and change assignments around based on student needs. One star off because the lectures and slides revolved around the book, which I didn't find helpful, but overall I recommend taking him.",0,0,0,0,0,0,0,0,broke down the code for most assignments,No clear workload signal.
INST327_026,INST327,Iskander Lou,2024,5,"Took it over the summer and could of never passed this class without his very helpful videos. He also grades on time which is very nice as a student.The class like every summer classes moved like a fever dream, but his organized class structures made a clear pathway. Overall take him",0,0,0,0,0,0,0,0,organized class structures made a clear pathway,No clear workload signal.
INST414_006,INST414,David Patrick,2022,2,"The course isn't hard-- exams and quizzes are super easy (I mean super easy) and open book, note, internet. But this class was very disorganized. Oftentimes I would take the quizzes and some of the questions would be marked wrong when they were right. The professor did correct this after I emailed but this happened a lot and honestly the whole course felt sloppily put together. All of the homework was just textbook exercises and the readings were the textbook and YouTube videos. The exams and quizzes were just questions that we the students made for our reading assignments. That's right-- the professor didn't have any original materials in this course. I don't think a professor should be expected to write all notes and homework entirely from scratch but here Patrick was really just a grader, not really a professor. I could have done all of this on my own and taken a different elective instead. Oh, also another thing-- our syllabus listed that we would learn about SVMs, logistic regression, neural networks, and a few other things, but so far we have not touched on this at all in the readings or assignments. I would take him if you just want the grade but if you want to learn and be challenged (and feel like you're actually taking a class...) take another professor.",0,0,0,0,1,0,1,0,class was very disorganized...could have done all of this on my own,The course was sloppy and largely required independent learning.
INST447_009,INST447,Nekabari Sigalo,2023,5,"Professor is super open to students, all work is reasonable and covered in lecture videos.",0,0,0,0,0,0,0,1,all work is reasonable,Coursework is explicitly described as reasonable and covered in lectures.
MATH140_510,MATH140,Dong Quan Nguyen,2025,5,"PLEASE TAKE THIS TEACHER IF YOU WANT AN EASY A!!!!! His exams are VERY easy since he give you ""practice exams"" before the real exams and only switches some of the number around. There are 4 midterms and the final and no other grades in this class. There is optional homework, but it really isn't necessary to succeed. The average on all of the midterms was in the high 90s. The final isn't made by him though so it is significantly harder than the midterms, but really isn't that bad. Just look at past finals and if you understand the concepts this is an extremely easy class. On top of that he is just a great guy! Very nice and approachable and has the coolest outfits ever. I HIGHLY recommend taking him!!!",0,1,0,0,0,0,0,0,4 midterms and the final,"The grade is entirely based on four midterms and a final, despite easy exams."
MATH141_541,MATH141,Foivos Chnaras,2025,5,"Honestly an amazing teacher, calc 2 is so hard but you can tell he actually wants every student to succeed, and will put in the time and effort to make sure you do!",0,0,0,0,0,0,0,1,calc 2 is so hard...wants every student to succeed,"The course is hard, but the professor is supportive and invested in student success."
MATH240_343,MATH240,Geoffrey Sangston,2025,5,"Really good teacher, goes over material really well and goes over examples in a way to help you think and understand the questions. Really knowledgeable and exams are extremely fair and doesn't throw any curveballs for the questions.",0,0,0,0,0,0,0,1,exams are extremely fair,Exams are explicitly described as fair and predictable.
STAT400_403,STAT400,Sana Jahedi,2025,1,please bro dont take her. she was fair up until second exam and is being extremely unfair with the exam content. do not take it with her,0,1,0,0,0,1,0,0,extremely unfair with the exam content,Exam content is described as extremely unfair.
STAT401_033,STAT401,Matthias Wellershoff,2023,5,"Really good professor and very nice guy who just wants you to do well. His lectures and notes are very clear, and the exams are pretty much straightforward. If you go to lectures or even read the notes/textbook, you should be more than ready for them. Would highly recommend taking him for Stat401.",0,0,0,0,0,0,0,1,exams are pretty much straightforward,Clear notes and straightforward exams make the course fair and manageable.
CMSC131_387,CMSC131,Ilchul Yoon,2025,1,"I have no idea what grade to expect since im just relying on the curve. Guys im just so extremely stressed because of these exams they are the most obscure edge cases and/or have nothing to do with the practice exams. Other reviews say hes nice, if he was nice, he wouldnt write his exams like this, he wouldnt cause so many people so much stress. Other reviews mention that hes not that bad, maybe for you, but a vast majority of people struggle immensely with his courses. I dont know what to do to succeed in this class, no one i talk to does in any of his classes. He isnt nice. I never wouldve taken this course if I knew how this would go, please stay away from any class he teaches",0,1,0,0,0,1,1,0,exams...obscure edge cases...nothing to do with practice,"Exams are stressful, misaligned with practice, and leave expectations unclear."
CMSC132_418,CMSC132,Pedram Sadeghian,2025,2,"I regret taking Pedram over Nora. His tests are so much harder than other professors. The average on the first midterm was a D when for other professors, their midterms have B averages. Directions on tests and projects can be so annoying as they are sometimes these huge convoluted paragraphs. This is especially annoying for tests because you spend so much time deciphering what Pedram wants instead of doing the questions. Projects can be pretty annoying since you'll be following all of the rules given to you but then some random piazza post suddenly reveals some rule that you were never aware of, causing you to have to redo entire parts of a project. He also for some reason decided to restructure how he teaches the class so there are some topics where he just doesn't teach and leaves to his TA's. This can suck if you don't have a TA who explains things well. Avoid Pedram is you don't want your grade to suffer.",1,1,0,0,1,0,1,0,tests are so much harder...redo entire parts of a project,"Hard tests, shifting project rules, and untaught topics create heavy and disorganized work."
CMSC216_437,CMSC216,Christopher Kauffman,2025,5,"It's clear that the following three reviews were all written by the same disgruntled student. Please take these with a grain of salt and do your own research before making any decisions. Personally, I had no issues with Kauffman and found him to be one of the best teachers in the CS department at this school. >> Honestly I haven't learned anything in his class for cmsc216 because he would never explain things properly due to his unintelligible English; his notes, slides, labs, and projects didn't help and he would purposefully put tricky questions on exams just to assume that people are cheating in his class. DO NOT take this class as it will ruin your emotional stability and cause immense paranoia like it did to me. Stay away from this man and protect yourself at ALL COSTS !!!!! >> very difficult and unhelpful lectures >> I don't think I understood much from Kauffman's lectures. His slides and lecture code was often hard to follow and he information overloads on his project docs, slides, and lab/hmw directions. Although some may find it helpful with given information, I often had a hard time understanding what exactly I am supposed to do with the given information and how I can learn/complete the tasks. I found his projects to be mentally breaking, and I don't agree that this is what is best for students. I believe this class took a huge toll on my mental health and emotional stability. but I don't think Kauffman's 216 would be a great learning experience as you would have to struggle for basically nothing. Last but not least, I don't even understand why we had to learn Assembly in his class because I find Assembly to be completely useless and no one uses it anymore in modern programming. Take this class with another professor if you can",1,1,0,1,1,0,1,0,projects to be mentally breaking,"The quoted complaints describe overwhelming projects, tricky exams, unclear instruction, and self-directed learning."
CMSC250_474,CMSC250,Fawzi Emad,2025,3,"intro: class itself isn't necessarily very hard and lectures are chill but damn this grading kinda hits you like a stick (amongst other things) pros: - he's a really good lecturer. has his ways to keep things entertaining, on pace, and engaging. chairs example is a famous one (when you take it), or has good personal stories every now and then, or brings up something really random to keep class somewhat engaging - the content itself is, pretty easy, all things considered. - exams are pretty fair overview of content (sometimes he might ask something that was barely mentioned in class, so you just have to pay extra attention). - lecture slides (and sometimes the examples) are posted BUT BUT BUT they aren't necessarily very helpful as the slides themselves are just pretty bare/a high overlook of what was going on in class neutral: - this year we had no graded homework (so if you think it'll help to float a grade), but honestly, some of the questions asked on this year's homeworks were more difficult than the type of things we were learning in class -- homework solutions are also posted (for us this year, mightve been different in past) but not necessarily any explanations if youre confused - discussions, besides quizzes, were mainly review of midterms/exams after taken, or extra worksheets for extra practice and explanation - partial credit is very iffy at times. sometimes he'll give a decent amount (carried through mistakes such as a wrong answer in part (a) won't cause you extra lost points in part(b)), or you'll just get no credit AT ALL for a problem you accidentally get wrong - lecture is paced VERY FAST. might be hard to write all necessary notes, depending on your writing speed. laptops are technically not allowed but i don't remember anyone being called out for it in class, unsure if anyone had them out or not - seemed pretty passionate about content in class and the only reason this is in neutral is because he'll sometimes go on a tangent about non-course content or do some extra work that you don't need to do/understand at all, which is alright all things considered - grading is all 4 exams (including final) and quizzes only, so lock in - i would say it is somewhat crucial to pay attention in lecture to succeed in this class, as a lot of the things/examples/content he does in lecture shows up frequently in graded work cons: - sometimes he just doesn't really answer questions in the way that people want them to be answered in lecture - on top of questions, questions during an exam are basically entirely useless unless its an error with the exam/question - POP. QUIZZES. this was really annoying. he will not tell you when quizzes are, and just says that its possible to have a quiz in every discussion. basically near-required attendance as for many weeks you'll be having a pop quiz for both discussions in a week, and rarely are you off if its not review day for a midterm/exam/break. overall, i think pop quizzes are just a really unfair format to get students to be engaged. i had a big issue with this as it was just annoying to study for days we had no quizzes, or to be double-slammed by unforeseen pop quizzes out of nowhere during an extremely busy week. - grading can hit like a truck, one mistake can basically cost you a whole percentage point of your grade (now apply it to 3 midterms, and people potentially start dropping whole letter grades in a couple of weeks) -- essentially, questions are worth a lot of points - no practice exams/any decent resources for studying for midterms/finals, i would say homeworks and notes are your best bets (also worksheets if you attend discussion) conclusion/tldr: pretty much the main 250 professor, i would take him but grading distribution/point distribution can be extremely hurting to your grade if you are not careful, you need to be pretty consistent in exams/quizzes to keep a high grade liked his lectures, quizzes/exams were fair, and content was not bad, just be careful. did not like the pop quiz format at all.",0,1,0,0,0,1,1,1,POP. QUIZZES...grading can hit like a truck,Frequent surprise quizzes and unforgiving point loss coexist with fair exam coverage.
CMSC320_169,CMSC320,Maksym Morawski,2025,1,"Absolutely horrendous wording on exams, refuses to correct or even admit it, has an extremely loose grasp on the english language",0,1,0,0,0,0,1,0,horrendous wording on exams,Poorly worded exams create difficulty and confusion.
CMSC330_264,CMSC330,Anwar Mamat,2025,5,"Gave good examples during class and in his notes which helped with assignments in the course, especially projects. Lectures are definitely disorganized at times with him jumping around content. But when he is focused, you are able to learn a lot in class plus he is a funny guy. Anwar or Cliff? Doesn't matter. The course is the same no matter what so just choose the lecture time that works best for your schedule.",0,0,0,0,0,0,1,0,Lectures are definitely disorganized at times,Lectures are explicitly described as disorganized.
CMSC335_042,CMSC335,Nelson Padua-Perez,2025,4,"The Professor is really nice and funny at times. Attending lectures is not required, and lecture recordings are posted online. For exam preparation, he provides a folder of previous exams for practice, which greatly helps, as it is very similar to the actual exam. The projects are pretty simple and basically require copying and pasting code from the lecture example. There is no final exam, but a group project. Overall, the course is very easy to take and get an A in. If the projects allowed for some flexibility and were more engaging it would have been nice, as I felt like the content really didn't stick with me. Also, since most of the people did not attend lecture, making this class fully online for future semesters could be something to consider.",0,0,0,0,0,0,0,0,projects are pretty simple,No clear workload signal.
CMSC351_325,CMSC351,Maksym Morawski,2025,1,Had a traumatic semester with him last year. Don't take him. All the good reviews here are definitely him writing them.,0,0,0,0,0,0,0,0,traumatic semester,No specific workload evidence is provided.
CMSC411_007,CMSC411,Michelle Hugue,2019,5,"Perfect professor to take if you want to simply pass the class. I studied 3 days before both midterms and did perfectly fine. The exams are very long and you aren't expected to finish them. However, you should attempt to write something for every single question because you will get partial credit as long as it's not blank. The class is online now so you are given a ton of readings/videos and one homework to turn in each week. I never read any articles or watched any videos. The homeworks are graded for completion and are worth 5% of your grade. To study, simply read over the answers to the homeworks. As long as you know a little bit of the material, you should be completely fine. To pass, you need a 55%, which is incredibly easy to achieve.",0,1,0,0,0,0,0,0,exams are very long,"Exams are very long, even though grading and passing thresholds are lenient."
CMSC412_025,CMSC412,Peter Keleher,2025,1,"He's just plain terrible. While I'm happy I took the class and I learned a great deal, none of this is thanks to Pete. He's a flat-out terrible lecturer, and doesn't seem to have much going on between the ears. The projects are helpful as an introduction to kernel development, but Pete's name is nowhere to be found on the projects, nor on GeekOS (the class's operating system). 80% of what I learned in this class was from the textbook and the projects, both of which can be found for free online. The exams are awful. They test you on almost entirely minutia rather than your true understanding of the concepts. It makes no difference in real life if you can recall the exact semantics of a file system, as documentation is more accurate than memory 100% of the time. Almost all of the points I lost in the class were from exams, and I didn't even care toward the end of the class. I ended about half a point under an A-. One of the terms we were asked to define on the exam was not on any course slides, nor in the textbook. On one occasion, Pete himself had a solution incorrect in his answer key. He also, as another reviewer has mentioned, asked ChatGPT to generate him lecture material without so much as proofreading it. This class made me realize that I'm just about done with academics, and I'm now planning to graduate early. This class is an absolute joke, and the incompetency on display here has opened my eyes to how out-of-touch college departments are. Students are paying thousands of dollars in tuition a year, and yet we receive half-assed lectures from a man with maybe one brain cell in his head. You can learn all of this online if you have the motivation. Get your piece of paper, get out, and write some free and open source software. Do some good for the world, lest you become a living zombie inhabiting the dying wasteland of a university like Peter Keleher.",0,1,0,0,1,1,0,0,80% of what I learned...textbook and projects,"Students largely teach themselves, while exams test obscure details and include unfair items."
CMSC414_086,CMSC414,Dave Levin,2025,3,"Pros: Great lecturer, he loves this content and makes lecture very engaging. I found the course content very interesting and relevant. The projects were fun to implement, and the exams were not unreasonably difficult Cons He's basically unreachable outside of class. And the TAs aren't helpful because he doesn't tell them anything. The Piazza was rarely helpful. I you have a serious question or concern about a grade - good luck. Grading takes forever.",0,0,0,0,0,0,1,0,Grading takes forever,Slow grading and unreachable course staff indicate administrative disorganization.
CMSC420_120,CMSC420,Justin Wyss-Gallifent,2023,3,"It's Justin, great lecturer and passionate about his students. Class is easy but has more of a math emphasis than other CS classes IMO which I don't really enjoy.",0,0,0,0,0,0,0,0,Class is easy,No clear workload signal.
CMSC421_083,CMSC421,William Regli,2025,5,"Regli is fantastic- I can't understand the hate. He updates the slides regularly, exams are fair and you even get a cheat sheet. To do poorly in this course you have to try. He's extremely knowledgeable and funny with great lectures that make you think and content that is worth connecting to.",0,0,0,0,0,0,0,1,exams are fair,Exams are explicitly described as fair.
CMSC422_001,CMSC422,Hal Daume,2016,2,"Unfortunately, Hal was disappointing. At first, he seemed like he'd put a tremendous amount of effort into the class and that we would learn a lot. After the first 3 weeks though, he stopped putting any effort, and taught extremely poorly. We barely covered any material, and he made the final trivial. I wouldn't recommend him for anyone who wants to learn: though he does make the class very very easy (16% extra credit absolute).",0,0,0,0,0,0,0,0,made the final trivial,No clear workload signal.
CMSC424_018,CMSC424,Amol Deshpande,2021,4,"I believe this class is necessary for all computer science majors to take because it gives you an in depth overview about databases and the theories/concepts behind them. However, the real world will probably cover 20% of what you actually learn. Since it was the covid online semester, I appreciate Amol for having a synchronous call once a week to cover the panoptos for the week, but if you didn't watch the videos or have any questions the lecture is useless. There was a homework worksheet on gradescope and mini coding project due every week which did seem tough to finish at times (especially at the end of the semester) but he was lenient and gave us 20 late days for the whole semester while dropping some assignments. The midterms were very hard and the averages of them were on the low side, but the curve was extremely generous (80% is an A). He is responsive to concerns and was one of the more understanding CS professors that I have had. The only comment that I have is that there are so many topics that you feel you are zooming without really learning it in depth. But it is kinda impossible to fail this class since the curve is generous and if you show effort within each assignment, you are guaranteed to pass.",1,1,1,1,0,0,0,1,homework worksheet and mini coding project due every week,"Weekly homework and projects plus hard midterms create heavy work, though policies are lenient."
CMSC430_039,CMSC430,David Van Horn,2024,2,"I'm gonna start with some pluses about 430. The class notes are thorough and completely finished, so what I did was read up on the topic for the upcoming lecture and treated lecture as a review, which was super beneficial. TAs I had in office hours were knowledgeable and helpful in breaking down the topics. David's lectures were sort of monotone and dry, but he did include useful tips for projects at the start of some lectures and I think he does care about having students learn the material. So if the topics interest you, you won't be disappointed. That said... the grading takes horrendously long to get back. It took over a month to get our first midterm grades back. Especially near the end of the semester, questions about final grades were ignored on piazza leading to a huge lack of transparency on what cutoffs were and on how to actually calculate our final grade. I just needed this class to graduate, and it was frustrating not being able to get a straight answer on what my grade actually was. Even now that I've gotten my final grade on testudo back, I was anticipating a C based on what they've said about how they'd do grading but got a C- instead. I can get over that because I just need to pass the class, but I have no idea how that grade is getting calculated due to the lack of communication.",0,0,0,0,0,0,1,0,grading takes horrendously long,Severely delayed grading and unclear final-grade communication indicate disorganization.
CMSC433_033,CMSC433,Leonidas Lampropoulos,2024,5,"Amazing professor. Often grants extensions if he feels the class needs it, and ensures we understand the projects fully so that we are all successful. The midterm was really difficult, but projects are manageable so a good grade is definitely doable.",0,1,0,0,0,0,0,1,"midterm was really difficult, but projects are manageable","The midterm was difficult, but projects and grading remained manageable."
CMSC451_046,CMSC451,Laxman Dhulipala,2023,5,"The homeworks are definitely long, but Laxman was extremely responsive on piazza and always answered questions clearly in class. Was caring and compassionate during office hours which you should definitely take advantage of.",0,0,1,1,0,0,0,0,homeworks are definitely long,Homework is explicitly described as long.
CMSC460_001,CMSC460,Vladimir Yushutin,2020,1,It is enough to say that he needs a lot of things to be a good professor.,0,0,0,0,0,0,0,0,needs a lot of things,No clear workload signal.
CMSC470_005,CMSC470,Rachel Rudinger,2022,2,"Extremely boring class. Lectures are drawn out with unnecessary detail that isn't interesting either. Homeworks are laughably easy for how much they're worth, so this class is an easy A. If she's still doing video recordings in the future I recommend skipping class and reading the slides, as you're just saving yourself the time for the same grade in the end.",0,0,0,0,0,0,0,0,Homeworks are laughably easy,No clear workload signal.
INST326_049,INST326,Matthew Patrick,2024,5,"Best professor I've taken at umd. Took me a fair amount of self-motivation at first for the style of his course but it was really really rewarding, and he super helpful during class whenever I needed it. He helped relate the course content to job interviews and careers too which I really liked",0,0,0,0,1,0,0,1,fair amount of self-motivation...rewarding,The course requires self-motivation but is described as rewarding with support.
INST327_017,INST327,Devanshi Shah,2023,1,"If you guys ever plan on taking INST327 this semester, I’m begging you for the love of God, DO NOT take this professor if you want your grades to not drop. The professor literally copies Prof. Duffy’s videos and reads off the screen word for word. She never actually meaningfully engages with the content And the TAs are something else. They don’t respond to emails and hardly help others because they are busy with their own midterms…funny because when I asked for an extension because of an upcoming midterm, a TA said that it wasn’t a good excuse. So you can choose not to respond because of your midterms but our work isn’t an excuse for extensions? Talk about double standards And they don’t know how to organize a class. The syllabus says one date for an assignment, the ELMS page says another. HOW DO YOU NOT UPDATE A SYLLABUS?! They mess up due dates for assignments, causing undue stress for myself and other students. The labs, quizzes, and discussions are easy As. But the homework assignments are extremely difficult. They are already complex and then the professor and TAs ignore or hardly respond to questions for help on the assignments. Then they have the nerve to grade assignments harshly. They took off 15 points just for using an exact WHERE condition just because it wasn’t an allowed structure? Why take off points for an effective code. And these assignments are 25% of your grade. Besides, they poorly teach and don’t guide students well and then have the nerve to grade harshly when they get something wrong. All in all, poor teaching, lack of guidance, disorganization, and difficult assignments from hell are messing up the class. Don’t take this professor! If she’s the only one available for INST327 this semester, then please take it another semester.",0,0,1,0,1,1,1,0,homework assignments are extremely difficult,"Difficult homework, poor teaching, harsh grading, and inconsistent deadlines create major workload risk."
INST414_020,INST414,Zubin Jelveh,2024,5,"Great guy, great professor! Honestly was expecting five star reviews on here when I checked and I was really surprised to see otherwise. Excellent professor if you're interested in data science, I really feel like I learned a lot in this class regarding bias/discrimination, and he does a great job of showing actual applications from his previous research. I actually felt like I left this class being able to do work that can have an impact.",0,0,0,0,0,0,0,0,learned a lot,No clear workload signal.
INST447_001,INST447,Nekabari Sigalo,2021,5,"one of my favorite professors in the iSchool, took her for 408F as well, she is a great professor. is concise and clear in her lectures, and is willing to help her students if needed.",0,0,0,0,0,0,0,0,concise and clear,No clear workload signal.
MATH140_483,MATH140,Anna Szczekutowicz,2025,5,"Best professor ever lowkey, this class was such a reasonable amount of work. If you took calc in high school it'll be lightwork. Her lectures are very well articulated, clear, and concise. She doesn't record them but she uploads all her notes which are very detailed so you can still learn new material easily just off of those alone.",0,0,0,0,0,0,0,1,reasonable amount of work,The workload is explicitly described as reasonable and lectures are clear.
MATH141_553,MATH141,Roohollah Ebrahimian,2026,5,"genuinely the goat bro. There's a LOT in this course so he has to go quick but he still takes the time to answer every question in depth and teach the content well. He drops the lowest hw score, 2 lowest quiz scores, and your lowest exam (if you get higher on the final). He is the best possible option for this class. The practice exams are extremely similar to the actual exam and he offers like 5 for each midterm.",0,0,0,1,0,0,0,1,There's a LOT in this course,"The course covers a lot quickly, but grading drops and aligned practice make it manageable."
MATH240_375,MATH240,Shin Song,2026,4,"If you just follow her class, you will be very confused. But the her biggest advantage is grading of exams",0,0,0,0,1,0,0,0,"follow her class, you will be very confused",The review implies students need learning beyond class instruction.
STAT400_414,STAT400,Sana Jahedi,2025,1,"Okay outside of all of the reviews about how difficult this class is, this professor is just genuinely a liar. She said she would add credit to where it would benefit most, then went back on that, then halved the credit, and then just put it in the same place for everyone. I exceeded beyond what I thought I would need for the grade I wanted, but still will not get an A even after getting clarification as to how things were going to be graded multiple times (and guess what they weren’t graded that way). So disorganized and stress inducing.",0,0,0,0,0,1,1,0,weren’t graded that way...disorganized,Changing grading promises and disorganization made the course stressful.
STAT401_025,STAT401,Mestiyage Gunatilleka,2022,5,"Great professor, would recommend for anyone taking statistics, this is my third time taking a class with him and still getting an A",0,0,0,0,0,0,0,0,getting an A,No clear workload signal.
CMSC131_401,CMSC131,Ilchul Yoon,2025,1,The average final grade in his class is a 67% which is a failing grade or at least not able to progress to the next level of compsci. And I think that should tell you all you need to know about his quality of teaching and if you should take him or not.,0,0,0,0,0,1,0,0,average final grade...67%,The review cites a failing average final grade as evidence of severe grading outcomes.
CMSC132_420,CMSC132,Pedram Sadeghian,2025,1,"exams were extremely difficult, not the best at teaching either. Don't recommend at all!",0,1,0,0,0,0,0,0,exams were extremely difficult,Exams are explicitly described as extremely difficult.
CMSC216_450,CMSC216,Christopher Kauffman,2025,5,"One of the best professors I have ever had. I think he truly structures his course through a student's perspective. The fact that he records his lectures and lab walkthroughs really allowed me to fully understand the course concepts. I feel like he gave adequate practice materials for exams and although they were REALLY long, his projects were one of the biggest reasons I did well in this course. His long and intensive projects covered basically everything that we would need to know for the course and doing the projects helped me not only understand the topics conceptually but also in practice. My advice to future students would be to really understand the projects because thats usually what the coding question for exams will be based off of.",1,0,0,1,0,0,0,1,REALLY long...long and intensive projects,Projects are long and intensive but strongly support learning and exam preparation.
CMSC250_463,CMSC250,Maksym Morawski,2025,1,"Extremely lazy, incompetent, and puts no effort into teaching or learning material.",0,0,0,0,0,0,0,0,puts no effort into teaching,No clear workload signal.
CMSC320_154,CMSC320,Archit Kambhamettu,2024,5,"One of the few TA's I've had who actually deserve a planetterp rating. This man is a legend- if you talk to him during office hours, he'll remember you and always say hi. Nicest TA I've had and can't recommend him enough.",0,0,0,0,0,0,0,0,Nicest TA,No clear workload signal.
CMSC330_199,CMSC330,Anwar Mamat,2024,1,"Don't get me wrong, Anwar seems like a genuinely nice and intelligent guy. That being said, he is one of the worst computer science professors I've had at UMD. CMSC 330 by itself is notoriously disorganized. They seem to change the syllabus and languages covered every semester, never seeming quite certain about what they are going to do over the 15 weeks and jolting around during lectures. Everything is so haphazard and nothing is properly communicated. There are four quizzes during the lecture and they always cover content that was poorly taught during the lectures that happened that week specifically. There is rarely any time given to actually absorb the content before the quizzes. Projects vary, some being hard and others much easier. Most of the projects will have to be self study because they barely cover what we need to know for them during lecture. Anwar himself is a poor lecturer. He zooms through slides and is always flipping between a powerpoint and a terminal or just freeballing and using his web browser. Because of this it never seems like he has a solid idea of what he's trying to cover during the lecture. The resources given to us are also super messy. I feel like 1/3 of the content we need to know is actually taught and the other 2/3 are scattered across random GIT repositories, massive slide decks that are only half covered in class, or other notes. You will feel lost and alone in the course and there is no one really to help you except your friends who are taking it too. The exams oscillated between very fair and very challenging, with some questions seeming near impossible to finish. Cliff doesn't seem much better and they co-teach the course so good luck to any soldier who has to take it. I very much hope the entire department wakes up and realizes that this is their worst course, but seeing how these problems have persisted for the last 5+ years I highly doubt it.",1,1,0,0,1,0,1,0,Most of the projects will have to be self study,"Projects require self-study amid disorganized instruction, with some very challenging exams."
CMSC335_014,CMSC335,Nelson Padua-Perez,2023,5,Super nice professor who's very fair in his exams and projects. He's also hilarious and makes lectures entertaining.,0,0,0,0,0,0,0,1,very fair in his exams and projects,Exams and projects are explicitly described as fair.
CMSC351_336,CMSC351,Justin Wyss-Gallifent,2025,1,"He is an okay lecturer; he's somewhat interesting to listen to, although I think the lectures are still a bit boring. He teaches the topics well and makes complicated algorithms easy to understand. I would've given him 4 stars if it weren't for his tests. I have never been in a class where I understood the topics but received a bad grade because of so many lazy mistakes in writing the exam. Although I did score poorly on exam 1 and the final, I understand it was my abilities and not the professor's or the exam's fault. Exams 2 and 3 had 2 major issues. Exam 2 had a question saying simplify that was some ludicrous summation, and I spent the majority of the whole exam trying to figure this out, leaving me with no time for the remaining questions. A TA specifically said a summation could not be in the answer as well. When exam grades came out, the rubric had a summation as the answer. He did give us the points if we had the summation in our work, but wasting my time on this led me to make stupid mistakes on others I would've caught if I had time to check. The question also gave us initial conditions that made no sense for the question. Exam 3 had a question that was literally impossible, which was clarified at the end after having spent 15 minutes second-guessing my knowledge. Every exam had a crazy number of issues. Like a question on the FIRST PAGE that wasn't even in the exam material. Although these issues were noted quickly, unlike the other two. I don't understand how these exams are made. One look at it and you can find all these issues, I thought it was standard practice to give the exams for the TAs to take.",0,1,0,0,0,0,1,0,Every exam had a crazy number of issues,Repeated exam errors made assessments difficult and poorly administered.
CMSC411_025,CMSC411,Michelle Hugue,2020,1,Completely fails to teach anything- uses other universities lecture slides and gives exam questions which have nothing to do with the provided notes.,0,1,0,0,1,0,0,0,fails to teach...exam questions...nothing to do with notes,Students are not taught adequately and exams are misaligned with provided materials.
CMSC412_008,CMSC412,Ashok Agrawala,2021,1,"I would give ZERO stars if I would. This is both the hardest and worst course that I've ever had the displeasure of taking at UMD. I enrolled in this class because I thought that Operating Systems is a fundamental and useful skill to learn, even if difficult, but found out that the administration of this class makes this 10x more harder for literally no reason. There are so many things wrong with this course that I wouldn't recommend ANYONE taking it because it's not worth it. First of all, others seemed to like the professor's lecturing ability, but I did not. He goes on tangents all the time and is very unclear in his statements that it is impossible to focus. The slides are comprehensive, but are taken straight from the textbook so that isn't really a credit to the professor. The projects and exams though, that is a different hell. Let's talk projects. Each one is incredibly difficult, and the instructions are HORRIBLE. There is really no valid reason why there should be a spec, slides, and FAQ for EVERY SINGLE PROJECT. The spec is awfully written and flat out wrong about things, the project slides are vague and also have incorrect information. The FAQs don't answer certain questions with any new information, and the fact that an FAQ is even needed for a project means that the instructions are poorly written. And to make things worse, even the spec, slides, and FAQ are sometimes not enough. On a related note, administration for this course was TRULY TERRIBLE. Questions on Piazza were just left unanswered even though there were many people with the same question; the TAs just didn't answer and weren't active. I'm pretty sure they were also left in the dark about logistics in the class, because it was near the end of the semester and we STILL did not have breakdowns of grading. That part of the course website was just never filled out. And one of our pop quizzes, which we only had 10 minutes to do and had a very poor average, was worth almost an entire project grade. That is completely ridiculous and shows how little the professor cares about administration for this class. For exams, we didn't get any review material, no study guide or previous exams, zip, zilch, nada. Just ""look at the slides"" which are hundreds if not thousands of slides so it's impossible to study everything on it. In addition, for our final, the professor was very unaccommodating to concerns over the Omicron variant, and refused to move the final online despite multiple CS classes shifting online, and almost the entire class requesting this change. No reasoning was given, of course. Lastly, our final exam, which is worth a quarter of our final grade, was put on the grade server, and we never even got it back to see what we got wrong, let alone a regrade request. It was simply put on Testudo. This fact may change since this review is posted, but nevertheless it is inexcusable to have these final grades submitted without students seeing the reason, especially when this resource is easily available via Gradescope. I get that Operating Systems is a hard concept, but like I said, the administration made this course needlessly more difficult. I am sure that most other people in the class agree with me regarding the majority of the points that I raised here, and there are probably more points that I didn't mention. These points are definitely fixable (having clear grading, clear project descriptions, enforcing Piazza answering, giving us study material) and should definitely be addressed the next time this course is taken. I find that unlikely to happen though, so I do not recommend this course to anyone until then. You're better off looking at the slides or textbook on your own.",1,1,0,1,0,1,1,0,Each one is incredibly difficult...instructions are HORRIBLE,Extremely difficult projects and exams are compounded by unclear instructions and poor administration.
CMSC414_043,CMSC414,Michael Marsh,2023,5,"He changed his course around a lot for this semester which made it extremely easy. With the new system, everything is self paced and you can do the assignments/projects whenever as there is no true due dates. One person speed ran the entire class in a few weeks. In addition, he utilized standards based grading which means that there are no tests, but rather goals which are to be completed. Instead of tests, there are challenge problems which are little assignments that are very easy but make you think. Lectures are not required (but are helpful nonetheless) Overall, this semester’s version has been the most laid back and least stressful CS class I have ever taken as you can easily self pace the entire course and not feel stressed.",0,0,0,0,0,0,0,0,most laid back and least stressful,No clear workload signal.
CMSC420_133,CMSC420,Justin Wyss-Gallifent,2024,5,GOAT,0,0,0,0,0,0,0,0,GOAT,No clear workload signal.
CMSC421_056,CMSC421,Max Ehrlich,2024,1,"As a student, I was incredibly interested in the possibility of taking an artificial intelligence course at UMD. However the biggest thing that was a let down was the way the course was instructed and the instructors themselves. Max is most definitely incredibly knowledged about the subject, and seems to have a passion for AI itself. However, the course was by far the worst organized 400 level course I have taken at UMD, and that's coming from a university with many ""below average"" professors in the computer science department. First and foremost, no enforcement of the material was given throughout the year. The course ""material"" was directly copied and ripped off from CS188, Berkeley's Intro to AI course. The slides, were directly copied as well. As a student, I found it much more effective to visit Berkeley's website and learn from their instructors instead. Signing up for this course would be a waste of your tuition when you can simply learn the material yourself using the CS188 website. Even the midterm itself was given with a low effort on the instructors part. The midterm was given online in class. Almost all students found the midterm to be impossible to complete in the given time, and this resulted in a low average for the exam. Instructors had to remove an entire section of the midterm after grading to better curve the results, which meant that students spent time on that section for no reason. There were 3 total homeworks given in the class. Homeworks 2 and 3 provided more of a learning experience and had more applicability to the course material in comparison to anything else we'd ever learned in class. Homework 3 was building an image classifier using a nueral network which ended up being the most helpful and interesting project done in the class. This project was done using PyTorch, however Max provided absolutely no guidance on how to start with PyTorch leading students to self learn the material before being able to start the homework itself. The final project was a group project, but yet again students were misinformed of the requirements. We were orginally told to complete a short report on our project, but a week before the deadline, this was changed to a 3-5 page report. Moreover, the grading procedure of the final project was not given until a week before the deadline. The lack of communication and help with both the homeworks and the final project speaks to how poorly the class was run. Overall, it seems that some individuals are not meant to teach no matter how knowledgable they are in the material, and Max is one of them.",1,1,0,0,1,0,1,0,leading students to self learn...final project...requirements changed,Students self-learned project tools while facing impossible exams and shifting project requirements.
CMSC422_059,CMSC422,Mohammad Nayeem Teli,2025,3,"Teli's just kind of an average CS professor, ""not too hot, not too cold"". He posts lecture slides, though they almost certainly cannot support all of your learning in the course, since they are a bit incoherent (maybe that's the point of the lectures). He gives practice exams before each exam, and he and his TAs were fairly active on Piazza. I thought his exams were fair and generally alright, but the grading could be a bit harsh at times (on the midterm, there was a question with no partial credit at all, worth 20% of that exam's grade). He gave HWs roughly biweekly, which we had two attempts at in case you missed anything the first time. Moreover, there were three coding projects, each had a ""writeup"" portion (worth up to 40% of the project's grade) where you'd have to answer conceptual questions on the code and sometimes provide graphs. Not to mention, these projects did not have an autograder! Overall, I am not upset having taken the course with Teli—I just wish both of the professors for this class were better, since this class could be so interesting if there was someone engaging who taught it.",1,0,0,0,0,1,1,1,grading could be a bit harsh...no partial credit,"Projects were substantial and grading harsh, though exams were fair and support generally active."
CMSC424_052,CMSC424,Peter Keleher,2023,2,"Very poor expirence overall. He read of lecture slides never goes into detail. His exam and quiz often have content not covered in lecture, it is difficult to find examples relating to questions. This projects are often confusing and structures of objects are unclear. Giving him some credit he often gives extensions and review material. You'll spend alot of time teaching yourself. The textbook has a lot of good information but is often hard to follow. Not the worst professsor ever but generally avoid.",1,1,0,1,1,0,1,0,spend alot of time teaching yourself,Confusing projects and uncovered exam content require substantial self-teaching.
CMSC430_020,CMSC430,David Van Horn,2023,5,"Lectures are kind of dry, but the class is well structured, excellently run, and very interesting.",0,0,0,0,0,0,0,0,"well structured, excellently run",No clear workload signal.
CMSC433_037,CMSC433,Anwar Mamat,2025,2,"Do NOT take Anwar for 433. The projects are not well timed, he is a boring lecturer who just refers to his online notes verbatim to teach, and has assigned projects over break and makes them due the same day as an exam. The one thing that I can say about the class is that it is well structured and that he does provide notes, but other professors who have taught 433 before have done a better job at making notes than he has. Very disappointing to experience this considering the nice reviews I have seen and heard from other classmates.",1,0,0,1,0,0,1,0,projects...due the same day as an exam,Poor project timing creates workload spikes despite an otherwise structured course.
CMSC451_010,CMSC451,Andrew Childs,2018,4,Good professor but has very high expectations for students.,0,0,0,0,0,0,0,0,very high expectations,No specific workload signal is provided.
CMSC470_001,CMSC470,Rachel Rudinger,2021,1,"I'm not questioning her knowledge of the course materials or anything, but Rudinger definitely needs to prepare for each of the lectures/slides before presenting. Even though this probably isn't the case, it feels as if she just got the slides for a day's lecture THE SAME DAY and just decided to read off the slide contents instead of actually preparing to be asked questions. No one even asked questions because she was going so fast that we couldn't even process. It's almost like she was trying to get the lectures over with quickly because maybe she has stage fright or is embarrassed about not fully knowing everything in the slides, but we're not attending lecture to judge her or for a performance, we're just in class to learn course materials. She does not create her own slides at all (which isn't the worst part, many professors probably don't). The worst part is that it does not even feel like she has read or prepared for the slides. Almost a majority of the class (80-90% of the time), she is reading directly from the slides and even gets lost sometimes. Constantly trips up or uses synonyms of words to make the presentation have more flare, but listening in during lectures were honestly painful. Course assignments and grading were a mess as well. We had 2 homework assignments covering topics for the midterm, and the second homework wasn't even graded until the last three weeks of the semester (yes you read that correctly). I will say that this is probably her very first time ever leading or teaching a course and the pandemic was still going on, so she may have potential for improvement. But from what I saw, there is a LOT of room for improvement.",0,0,0,0,0,0,1,0,assignments and grading were a mess,Unprepared lectures and severely delayed grading indicate disorganization.
INST326_079,INST326,Aric Bills,2025,5,"so free if you vaugley keep up exams are like 90 percent the practice exam so if you understand concepts instead of remembering answers you are more than good. Only complaint is group work for the final project as I had a pretty unfortunate group. attendance required, weekly ""practice"", and exercises",0,0,0,1,0,0,0,0,"attendance required, weekly practice, and exercises",Required attendance and weekly practice create recurring course effort.
INST327_007,INST327,Pamela Duffy,2021,5,i literally love her she is so caring and takes her time to help you understand. Definitely take a class you need with her if possible.,0,0,0,0,0,0,0,0,takes her time to help,No clear workload signal.
INST414_008,INST414,William Farmer,2023,1,"If you want a professor who holds office hours, communicates with students, does things on time, or explains things, DO NOT TAKE INST414 with him. He would regularly cancel office hours and tell us he's rescheduling but never reschedule. He told us he'd hold an additional weekly review for us, but never held any. He would publish lecture videos and assignments at the last minute. He also promised us that he would have review videos before each assignment, but they were published after the assignments. The overall communication is just poor. He is slow to respond in the class Discord and via email.",0,0,0,0,0,0,1,0,publish lecture videos and assignments at the last minute,"Repeated cancellations, late materials, and poor communication show disorganization."
INST447_012,INST447,Matthew Patrick,2025,1,"Took until last day of finals to grade some of our assignments, including the final project which took over a month of preparation. Discussion sessions were canceled half the time due to to TA unavailability, which caused large gaps in learning. Also, there were barely any slides or lectures it was just a slide or two of R code that we had to base our learning off of. No leniency or good communication, and TAs are the ones who primarily take over discussions and office hours.",1,0,0,1,1,0,1,0,final project...over a month of preparation,"A month-long final project, missing instruction, cancellations, and delayed grading create heavy self-directed work."
MATH140_491,MATH140,Matthew Wilson,2025,5,"TAKE MATTHEW WILSON!!!!!!!!!!!! He is really good at teaching the content for this class. Most of the time I understood everything he says and is always available after class if you're confused with something. He does assign a LOT of homework but is always open to giving you extentions if you email him. He's also just a very nice guy, I've talked with him after class before just on random topics and he is just very chill. His tests were pretty hard I will say however he offers points back on in class quizzes in discussion sections, and is very leaning with partial credit. If calc scares you and you can get into a section with him I highly recommend you do. The TA's too were so helpful at covering some topics that were hard. I will also say that his discussion worksheets are pretty challenging, I'd make friends with people in your discussion and ask for help if you need it. TAKE MATTHEW WILSON!!!!!",0,1,1,0,0,0,0,1,assign a LOT of homework...tests were pretty hard,"The course has heavy homework and hard tests, but extensions and partial credit make grading fair."
MATH141_497,MATH141,Timothy Pilachowski,2025,1,This professor is probably the worst person and professor I have ever encountered at this university. He doesn’t how to teach and is very disrespectful.,0,0,0,0,0,0,0,0,worst person and professor,No clear workload signal.
MATH240_310,MATH240,Owen Guch,2025,5,Very kind and helpful TA. Could not have gotten an A in this class if it weren't for his discussions. Teaches in a manner where everyone can follow along. Is very patient.,0,0,0,0,0,0,0,0,kind and helpful TA,No clear workload signal.
STAT400_485,STAT400,Hatice Sahinoglu,2025,3,"Hatice seems very nice and sweet. She brought us chocolate once. The grade cutoff allowed me to have an A with 90%. But the final being 40% and all tests being 92% is kinda crazy. Also unfortunately I was always extremely bored and lecture was usually really hard to follow along. I did well by taking notes on the textbook sections based on what she decided to teach in lecture (she posts notes online too). To prepare for tests, just do all of the old exams since they're structured similarly.",0,1,0,0,0,0,0,0,final being 40%,"Tests dominate the grade, with the final alone worth 40%."
STAT401_072,STAT401,Mestiyage Gunatilleka,2025,4,"As a stats newbie, I loved STAT401 with Danul! His class is super organized, covering hypothesis tests, ANOVA, linear regression, and more at a perfect pace. Danul's notes are crystal clear, and he's a chill grader who gives homework extensions and cares about your success. Some tricky concepts could use clearer explanations, but stats is tough, so I get it. If you're at UMD, take his class! Pro tip: bring snacks to office hours. Danul's a snack king and he will be extremely grateful. Highly recommend!",0,0,0,0,0,0,0,1,stats is tough,"The course is challenging but organized, paced well, and graded leniently."
CMSC131_406,CMSC131,Ilchul Yoon,2025,1,"This class was a genuine disaster. None of the study material ever matched the content on the tests or quizzes. Yoon is a nice person I guess but you can hardly ever understand him and he really does not teach well. For people new to CMSC he tends to not explain many of the terms he is talking about. He quickly moves through units without any time for students to grasp concepts. You can get a B or A but it is genuinely very difficult and requires a LOT of time. If you get a bad grade in his class please do not think you are bad at CMSC, he's just a bad starter professor for CMSC.",0,1,0,1,0,0,1,0,requires a LOT of time,"Tests mismatch study materials, and success requires substantial time."
CMSC132_457,CMSC132,Pedram Sadeghian,2025,3,Pros: Records lectures (each and every lecture and lab/disscussion was recorded and posted on time with clear audio and no issues!) Is self aware enough to adjust difficulty. (First 2 exams had low averages - like 60s - so he made the 3rd exam easier and gave open note quizzes that we did outside of class. I believe he also towards the end made projects weigh more which was appreciated. Gives 2 minute breaks in the middle of lectures. Is active on piazza and gives clarifications Explains concepts mostly clearly and draws things out which is helpful. Gives exams details on piazza as hints which do help on exams. Curves? This is kind of a pro and a con because he doesn’t curve anything (not even exams) and instead moves the grade cutoffs at the end of the semester. This is a good way of doing it but unfortunately he only moved them by 1 point so while many were grateful some were a bit frustrated as the exam averages were pretty low this semester. Cons: Hard exams due to lack of practice material (old exams are useless since he changed the curriculum). Also the instructions can at times be confusing and he limits what you can use (like what data structures and loops etc) which doesn’t work well with the instructions. I do think he did a better job with this on the final but for the first 3 exams it was an issue. Discussions/labs are basically mini lectures instead of actual practice. The topics form lab do show up on exams but usually only in short answer. His voice is slightly monotone which can be hard for some people. TLDR: He’s a decent prof and if you put in the effort you won’t fail but taking Elias or maybe Nora might be better.,0,1,0,1,0,1,1,0,Hard exams due to lack of practice material,"Exams were hard with low averages, limited practice, confusing instructions, and almost no curve."
CMSC216_455,CMSC216,Larry Herman,2025,2,"honestly this class was pretty hard in the sense that i swear not being able to use computers or phones in class made it impossible to follow along with the code he taught us. on top of that lectures were so hard to follow because it was so slow and monotone other than the slight jokes he made. his worksheets were completion which was helpful but they were random so you had to attend every lecture and discussion or else youd get a zero not to mention you literally can not email him at all or he gets so upset, everything gotta be at his office hours or for absenses you have to fill out a form so its kind of difficult to communicate but he was funny and to be fair his tests werent too hard to pass, and his project guidelines were extremely thourough (for them being 10 pages long minimum id expect them to be) as long as you go to every single lecture since he doesnt post his stuff other than very vague slideshows anywhere",0,0,0,1,0,0,0,0,go to every single lecture,Random attendance worksheets and unavailable materials require constant attendance.
CMSC250_482,CMSC250,Maksym Morawski,2025,4,"Not a bad professor overall. Biggest con is that his lectures tend to be very disorganized. Other than that, his exams are fair and his grade breakdown is reasonable (40% homework, 10% discussion, 50% exams). His exams also contain more or less what he covers in lecture, so as long as you look at his notes or go to lecture you will be fine for the exams (the first exam did have a question that he didn't cover in class, but he later went back and curved it). Final was just a bunch of old problems that people didn't do well on in past midterms, which was a grade boost. One thing to note is that if you really do care about learning discrete math, I wouldn't take Max. His proofs are disorganized and lack structure, so if you'd like to learn how to write formal proofs I would stay away.",0,0,0,0,0,0,1,1,lectures tend to be very disorganized,"Lectures and proofs are disorganized, but exams and grading are fair."
CMSC320_153,CMSC320,Fardina Alam,2024,5,"Fardina is super nice! Her lecture style is clicking through a 200-slide slide deck every single class, but her slides are very good and extremely in-depth on the subjects she covers. I took her over the summer so I don't know if this is standard, but she doesn't teach much of the coding required by the class and instead leaves that to her assignments. However, her assignments are very detailed and she's very responsive on Piazza/email, so it's honestly not too much of a problem. If you start early on the project and study for quizzes/exams this class should be a breeze, 10/10 would take again.",0,0,0,0,1,0,0,0,doesn't teach much of the coding required,Required coding is largely left for students to learn through assignments.
CMSC330_254,CMSC330,Cliff Bakalian,2025,4,"Only complaint is that he tends to mumble sometimes, so I would recommend sitting near the front so you can hear everything he says. Solid lecturer. Makes the topics about as engaging as they can be.",0,0,0,0,0,0,0,0,,No clear workload signal.
CMSC335_025,CMSC335,Nelson Padua-Perez,2024,1,"Not the best teacher,he gave sample papers for exam 1 and asked major coding question(near 70 points) from other exam.Just goes through code examples,very hard to understand his teaching plus not very funny jokes during class.",0,1,0,0,0,0,1,0,major coding question...from other exam,The exam included a major mismatched question and teaching was difficult to follow.
CMSC351_302,CMSC351,Justin Wyss-Gallifent,2024,5,"Justin provides ample resources for learning the material and excels at teaching during lectures. Even if you are taking him at 8 a.m., attend the lecture because his walkthroughs are incredibly beneficial for understanding the content. His notes are great, but listening in person gives you a complete understanding. The homework assignments aren't too crazy. You must be really prepared for each exam since the class is mainly weighted in this category, leaving little room for error. There is partial credit, but expect it to be minimal. The homework assignments and weekly online quizzes do not account for much of your grade. Thankfully, there are always sample midterms provided for practice. Overall, you should be in good hands.",0,1,0,0,0,1,0,0,class is mainly weighted in this category,Exams dominate the grade and offer minimal partial credit.
CMSC411_019,CMSC411,Michelle Hugue,2020,1,"She is not good at all. Like please, don't take her if you don't have to. You will not learn much at all. My knowledge of comp arch is very scattered because of this ""self teaching"" approach, and with no real structured lectures or anything it makes it hard since there's a lot of seemingly conflicting information. Speaking of conflicting information, her notes/worksheet answers are just straight up incorrect sometimes. Overall, a very disorganized course, and if you want to learn something you should probably take it with a different professor. I don't really know why she still teaches.",0,0,0,0,1,0,1,0,"this ""self teaching"" approach",The course requires self-teaching and is described as unstructured and conflicting.
CMSC412_021,CMSC412,Ashok Agrawala,2024,5,"The GOAT professor. I genuinely learned so much about operating systems in this class. The projects are super time-consuming, true, and you have to study a lot for the exams. Still, it's intensely rewarding. The professor is hard but fair, and genuinely knows so much. If you talk to him, you'll realize how nice and knowledgeable he is. If you are willing to put in the time investment, this class is a must-take, in my opinion.",1,1,0,1,0,0,0,1,projects are super time-consuming,"Projects and exam study demand major time, but the difficulty is described as fair and rewarding."
CMSC414_032,CMSC414,Ian Miers,2021,2,"414 Spring 21; very unorganized lectures, did a meh job of explaining things, talks very fast, uses jargon and doesn't explain. He just wrote things down on the iPad notes app? and his handwriting is garbage/very hard to read; that plus general disorganization made it very difficult to take notes. inaccessible outside of class. no exams because of covid, only projects. interesting stories about crypto and cyberattacks and how things came to be are a plus but otherwise it was hard to learn from him.",0,0,0,0,0,0,1,0,very unorganized lectures,Lectures are explicitly described as unorganized and difficult to follow.
CMSC420_131,CMSC420,Justin Wyss-Gallifent,2024,5,"- very good notes posted online, it has everything you need to succeed (just make sure you read them and take time to actually digest it!) - very interesting and funny guy - you should attend every lecture or else you risk quickly falling behind - a few proofs you have to work out, you need to be able to generalize these proofs for the homework and each exam tends to have 1 or 2 proof questions of moderate difficulty (nothing like 250 or 351). - you should get an A as long as you put in a decent amount of effort - A lot of reviews emphasize how this course if proof heavy. There are a few proofs here and there that are important, but most of them aren't hard to recite and generalize, plus he gives you a breakdown of the exam question types so you can prepare ahead of time for the proofs he will assess you on.",0,0,0,0,0,0,0,1,proof questions of moderate difficulty,"The course requires effort and proof preparation, but assessments are described as moderate and clear."
CMSC421_037,CMSC421,Hal Daume,2023,2,"The class is straightforward, and Hal explains things decently enough. He brings up nice analogies and tends to focus on things that matter more. The midterm exam was exactly like the study guide. However, the HWs were vague and often had grading mistakes. The piazza also wasn't very active. In my opinion, this is a somewhat easy 400-level class, and Hal simply keeps it that way.",0,0,0,0,0,1,1,0,HWs were vague and often had grading mistakes,Homework instructions were vague and grading contained mistakes.
CMSC422_037,CMSC422,David Jacobs,2025,3,"Very knowledgeable professor but has trouble organizing and taking control of the class. Class often chatters loudly while he is teaching making it hard to hear him and learn. He did not post answer keys to any homeworks or quizzes which was unhelpful. Sometimes he would just refer us to chatgpt for the answers, which I felt was not helpful.",0,0,0,0,1,0,1,0,refer us to chatgpt for the answers,"The class lacks organization and solutions, pushing students toward outside help."
CMSC424_067,CMSC424,Daniel Abadi,2024,2,"such a hard class for no reason, 100% wait for another semester to take it with a different professor. this course would be interesting otherwise",0,0,0,0,0,0,0,0,,No clear workload signal.
CMSC430_015,CMSC430,Jose Calderon,2022,5,"Without a doubt the best professor I have ever had and one of the most interesting and well put together classes I have ever taken. Jose is the GOAT, there's no other way to put it. He's passionate, kind, considerate, intelligent, funny, and organized. There is no one I would rather take a class with. He has changed the course of my college career.",0,0,0,0,0,0,0,0,,No clear workload signal.
CMSC433_043,CMSC433,Leonidas Lampropoulos,2026,3,"Ok at teaching. Kinda just rambles through notes during lecture with some examples. Unfortunately, this class is a bit misleading and is largely an extension of CMSC330 and functional programming. For what it’s worth the 6 HW assignments are pretty simple but the 2 midterms are very difficult.",0,1,0,0,0,0,0,0,2 midterms are very difficult,The two midterms are explicitly described as very difficult.
CMSC451_069,CMSC451,Clyde Kruskal,2024,5,Took this class spring 2024 mainly for the meme and I wasn't disappointed. Took him a solid month to get his laptop fixed at the start of the semester. No midterm so everything was dependent on the final (split into two parts). Couple of homeworks here and there and he's super lenient on when you turn them in. Homie is just here to secure the bag and I'm all for it.,0,1,0,0,0,0,0,0,everything was dependent on the final,The course grade depended heavily on a two-part final.
CMSC470_002,CMSC470,Rachel Rudinger,2021,2,"She's a first time professor. In terms of lectures, she did try to make the content more understandable, and I think her explanations do, at times, make a significant improvement to the readings. While the difficulty and grading was not challenging as long as you listened to the lectures, the timing was a mess and it was never explained why it took so long for homework and midterms. Furthermore, the number of homework assignments were constantly changing throughout the course. I really hoped to learn more about NLP from this course. While the theoretical content was there, I am still not sure if there was enough technical support, with coding, to make this enriching to take as a course. As another review mentioned, there is a lot of room for improvement. But, there's only one way up if you're at the bottom.",0,0,0,0,0,0,1,0,number of homework assignments were constantly changing,Grading delays and changing assignment counts indicate disorganization.
INST326_036,INST326,Aric Bills,2024,2,"While Bills is a good person, I WISH someone told me not to take him. He has 4 on-paper python exams (no cheat sheet, closed laptop, etc). He is very lenient for late work if you email him before the due date, but he also gives attendance quizzes that close 5 min into class, so you don't get credit if you're more than like 3 minutes late. Also, he and his TAs refuse to grade or put anything into elms. It is May 1st, and we currently have 3 grades put into elms (one which was auto bc it was an elms survey). I have to manually calculate my grade from a month ago based on the few grades they put into gradescope. You'll like his class if you're already comfortable with python and are on time to almost every single class. And also if you can carry your group project. He is a good guy though, just a harsh, slow grader and a bit old-fashioned (on paper coding)",0,1,0,0,0,1,1,0,4 on-paper python exams,"The course has four restrictive coding exams, harsh slow grading, and very delayed grade reporting."
INST327_018,INST327,Iskander Lou,2023,4,"He's chill, but his lectures are boring. However, he provides a lot of online resources and videos, so you can still ace this class by learning material that way. TAs were helpful, especially for the semester-long group final project.",0,0,0,0,1,0,0,0,ace this class by learning material that way,Students may rely on online resources and videos rather than lectures.
INST414_002,INST414,Aditya Ravindra Bhat,2019,5,"Makes himself available to help. A little hard to understand in lecture, but go to office hours and you’ll be fine.",0,0,0,0,0,0,0,0,,No clear workload signal.
INST447_013,INST447,Matthew Patrick,2025,3,"Look, I got an A+, so I really shouldn't complain, but I really disliked how this class was structured. I knew it was going to be asynchronous, but the online material rarely matched the assignments. The in-person discussion got canceled nearly every time, so no one showed up. Trying to contact the instructional team was nearly impossible; they never responded. And the group project may have been the most ridiculous part. We never once got any feedback on any of the deliverables, and I still do not know what I got on this project. Combined with the fact that 3 out of 5 of my group project partners did not do an ounce of work, this project felt extremely pointless. So yeah, I did well in the class, but unless you want a lot of confusion and lack of instruction, I cannot recommend this professor for this class, not under the current structure.",0,0,0,0,1,0,1,0,online material rarely matched the assignments,"Materials, discussions, communication, and project feedback were poorly coordinated."
MATH140_438,MATH140,Shin Song,2025,2,"shes like the epitome of a mid teacher. She kind of just reads off the textbook, gives webassigns, and then later in the semester she gives work sheets instead of just having us copy stuff from the textbook. For lectures literally all she does is take stuff from the textbook, solve the problems, and barely explains what she did to solve it, so pretty much for exams be prepared to rely on your TAs and the internet to explain these concepts. Speaking of TAs, try to get Frank McBride as your TA, he actually explains how to do the problems in this class.",0,0,0,0,1,0,1,0,rely on your TAs and the internet,Lectures are confusing and students must rely on TAs and online resources.
MATH141_481,MATH141,Dmitrii Gudin,2025,5,"My GOAT!!! Absolutely best TA a person could ask for. Covered so much material every discussion, cleared up any confusions we had as a class. He was a lifesaver for the weekly quizzes as he briefly explained what the questions would be formatted like prior to the quiz. An even bigger lifesaver for the exams as the day before each exam he would give us fantastic review problems. Without Dmitrii idk how I would have gotten through this MATH141. Dmitrii if you're reading this I love you.",0,0,0,0,0,0,0,0,,No clear workload signal.
MATH240_287,MATH240,Wiseley Wong,2024,5,Great lecturer. Fair exams.,0,0,0,0,0,0,0,1,Fair exams,Exams are explicitly described as fair.
STAT400_411,STAT400,Sana Jahedi,2025,1,if you value not hating your life don’t take this professor. the best was i’ve heard someone describe this class is it’s like being taught to crawl and being tested on your ability to run a marathon.,0,1,0,0,1,0,0,0,tested on your ability to run a marathon,Instruction does not prepare students for the much harder assessments.
STAT401_035,STAT401,Archana Khurana,2023,5,"She is an amazing professor that cares about her students. Her lectures can be slow, but she does an amazing job at explaining concepts and makes sure everyone understands. She takes students' feedback seriously and will make sure the quizzes and assignments are reasonable. I would recommend people to go to class because sometimes she will literally give you the answers and hints for quizzes and assignments. Her exams are fair and I would recommend people to take her class! All the assignments are reasonable and fair!",0,0,0,0,0,0,0,1,assignments are reasonable and fair,"Quizzes, assignments, and exams are described as reasonable and fair."
CMSC131_416,CMSC131,Ali Nilforoushan,2025,5,"Ali is a fantastic TA. He is super nice, really helpful with projects, labs and really helps you to learn the content. He will come up with metaphors that are literally unforgettable. He really does work hard to make sure you do well and really honestly cares about everyone. He even draws little doodles on your quizzes and really puts in the time. If your TA is Ali he will make your discussions more fun and really care about helping you to learn.",0,0,0,0,0,0,0,0,,No clear workload signal.
CMSC132_488,CMSC132,Larry Herman,2026,4,I LOVE LARRY HERMAN HE IS SO BEAUTIFUL AND FUNNY AND INTELLIGENT HES THE MOST COOL PERSON IN THE WORLD YOU MUST TAKE THIS CLASS IF YOU DONT YOU WILL REGRET IT.,0,0,0,0,0,0,0,0,,No clear workload signal.
CMSC216_395,CMSC216,Christopher Kauffman,2024,5,"Solid professor. His lectures are reasonably interesting and they explain the content well. His discussions are honestly completely useless but they operate as extra office hours later in the semester so if you need extra help with a project or want greater understanding of a lab you can go. He gives labs & ""quizzes"" which serve as grade boosters and learning checks (I say ""quizzes"" because you can retake until 100%) His exams are very fair and are open note. This forces you to prepare notes for the exam because you will need to reference them at times but by creating notes you are also studying so I like the format. The slides have alot of info and all lectures are recorded so you could not show up if you want (i did but you do you). Overall solid teacher, recorded lectures, optional discussion, fair open note exams.",0,0,0,0,0,0,0,1,exams are very fair,Exams are explicitly described as fair and well supported.
CMSC250_510,CMSC250,Fawzi Emad,2025,5,"Great lecturer. Quizzes, homework, and discussions are all really helpful.",0,0,0,0,0,0,0,0,,No clear workload signal.
CMSC320_145,CMSC320,Mohammad Nayeem Teli,2024,4,"Teli likes to fill his lectures with a lot of content, and once you lose track of how he got there, you're completely lost. For me, it was really hard to pay attention and stay focused during the 1hr 15 min lecture. However, I will say that when I rewatched his lectures on panopto, it was extremely easier to learn the content than in class. He's not a bad teacher. He will walk you through stuff, but what I hated was he went into some math and calculation on papers. I could tell that the class was very disorganized though, because we only ended up having elms quizzes (10% of our grade) in the last 3-4 weeks of the semester rather than throughout (but they were helpful). Exams aren't too bad if you rewatch content from lectures and you also get a cheat sheets . Projects were kinda long in that some questions confused you.",0,0,0,0,0,0,1,0,class was very disorganized,"The course schedule and quiz rollout were disorganized, and some projects were long."
CMSC330_186,CMSC330,Cliff Bakalian,2024,5,"exams werent bad at all, quizzes were hit or miss, but just make sure to manage your time with projects. cliff is a pretty decent lecturer as well. overall felt like a breath of fresh air compared to larry herman's 216-- no style points, mostly public/release tests, exams weighted a lot less than projects, extra credit if you participate, late tokens, etc. 330's also much more skill-based than rote memorization. my one complaint was there was a project that was very poorly written in the beginning of the semester. it was a terrible time trying to figure out how to interpret it even with the extension. but, projects after that were much clearer.",0,0,0,1,0,0,1,0,manage your time with projects,"Projects require time management, and one project was poorly written."
CMSC335_046,CMSC335,Nelson Padua-Perez,2026,1,Disrespectful professor who calls students out. He also doesn't care too much about student's growth in the class. I am very dissapointed.,0,0,0,0,0,0,0,0,,No clear workload signal.
CMSC351_292,CMSC351,Maksym Morawski,2024,3,"Not very good at teaching. Copying most lectures from Justin is one thing but not explaining them well is worse. Added a version of bucket sort to our portions which essentially worked as counting sort to have some differentiation from Justin's course. Midterms were not hard, final was challenging but fair. Would not recommend because it's a coin flip on whether exams will be easy or hard and whether you'll understand anything very well. The guy often pauses during his lectures and says ""I'm kind of butchering this explanation"" or something along those lines. Being self aware does not help us.",0,1,0,0,0,0,0,1,final was challenging but fair,"Exam difficulty varied, with the final explicitly described as challenging but fair."
CMSC411_005,CMSC411,Ilchul Yoon,2018,2,"Dr. Yoon's delightful attitude towards student concerns was not enough to fully recommend him as a lecturer. This course is pretty dry and dull in terms of material, so I am not sure if any other teacher would've made it more interesting for me, but Dr. Yoon certainly did not. I took this course during a summer session so it was compacted into classes every day for 6 weeks. We had one midterm exam, a home work every week and a final exam. I felt so inadequately prepared for both exams, and the homeworks were tedious busy work. On top of that he assigned a coding project in C that was a simulation of the MIPS pipeline process (You learn about this during the class) and it was the second hardest project I ever took on and I felt it was just useless busy work. The midterm was incredibly long and ridiculously packed with material not many were familiar with. He even said he anticipated low exam scores because people would not finish on time. For the first exam, we originally had 85 minutes, however since there was no class after ours let out he extended it to 100 minutes because people needed more time. This was the same situation for the final exam only no time extension. I barely got time to go to all the questions and just attempt them. The one thing that makes this class with Yoon worth it, is it can be a passable class since he gives a butt load of extra credit and partial credit for just attempting questions but not necessarily answering them correctly. Because of the unreasonable amount of questions on exams, the difficulty of the project and homeworks, the average of the class was a 56%. So Yoon curved the course NICELY. I ended up with a 66% and that was good enough for a B- . I like Yoon as a person and he's very helpful in his office hours but he still isn't very clear on the material a lot of times. Since I do not know how the other teachers are for 411 I cannot suggest taking them over Yoon. If you have to take Yoon just remember these things 1) The exams are unreasonably long and nearly impossible to get an A on, but he gives a lot of partial credit for simply attempting questions. 2) The project he assigns is hard and unnecessary busy work. 3) He isn't very effective as a lecturer, and does not give enough resources and practice materials to prepare you for exams. Even homeworks are not sufficient.",1,1,1,1,0,0,0,0,homeworks were tedious busy work,"The review describes difficult projects, tedious weekly homework, and unreasonably long exams."
CMSC412_017,CMSC412,Peter Keleher,2024,5,"This course was hard af, definitely a 4 credit. Peter helped make the exam aspect of this course manageable by closely relating his material to a digital textbook that was well written. His first exam was very difficult, but chilled out a bit afterward. The coding aspect was HARD. The projects required full attention, often spanning two weeks but sometimes overlapping with other projects. This course has a lecture and discussion, where discussion is fully project oriented. I was at every discussion and almost every office hour available in order to get a good grade on the project. Overall, I really enjoyed the course despite the rigor.",1,1,0,1,0,0,0,1,projects required full attention,"Projects are intensive and overlapping, while exams are difficult but manageable with course resources."
CMSC414_085,CMSC414,Michael Marsh,2025,2,Genuinely enjoyed the last project so ill bump him up a tad. Wish we were actually taught more relevant material but whatever. I dislike how his contract means everyone is at a C+ until the last day basically.,0,0,0,0,0,0,0,0,,No clear workload signal.
CMSC420_204,CMSC420,Justin Wyss-Gallifent,2026,5,"The 7 midterm no homework course format did not go too smoothly. IMO, even though the midterms don't cover as much material as usual, having so many exams forces additional studying, noticeably increasing the work required for the class. From my experience, only a few topics lend themselves to difficult exam problems, and they are not evenly distributed across exams, so some exams had bad averages, and other exams had amazing averages. However, with 2 exams being dropped avoiding the grade impact of the bad exams was very easy. Besides that, the class was pretty normal for one of Justin's classes. Justin's lectures were great, exam problems were fair given the difficulty of the corresponding topics, and getting a good exam grade was doable if you solved all of the recommended hw problems. Justin was also receptive to feedback as always. In response to much of the class being distressed by the format, he dropped 2 exams (originally it was only supposed to be 1) among other things.",0,1,0,1,0,0,0,1,7 midterm no homework course format,"Seven midterms increase studying, though exams are considered fair and two are dropped."
CMSC421_047,CMSC421,Tianyi Zhou,2023,5,"I feel that as long as the project of this course get a bit more polished, this will be a very good course.",0,0,0,0,0,0,0,0,,No clear workload signal.
CMSC422_055,CMSC422,Mohammad Nayeem Teli,2025,1,"never in my life have I took a worse class than this, you learn nothing, homeworks are useless, projects are useless, class is useless. You go to lecture get confused, leave lecture, try to self study, cant even do that because the textbook is bad, do homework (its very easy), do projects (its very easy), then you feel confident and walk into the exam and leave knowing that you have in fact learnt nothing and everything was a waste of time.",0,1,0,0,1,0,1,0,try to self study,"Lectures are confusing, students must self-study, and exams do not match the easy assignments."
CMSC424_101,CMSC424,Daniel Abadi,2026,2,"The rest of the reviews are true, I only took 424 with Abadi since Herve's sections are full and I do not recommend it. There is no mandatory reading quizzes anymore but they're used for supplemental learning. There are clicker questions every class so attendance is mandatory and the exams are what the other reviews detail (extremely hard). There's a significant curve for each exam to help offset the difficulty. This course is a real pain in the a** so unless you want to devote your entire semester to this course, choose a different professor.",0,1,0,1,0,0,0,0,devote your entire semester,Exams are extremely hard and the course demands semester-level attention.
CMSC430_018,CMSC430,David Van Horn,2022,5,"He deserves a 5-star rating for the following. First, he cares about students and their learning. His main objective is encourage students to learn as much as possible. His lectures are clear and he never rushes through the materials, which are well organized into different modules with increasing levels of sophistication to build up compilers with advanced programming language features. I like the way the course organizes exams. We had two midterms but no final exam. The midterm problems are all about designing and implementing certain features of some compilers that had been discussed in the lectures. The midterm questions are clear and reasonable. We were given 48 hours to complete the midterms but I did not have to devote the entire two days to each midterm.",0,0,0,0,0,0,0,1,questions are clear and reasonable,"Take-home midterms are described as clear, reasonable, and manageable."
CMSC433_001,CMSC433,William Pugh,2010,3,"Bill Pugh is one of the most famous (professionally) professors in CS dept. And he clearly knows his stuff very well. Unfortunately, you are not going to get much of it unless you make special efforts. He designed 433 in a slightly different way than described in the catalog; it was heavy on concurrent programming and we did very little on design patterns. I learned a lot in this course, but it was mostly by reading his slides and doing projects (one every week, and great fun). He isn't a very good grader; partial credit is hard to come by. Despite the fact that he is so knowledgeable, he won't make efforts to ensure students understand what he is talking about. He just reads through his slides and considers his job done. I would take this class with someone else if I can. But Pugh ain't that bad either.",1,0,0,1,1,1,0,0,one every week,"Weekly projects drive learning, require extra effort, and partial credit is hard to obtain."
CMSC451_079,CMSC451,David Mount,2025,5,"First class with Mount. He is a great lecturer and is incredibly helpful and generous. It is very clear that he wants every one of his students to succeed. His reputation precedes him. The class, however, is far from easy. Easily my biggest CS time commitment so far. If you think taking this class will make you good at leetcode -- I honestly feel the opposite truer: being good at leetcode will definitely help you in this class. If you are interested in algorithm design, the theory behind them, and learning to prove why an algorithm is correct, this is the class for you. The homework is time-consuming/difficult and the exams are challenging. If you want to full score every homework I highly recommend attending as many office hours as you can until you are sure of everything. The TAs and Mount are very helpful in pointing you on the right track and giving helpful pointers.",0,1,1,1,0,0,0,0,homework is time-consuming/difficult,"Homework is difficult and time-consuming, exams are challenging, and the course is the reviewer’s largest time commitment."
CMSC470_012,CMSC470,Rachel Rudinger,2023,2,"The first half of this class was pretty good - lectures were clear, assignments and midterm were very fair. But then all of a sudden it's like she stopped caring after the midterm. No homework or practice problems whatsoever on like half of the course material (that too, the more difficult half). No responses to most Piazza questions. No one knows how to prepare for the final, and it's worth 45% of the overall grade. Most of us are just hoping for a heavy curve at this point. The one good thing I can say is that she's a kind and understanding person, even if disorganized. Overall, I'd say take this course with another professor if possible, you'll learn more and probably be less stressed.",0,1,0,0,0,0,1,0,final...worth 45%,The final is heavily weighted and preparation materials and communication became disorganized.
INST326_073,INST326,Aric Bills,2025,3,"As a person he's a great guy. As a teacher, there is much left to be desired. Most of the content you will learn are asynchronous which makes lectures either redundant or near useless 9 times out of 10. But you can't just not show up to lecture, there are graded in class group activities which are also useless and I'm 99% sure you could pass comfortably with an A even if you didn't get those points. There are times where an actual new or interesting concept will be introduced in lecture but more often than not you will walk away wondering what you actually learned in that 50 minute period. As for coursework the bulk of the grade comes from 4 exams, one of which is dropped. Most of them are relatively easy if you have any programming experience at all but there's a few questions that are about very specific techniques in python. The 3 homeworks throughout the semester are sort of the projects you would expect of a programming course which aside from the final project are the most time consuming. But even then if you have any programming experience at all you could finish one in 1 or 2 hours and you have unlimited attempts so you can just keep debugging and resubmitting until you check all the boxes which is nice. Considering this is the main programming course of the info sci major, I can't say this course had the rigor I expected. Maybe that sounds great to some of you but if you're expecting a programming course that has any difficulty then this is not it. Even the final project felt like a softball and the hardest part was getting your group members to commit and push to github. Most of the other assignments are just you explaining certain concepts in your own words and then provide working examples yourself which I find would be unhelpful to anyone learning python for the first time. And everyone else talking about the grading is not making it up. I kid you not, I waited until a few days before final grades were due and I got everything graded all at once in the span of an hour. So don't expect to get any grades back throughout the semester or know what your grade is at all. Overall the course structure felt really unorganized and most of the assignments weren't all that helpful aside from the homework's and group project. I'd recommend him if you have a decent understanding of python so you can just coast through the class without too much concern because if you are trying to learn python from this course, you're in for a rough time.",0,0,0,0,1,0,1,0,Most of the content you will learn are asynchronous,"Students largely learn asynchronously, while grading and course structure are very disorganized."
INST327_035,INST327,Pamela Duffy,2025,1,"Absolutely terrible experience. Hannah, the TA, was consistently rude and dismissive—interrupting students mid-sentence and making it feel like asking questions was a burden. She clearly shouldn’t be in a teaching role. As for Professor Duffy, she seemed completely checked out. Grading took forever, and she even told us not to reach out to her directly—everything had to go through Hannah first, which only made things worse. The whole setup felt disorganized and honestly disrespectful to students. It seemed like they were more interested in power-tripping than actually helping us learn.",0,0,0,0,0,0,1,0,whole setup felt disorganized,The course setup and grading communication are explicitly described as disorganized.
INST414_012,INST414,Cody Buntain,2023,4,"He lets you use AI for the module assignments. The in-class exercises were difficult and I rarely completed them in class, but they were mostly graded for completion. Felt like a lot of the content went over my head. Not too hard to get a high grade.",0,0,0,0,0,0,0,0,,No clear workload signal.
INST447_007,INST447,Giovanni Luca Ciampaglia,2023,1,"Would not recommend. I'm usually not the type to complain about professors but this class is not well taught at all. His auto grader assignments has errors and his due date time is jank. On top of all of that, his test covers content that the hw didn't even cover yet. I'm not exaggerating, hw 4 was not even due until the day after the test, yet he tested us on content that's covered in hw 5.",0,1,0,0,0,0,1,0,test covers content that the hw didn't even cover yet,"Assessments are mistimed and cover content before related homework, indicating disorganization."
MATH140_489,MATH140,Todd Rowland,2025,1,"I would not take this class with Todd Rowland unless you are prepared to teach yourself all the material. His lectures are barely helpful, sometimes they help to understand the steps you need to solve something, but overall they are a waste of time and entirely confusing. He will start writing on one board, continue the problem two boards over, come back to the original one with a totally different idea, overall his structure of writing on the board is awful and so hard to follow. (Not about his teaching), but he is so so bad at erasing the chalk board and it makes it so hard to see. The amount of times he spends 15 minutes on one problem then at the end giggles and says ""oops it looks like I have made an error"", but then he erases the board and doesn't tell us the right way to do it. He will also show us how to solve an equation and will say ""you won't need this until MATH141, and if you do it like this on the final, you will get points off"", but will continue to show us how to do it the wrong way instead of using that time to be productive. Another major issue I have with Todd is how little he communicates with his TA's, which for this class that is 5 days a week, having a good discussion session with a TA is very important. Todd and the TA's teach the material completely differently and never know what the other one has already gone over. Overall he just made this class incredibly unproductive and confusing, he is a super sweet and funny man, he tries his best to learn everyone's names, but he is just not meant to teach this course. He truly cares about his students, but at a certain point, being nice and funny isn't worth it when my grade is struggling so hard. I would only take this class with him if you did really really well in calc 1 in high school, or calc is just an easy to learn topic for you.",0,0,0,0,1,0,1,0,prepared to teach yourself all the material,Students must self-teach because lectures are confusing and poorly structured.
MATH141_548,MATH141,Foivos Chnaras,2026,5,"Amazing professor. My class was the first he taught as a professor rather than as a TA, and he is genuinely one of the best math professors out there. His lectures are extremely well-organized, and he consistently encourages students to ask questions. Although I never personally attended his office hours, many classmates shared that he patiently works through problems with you step by step and makes sure you truly understand the material. We had weekly quizzes, usually consisting of one or two questions taken directly from the worksheets he posted on ELMS before each quiz, which made them very fair. He also provided practice exams that closely mirrored the actual midterms. Overall, he is a great professor, and it’s clear he wants every single student to succeed.",0,0,0,0,0,0,0,1,weekly quizzes...made them very fair,"Weekly quizzes and practice exams closely match assessments, making the course fair."
MATH240_367,MATH240,Shin Song,2025,3,"Lectures are a bit boring, and I didn't really learn much from them. TA Qihang was the GOAT. Quizzes are free points with 1 hour of studying the night before. Professor Song is IMPOSSIBLE to reach if you need anything, such as a late assignment graded or something along those lines. The exams are pretty easy, with typically one question that will be very difficult, so if you don't know how to do the one difficult question, you are guaranteed a B+ at best on every exam. Other than that, pretty easy class; if you prefer more engaging lectures, take it with another professor, but the TAs are going to carry here either way. Quiz every week on the same day, except after exams, so there aren't any pop quizzes or surprises. Attendance is not mandatory. 3.49 stars from me. (Also, this was my first math course at UMD, so idk what to compare her to so take this from a new freshman's pov)",0,0,0,0,1,0,1,0,TAs are going to carry here,"Lectures provide little learning and the professor is unreachable, leaving TAs to support students."
STAT400_397,STAT400,Sana Jahedi,2025,1,"day 1: ""i read all of your planetterp reviews and this class is going to be really hard now"" general notes about structure: 5 quizzes throughout semester (they are pretty fair) 2 midterms (2nd one is far too hard and not really representative of material) 7 homeworks (problems are pretty hard in my opinion and some problems are not reflective of lecture material) little to no practice problems before exams teaching is pretty bad so I would recommend watching youtube videos + paying close attention to slides but in my opinion the worst part is probably that every question that is asked is answered in a super condescending, not helpful, and sometimes outright mean way sometimes she can be kinda funny ! other than that i would recommend a different prof",0,1,1,0,1,0,0,0,2nd one is far too hard,"The course has hard homework, a very difficult midterm, little practice, and requires outside videos."
STAT401_079,STAT401,Fushuai Jiang,2025,5,"Great professor, does not deserve his rating, had great slides and taught extremely well. As long as you do your HW and complete practice, you will be beyond fine for this class. Taught me better stat than any other professor I have had. Take him, do not believe the bad ratings.",0,0,0,0,0,0,0,1,do your HW and complete practice,The course is manageable with assigned practice and is taught clearly.
CMSC131_349,CMSC131,Karan Agrawal,2024,5,"I thought Karan was a great TA. He explained/reinforced the topics from lecture very well, and helped me understand the concepts better. He is also very friendly, approachable, and helpful when it comes to questions, and also gives good insight on how the topics we are covering now will help us later.",0,0,0,0,0,0,0,0,,No clear workload signal.
CMSC132_469,CMSC132,Larry Herman,2025,2,Assigning a project over thanksgiving break wtf herman :(,0,0,0,0,0,0,1,0,project over thanksgiving break,Assigning a project over break reflects poor scheduling.
CMSC216_457,CMSC216,Ilchul Yoon,2025,5,"Oh Yoon, Oh Yoon, where do I start? This was single-handedly the most BEAUTIFUL class I've ever taken during my long, long, 7 years at College Park, Maryland. Yoon explains things so beautifully even a monkey could understand assembly and linux. I'm convinced the 85% of the class that gets below an A has an iq between 41 and 67. I showed my pet goldfish the Yoon lectures (he didn't record them, so I uploaded them myself using my neuralink) and he showed up to the lecture and got a 97 on the final. He invoked such an incredible passion for low-level programming in me I decided to skip the entirety of my undergrad and do a PHD at Tsinghua in compilers. I came to class every day, and he handed me extra points for simply existing, because he's such a beautiful soul. GOON WITH YOON! #YOONERS",0,0,0,0,0,0,0,0,,No clear workload signal.
CMSC250_489,CMSC250,Fawzi Emad,2025,5,"This class was soo interesting. Loved it. He's a good professor. I definitely could've gotten an A, but his grading really messes u up. Each exam was out of 50 points so 1 simple probability question (10 points) wrong would literally bring you down to a 90%. My fault for getting a 10/20 on a quiz though. Like his exams are relatively easy BUT if u get something wrong you're lowkey done for. There are ""pop quizzes"" but honestly just expect a quiz every discussion or ask a friend. Take Fawzi! he's not so bad. He has a thing for telling us he's unprepared for class or doesn't wanna be there pretty often though lmao.",0,1,0,0,0,1,1,0,grading really messes u up,"High-value exam questions, pop quizzes, harsh grading, and admitted unpreparedness create risk."
CMSC320_194,CMSC320,Maksym Morawski,2025,1,"Entertaining lecture, but a very disorganized lecture pacing. He assigned 7 of 3blue1brown's videos to look over instead of teaching such content himself. It doesn't seem to be optional videos either; it's the actual content that he will put on the exams. It felt very unprofessional. I would have learn a lot more if I had not gone to his class and spent the time studying on my own or with another professor. There is, however, alot of extra credit in class. You can take notes, group study photo, and submit it to Gradescope for extra credit. You could also put in more work on your homework to give extra credit. However, I would not take this class if your goal is to have a good start on the fundamentals of data science. As some of the comments said, he is an unserious professor; he is funny, but to learn, we would need to be more organized. I recommend only taking him if you already have prior machine learning, data science concepts and are here for a laugh.",0,1,0,0,1,0,1,0,assigned 7...videos instead of teaching,"Students must learn exam content from outside videos, while lectures and pacing are disorganized."
CMSC330_207,CMSC330,Anwar Mamat,2024,5,"Great professor, he gives a lot of useful info during lectures and he's the one who will believe in you. He'll give you a chance, like an extension (it never hurts to ask if you really need it)! and he will help you success in his course",0,0,0,0,0,0,0,0,,No clear workload signal.
CMSC335_020,CMSC335,Nelson Padua-Perez,2024,1,Terribly organized class. You learn nothing. Not fun.,0,0,0,0,0,0,1,0,Terribly organized class,The course is explicitly described as terribly organized.
CMSC351_293,CMSC351,Elizabeth Qiu,2024,5,"Always prepared and very knowledgeable. I attended her office hours during the last two weeks of the summer semester and as long as you put in the work to solve the problem beforehand, the assistance she provides during her office hours is comparable or maybe even better than the professor at times. She does a great job of helping students come to an answer by themselves. Small detail, but during her zoom office hours she turns on her camera, which you may not think is a big deal, but makes her office hours very welcoming and eases tension if you find yourself finishing an assignment hours before it is due. You are very lucky if she is your TA for a semester. P.S. - She was also willing to go past your scheduled time for office hours if you needed more help or had additional questions. I jokingly called this experience, ""Elizabeth After Dark"" because this is where I learned the most.",0,0,0,0,0,0,0,0,,No clear workload signal.
CMSC411_028,CMSC411,Michelle Hugue,2021,1,"Worst professor I've ever had. She literally doesn't teach at all!!! If you have any thoughts of taking a class with her, you should look at the tons of 1 star reviews below this to show how terrible of an instructor she was. DO NOT TAKE HER.",0,0,0,0,1,0,0,0,doesn't teach at all,"The review says the professor does not teach, implying students must learn independently."
CMSC412_024,CMSC412,Peter Keleher,2025,2,"Before I get into my review, I should note that the C+ is pretty much entirely on me. I should have taken the course more seriously, especially for the first midterm, and I got burned for not doing so. At least I passed. With that said, this class did not work for me whatsoever. It's not because the class is hard, though it absolutely is, and I'd argue it should be. I just don't think it's for the right reasons. For instance, the lecture/exam half of the course is almost entirely disjoint from the GeekOS project half of the course, and it really feels like a 5/6 credit course sometimes. Being good at the lecture content will not help you whatsoever with GeekOS, and vice versa. This seems to be a 412-wide issue. Regarding the lecture content, I don't think Pete is a very good lecturer. It's sort of what the other reviewers this semester so far have pointed out. I wouldn't quite agree with the tin can rattling mentality, but he certainly doesn't practice his presentations, and he brings absolutely no energy to the class. Another reviewer pointed out the ChatGPT image, which he said he would fix and never did, but there was another instance where he took a TRIO slide set from the internet, didn't review it at all beforehand, and tried going through it in a rather miserable showing. There's very little transformation of his slide content in his lectures, as all he does is take his laser pointer and point to things he wants to emphasize on one of the projectors in the room. The slides themselves are rather poor summaries of OSTEP, which he follows very closely. That's just lectures themselves. The assignments he gives aren't much better in my opinion. He assigns weekly Gradescope reading homeworks which are worth 1% of the grade each. I honestly almost wish he would give more traditional homeworks instead. Some of the questions are horribly ambiguous, there's no room to state any assumptions, there are some questions where it feels like even with both the slides and OSTEP you can't really answer well, they ultimately lack engagement, and they are nowhere near comprehensive enough to actually prepare for the exams imo. Regarding exams, exam 1 was insane with the short answer questions of random topics from the slides being worth so much of the grade, while exams 2 and 3, especially 3, were relatively more chill. These certainly weren't my strongsuit, as I'm horrible with memorizing topics which I haven't worked directly with in some meaningful way, and I'm rather terrible at studying. I didn't like them, but they were fine I guess. One question I would like to address is the barber shop semaphore problem in exam 2. Not only were the semantics poorly defined, as the professor admitted, but in my experience, semaphore programming isn't just something just I get right away. I haven't worked with them before, as I haven't had any need to. They really weren't gone over well in class, nor were the gradescope assignments enough to really nail it in. He didn't give any other practice problem on them besides the baboon problem from a reading homework. I realize this is just one specific example, but it's emblematic of my problem with this part of the class as a whole. I also realize this could just be me, and my review should be taken with at least a grain of salt due to my meager performance compared to the rest of the class. I didn't mention this before, but each exam was 15%, and there was no final exam. Regarding GeekOS, the TA's, especially Leo, really carried here. They were really helpful in getting some of the projects working, and I really wouldn't have passed the class without them. Though, I'd maybe argue they were a bit too necessary to get through the projects. It's very clear the project specs haven't been updated in years, and the project slides, especially for the later projects such as 4b and all of 5, don't seem at all sufficient in getting you through the projects. Of course, the projects should be challenging, but in my experience, there was a lot of frustration due to how much information the slides and specs omit. For example, in project 5, file systems, GFS3 is a completely proprietary file system, yet we're not really given a good specification of it. For example, we were only given one example GFS3 image whose structure is completely undocumented. In project 4b, demand paging (the hardest project imo, though I hated 5 more just by nature), the way in which we were basically required to do things isn't very easy to deduce from source code, and the slides honestly made it more confusing what we had to do. Don't get me wrong, these projects are pretty cool at the end of the day, and honestly it was very useful being forced to navigate and implement significant components into a Linux-like kernel. I just think the projects would be better if the provided resources were more helpful. Finally, there's grading. The class is graded on a curve. This semester, seemingly a lot of insanely smart people took the class, which seemingly skewed the grade distribution like crazy. There was a review last semester of someone getting an 88 with Dr. Agrawala and ending with an A+. I know someone who got like an 89 this semester and ended with an A-. Take that for what you will. Overall, I can't say I don't recommend taking this class at all, but I have some issues with it. Pete is teaching this class next spring, so it seems for a little bit, Dr. Agrawala and Pete are alternating teaching this class.",1,1,1,1,1,0,1,0,really feels like a 5/6 credit course,"The course combines difficult exams, weekly work, intensive projects, weak resources, and major outside effort."
CMSC414_021,CMSC414,Dave Levin,2019,3,"He seemed like a good professor, but I think co-teaching 414 was a mistake. Between the three professors (Bobby, Michelle), he was the best lecturer but was barely there and oftened talked about the more interesting but less important (for exams) topics.",0,0,0,0,0,0,1,0,co-teaching 414 was a mistake,Inconsistent co-teaching and limited instructor presence indicate disorganization.
CMSC420_112,CMSC420,Eashan Siddalingaiah,2023,5,Bro saved my grade I was about to get a W and now I'm getting the other kind of W.,0,0,0,0,0,0,0,0,,No clear workload signal.
CMSC421_026,CMSC421,Pratap Tokekar,2022,3,"Professor Tokekar is a well-intentioned professor with a strong background in AI and the material within the course is interesting. He also does a good job at creating assignments and projects that are relevant to the concepts we were studying. He also answers questions well within lecture and breaks down the topics for exams and best ways to approach projects/assignments. The TAs also do a good job at answering questions during online & in-person office hours. However, there are a few things that I think Prof Tokekar could improve upon when it comes to this course: 1) Posting the lecture slides in a more timely manner because sometimes, it takes more than 1 day for the most recent lecture slides to be posted and students that missed lecture may have to wait to catch up 2) Responding to Piazza posts more quickly as it takes a while for students to get answer to those questions 3) Posting more practice problems & exams as although the assignments do a good job at covering the concepts and the lecture slides have good examples, more problems would help us master these concepts easier. Also, we only got 1 sample midterm and having at least 1 more would have helped. 4) Faster grading & regrading because it took almost 4 weeks for midterm results to be released onto ELMS and a few weeks for projects to be graded and is taking a while for grades to be transferred from Gradescope to ELMS Other than that, I would say the course was managed well by Professor Tokekar.",0,0,0,0,0,0,1,0,took almost 4 weeks for midterm results,"Late slides, slow responses, and delayed grading indicate course disorganization."
CMSC422_021,CMSC422,Soheil Feizi,2023,3,Other reviews are generally correct. He's a nice guy and keeps lectures fun but everything that is taught is stuff that will just pass through your head by the time the class is done (experiencing that rn). Him and his TAs are like always MIA tho so you are kind of on your own. I think Teli is the move if you want to learn stuff and retain it though. Still a decent experience overall.,0,0,0,0,1,0,1,0,you are kind of on your own,Unavailable staff leave students on their own and weaken course organization.
CMSC424_030,CMSC424,Amol Deshpande,2021,1,"Absolute garbage professor. He gives out work without even teaching the material. Additionally, he has no respect for student concerns about taking an exam in person while Omricon is raging through the United States. Gave out assignments where majority of the time to work on it was during the Thanksgiving break. Would not take class with him.",0,0,0,0,1,0,1,0,work without even teaching the material,Assignments are given without instruction and scheduled poorly over break.
CMSC430_001,CMSC430,Jeffrey Foster,2012,5,"Professor Foster is extremely responsive to his students. At the beginning of the course, he made it clear that it was his first time teaching the course and that it was being redesigned from the ground up. He was very amenable to giving extensions when the situation warranted, and whenever a problem or difficulty with the project specs was brought up, he would ask the class what fix they thought was appropriate. The lectures in this class cover a lot of very interesting, oh-that's-how-that-works topics. They were mostly his slides, with a few taken from others' talks, and a few design discussions. The projects are a lot of fun, but a LOT of work. Do not put them off. They help a huge amount in understanding the material. The tests were tough, since they required serious knowledge of the topics covered, but we were only expected to have an in-depth understanding of topics that were the focus of lectures.",1,1,0,1,0,0,0,1,"projects are a lot of fun, but a LOT of work","Projects require substantial work and tests are tough, but expectations are clear and responsive."
CMSC433_045,CMSC433,Leonidas Lampropoulos,2026,2,"This course is a bit misleading compared to its online description, as it suggests a focus on Java and related object-oriented programming topics, but in reality it is heavily centered on functional programming, especially Haskell, making it feel very similar to CMSC 330. The lectures mainly consist of long, in-class coding examples that can become quite complex and difficult to follow, which makes it harder to clearly understand the key ideas being taught. In addition, his explanations are not always the clearest, and concepts are sometimes introduced quickly or in a way that assumes more intuition than most students may have, which can make it challenging to keep up without additional outside effort.",0,0,0,1,1,0,0,0,challenging to keep up without additional outside effort,Complex lectures require substantial outside effort to keep up.
CMSC451_071,CMSC451,Andrew Childs,2024,5,"I'd give 4.7 stars if PlanetTerp had such an option. This is a hard class. Not in the way that MATH140/141 are considered ""hard"", or in the way that Kruskal's classes are ""hard"" (at least his 351), but rather it is hard by virtue of the material. Algorithms are just often difficult concepts to grasp and really understand to the depth that Childs' wants his students to be able to grasp and understand for his assignments and exams. The class is paced quite nicely for me - I showed up to every lecture, and I feel like I gained something from each one. I was able to ask questions pretty frequently (perhaps too frequently), and Childs' would always spend the time to think about an answer to each one, and I felt that that helped me understand the material greatly. He records all of his lectures and posts all of his notes. The only things from class not available asynchronously online are the Q&A times that he holds in the 5-10 minutes before each class begins. The assignments are hard. (Did I mention the class is hard?) The first two took me about 10 hours each, and the other three 15-20 hours each. Each one is a set of five problems, the answers to which require (unless you're a super-mega-genius I guess) intuition and material from the lectures. A quote from one of his office hours: ""If you're stuck on this problem, think about the algorithms we covered in class; I make the homeworks directly related [to those]."" - Childs My strategy for the homeworks were to look at the problems when they were assigned, then keep them in mind over the next two weeks of lectures (each assignment is assigned exactly two weeks before they're due). Spending the time to actually understand the material on them is definitely helpful - they're actually harder than the exam questions by a solid margin, and they mirror the exam structure. Also, he drops the lowest of the five assignments, so each of your best four assignments comprise 10% of your final grade. Considering that there is ample time for each one, it's definitely possible to have the assignments be the grade fallback. The exams are hard. (yes.) The midterm is worth 20% of your final grade, and the final 40%. There's definitely a time-crunch aspect to this. As of writing this review, I haven't taken the final yet. But speaking from the midterm experience, there wasn't a single student that left the exam room early (shocker). Although it seemed like most of the class felt pretty bad about the midterm, to Childs', the midterm was ""on the easier side."" (Avg 69, median 70 iirc) I did well enough not to have major complaints about it, and other reviews go more in-depth. The textbook is... something that I didn't read. I'm sure it was useful to those who did, but the lectures + questions + office hours + assignments prepared me well enough to face the exams. Although Childs' is a great lecturer and all-around smart guy, he's definitely a bit hard to talk to. He feels like a classic computer-focused guy (which is fair, since he's getting paid for it lol), and I definitely agree with the previous reviewer that said it felt impossible to build rapport with him. TL;DR: Great lecturer, fair class, hard af so look at the grade distr. to make your choice",0,1,1,1,0,0,0,1,other three 15-20 hours each,"Homework and exams are very difficult and time-intensive, but closely aligned with lectures and described as fair."
CMSC470_017,CMSC470,Jordan Boyd-Graber,2025,1,"If you value your sanity I would advise against taking this professor, he forces you to come to an 8:30 AM lecture via quizzes. During the lectures he doesn’t even teach, you’re supposed to watch the videos beforehand and he answers questions during class so there’s little reason to even show up other than to do the quizzes. Extremely bizarre format that I am really not a fan of. The content is relatively useful and relevant, but not explained very well, lecture videos offer little help when it comes to assignments. The class is very theoretical and conceptual, so if that’s not your thing this class will be a nightmare for you. The assignments don’t require you to write a ton of code but the instructions are often very confusing and unclear on what the task even is. A large portion of the time spent on an assignment is trying to decipher how to start and what we are being asked to do. Many assignments have very annoying setup steps and dependencies that make completing every assignment a massive chore. Also pretty much every assignment has bugs in it, meaning it’s literally detrimental to start early before these bugs are found and fixed. Exams are fair-ish, mostly multiple choice with the ability to choose between 1 of 3 free response questions. It’s not difficult to get a passable grade on these exams if you have good intuition, but it is hard to do very well. Overall I would not advise taking this class with this professor, it’s a very disorganized and sloppily run class that’s extremely annoying and aggravating when it comes to understand content, doing assignments, taking exams, and even showing up to lecture. Avoid this professor if at all possible.",0,1,1,1,1,0,1,0,massive chore,"Assignments are confusing, buggy, and laborious; lectures are insufficient and the class is disorganized."
INST326_037,INST326,Aric Bills,2024,2,"not a bad guy or lecturer but he never grades anything ever for so long. i literally don't know my grade and the sem ends this week. also you'll have to take 4 in-person, closed-note, closed-laptop, on-paper coding exams, do with that info what u will!",0,1,0,0,0,0,1,0,4 in-person...on-paper coding exams,Four restrictive coding exams and extremely delayed grading create exam and organization concerns.
INST327_006,INST327,Pamela Duffy,2021,5,"Class was easy if programming comes easily to you. The group project was irritating at times, but that was because of flaky group members. Otherwise good course, easy online quizzes, and no exams.",0,0,0,0,0,0,0,0,,No clear workload signal.
INST414_019,INST414,Zubin Jelveh,2024,1,"If you take this professor, you better pay attention in his class. He might randomly call on you and you’ll be set up for humiliation. This guy seems to really enjoy putting students on the spot and embarrassing them",0,0,0,0,0,0,0,0,,No clear workload signal.
INST447_008,INST447,Giovanni Luca Ciampaglia,2023,1,"Avoid this professor. Very knowledgeable about what he teaches, but this class is all over the place. For the assignments, he uses autograder, and for almost every assignment, there has been a mistake on his side with errors regarding the correct answer. The instructional team has had to constantly push back due dates because of mistakes or just not releasing the assignment until 2 or 3 days before the due date. Mind you, this is a technical course and with that comes assignments that may take a few days to figure out. However, the errors regarding the auto grader and instructions in the assignments makes this class very confusing. I've taken other technical courses in this program, and this is by far one of the worst experiences I've had. Due dates are also very weird, with assignments being due at 11:59AM, but for me that's a minor inconvenience compared to the bigger problems with this course. Choose another professor.",0,0,1,1,0,0,1,0,assignments that may take a few days,"Technical assignments take days, while errors, late releases, and shifting deadlines create disorganization."
MATH140_458,MATH140,Dong Quan Nguyen,2025,5,"Such an easy class. The only suggestion I have is to go to his lectures near the exams/quizzes because he goes over the exact examples that will be on the test. I haven't put any effort in this class and have a high 90 because he gives every question that will be on every test he makes, just with barely different numbers. Watch out for the final, though, because it is not just made by him. He also makes jokes in class and is a nice guy in general.",0,0,0,0,0,0,0,0,,No clear workload signal.
MATH141_495,MATH141,Anna Szczekutowicz,2025,5,"Absolutely phenomenal professor. Her lectures were so easy to digest, she did detailed notes and step by step examples. She understands how difficult calc 2 is and she makes sure to take time on the difficult topics. She posted every lecture note and sometimes extra examples we did not have time for in lecture. Even though she posts all the notes, she often says important information in lecture that is not written down. There was no required homework but there was a weekly problem set posted and we had weekly one question quizzes in discussion that featured a very similar question from the hw. These problem sets were lengthy and often difficult, though the day of the quiz the TA went over the problems we had questions on and explained them before we took the quiz. The discussion worksheets could be difficult but they were helpful. I felt extremely prepared for the exams as the questions on it were similar to the homework, quizzes, or in class examples. She also gave two practice exams before exams so you got a sense of what you will see. For reference, I am not extremely gifted in math and got a C+ in calc 1 (different professor) and an A in calc 2. This learning style was extremely helpful to me. She gives all the tools you need to succeed. If she is available take Dr S!!!!",0,0,1,0,0,0,0,1,problem sets were lengthy and often difficult,"Weekly problem sets are lengthy and difficult, but assessments closely match preparation materials."
MATH240_341,MATH240,Elijah Kin,2025,5,"the goat 🐐🐐🐐🐐 TL;DR - would genuinely recommend you go out of your way to get whatever TA discussion section he's running, was legit one of the best classes i've taken at UMD - always showed up to class having looked over what he was going to be covering, w/ typed (!!!!!) tex notes of his own, +- any relevant programming examples in python or similar - seemed to actually be excited (at least as excited as one can be teaching an intro lin alg course lol) about the cooler stuff we covered, bringing interesting/applicable examples of whatever topic (eg constant time fibonacci numbers w/ matrix diagonalization) - really helped me gain intuition for what we were covering - super nice chill dude, happy to answer questions (even goofy/obv ones)",0,0,0,0,0,0,0,0,,No clear workload signal.
STAT400_470,STAT400,David Pincus,2025,1,"I thought the final would be fair and simple given that I did pretty well the whole year (94%), the past exams weren't too bad, and the reviews say his exams are easy... I was wrong.",0,1,0,0,0,0,0,0,I was wrong,The final was unexpectedly difficult despite strong prior performance.
STAT401_062,STAT401,Archana Khurana,2024,5,"This class is actually interesting. She uploads all the notes on Elms and comes to class with raw notes on her iPad that include both explanations and questions. She works through the questions, clarifying the concepts as she goes. You can learn the material and earn a good grade without attending class, but I highly recommend going to class. It will help you better understand the notations and concepts, as it could be confusing otherwise. There are plenty of assignments—6 projects, 20 quizzes, and 16 worksheets—but they don’t take much time. Quizzes are quick (around 10 minutes), and worksheets take about 30 minutes. The exams are fair with no questions outside the material covered. She provides 2-3 sample exams to help prepare. Overall, she’s a great professor, and if you’re looking to really learn, definitely take her class.",1,0,1,1,0,0,0,1,"6 projects, 20 quizzes, and 16 worksheets","The course has many assignments, but each is brief and exams are fair and well supported."
CMSC131_442,CMSC131,Jonathan Saewitz,2026,5,Just learned that this goat made the website. unsung UMD hero,0,0,0,0,0,0,0,0,,No clear workload signal.
CMSC132_413,CMSC132,Nora Burkhauser,2025,1,"SOS!! DO NOT REDEEEEEEM!! IF PEDRAM'S CLASS WAS DIFFICULT, THIS IS WORSE! Guys anyone who gave her more than a 1 has either already learned or has sufficient knowledge to pass the class. She cannot teach at all. Every day MUST have a 5-minute ramble about how she used to work in IT. When someone asks a question she's always like: ""Hmmm. You know that's a good question. Let me think about it."" and then never thinks about it. What she teaches and says is a gamble, 50/50 it's either right or wrong.",0,0,0,0,1,0,1,0,She cannot teach at all,Unreliable teaching forces students to rely on prior knowledge and creates confusion.
CMSC216_389,CMSC216,Christopher Kauffman,2024,5,Leaving this to offset the one guy who reviewed him one star and instead recommended Herman. Dont take herman,0,0,0,0,0,0,0,0,,No clear workload signal.
CMSC250_442,CMSC250,Fawzi Emad,2024,1,"SAVE YOURSELF AND YOUR MENTAL HEALTH AND SANITY AND DONT TAKE FAWZI. never met a professor with an ego like his. he is so discouraging and makes you feel stupid in class if you dont understand something right away. any other professor, i genuinely think i wouldve gotten an A in this class, but fawzi and his terrible harsh grading made me miserable. don't make the same mistake as me. save yourself!!!",0,0,0,0,0,1,0,0,terrible harsh grading,The review explicitly describes grading as harsh.
CMSC320_160,CMSC320,Maksym Morawski,2025,3,"TL;DR - If you want to go into Data Science as a career, then you should take Max. Otherwise, stay far FAR away. Pros: - Everything he teaches is from a practical perspective. He frames the class and his lectures in a way that would actually help someone in the future if they wanted to go into data science. This is something that a lot of CS classes fail to do in high school and college, so finding a course that directly prepares you for a career in the subject area is rare. So as someone who wants to go into Data Sci / AI / ML, this class was incredibly helpful. - He's a fun guy - We got an A on pretty much all of the homework assignments Cons: - The exams were really tough. He makes exams so that all of the questions are open ended and require critical thinking. Because of this, it's hard to figure out what to expect on an exam. He only gave us one practice exam for each of our exams, so there just wasn't that much material to prepare with. It felt like you either knew it or you didn't. - The class and lectures are incredibly disorganized. We had at least 3 lectures where he showed up with an unfinished slideshow. He knows all of the material that he's gonna teach, he just sometimes shows up unprepared to lectures. The class is also disorganized as well. Many assignments were posted days or weeks after they should've been. - None of the assignments had a clear rubric. We were given very little instruction on what we should actually be doing for some of assignments. This led to a lot of late night frustration as we just didn't know what the right answer for a given problem was supposed to be. This was because of how little specification was given for the assignments.",0,1,0,1,0,0,1,0,exams were really tough,"Tough exams, unclear rubrics, late assignments, and disorganized lectures create substantial effort and confusion."
CMSC330_197,CMSC330,Cliff Bakalian,2024,5,"Cliff runs the most organized class I’ve taken at UMD. Exams, projects, and quizzes were all fair, and I didn’t have any major complaints. His lectures are a bit boring, and his slides are practically useless, but his notes are really good. You should be aware that projects are modified/made from scratch during the semester, so some projects will have important clarifications after their release and the auto-grader is often released well after the project is. I’d definitely recommend taking him.",0,0,0,0,0,0,1,1,"Exams, projects, and quizzes were all fair","Assessments are fair and the course is organized overall, though project clarifications can arrive late."
CMSC335_015,CMSC335,Nelson Padua-Perez,2024,5,Nelson is as awesome as always. Take this course over all the other electives. You actually learn a good amount and become competent in website building at the end.,0,0,0,0,0,0,0,0,,No clear workload signal.
CMSC351_330,CMSC351,Justin Wyss-Gallifent,2025,5,Justin takes notes on his Ipad while explaining the algorithm/time complexity at 8 am. Plz wake up and go he's great. You really need to know all the algorithms gory details to do well on exams so don't slack. It felt like the same amount I would study for calc 2. I learned alot from Justin he's good at math his notes are neat and clear. HomeWorks are challenging but good practice. Make sure for exams your fast cause 50 mins will go by quick. Know these algo's well. Your in good hands,0,1,1,1,0,0,0,0,HomeWorks are challenging,Challenging homework and time-pressured exams require significant study.
CMSC411_063,CMSC411,Ilchul Yoon,2026,5,"Yoon is awesome. If you enjoy learning about systems and are looking for a professor who is extremely knowledgeable and actually tries to get to know the students in his class, TAKE YOON! 90 percent of students skip lecture since its recorded, but going to class in person feels like highschool again. the class size is small (10 people ish) when everyone skips, and you get the whole class to yourself. worth the tuition and also cool guy. grading: everyone seems pretty lost in the class, but he curves everything at the end. I recommend reading the textbook, he assigns readings for each section we cover in class. The content is super interesting, I read it before going to bed.",0,0,0,0,1,0,0,0,I recommend reading the textbook,Students are advised to rely on assigned textbook readings because many feel lost.
CMSC412_002,CMSC412,A.U. Shankar,2013,3,"Lectures are pretty dry and difficult to follow. Exams are based mostly on lecture material, so looking at his online notes to prep is a must. Projects are very time-consuming and specs are often frustrating as they do not accurately reflect what actually needs to be done in a clear way. By far the longest and most complicated programming assignments I've ever had in an academic environment; make sure to start early and ask lots of questions. Overall, not a great experience. Maybe not quite as terrible as its reputation, but projects can get pretty ugly. Best bet is to take the class with people you know and discuss with them about the projects (at a high-level).",1,0,0,1,0,0,1,0,Projects are very time-consuming,"Projects are exceptionally long and complicated, with unclear specifications."
CMSC414_014,CMSC414,Michael Marsh,2018,1,"Worst computer science professor I've ever had at UMD. He puts this university to shame, and the worst part is - he's a pretty nice guy (it's so frustrating). - lectures are downright impossible to follow - he gives high-level explanations and then tests on low-level code implementation - his take home exams require the use of libraries/tools that have bad documentation - his take home exams are heavily biased towards students who have already taken cmsc417/cmsc456 - warning: if he gives take homes, prepare to devote 20-30 hours of work to it and watch the average be a 40-60% - his grading scripts are terrible and you always need regrades - he uses elms discussion boards instead of piazza - he's stubborn, unhelpful, and oblivious in general My advice? Avoid this class at all costs, and don't take any class with this professor. Not worth your time.",0,1,0,1,1,1,1,0,devote 20-30 hours of work,"Take-home exams demand 20-30 hours, require outside tools, and are supported by poor instruction and grading scripts."
CMSC420_172,CMSC420,Justin Wyss-Gallifent,2025,5,"If you had Justin for 351 then expect a similar teaching style. Justin handwrites his notes in class and also has his extensive pdf notes online. Lectures are not recorded. There are about 6 coding projects done in Python along with a weekly homework. There are two midterms with the first being in the middle of the semester and the second being near the end. There is also a take-home final. I highly recommend taking this class, especially if it is with Justin, because you get to learn many different useful data structures and Justin is able to teach the concepts and usefulness of the data structures very well. Justin does teach this class to be more mathematical so expect some proofs and calculations but they are fair.",1,0,1,1,0,0,0,1,6 coding projects...weekly homework,"The course has frequent projects and weekly homework, but proofs and assessments are described as fair."
CMSC421_057,CMSC421,Max Ehrlich,2024,3,Cons: - tells you not to stress but seems to do everything to make you stress - unclear hw instructions - super hard exam (it was far too long and way too much content) - unclear instructions on final project pros: - lots of curving - no final exam - easy grading on the final project,1,1,1,0,0,0,1,0,super hard exam,The exam is very hard and both homework and final-project instructions are unclear.
CMSC422_046,CMSC422,Marine Carpuat,2025,1,"I agree with the latest reviews, and I really discourage you from taking this course with her. It’s just very bad. Half of the class literally got a D on Midterm 2, and she called it a “solid performance”? OK, let me be honest—half of the class did better on Midterm 1 by getting away with a C-. How is that solid? Maybe there’s something wrong with how the course is being taught and structured. She seems completely unaware of the issues in the class. It's okay with her that half the class is doing well while the other half is failing. This basically means she doesn’t question why 50% of the class is failing. For her, the most important thing is that a small portion of the class does well, and the rest should just be “failures,” which she accepts as normal. I’m not the type of person who doesn’t put in effort and then blames the professor for that. Even in the most difficult core CS classes at UMD, I could get a B+ or higher if I put in a lot of effort. This class, however, is different. You can put in a lot of effort but still get lost when you're taking the exam. The issue might also be with the slides and the lack of practice material. Unfortunately, this semester was super stressful because of this class. I just want to warn others about the potential distress this class can cause, despite your best efforts to learn and perform well.",0,1,0,1,0,0,1,0,put in a lot of effort but still get lost,"The course is highly stressful despite major effort, with difficult exams, weak practice, and poor structure."
CMSC424_015,CMSC424,Amol Deshpande,2020,1,"First course I've ever had to withdraw from (3.9 GPA double major). Semester started off fine (SQL section was handled fairly) and veered completely off the rails into incomprehensible algorithms which were not well taught. Professor started off giving polls on certain concepts, but then didn't bother when it was really needed. Homeworks regularly required us to sift through documentation, including learning procedural SQL (not covered in class), to low-level implementations of data structures and joining algorithms in Python. If I wanted to write shitty low-level code for 10+ hrs/wk I would have just taken Operating Systems. In addition, even though the professor gives 20 late days, the standard due date for homeworks is within 3-4 days, so it's not that big of a helping hand. I thought the HW in the later half of the course would be similar to the difficulty in the first half, and got screwed having to write those algorithms with limited time. Midterm was filled with questions on highly specific concepts that were covered once in class. Average on Part 2 of the midterm was <50%. This midterm was also supposed to be taken closed note, but on the honor system. Any student who cheated probably gained a major advantage due to the specific nature of the questions. Avoid CMSC424 online with Deshpande at all costs. This class singlehandedly made me switch out of Data Science into the Machine Learning track, and probably killed any interest I would have in Data Science at all, which was a shame since I really enjoyed CMSC320 and CMSC422.",0.0,0.0,0.0,1.0,0.0,0.0,1.0,1.0,If I wanted to write shitty low-level code for 10+ hrs/wk I would have just taken Operating Systems.,"The course requires substantial time, the course is disorganized or unclear and the difficulty is described as fair or manageable."
CMSC430_036,CMSC430,Pierce Darragh,2024,5,"Plain and simply the piazza goat, and has a knack for explaining complex topics in a simple manner :) Super responsive and I'm incredibly grateful I had him as my TA <3",0.0,0.0,0.0,0.0,0.0,0.0,0.0,0.0,,No clear workload signal.
CMSC433_022,CMSC433,Jose Calderon,2023,5,"I believe this is Jose's first semester teaching 433 so I think this will be the first review for how he is teaching this class. I haven't included a grade yet as we're only about halfway into the semester and assignments are still being graded. 433's curriculum had changed a lot from the previous semesters so Jose's doing the best he can to restructure the material and it took a while for TAs to get hired because of staffing issues with the CS department, but I think Jose has done an excellent job with the class so far. Grading has been a little slow but again, that's because the course content has changed a lot and Jose's restructuring the class (which has over 250 students!) There are many pros for taking 433 with Jose based on my experience so far and experiences with him in past classes: 1) He and the TAs respond very quickly to messages from students 2) He records all the lectures and uploads them very quickly 3) He provides practice problems and exercises within the lecture notes, which supplement our understanding of the content 4) He and the TAs have plenty office hours (in-person and online available) and they take their time to help students (with very detailed threads for topics in Discord) and teach us how to solve problems with an incremental approach. 5) He organized study groups for our class. Jose is the first CS professor I have ever met who has gone to the effort of doing this for his students (most of the time, study groups for CS classes are done via CMNS or students have to form their own). 6) He is incredibly experienced, has no problems answering students' questions, accommodating, and provides students plenty of resources. 7) He introduced the idea of a student notes sheet (one student takes notes in a Google Doc during each lecture that other students can add upon and leave comments for, which I thought was really clever as I've never had a professor who has done this). 8) He has very creative learning methods. 9) His grading is very constructive and he and the TAs offer feedback about how students can improve. There aren't really any cons I have to list except for grading being a little slow but again, that is because Jose is trying to restructure the material for the 433 class, which has had a major shift in its focus. He has taken this head-on. If I could give Jose six stars, I would! If you get a chance to take a class with him and you're passionate about it (especiallly 216 and 430), take it without a second thought.",0.0,0.0,0.0,0.0,1.0,0.0,1.0,0.0,7) He introduced the idea of a student notes sheet (one student takes notes in a Google Doc during each,Outside self-study is required and the course is disorganized or unclear.
CMSC451_052,CMSC451,Andrew Childs,2023,3,"I think he's a bit overrated in my opinion. He's very hard to talk to but he is receptive to questions, especially during lectures. However, he doesn't provide much insight regarding anything else. His responses are very brief and terse. The TAs were helpful at the very least. The tip to doing well in Childs's class is honestly to just LC. Many of the questions that appear are LC related especially divide and conquer, dynamic programming, and general graph algorithms (BFS/DFS/topological sort). You also don't need to attend class because he basically just summarizes the textbook which he didn't do amazingly. This is a decent class to take but there are more useful classes as you can just LC and learn the patterns yourself).",0.0,0.0,0.0,0.0,1.0,0.0,0.0,0.0,You also don't need to attend class because he basically just summarizes the textbook which he didn't do amazingly.,Outside self-study is required.
CMSC470_006,CMSC470,Rachel Rudinger,2022,4,"Honestly I don't get any of the other reviews here. First of all, I took this class in Spring 2022 so it was not her first time teaching this time. A very nice and understanding professor. Very cognizant of the covid situation and made reasonable changes to account for it. In terms of teaching I think she's pretty clear and straightforward. Her exams were also quite fair and she gave us relevant material to practice for them (old exams). She tries her hardest to make the students understand the content and that really shows in class. She gives ample time to address all types of questions in class which was great. Homeworks/Projects were manageable too. I just wish there were more TAs. Overall, I had a great experience with her!",0.0,1.0,0.0,0.0,0.0,0.0,0.0,1.0,,Exams or quizzes are demanding and the difficulty is described as fair or manageable.
INST326_051,INST326,Gabriel Cruz,2025,1,"This dude is incompetent, his lectures aren't worth attending and all his homework end up with bugged auto graders. He is slow to respond to emails or slack(1+ weeks) and when he does respond they are full of typos and punctuation errors, sometimes completely unreadable. Most of his online homework assignments you will never get a full score unless you reach out to him or a TA personally because they never work. Overall this class is a hassle and would never recommend you take with this professor, a joke of a class.",0.0,0.0,0.0,0.0,0.0,0.0,0.0,0.0,,No clear workload signal.
INST327_023,INST327,Srikanth Parvathala,2024,5,"Srikanth was a very good TA for INST327. He was always willing to help students and explain concepts that were difficult to understand. He responded to emails pretty quickly and was overall just a very nice person. I recommend his discussion section for INST327, this semester it was Fridays 3-4pm.",0.0,0.0,0.0,0.0,0.0,0.0,0.0,0.0,,No clear workload signal.
INST414_014,INST414,Zubin Jelveh,2023,4,"This was my favorite class of the semester. The professor is always kind, helpful, and creates a good environment in the classroom. His explanations can be convoluted at times, but the professor is always open to questions and makes an effort to reiterate difficult topics. I appreciate how he keeps assignment expectations clear and wants his students to succeed in the course.",0.0,0.0,0.0,0.0,0.0,0.0,0.0,1.0,,The difficulty is described as fair or manageable.
INST447_005,INST447,Donal Heidenblad,2023,5,"Really a down to earth guy, happy to help you with what ever you need help with. Lectures are not always the most informative but if you ask questions he is more then happy to help you. Assignments tell you exactly what is required of you and quick to respond to emails.",0.0,0.0,0.0,0.0,0.0,0.0,0.0,0.0,,No clear workload signal.
MATH140_454,MATH140,Todd Rowland,2025,1,"I did not go into his Calculus Intro course with high expectations, as I've never been good at math. However, my already low expectations were completely blown out of the water. I want to get this out of the way first: Professor Rowland is quite affable and, I'm sure, well-meaning. However, this did not translate at all. His lectures were rambling, giggle-filled, muddled, and pointless, bouncing around from intro topics to advanced material with no clear linear path. This was not made any more easy to decipher by his inane and unrelated blathering, his quizzical drawings, or anything he did. I was a novice; but fellow students who had taken every high school AP Calculus course were as lost as the Israelites in the desert. Rowland did not talk to his TAs at all apparently, as the poor saint who was responsible for my cohort was truly baffled as we described this to him. If you come into this class with no knowledge you will leave with less. Drop any course, take one at any time, perform any Herculean feat you must to avoid this class. Please: I'm only trying to help you",0.0,0.0,0.0,0.0,0.0,0.0,1.0,0.0,,The course is disorganized or unclear.
MATH141_469,MATH141,Jaime Paradela,2025,5,"This was one of the easiest ""weed out"" classes and Jaime was a big part on why it was so easy. The content itself is just formulas, as he said at the beginning of the course that there would be no proofs, so as long as you know the formulas, you'll be fine for the course. He tells you the formulas, sometimes can be a little confusing but if you look at the textbook to double check, you'll be good. I agree with the previous reviews that some of the letters and signs he uses are pointless and confusing, but I'll give him a pass b/c it's his second sem of teaching. His midterms are very easy, often using 1-2 questions that were done in class. Averages were objectively good (82, 90, 80, 69) with the worst midterm average being the student's problem (A series test w/o Taylor series). The structure questions on the midterms are similar to the ones on the final. The grading does take a little while but it's not a big deal. The HW is a hassle but it's only 3% of the grade so you just gotta do the best you can. As for him answering questions, I didn't have an issue with the ways he answered them, especially with the number of bad questions that were asked (questions like someone asking why put an ""x"" next to pi when integrating pi in dx terms). To the students who are going to take this course or anything like it: don't blindly ask questions. Actually try to understand it first. I recommend taking Jaime to the people that like a little more independence or already have taken BC calc. If you want a more traditional approach where the prof does all the work, look elsewhere.",0.0,1.0,0.0,0.0,1.0,0.0,0.0,0.0,"His midterms are very easy, often using 1-2 questions that were done in class.",Exams or quizzes are demanding and outside self-study is required.
MATH240_346,MATH240,Stefan Doboszczak,2025,5,"I took Stefan for MATH240 (Linear Algebra) my first semester as a student (and my first math class at UMD). He taught mostly straightforward. The textbook problems were helpful, and the TAs were willing to help. The exams and quizzes were very fair in my opinion. None of the questions were outside of what was taught in class or the textbook problems. Personality-wise, he always seemed very approachable after class to ask questions. Piazza was also helpful, and he would answer questions pretty quickly on there. I definitely recommend him for MATH240.",0.0,1.0,0.0,0.0,1.0,0.0,0.0,0.0,The exams and quizzes were very fair in my opinion.,Exams or quizzes are demanding and outside self-study is required.
STAT400_464,STAT400,Shixin Zheng,2025,4,"Not as bad as the other reviews say at all, was a little bit rough at first but he improved as a lecturer throughout the course. Also listened to student feedback, helped us prepare better for midterm 2, eventually curved Midterms 1 and 2, and added bonus points on homework. Nice guy, sometimes a little confusing examples but provided more relevant and easy to understand examples. His first time teaching and he definitely got better throughout, 1 star rating is 100% undeserved. Also does have fire fits every class.",0.0,0.0,0.0,0.0,0.0,0.0,0.0,0.0,,No clear workload signal.
STAT401_005,STAT401,Takumi Saegusa,2019,5,Professor Saegusa is great. He teaches the content in an easily digestible manner and his exams are less nitpicky and more about overall concepts. Definitely recommend taking 401 with him.,0.0,0.0,0.0,0.0,0.0,0.0,0.0,0.0,,No clear workload signal.
CMSC131_361,CMSC131,Elias Gonzalez,2024,4,"Background: I came into this class with no coding experience and did really well. I'm surprised with how much I learned in a short span of time. Pros: - Very nice guy, not a bad lecture to have in the morning - Lots of time to complete the projects - Forgiving and beginner friendly class (you get three late passes on the projects and one quiz dropped. Also, quizzes and labs are open note) - Projects and lab were good practice for the exams - Practice exams were very representative of actual exams - records his lectures so you can watch them later Cons: - Lectures were rushed or unclear at times but I don't think this is entirely his fault, coding doesn't really lend itself to being taught in a lecture format imo. - The final exam had a lot of mistakes which was kind of annoying especially since I took it in ADS and couldn't directly ask him. - This class has a lot of people so it can be hard to get help at office hours Overall I liked him as a prof and I will be taking him for 132 next semester as well. If you have the option to take Elias for 131 I recommend him.",0.0,1.0,0.0,1.0,0.0,0.0,1.0,1.0,Practice exams were very representative of actual exams,"Exams or quizzes are demanding, the course requires substantial time, the course is disorganized or unclear and the difficulty is described as fair or manageable."
CMSC132_460,CMSC132,Pedram Sadeghian,2025,5,"pedram, the goat that you are... to start off, I want to clarify a couple of things: 1. this was the summer version, so 15 weeks of content condensed to 10 weeks 2. all lectures were recorded bc of this, but there were virtual labs and q&a sessions 3. I got a C in 131 :( so my grade in this class is most definitely a step up :) 4. I have a bio background and I'm not really a programming god like most ppl in this class coming from someone who took yoon for CMSC131, pedram was a breath of fresh air. people say that pedram's voice is monotonous, but he legit sounds like a cartoon character and it makes listening to him so fun. try it, close your eyes and listen to his lectures and let your mind wander. overall thoughts: something that really set him apart for me is how well he explains things. I never considered myself to be such a visual learner until I took this class. I appreciate that he takes the time to draw both the stack and the heap when explaining concepts such as recursion and the initialization of data structures. I found myself also drawing things out when I wanted to figure out the logic for my projects. he is really great at breaking things down and his slidesets are always very thorough and to the point. I also really liked that he included applications to the real world of what we are learning because it just makes what you're learning a lot cooler yk. projects: the projects that he assigned were somewhat challenging but not to the point where they were impossible. i'd recommend that you just sit with a problem for a while because the answer will come to you eventually if you give yourself enough time. I'm not gonna lie, I lowkey enjoyed them. the projects are pretty much free 100s as long as you submit on time and pass all tests. the content from the projects will basically be most related to what he will test you on the exams, so it's important that you don't chatgpt your way through them. quizzes: idk if this is the case for fall & spring semesters, but our quizzes were not weighted very much and were open note save for the debug quiz (lowkey kinda a joke but appreciated). make sure you do well on them because they're a way to get some easy points. exams: something that pedram does which is such a lifesaver is that he gives an outline of the exam two days prior to it. it contains the methods you will need to know for the exams, what the exam will and will not cover, and how many questions/what type of questions will be present. HYPERFOCUS ON THIS. you don't want to end up spending all your time studying something that won't even be covered. the previous year exams that he gives are good practice, but don't rely entirely on them. simply do the problems related to what the exams will test you on. the exams themselves were pretty fair. since this was a summer class, we had 1 hour and 20 min long exams for the first two exams and then 2 hours for the final. however, our exams were longer since we had more time. for the first time in a cs class ever, I was able to finish an exam in the allotted time for all 3 exams which was a win. I think maybe pedram has changed, but the exams seemed reasonable to complete in the time that he provided. I gotta say that I am not the fastest in terms of algorithmic thinking, but I still felt that I had enough time to complete the coding questions on time. exam structure was generally multiple choice & short answer that tested you on theory, sorting algs (if applicable), and other coding-adjacent concepts like logs and whatnot. the coding questions never require more than 10-15 lines of code to properly fulfill all the requirements for the method. some examples of code-writing questions are completing methods for a class or using data structures to perform certain tasks. all were pretty doable and I'm glad that he tests us on thinking algorithmically bc that's a skill you need as a computer scientist. tips & tricks: - start projects early, but you alr knew that (genuinely it's the best way to actually master concepts from lecture) - also figure out the logic for your projects before your fingers touch the keyboard (will save you lots of strife) - listen to lectures on 2x speed - go over content from exam guidelines religiously - if you lowkey didn't understand anything fom 131 make sure you fully understand the content (I used Alex Lee/Bro Code which I found pretty helpful) - this might be a me thing but don't overtake notes, simply go back to the slides or rewatch lectures as necessary (I found that taking excessive notes were kind of a waste of time) - GO TO DISCUSSION or at least catch up on them immediately if you can't make it since they are essentially mini lectures that cover high-yield content that WILL be tested on exams (ex: sorting algs were taught during discussion which showed up in pretty much every exam) shout out to the TAs! angie, ryan, and brian have saved my life on more than one occassion! this was a pretty memorable class and it's safe to say I feel more confident to take on cs now 😎",1.0,1.0,0.0,1.0,0.0,0.0,1.0,1.0,projects: the projects that he assigned were somewhat challenging but not to the point where they were impossible.,"Projects are intensive, exams or quizzes are demanding, the course requires substantial time, the course is disorganized or unclear and the difficulty is described as fair or manageable."
CMSC216_410,CMSC216,Ilchul Yoon,2024,1,"Projects are the same as Nelsons but so are the practice tests which are NOTHING like the actual tests. The average for every test is low to mid 60s I stayed a few points above average for every test and made sure to get as many points as possible through labs, excercises, and projects. I've never had test anxiety before this class but this class made me get it because no matter how much you study the tests are awful. The amount of crashouts I had over exams is insane but looking back if you have to take this professor you will be ok as long as you focus on projects, labs, and excercises. Sometimes he posts labs without announcing it so if youre not in class you could miss it so make sure to stay on top of that. Yoon was nice when I had to makeup a quiz hes a good guy but if youre class is averaging 60s for exams its not every students fault, its the professors and he needs to realize that. When I took 216 the options were Nelson, Kauffman, Yoon but no spaces for Nelson or Kauffman were open bbut if I couldve picked based on my friends experiences I would pick Nelson.",1.0,1.0,0.0,1.0,0.0,0.0,0.0,0.0,The amount of crashouts I had over exams is insane but looking back if you have to take this professor,"Projects are intensive, exams or quizzes are demanding and the course requires substantial time."
CMSC250_432,CMSC250,Mohammad Nayeem Teli,2024,5,"Best CMSC250 professor that you can take hands down. Pros: - All lectures are recorded and the notes are all posted along with the lectures - Exams are very fair and easy imo and practice exams are provided - Grading for exams was pretty lenient too - Quizzes can be hit or miss but TA's graded very lightly on mistakes so it was a nice grade boost - 2% extra credit assignment for the final grade!!!! - Teli is just an amazing professor and an amazing human being, if you don't take 250 with him you're missing out Cons: - Homeworks can be graded a little harsh in my experience (this is for the grading TA's, not towards Teli) I would not rather have taken this class with any other professor.",0.0,1.0,0.0,0.0,0.0,1.0,0.0,0.0,Exams are very fair and easy imo and practice exams are provided,Exams or quizzes are demanding and grading is harsh or unforgiving.
CMSC320_132,CMSC320,Mohammad Nayeem Teli,2024,1,"Crams in all theory, projects are a mess, this class is the definition of self study everything",0.0,0.0,0.0,0.0,1.0,0.0,1.0,0.0,"Crams in all theory, projects are a mess, this class is the definition of self study everything",Outside self-study is required and the course is disorganized or unclear.
CMSC330_249,CMSC330,Anwar Mamat,2025,5,"Very good lecturer, recordings and slides posted, very nice person. Only complaint I could make would be the projects were on the harder side but if you start early you'll be totally fine. Exams were not bad at all and he has all of the old quizzes and exams on the class page. Overall I would definitely choose anwar again.",1.0,0.0,0.0,1.0,0.0,0.0,0.0,0.0,Only complaint I could make would be the projects were on the harder side but if you start early you'll,Projects are intensive and the course requires substantial time.
CMSC335_040,CMSC335,Nelson Padua-Perez,2025,5,Fair class,0.0,0.0,0.0,0.0,0.0,0.0,0.0,0.0,,No clear workload signal.
CMSC351_303,CMSC351,Ting Jiang,2024,3,"She's a pretty boring and unhelpful lecturer, but this was her first semester so I'll chalk it up to that. I was surprised by how fairly the exams were graded, you get a lot of partial credit in some places that you would never expect to (put a completely wrong answer for a fill-in-the-box question and got 4/5 points for it lol), and in general the exams are pretty fair. She always holds a review session before every exam, and they are very helpful, she tells you almost exactly what's on the exam. I will say she benefitted a lot from co-teaching with Justin and Herve, and if she's not co-teaching with them after this semester then I'm not sure how much of this review will hold so take it with a grain of salt. Overall, you'll be fine with her, just study.",0.0,1.0,0.0,0.0,0.0,0.0,0.0,0.0,"I was surprised by how fairly the exams were graded, you get a lot of partial credit in some places",Exams or quizzes are demanding.
CMSC411_030,CMSC411,Michelle Hugue,2021,1,Avoid taking this course with Meesh at all costs. You won't learn a single thing and you will waste your precious time doing 20+ page long exams multiple times per month. Even Yoon is a better option than this professor. Stay clear! Not taking 411 at all is better than 411 with Meesh.,0.0,0.0,0.0,0.0,0.0,0.0,0.0,0.0,,No clear workload signal.
CMSC412_009,CMSC412,Ashok Agrawala,2021,1,"As other students have and will continue to write, I would give this a 0. As others have noted, 412 is a useful skill, so one should take it? No. It is one of my biggest regrets at UMD. There are literally 20 reasons to not take this course, but some of them include: Asking a question about a project that was not due until a week after the exam, which was weighted 18% of the exam grade; Having TA's not reply to almost all piazza posts, and never replying the 4-5 days leading up to a project due date; Giving ""Routine"" pop quizzes (there were 2); Having a Participation grade (Went to every class except 1 -- had a pop quiz on that class, and I got an 80 on participation (12 points lower than average)); Having a 52% on the final exam; The professor not even making his own slides, rather uses the slides that the textbook gives; has both slides and a spec for projects, both with information relevant, but only found on one or other; Hiding the final not on gradescope where all previous exams and quizzes were placed. There are literally so many more reasons, but just trust me don't take the class with this guy. He comes off as nice, but he grills students for coming in late, but half the class doesn't even show. I could guarantee he doesn't even know the questions on the exam also. Just avoid.",0.0,1.0,0.0,0.0,1.0,0.0,1.0,0.0,"There are literally 20 reasons to not take this course, but some of them include: Asking a question about a","Exams or quizzes are demanding, outside self-study is required and the course is disorganized or unclear."
CMSC414_001,CMSC414,William Arbaugh,2012,4,"He's trying really hard to change this course and make it interesting. The biggest fallback comes from trying to change it too quickly, often mid-semester. Long-term changes to a course are appreciated, but within a semester a course should be completely consistent (e.g. the professor should have the labs prepared in advanced), otherwise it can be stressful to the students. Otherwise I thought his teaching style was decent and the class was pretty cool. I learned a lot. I got to do lots of awesome things that I had never looked into because I wasn't sure how to do them legally. He was pretty nice and accommodating when I spoke to him. I was just stressed out about my grade for most of the semester because of how frequently details of the course changed. And Capture The Flag is awesome, but shouldn't be a graded assignment, since that brings it straight from something fun and interesting to something worrisome and annoying.",0.0,0.0,0.0,0.0,0.0,0.0,1.0,0.0,I was just stressed out about my grade for most of the semester because of how frequently details of the,The course is disorganized or unclear.
CMSC420_113,CMSC420,Justin Wyss-Gallifent,2023,5,This guy is absolutely amazing. Empathetic and has interesting lectures that actually made me want to go to class. Every assignment was challenging enough without making you want to rip your hair out. Every topic is explained in full detail and the lecture notes are very easy to comprehend. Studying for the final wasn't difficult because each project required a thorough understanding of the topics. Cool accent too :D,1.0,1.0,0.0,0.0,0.0,0.0,0.0,0.0,Studying for the final wasn't difficult because each project required a thorough understanding of the topics.,Projects are intensive and exams or quizzes are demanding.
CMSC421_091,CMSC421,Archit Kambhamettu,2026,5,Review session was super helpful,0.0,0.0,0.0,0.0,0.0,0.0,0.0,0.0,,No clear workload signal.
CMSC422_064,CMSC422,Mohammad Nayeem Teli,2026,5,"took the class in fall 25, teli and prodigal sons (TA's) are a bunch of goats. These geniuses made the project 3 grade out of 100 points and nicely gave us the opportunity for 15pts in extra credit. whoever said the other version of the story is completely wrong, teli cares more than anyone else. absolute goat man with his goat mobile and goat prodigal sons.",0.0,0.0,0.0,0.0,0.0,0.0,0.0,0.0,,No clear workload signal.
CMSC424_096,CMSC424,Herve Franceschi,2025,5,"Herve is super friendly, like genuinely one of the nicest guys at UMD. I overslept for a quiz once and I emailed him asking if there was anything I could do, and because he's so kind he just let me make it up with a small penalty. On top of that he gave me chances to submit the right assignment, and hes just a good teacher in general so I would recommend.",0.0,0.0,0.0,0.0,0.0,0.0,0.0,0.0,,No clear workload signal.
CMSC430_025,CMSC430,Jose Calderon,2023,2,"If you really like low level programming and have a good grasp on computer fundamentals, go for it. If you are looking for this class to provide you with an introduction to compilers and to understand the big picture not just the little details, do not take this course. He switches back and forth between examples and even after watching his videos and reading his notes and knowing exactly what he's doing, the way he explains examples is so so confusing. If he made videos for the later topics in the course this would not have been that big of an issue though. My biggest complaints were how unorganized the professor and staff were (Aside from the lecture notes that are from previous years), how horrific the communication was (dates would be changed, assignments would be posted and the only way to know was to constantly stress-search through the hundredddssss of discord posts) and grading was very unreasonable.",0.0,0.0,0.0,0.0,0.0,1.0,1.0,0.0,My biggest complaints were how unorganized the professor and staff were (Aside from the lecture notes that are from previous,Grading is harsh or unforgiving and the course is disorganized or unclear.
CMSC433_029,CMSC433,Rance Cleaveland,2023,1,Poor structure. Projects seemed random and felt like they had little planning. Late policy was an instant 0 which is unheard of for a project based course.,0.0,0.0,0.0,0.0,0.0,1.0,1.0,0.0,Late policy was an instant 0 which is unheard of for a project based course.,Grading is harsh or unforgiving and the course is disorganized or unclear.
CMSC451_013,CMSC451,Aravind Srinivasan,2019,4,"It is clear that Aravind has a vast knowledge of algorithms, and is very passionate about the subject as well. He teaches the course via lectures based off of the recommended textbook, following very closely to the examples and ideas from the chapters he tells you that you must understand. I found the lectures, if you pay attention, to be very interesting and relevant. As for assignments, the course had 5 homework assignments, each giving you a deeper understanding of the topics covered in the past few lectures. They were graded moderately harshly. The mid terms were pretty difficult and took the entire class time to complete for almost all of the class. None of the questions were unfair or anything he hadn't covered, and if you do the book problems and redo the homework assignments the tests are manageable.",0.0,0.0,0.0,0.0,1.0,1.0,0.0,1.0,"He teaches the course via lectures based off of the recommended textbook, following very closely to the examples and ideas","Outside self-study is required, grading is harsh or unforgiving and the difficulty is described as fair or manageable."
CMSC470_013,CMSC470,Rachel Rudinger,2023,2,"Class extremely easy but if you choke any assignment or test its over for you. I suspect that class will be good class when she gets firmer grasp on what content should be and what assignments/tests to give. Knowledgable person I think. For now, pretty bad but easy upper level.",0.0,0.0,0.0,0.0,0.0,0.0,0.0,0.0,,No clear workload signal.
INST326_068,INST326,Aric Bills,2025,2,"Uses an autograder to provide near instant-feedback, which would be fine but 1. The grades are not uploaded to Canvas, so you have no idea how you're doing for most of the semester letter-grade and percentage wise. 2. He is still incredibly behind on grading. The final project for this course is due in less than 48 hours and we are still waiting for feedback on every single exam (2) and assignment we've taken over the past several weeks. Using an autograder to grade a significant amount of the work that's been submitted and still being over a month behind on grading is insane.",1.0,0.0,0.0,1.0,0.0,0.0,1.0,0.0,The final project for this course is due in less than 48 hours and we are still waiting for feedback,"Projects are intensive, the course requires substantial time and the course is disorganized or unclear."
INST327_010,INST327,Iskander Lou,2023,5,"Good teachers, watch the videos and actually try and learn sql. Constantly gives extensions on assignments. I would recommend for your group project to pick people good at sql,. Try and master normalization, erd diagrams, and data importing. Starts the big assignments early and go to office hours for help.",0.0,0.0,0.0,0.0,0.0,0.0,0.0,0.0,,No clear workload signal.
INST414_005,INST414,Naghmeh Momeni,2021,1,"Do not take this class with this professor. It is completely unorganized (she didn't release the syllabus until halfway through the first week and told us no assignments would be assigned until after add/drop... which I should have been suspicious of). She also never responds to emails and only hosts office hours by appointment only (but that might as well be no office hours since she doesn't reply to emails). Never sends out announcements or emails nor answers the questions posted in the Campuswire that she said would be the primary source for getting answered. She posts lectures/content whenever she wants; the class is poorly structured and she expects we'll just make time for it somehow as if this is the only class we have. Lectures are poor and barely help with the quizzes. She's hard to hear/understand and always have screaming children in the back of her videos. As a straight A student, this class with her is the absolute worse.",0.0,1.0,0.0,0.0,0.0,0.0,1.0,0.0,It is completely unorganized (she didn't release the syllabus until halfway through the first week and told us no assignments,Exams or quizzes are demanding and the course is disorganized or unclear.
INST447_003,INST447,Nekabari Sigalo,2022,5,"Her pre-recorded video lectures are very helpful. I feel like I have learned a lot from her class so far. Labs, quizzes, and programming assignments are reasonable. I have never felt like there are concept she hasn't explained that are needed on the assignments, but YMMV. Exams have also been fair. Grading does take a while which is quite irritating, although I feel like this is how most of my classes are. She provides her powerpoints which is very helpful for quizzes and exams. Did I mention everything is open note? It's wonderful.",0.0,1.0,0.0,0.0,0.0,0.0,0.0,0.0,,Exams or quizzes are demanding.
MATH140_520,MATH140,Darsh Gandhi,2026,5,"Darsh was super supportive and approachable. He was knowledgeable in the subject, and his explanations were very thorough and clear. His teaching style is also collaborative, asking you and making sure you understand the material. Whatever questions you have, dumb or not, he's willing to help and reply to questions through email quickly. Overall he's the best!",0.0,0.0,0.0,0.0,0.0,0.0,0.0,0.0,,No clear workload signal.
MATH141_538,MATH141,Jonathan Fernandes,2025,5,"Honestly a goat of a prof, if i focused any more in this class and had a little better time management this sem i could've easily secured an A. Had a great TA as well which also helped as i just mainly learnt the content through my discussions. Didn't go to lectures much as it was a little confusing but everything else about the class was perfect.",0.0,0.0,0.0,0.0,0.0,0.0,1.0,0.0,Didn't go to lectures much as it was a little confusing but everything else about the class was perfect.,The course is disorganized or unclear.
MATH240_301,MATH240,Wiseley Wong,2024,5,"This course is easy if you show up and pay attention in class which I will admit I did not do for a large portion of the course. Overall, Wong is a great professor who understands the subject he is teaching and is able to explain it in a way that is easy for students to understand. There are weekly quizzes he tells you about ahead of time and he covers the material that will be on the quizzes during lecture. There are four Matlab assignments that you work on in groups that can each be done in a day. The exams are also pretty straightforward and there is plenty of practice exams available. Overall, would recommend Wong.",0.0,1.0,0.0,1.0,0.0,0.0,0.0,0.0,The exams are also pretty straightforward and there is plenty of practice exams available.,Exams or quizzes are demanding and the course requires substantial time.
STAT400_448,STAT400,Shixin Zheng,2025,1,"It's his first year so I'm sure he will figure things out but the homework is really useless and not applicable to the course. Best advice is to teach yourself with AI practice problems and hope he releases practice problems relevant to the exams. His handwriting is bad and his notes focus too much on theory than applicability. I did well on the first exam because I grinded practice problems for 16 hours, after skipping all the lectures. Lectures are useless as of now.",0.0,1.0,0.0,1.0,1.0,0.0,0.0,0.0,"I did well on the first exam because I grinded practice problems for 16 hours, after skipping all the lectures.","Exams or quizzes are demanding, the course requires substantial time and outside self-study is required."
STAT401_046,STAT401,Jonathan Fernandes,2023,4,"Jonathan is a nice guy. He curves quite a bit, and he is open to feedback. My only problem is his lecturing style, since I feel like he says a lot of nothing half the time, though to be fair there isn't much to teach in this course. The TA was very helpful as well. She made some of the more difficult HW problems much more manageable. Overall, the first half of the course in my opinion is harder than the second, but it was still pretty easy as long as you put in enough effort.",0.0,0.0,1.0,1.0,0.0,0.0,0.0,1.0,She made some of the more difficult HW problems much more manageable.,"Homework or labs are demanding, the course requires substantial time and the difficulty is described as fair or manageable."
CMSC131_421,CMSC131,MJ Mlambo,2025,5,Probably the only reason I ended up passing this class. Super helpful in office hours and in discussion. He explains concepts in ways that made sense to me even though I didn't have any prior knowledge.,0.0,0.0,0.0,1.0,0.0,0.0,0.0,0.0,Super helpful in office hours and in discussion.,The course requires substantial time.
CMSC132_471,CMSC132,Larry Herman,2025,3,"He is an alright instructor. At the beginning of the semester, I had issues with his policies regarding technology in his class, since I primarily take notes on my laptop, and he only allows pencil and paper for notes in his class. Along with that, he does have a weird beef with smartphones, strictly banning them from his class. While these issues are really annoying, I can understand why he has them in place; it keeps students focused on the content he is teaching, and you retain more information when you write stuff down on paper. Now for the actual gripes I have with him that caused him to lose two stars, since he has that ban on cellphones, he also tells people to put them away when he sees someone using a phone, but he ends up wasting at the very least 5 minutes of class time just saying ""Hey can you put away your phone"" or ""Hey can you take out your ear buds, no electronic devices"". Regarding the actual lectures, they are really boring, but I wouldn't expect anything else from a computer science lecture. The pace of the lecture is quite fast, and if you are not a fast writer (like me), then you are in a bit of trouble, and most of your notes will end up looking like chicken scratch. The content can be a little challenging, but honestly, I've found that this class is slightly easier than CMSC131 (but that is because the instructor for that class was one of the absolute worst ones I've ever had in my life). For the first month or so of class it will drag on if you take this class right after CMSC131 due to the fact that a good amount of the lectures at the beginning of the class just recap old CMSC131, but I wouldn't get too comfortable with that since it does quickly move onto new content that you will need for the exams and projects. While on the topic of the exams, they are absolutely some of the most difficult exams I've taken in college. I have plenty of gripes with his exams, the first of these is that for the multiple-choice section of the exams, he will take points off if you select the wrong answer instead of the question just not giving credit. Because of this grading policy, I've had one of his exams go from a high D (still a low grade, I know) to a high E. Along with that, the content on these exams is very difficult, from the coding questions to the multiple choice questions, after you leave the exam room, it will have you wondering if you even studied for it. Also, on some occasions, the practice exams that he gives are nothing like the actual exam, so if you use the practice exam to study and he decides to change up the format, then you are doomed. Onto some of the positives of Herman's class, he does try to break up the monotony of his class by joking around with the students and just throwing a couple of jokes here and there to break it up. Also, he uses the students sitting in the front row to use as examples for how different concepts work, which ends up being a lot more informative than him just talking and talking about it with some slides on the screen. The lecture slides are not the most informative, so while he does say that you can always view the slides after the class if you miss something, you can't really since you won't have him explaining some of the concepts that he left off of the lecture slides. The projects that he gives, while there are a lot of them and most of the time they are pretty hard, have guidelines that are extremely informative and can actually guide the code design if you reread it when you don't really know what to do. Overall, Larry Herman is an alright instructor (if you take this class do not call him professor) with some odd policies that make sense when yuo really think about them, but he also has a fair share of negatives to consider before registering for his class. Grade: 6.5/10, Not the first choice class, but not the last choice",0.0,1.0,0.0,0.0,0.0,0.0,0.0,1.0,"While on the topic of the exams, they are absolutely some of the most difficult exams I've taken in college.",Exams or quizzes are demanding and the difficulty is described as fair or manageable.
CMSC216_465,CMSC216,Ilchul Yoon,2025,1,"Genuinely horific class. There's a ton of reviews that elaborate on why he's so terrible but it really does not compare to how awful it is to actually be in this class. Please, PLEASE do not take Yoon if you can help it. Hell, even if you would have to delay taking this class, that might be preferable if you're already struggling mentally. I mean this seriously. Projects are poorly documented and extremely tedious. Classes are unbelievably boring and nigh unfollowable with how poorly Yoon can actually qualify what he is teaching. Quizzes and exams consist of either extremely tedious coding, very niche knowledge, and the memorization that'll have you wondering whether anything you learn in this class will actually stick with you: it won't. On multiple ocassions you will think this class has drained your passion for CS. I can know state with certain that I still like CS, but that Yoon has doon irreperable damage to my view of UMD and any form of education it could teach me in the subjects that actually matter to me. If this isn't enough to convince you, Kaufman apparently has open notes. Avoid Yoon at all cost.",1.0,1.0,0.0,0.0,0.0,0.0,0.0,0.0,Projects are poorly documented and extremely tedious.,Projects are intensive and exams or quizzes are demanding.
CMSC250_436,CMSC250,Fawzi Emad,2024,4,"Lowk a chill guy who really likes squirrels, nothing much against or for him. You can def just past using his notes and lectures feel optional imo. There ARE POP QUIZZES. But usually on thursdays and occassionaly both thurs and tues. So just know if there is a quiz or not.",0.0,0.0,0.0,0.0,0.0,0.0,0.0,0.0,,No clear workload signal.
CMSC320_188,CMSC320,Fardina Alam,2025,5,"I took this class over the summer. Very easy, very light grading, and very light workload.",0.0,0.0,0.0,0.0,0.0,0.0,0.0,0.0,,No clear workload signal.
CMSC330_235,CMSC330,Cliff Bakalian,2025,4,"Was okay, just do the work and pay attention, midterms were somewhat similar and the concepts are taught to the same degree.",0.0,0.0,0.0,0.0,0.0,0.0,0.0,0.0,,No clear workload signal.
CMSC335_003,CMSC335,Nelson Padua-Perez,2022,5,"Epic class, Epic professor. Everything is set up so perfectly. Attendance is optional. All resources in one place, reasonable exams and projects. Take this course if it all fits your plans.",0.0,0.0,0.0,0.0,0.0,0.0,0.0,0.0,,No clear workload signal.
CMSC351_351,CMSC351,Andrew Xu,2025,5,"The absolute Michael Jordan of TAs. He knows this course inside and out, and could 100000% take it over himself. Without him, I would have been lost in the sauce. He is the sole reason why I willed myself to class every week. I am truly appreciative of him and his work throughout this semester, and highly recommend him not only as a TA, but as a role model.",0.0,0.0,0.0,0.0,0.0,0.0,0.0,0.0,,No clear workload signal.
CMSC411_051,CMSC411,Ilchul Yoon,2023,1,"This may be the worst course I've taken at UMD. The material is artificially made 20x more confusing than it is (and it's already pretty confusing) by Dr. Yoon's disorganized, scattered lecture style. I never knew how topics were connected or how they related to each other or how they fit into the bigger picture of the course. We were given maybe 1-2 examples of problems to solve for each topic (if that), but most of the exams were problem solving variations of topics we had not seen examples for. We were similarly expected to solve homeworks entirely on our own with no peer help, when we had never seen examples of those problems before in lecture or otherwise. And this would be fine if the problems were straightforward, but he usually throws in a little curveball that completely changes the entire approach to the question. And then, on top of all that, he teases us by saying the homework problems and exam problems will seem ""so simple"" when we see the solutions. It was infuriating every time. You will likely pass the course if you take it, because he curves. But you will waste a whole 4xx level on material that was so poorly conveyed that you'll forget it all in a month. Avoid if you can.",0.0,0.0,0.0,0.0,0.0,0.0,1.0,0.0,"Yoon's disorganized, scattered lecture style.",The course is disorganized or unclear.
CMSC412_006,CMSC412,Neil Spring,2013,4,"Neil Spring is a pretty legit instructor. He clearly knows the material and the labs are actually quite helpful. The reason I'm giving him a 4/5 is because I strongly believe that the content of the class can really improve. We spent too much time learning synchronization primitives, and not a lot of time learning cool things like log-structured filesystems/networked filesystems, or the inner details of how a context switch actually takes place (something that I believe to be extremely important, yet this detail never really gets covered).",0.0,0.0,0.0,1.0,0.0,0.0,0.0,0.0,"We spent too much time learning synchronization primitives, and not a lot of time learning cool things like log-structured filesystems/networked",The course requires substantial time.
CMSC414_075,CMSC414,Michael Marsh,2024,4,"Typical Marsh class -- flexible deadlines and do the course at your own pace. I've taken some of Marsh's other classes and this was definitely the hardest in my opinion. The lectures are very much unrelated to the projects; I felt that there was a lot more self-learning involved in the projects, especially the buffer overflows one. Don't get caught off guard -- while there were only 4 projects the whole semester, all of them are ridiculously hard (except the SQL Injections one). The quizzes and challenge problems were alright, although it often took very long to get feedback from the TAs on the challenge problems. Ultimately, its a good class to take if you need a low-stress class that you can do on your own time. Thats why it worked well for me this past semester. But if you want to really learn this material in-depth, you're better off taking Levin or one of the other profs. You'll learn this stuff miles better.",0.0,0.0,0.0,0.0,1.0,0.0,1.0,0.0,"Ultimately, its a good class to take if you need a low-stress class that you can do on your own",Outside self-study is required and the course is disorganized or unclear.
CMSC420_201,CMSC420,Justin Wyss-Gallifent,2025,5,"Pros: - Having seven exams means that each exams only has two or three data structures on it, so that makes studying a bit easier. I feel like one thing I struggled with in 351 was trying to keep all of the algorithms straight, and I liked having fewer topics on each exam. - Justin is very receptive to feedback and adapts based on the needs of students. He decided to drop a second exam because people asked for it on Piazza. I am guessing he will do some restructuring of the course based on reviews - In my personal opinion, the exams were not unfairly challenging. I am NOT one of those super smart cs kids (far from it) but I got As and Bs on all of the exams. A lot of people didn't do well on the first exam, I think because it came so early in the semester and it had a few really difficult high-point-value problems. He changed the exams as the semester went on, so the rest of them were mostly short questions with one long-form question at the end. Cons: - Not having any homeworks means your grade is composed of only projects and exams. However, he does drop your lowest exam and lowest project so I don't think that is necessarily the end of the world. - Projects were ROUGH. He lists 3 and 5 as the ""hard"" projects but I thought project 4 was just as bad. I would spend upwards of 30 hours trying to make my code work. Overall I would recommend this class for a CS elective and Justin as a professor. I think he puts a lot of effort into curating a good class experience and will continue to improve on the things that made 420 a rough experience for some people.",1.0,1.0,0.0,1.0,0.0,0.0,0.0,1.0,"He lists 3 and 5 as the ""hard"" projects but I thought project 4 was just as bad.","Projects are intensive, exams or quizzes are demanding, the course requires substantial time and the difficulty is described as fair or manageable."
CMSC421_055,CMSC421,Sujeong Kim,2024,1,"She is a new teacher and I don't think it is necessarily her fault, but attendance is weighted way to high for a class copied from Berkeley. and copied poorly. There is less frequent homework than the Berkeley course and this causes it to be a much larger problem set so everything is covered. There were only 3 homework assignments the entire semester and 1 group project. the workload is not bad but this means the class is not really the most engaging and you end up having to relearn lots of topics to do the homework because you haven't thought about it for 4 weeks ago since you initially learned it and the professor moved on. The attendance is worth way too much and I would have an A- in the course if they removed it completely. The one time the professor had to miss class for a family emergency we had to come to class for participation points and watch a zoom lecture of the other classroom projected on the screen and I honestly felt insulted reading that canvas announcement. It was a waste of the Ta's time that day to have to sit there in person, operate the zoom meeting and, ask questions for students when we just as easily could have watched from home and gotten the same experience if not better.",0.0,0.0,0.0,1.0,0.0,0.0,0.0,0.0,There were only 3 homework assignments the entire semester and 1 group project.,The course requires substantial time.
CMSC422_063,CMSC422,Mohammad Nayeem Teli,2025,4,"hes good for 422 imo pros: lectures are recorded, did not go to a single one other than exams projects are stupid easy p knowledgable on ML cons: exams are hard even though this is his bread and butter, he's still just an okay lecturer class is VERY math heavy, i honestly would skip over sections where he did calculations projects are too easy for what they are, i would have liked more hands on applications i feel like ML is something you gotta take a class on to know if you like it, hes not going to make or break your experience",0.0,1.0,0.0,0.0,0.0,0.0,0.0,0.0,"hes good for 422 imo pros: lectures are recorded, did not go to a single one other than exams projects",Exams or quizzes are demanding.
CMSC424_025,CMSC424,Peter Keleher,2021,2,"I did well in his class but I basically self taught the entire curriculum. The textbook is your friend if you can't get anything from the lectures. He wouldn't upload lecture recordings which I found quite annoying, and spending so much extra time reading the textbook for quizzes on material we didn't even learn in class yet was also quite annoying. The late days, exams, and assignments were fair but the assignments sometimes had vague descriptions. Overall, if you want to take CMSC424 and you have to take it with Peter, do it. I wouldn't avoid him for the sake of avoiding him, but don't expect it to be the best class....",0.0,0.0,0.0,0.0,1.0,0.0,1.0,0.0,I did well in his class but I basically self taught the entire curriculum.,Outside self-study is required and the course is disorganized or unclear.
CMSC430_008,CMSC430,Jose Calderon,2020,5,"He's a great teacher. He takes time to explain the concepts in detail. This course is about compilers and as you'd imagine, the class might cover some low level stuff, which can be confusing. But Jose takes time to break down everything so you can understand. He doesn't overload students with a lot of homework; he gives just the right amount of quizzes and assignments to help understand the material. Projects are mainly an extension of the concepts thought; if you understand his explanations, doing the projects shouldn't be complicated. In terms of availability, he's always willing to extend his office hours to accommodate students. If you really want to learn, take his class.",0.0,0.0,0.0,1.0,0.0,0.0,0.0,0.0,He doesn't overload students with a lot of homework,The course requires substantial time.
CMSC433_024,CMSC433,Jose Calderon,2023,1,Its may 12 and i not have a grade lol,0.0,0.0,0.0,0.0,0.0,0.0,0.0,0.0,,No clear workload signal.
CMSC451_017,CMSC451,Andrew Childs,2019,5,"Childs is probably the best professor I have ever had out of all the other CMSC professors next to Max for 423. Hands down takes the best notes, is easy to follow in class, and he is really interesting (his field of study is quantum algorithms). The only sort-of complaint I have is he doesn't post his notes online, but that never really bothered me and you definitely learn a lot when you're at lecture. More importantly however is how hard this class is. Yes, the first half of the class is 351 material, but with 2 week long assignments and a final that is worth almost half your grade, the class has very little room to make up for lost points easily due to its structure. I will say the class was harder than 351 for me, as I had Golub for 351 and received a B at the end, and I wasn't the best at proofs coming in to this class. My advice is if you are VERY confident in your ability to solve proofs then you should definitely take Childs; he's absolutely the best professor for this class. It honestly all comes down to how confident you feel about taking 451. P.S: I'm giving 5 stars because Childs is AMAZING, not because of the course material or its difficulty.",0.0,0.0,0.0,0.0,0.0,0.0,0.0,0.0,,No clear workload signal.
CMSC470_003,CMSC470,Jordan Boyd-Graber,2021,5,Dr BG was extremely knowledgeable and passionate about the material. His lectures were pretty hard to follow but he made it very easy to ask questions and gave alternative sources to learn materials. His homework’s were very fair and helped with my overall understanding of the course material. The exams were extremely difficult and the average was low but he curves accordingly. Overall I had a positive experience in Dr Boyd-Graber’s NLP class.,0.0,1.0,0.0,0.0,0.0,0.0,0.0,1.0,The exams were extremely difficult and the average was low but he curves accordingly.,Exams or quizzes are demanding and the difficulty is described as fair or manageable.
INST326_039,INST326,Matthew Patrick,2024,5,"Probably the best course I've taken at umd - super organized professor and very willing to help students. The flexibility of the course was wonderful. Really liked the TAs too, although some grades could have been posted a little sooner",0.0,0.0,0.0,0.0,0.0,0.0,0.0,0.0,,No clear workload signal.
INST327_043,INST327,Pamela Duffy,2026,1,"If you want to succeed and actually learn, DO NOT take her class. It's one thing to know what you're doing but its another thing to be able to teach it. She reported an entire class of 50+ people for cheating just because they discussed an assignment in a gc the TA made and she wouldn't even talk about it or answer any emails regarding it. I was accused of it and got a letter grade penalty even though the assignment nor syllabus stated you can't discuss assignments especially since literally every aspect of the class is based on collaboration. She's extremely arrogant and talks very slow. The TA's are also not fit for teaching this class. They are rude, inconsiderate and look down on you for asking questions. Avoid her for your own peace of mind, legit the worst class I've taken.",0.0,0.0,0.0,0.0,0.0,0.0,0.0,0.0,,No clear workload signal.
INST414_021,INST414,Phuong Nguyen-Le,2025,1,"She teaches INST 414, at least for Spring 2025. By far the worst professor I had at INFO Sci Dept. Attendance are worth 40% of the grade so if you miss weeks of classes your grades will hit the rock bottom in matter of no time. I do not like how the class is structured cause the class is mostly self-learning. Class only meets twice a week, in each of the classes she makes students to complete worksheets on their on or with partners rather than actually giving lectures. I do not understand why the attendance is mandatory when students can get their worksheets done while being in their home. Also, she is a super harsh grader and have no mercy at all. Another thing is that she doesn't respond to any grade inquiries until the end of the semesters, which makes it hard for students to know if they going to pass the class or not before the withdrawal period. I do not recommend anyone to take this professor cause she is just gonna drain your GPA.",0.0,0.0,0.0,0.0,0.0,1.0,0.0,0.0,"Also, she is a super harsh grader and have no mercy at all.",Grading is harsh or unforgiving.
INST447_011,INST447,Matthew Patrick,2025,4,"Did you take INST326 from Prof Patrick? If yes take the class. Reused materials from INST326, so you'll be cruising along until you have a group project near the end of the semester. Fairly easy project as long as you understand some statistics and R. Don't expect help or communication from Prof Patrick though, emails take either a week or two to be replied to or no response at all. The class has no commitment as well, supposed to be synchronous with discussion sessions but didn't even have to go to those as well as long as you did the work. TL;DR If you took INST326 from Prof Patrick it's a free class. If you can get by coding without help, take the class. If you expect help, aren't good at coding, or want to learn take someone else.",1.0,0.0,0.0,0.0,0.0,0.0,0.0,0.0,"Reused materials from INST326, so you'll be cruising along until you have a group project near the end of the",Projects are intensive.
MATH140_524,MATH140,Anna Szczekutowicz,2026,5,"Amazing teacher. Explains everything super well and is easy to understand. She made calculus easy (this was my first-ever time taking calc). Homeworks were great (optional, but very helpful for practice). One worksheet and one quiz per week, during class discussions. Worksheets were for working in groups, and they made comprehension of the material a lot easier. The quizzes were one question each and were easy if you had kept up with worksheets/homework. Exams were exactly as she described, and you'll ace them if you practice the homework problems. Honestly, I have no complaints. The material wasn't the easiest, considering it was my first time, but this professor made it a great first experience. I HIGHLY recommend taking her. I WISH I could take her for math141 but she's going on maternity leave (congrats!!). Thank you Prof S.!!",0.0,0.0,0.0,0.0,0.0,0.0,0.0,0.0,,No clear workload signal.
MATH141_518,MATH141,Roohollah Ebrahimian,2025,5,"Super great professor. His lectures are helpful, and he posts videos on youtube too. Exams are fair, gives you practice exams that are very similar, and wants everyone to succeed.",0.0,1.0,0.0,0.0,1.0,0.0,0.0,0.0,"Exams are fair, gives you practice exams that are very similar, and wants everyone to succeed.",Exams or quizzes are demanding and outside self-study is required.
MATH240_293,MATH240,Owen Guch,2024,5,"Owen Guch single-handedly carried my grade in MATH240. He taught complex concepts in an easily understandable and intuitive way, was always kind and open to questions and further explanations, sounded genuinely passionate about teaching, and led an amazing discussion section every day. Extremely knowledgeable, to the point where he could teach the entire course without the book.",0.0,0.0,0.0,0.0,0.0,0.0,0.0,0.0,,No clear workload signal.
STAT400_469,STAT400,David Pincus,2025,1,"terrible, just terrible, final hit harder than a truck. his final comparatively was harder than any past finals given, he made us think it was going to be way easier. I had 98 on first mid term and a 80 on second one and I'm still probably going to fail. just think abt that.",0.0,1.0,0.0,0.0,0.0,0.0,0.0,0.0,"terrible, just terrible, final hit harder than a truck.",Exams or quizzes are demanding.
STAT401_087,STAT401,Kyeongwon Lee,2026,1,"This professor is nice and caring but that is literally it. I don't even know where to start with this. Lectures are useless, everything he goes over he posts on Canvas, but even then lecture is just a huge information dump without actually being able to apply it. Then we get right into discussion where we have a quiz nearly every week on topics that we had not properly gone over in lecture. There is no review, only going over the slides again and acting like that is enough. I will say that this course does not have much work. There is a single project at the end of the semester and that is it. No homework or assignments other than quizzes, midterm, and final. We are given a practice worksheet for each unit and typically quiz problems are chosen from there but most of the time it is curveball questions that do not test us properly. Having midterm and quiz grades be at an average of a 50 is atrocious, and this professor does nothing well with explaining the content. I have no idea who the STAT department is choosing to teach but they have to do better.",0.0,1.0,0.0,0.0,1.0,0.0,0.0,0.0,Then we get right into discussion where we have a quiz nearly every week on topics that we had not,Exams or quizzes are demanding and outside self-study is required.
CMSC131_394,CMSC131,Ilchul Yoon,2025,1,"Also he has a really awful policy called a ""Good faith attempt"" where if your coding assignment doesn't hit the requirements for it, then he will drop your grade a whole letter grade. So if you were to (somehow) do perfect on everything else in this class, except for one programming assignment where it barely hits the good faith attempt requirements, then instead of getting an A with a 95%, you have a B now.",0.0,0.0,0.0,0.0,0.0,0.0,0.0,0.0,,No clear workload signal.
CMSC132_474,CMSC132,Nora Burkhauser,2025,4,"NORA BURKHAUSER: A generous lecturer with an energetic attitude at 9 AM. Is willing to help you learn the concepts and review for the final, and prioritizes student well-being. We even got CMSC 132 stickers :) LECTURES (Rating: 3/5): The PowerPoints were somewhat helpful in teaching us the conceptual stuff behind OOP, as that is what is mostly covered on the exam, and the review for the final was okay. It would’ve been nice to slow down or go over things more in depth, as several topics were rushed. But I do like that the lectures are recorded (especially for a 9 AM lecture), so missing one isn’t the end of the world! DISCUSSIONS (Rating: 5/5): Discussions depend on your TA. My TA was chill and went over important concepts that are needed for the projects and exams. We also had review sessions in discussion before lecture tests. HOMEWORK (Rating: 5/5): The homework assignments in this class are the programming projects. When I took 132 there were nine. If you put the time into them and learn how to implement what is needed you will succeed. One of the projects involves you working with a partner. I had a wonderful partner for that project. QUIZZES AND LABS (Rating: 4/5): The labs are free grades, so I can’t complain. You just need to try. For quizzes, Prof. B. allows you to bring a sheet of notes into the quiz - not only does this help you study but can also give you some help if you’re stuck. Some quizzes were tricky. EXAMS (Rating: 2/5): They’re okay, but they need to be shorter or there needs to be more time (50 minutes isn’t enough). I also find it weird how you handwrite code in a computer science class when in reality you type code. Do mock exams in your dorms (lucky you if you have them) to make sure you master the pacing of the questions. OVERALL RATING: 3.8/5 Structure for Fall 2025: - Programming Projects (26%; distributed across nine) - Quizzes (2.5% each; top four are graded with six given) - Labs (3%; graded for completion, top 3 graded with seven given) - Exams (12%, 14%, and 15% respectively) - Final Exam (20%)",0.0,1.0,0.0,0.0,0.0,0.0,0.0,0.0,Some quizzes were tricky.,Exams or quizzes are demanding.
CMSC216_379,CMSC216,Christopher Kauffman,2024,5,so goated definitely take him for 216 if you can! make sure that you put effort into this class because its not easy AND START THE PROJECTS EARLY but professor kauffman is genuinely the goat the class is organized so well & he cares about his students and i would absolutely recommend him,0.0,0.0,0.0,0.0,0.0,0.0,0.0,0.0,,No clear workload signal.
CMSC250_451,CMSC250,Fawzi Emad,2025,4,"I really liked this class overall. Even though it was annoying at times, I appreciated that lectures were not recorded, as it basically forced me to attend class. More importantly, Fawzi’s lectures were actually interesting and extremely helpful for doing well on exams, unlike many other professors. This is definitely one of those classes where it’s really hard to do well on exams if you don’t attend lectures. While the lecture slides are posted, you won’t fully grasp the material unless you’re in class. TIP: practice all the lecture examples on your own outside of class, this will help! I thought the three midterm exams were fair and closely aligned with the examples covered in lectures. The homeworks were also genuinely helpful for understanding the material, and office hours were usually helpful for both completing the homeworks and clarifying concepts (though the quality depended on the TA). Discussions were mandatory because of random quizzes, but if you don’t have an 8 a.m. class, you’ll know in advance whether there’s a quiz. The quizzes weren’t too bad and usually covered concepts from 2–3 lectures prior, giving you enough time to fully understand the material. The only thing I really disliked about this class was the final exam. It was significantly harder than the midterms and included questions on topics we barely covered in lectures or discussions. This was frustrating because the midterms had always been consistent with what was taught. While I’ll admit I could have done a better job preparing for the final in advance, as it covers a lot of information, I still felt the final was unreasonable.",0.0,1.0,0.0,0.0,1.0,0.0,0.0,1.0,This is definitely one of those classes where it’s really hard to do well on exams if you don’t attend,"Exams or quizzes are demanding, outside self-study is required and the difficulty is described as fair or manageable."
CMSC320_167,CMSC320,Maksym Morawski,2025,5,"Max is overall a challenging professor, but other than his exams, everything else is free. He told us on the last day of class that he automatically gives 100 on HWs as long as you tried, and that's 40% of the grade. I will admit that his exams are hard, but he drops unfair exam questions and curves if the grades are too low. His lecturing is pretty fast, but as long as you review his recaps and practice exams before, you can get a good enough understanding of the material to get an A in the class. Lowkey, the only reason I got a B- was because I bombed the second test since I had another exam and a research project I was working on. Other than that, it's manageable to get an A with him. I would recommend him since I got a very deep understanding of data science and machine learning from his class. We had a guest lecture from Fardina, and it was worse than any of Max's lectures. She went over BFS, DFS, and things we already knew, and I had to learn everything from scratch from Max's slides. Definitely take Max over Fardina if you want to learn something from 320. Otherwise, take Fardina for the free A.",0.0,1.0,1.0,0.0,0.0,0.0,0.0,1.0,"Max is overall a challenging professor, but other than his exams, everything else is free.","Exams or quizzes are demanding, homework or labs are demanding and the difficulty is described as fair or manageable."
CMSC330_200,CMSC330,Cliff Bakalian,2024,4,"Clippy? More like Cliffy. Cliff is honestly a pretty great lecturer in my opinion, despite what I came in thinking. Although all of his lectures are mostly him typing in VIM, so it's pretty hard to take structured notes, I think he explains topics quite well, and his notes on the 330 website are pretty great and do much more than what's needed. Tests are really fair, though sometimes some questions are a bit tricky (nowhere near as bad as something like a Yoon question though lol). Quizzes are honestly kind of easy to mess up from my experience, but there's only 4 of them and they only make up 10% of the grade. I will say my main strike against this class is the fact that it's pretty disorganized at many points. This comes up in many ways, but just one of them is the fact that projects and their descriptions could be quite unclear. I also wish Piazza was a tiny bit more responsive: sometimes there were questions we really wanted to have answered, but they were sorta delayed. But really, I'll be honest, Cliff was honestly a pretty nice experience. Would give 4.5 stars if I could :)",0.0,1.0,0.0,0.0,0.0,0.0,1.0,1.0,"Tests are really fair, though sometimes some questions are a bit tricky (nowhere near as bad as something like a","Exams or quizzes are demanding, the course is disorganized or unclear and the difficulty is described as fair or manageable."
CMSC335_005,CMSC335,Nelson Padua-Perez,2022,5,Nelson is very understanding and lenient on due dates. Highly recommend the course. Low stress while still getting a background in web dev. Doesn't require coming to class and records all lectures,0.0,0.0,0.0,0.0,0.0,0.0,0.0,0.0,,No clear workload signal.
CMSC351_273,CMSC351,Maksym Morawski,2024,2,his exams are so unrelated to lecture materials,0.0,0.0,0.0,0.0,0.0,0.0,1.0,0.0,his exams are so unrelated to lecture materials,The course is disorganized or unclear.
CMSC411_058,CMSC411,Bahar Asgari,2025,3,The lectures were pretty boring and not terribly informative. The class was well structured with only a few homework assignments and projects throughout the semester. Exams were fair and there is practice material provided.,0.0,0.0,0.0,0.0,0.0,0.0,0.0,0.0,,No clear workload signal.
CMSC412_005,CMSC412,A.U. Shankar,2012,5,"I have a lot of respect for Dr. Shankar. He is extremely knowledgable on the subject matter. I did feel that too much of the course was spent on lectures about synchronization, but clearly this guy knows that stuff in and out. He does have a little bit of a speech impediment, but it didn't hinder his communication of the material to me in any way. We are all human right? Too many students used the excuse that they couldn't do a project because it wasn't heavily discussed in lecture, but not once have I had a CS course that went into detail about a project, not even 131! It may have been the fact that I was very well prepared for the course because of ENEE350. Shankar is very approachable, in his office or in class, much more so then most professors. He also spent the last class taking suggestions from students about how he can revise the course to better teach his students for the next time he is teaching it. How often do you see that? This guy actually wants his students to learn, and isn't out to make your life a living hell. His exams can be tedious, but they are definitely curved. He is a very fair grader, though you may find that your TAs are not so much. All in all the project is very time consuming, and is worth about 50% of your grade. The project though is not curved! I enjoyed this class a lot, and felt that this class really strengthened my understanding of a vast amount of topics.",1.0,0.0,0.0,1.0,0.0,0.0,0.0,0.0,"All in all the project is very time consuming, and is worth about 50% of your grade.",Projects are intensive and the course requires substantial time.
CMSC414_013,CMSC414,Dave Levin,2018,5,Best lectures I've had for a computer science course. Lecture recordings were also posted online so attendance wasn't mandatory. Exams and projects weren't easy but they were certainty fair. Highly recommend taking CMSC414 with professor Levin.,0.0,0.0,0.0,0.0,0.0,0.0,0.0,0.0,,No clear workload signal.
CMSC420_184,CMSC420,Justin Wyss-Gallifent,2025,5,"DISCLAIMER: I took this class in the spring so I did not have to deal with the 7 exam thing. For some reason, I heard this class was useless, boring, and theoretical. I actually really enjoyed it and learned a lot. Justin is a great lecturer and breaks things down really well. I saw multiple of the trees covered in the class in production code at my summer internship which was really cool(but I did more theoretical work than most internships so take this with a grain of salt). Compared to Justin's 351, the exams and homeworks were slightly easier but the grading was way nicer(or maybe I got better at proofs). Projects were pretty easy except the btree/kd projects but one dropped so I only did b trees and it was long with a lot of edge cases but still doable(would probably recommend skipping it and doing kd trees instead though). There are no release tests or secret tests and he gave extensions on almost every project which definitely wasn't needed but still nice.",0.0,1.0,0.0,0.0,1.0,0.0,0.0,0.0,There are no release tests or secret tests and he gave extensions on almost every project which definitely wasn't needed,Exams or quizzes are demanding and outside self-study is required.
CMSC421_053,CMSC421,Max Ehrlich,2024,1,"I'll preface my review by stating that I had Dr. Sujeong Kim, but she co-taught this course with Dr. Max Ehrlich, so much of this feedback applies to them both. Starting with the curriculum, I feel that this course was very poorly designed. The professors put in the bare minimum effort, more or less entirely ripping off Berkeley's CS188 course (https://inst.eecs.berkeley.edu/~cs188/fa23/), including all of the topics and slides. In fact, the slides they provided us with were identical to the Berkeley ones, just with the Berkeley branding replaced by UMD branding. They didn't even bother recording lectures, telling us to use the Berkeley recordings instead. Also, the Berkeley course had regular discussions, homeworks, and projects—which would have helped us learn to apply the material we were learning, something the professors didn’t really seem to care about. Moving on to the quality of the lectures, Dr. Kim seems very knowledgeable, but she simply cannot teach effectively and seems best suited for research. Her lectures pretty much consisted of reading off the Berkeley slides and giving inadequate answers when anyone would ask a question. It seems that there was very minimal preparation done before the lectures. The only reason anyone even bothered attending lectures was the clicker quizzes, which effectively made attendance mandatory. I personally learned more putting in headphones and reading the Berkeley notes instead of listening to her. The assignments didn't make the course any better either… There was one midterm exam, which was a disaster. The professors made us take the exam on Gradescope on our laptops in class, because their goal was not to measure students' comprehension of the material but instead to minimize the time and effort needed to grade the exam while maintaining the façade of a well-run class. They provided hardly any review materials themselves and only posted full solutions after complaints on Piazza. And even the solutions provided turned out to have errors. Besides that, they pointed us to Berkeley's past exams, which ended up being nothing like our exam. The exam was such a time crunch that hardly anyone could even finish, and they had to curve the exam to be out of 78 points even though there were well over 100 points originally. The first 2 homework assignments were quite boring, but Homework 3 (a PyTorch lab which involved building an image classifier from scratch) turned out to be quite interesting. However, the professors did not teach us anything to equip us with the knowledge necessary to do the homework. They did not go over how to use PyTorch, how to design a neural network, how convolutional neural networks work, how to improve models, or anything else that would be remotely useful. While this was one of the only thought-provoking assignments, the professors did not prepare us for it at all. Finally, we had a group project due at the end of the semester that was pretty interesting, but the professors did not communicate the requirements clearly at all. They waited until a week before the end of the semester to tell us the details of the final poster presentation and announce that we had to complete a 3-5 page report in addition to the deliverables that we proposed in our project proposals. And that's also when they finally communicated the grading criteria, which was laughable. Somehow, the poster presentation was worth 70%, while the rest of the deliverables combined (including the 3-5 page report and all of the code) were worth just 30%. Overall, it seems like not much thought was put in this course. Why am I paying for a cheap rip-off of a Berkeley course that is freely available to all?",0.0,1.0,0.0,0.0,0.0,0.0,0.0,1.0,"The exam was such a time crunch that hardly anyone could even finish, and they had to curve the exam",Exams or quizzes are demanding and the difficulty is described as fair or manageable.
CMSC422_045,CMSC422,Marine Carpuat,2025,1,"horrible tests, confusing teaching, nothing good. I've never learned so little. Feels like I'm memorizing. can't perform well even if I tried tbh",0.0,1.0,0.0,0.0,0.0,0.0,0.0,0.0,"horrible tests, confusing teaching, nothing good.",Exams or quizzes are demanding.
CMSC424_039,CMSC424,Peter Keleher,2022,3,"I took this course in Spring 2022 Pros: + He really got his act together for the final, after one of the most disastrous midterms I have ever taken. He gave an exact topic breakdown of each question on the final to ensure you knew what was coming. + All topics on the first midterm were taught and covered really well. + The projects from this part of the course were also really manageable and conveyed the topics taught well. + The first midterm as a whole was very fair and manageable + Late day policy is extremely generous: 20 no penalty late days shared across all assignments Cons: - Everything after the first midterm went to complete shit. Lectures suddenly became extremely dry, and it was hard to know what concepts to focus on and would become important later. Much less people stopped coming. - Topics in this part of the class were significantly more lower level and seemed to have less relevance to what you might be asked to do in real life - The second midterm went poorly as a result of this, with no one knowing how to answer the questions or having a good grasp on the topics - Projects in the later half of the course were exclusively instructor written but had almost no documentation. Since they were in Python, it was impossible to know what each function was asking for and was returning. This made coding the projects nigh impossible - Oftentimes, concepts were taught AFTER the weekly quiz corresponding to that topic was due, with the idea being you would use a late day. While the late day policy is generous, it contributed to an environment that encouraged hard quizzes, with the expectation that you would simply turn it in late after lecture",0.0,1.0,0.0,1.0,0.0,0.0,1.0,1.0,+ All topics on the first midterm were taught and covered really well.,"Exams or quizzes are demanding, the course requires substantial time, the course is disorganized or unclear and the difficulty is described as fair or manageable."
CMSC430_016,CMSC430,Jose Calderon,2022,5,"You would be hard pressed to find a professor with more passion, professionalism, kindness, and genuine care for both their work and their students. Jose deserves 6 stars",0.0,0.0,0.0,0.0,0.0,0.0,0.0,0.0,,No clear workload signal.
CMSC433_003,CMSC433,Michael Hicks,2011,5,Hicks is a nice person and a very reasonable professor who knows his stuff.,0.0,0.0,0.0,0.0,0.0,0.0,0.0,0.0,,No clear workload signal.
CMSC451_004,CMSC451,Clyde Kruskal,2012,5,"Kruskal is great in this course. His policy on homework is great (hand it in whenever, no real due dates). You just have to make sure to keep yourself on top of it so you don't fall behind. HW is good practice of the concepts. Exams are tough, but that's to be expected for this type of course. The questions are fair. Most importantly, Kruskal makes the course very interesting by motivating the topics very well. He is also very good at explaining stuff, but you have to make sure to ASK him questions. Otherwise, he will breeze through the material and you won't understand anything. He is decent for help in office hours too. My only complaint would be that he seems a little disorganized (just try visiting his office for example). However, he never lost any of my work, so this is not a big issue.",0.0,1.0,0.0,0.0,0.0,0.0,1.0,1.0,"Exams are tough, but that's to be expected for this type of course.","Exams or quizzes are demanding, the course is disorganized or unclear and the difficulty is described as fair or manageable."
CMSC470_004,CMSC470,Jordan Boyd-Graber Ying,2022,1,"Never take his class. Wait it out till another Professor teaches 470. He is very arrogant and looks down at UMD students, flaunting his Ivy League background. I mean sure, but why crush the confidence of students like you are literally a faculty at the same place you look down upon? He is also very image conscious and will make sure that he does not have to take critical decisions while showing no empathy for students during the COVID-19 waves. He does not give class lectures and there are videos already up on his class, so what is the point of attending the class? His coding assignments were weird with no semblance to latest ML and NLP industry practices. Also he teaches a very obsolete part of Q&A like yeah okay, then rename the course as Q&A not NLP. He has this weird obsession about trivia competitions like not every person in NLP has to do trivia. His class was one of the absolute worst at UMD.",0.0,0.0,0.0,0.0,0.0,0.0,1.0,0.0,His coding assignments were weird with no semblance to latest ML and NLP industry practices.,The course is disorganized or unclear.
INST326_064,INST326,Gabriel Cruz,2025,1,"I'm glad other students said they were able to receive help or timely feedback, however, I was not as lucky. It took gabriel 2 weeks to respond to an email regarding a documented absence, and 11 days to respond to the same exact thing on slack. Meaning he responded to me twice, after already addressing the issue late. He does not care about his students, to the point he will forget what you emailed him about and even your name. Hence why his email told me and I paraphrase ""this is fine"" then his slack message asked me for documentation, which I provided over the email. My name on my email and slack are the same, along with providing my UID. He simply is too absent or preoccupied with other stuff to care.",0.0,0.0,0.0,0.0,0.0,0.0,1.0,0.0,"Hence why his email told me and I paraphrase ""this is fine"" then his slack message asked me for documentation,",The course is disorganized or unclear.
INST327_011,INST327,Pamela Duffy,2023,5,Good teachers and gives extension. I don't like the sjw articles we have to read.,0.0,0.0,0.0,0.0,0.0,0.0,0.0,0.0,,No clear workload signal.
INST414_023,INST414,Cody Buntain,2025,5,"As a graduating senior, this is one of the classes that I have found most valuable to my education. The course content is high level and relevant. Class time is not wasted learning or doing things that do not matter. Lecture is where we learn, discussion is where we code together. This gives you the tools you need to complete the only assignments for the course- articles that you write and post on a topic of your choosing. What I like about this is that we will leave the class with tangible evidence of our learning that we can show off on our resume or to recruiters in the future. Additionally, the grading policy is VERY generous, with assignments being able to be turned in late for full credit and being able to fix your articles and re-submit for a higher grade. I can't say enough good things about this professor or this course. This is how all classes should be structured in my opinion. I highly highly recommend taking this course with Professor Buntain.",0.0,0.0,0.0,0.0,0.0,0.0,1.0,0.0,"Additionally, the grading policy is VERY generous, with assignments being able to be turned in late for full credit and",The course is disorganized or unclear.
MATH140_511,MATH140,Mirna Pinsky,2025,1,"If she's the only option for you to take a course, wait until the next semester, or take it at a different institution especially if its your first time taking calculus. She was the only option for calculus one for freshman connection students and half the class dropped. What she teaches, the practice exams, never match the actual given exam. You never know what to expect, and if anything the TA's were more useful in teaching. She seems like a nice person, but not a good professor/lecturer. She also posts none of her notes so you have to listen to her do flashcards the entire class and she doesn't explain concepts she just lays the answers out. definitely discouraging to ask questions as she answers as if you're supposed to know, and after taking calculus at a different institution after dropping the class mid semester I realized it was never supposed to be that difficult to learn. Unless you are 100% wiling to teach yourself calculus the entire semester while still having quizzes every Friday where your grade depends on the TA you get, I would never take a class like this again. Taking an accelerated 4 week calculus course is easier than a fairly spread out semester in her class.",0.0,1.0,0.0,1.0,1.0,0.0,0.0,1.0,Unless you are 100% wiling to teach yourself calculus the entire semester while still having quizzes every Friday where your,"Exams or quizzes are demanding, the course requires substantial time, outside self-study is required and the difficulty is described as fair or manageable."
MATH141_475,MATH141,Ethan Dudley,2025,5,"Greatest TA you can ask for, he knows the answer to any math questions you ask, easily understandable as well.",0.0,0.0,0.0,0.0,0.0,0.0,0.0,0.0,,No clear workload signal.
MATH240_335,MATH240,Shin Song,2025,3,"Pretty good professor, Teaching style was originally in a follow-along lecture format but midway switched to handing out paper notes to go through as a class. TA was a big help but overall was able to understand concepts well just keep going to class and discussion",0.0,0.0,0.0,0.0,0.0,0.0,0.0,0.0,,No clear workload signal.
STAT400_398,STAT400,Sana Jahedi,2025,2,"Jahedi falls somewhere between a mediocre professor and a bad professor. Discussions, homeworks, and quizzes are all helpful and reasonable, however lectures are useless- the notes are useful but you are better off learning the content from the provided textbook. What sours Jahedi’s class experience is her exams, and the attitude she expressed to us in response to our feedback. The first exam wasn’t unreasonable, I came in unprepared and was understandably challenged. The second exam however, was plain unfair. While all but one question apparently were “from homeworks and discussions,” the difficulty of those problems and content emphasized had a clear mismatch between the exam and practice content. When presented with the fact that most students found the exam extremely difficult, Jahedi’s response largely came off as “Sorry, but you should have had no problem. I won’t consider adjusting the grading.” Granted, she already has extended margins for each letter grade (89%-100% nets you some type of A) and she’s within her rights to not adjust exam grades, the apparent attitude of “you guys are wrong that this exam was hard, it’s actually easy” feels incredibly disrespectful. I know she has read these reviews, so please consider re-evaluating your grading policy and how it might not reflect students’ actual understanding of course material. In my experience after four years here, if the resounding majority of the class says an exam is too hard, the exam was too hard.",0.0,1.0,1.0,0.0,1.0,0.0,0.0,1.0,"The second exam however, was plain unfair.","Exams or quizzes are demanding, homework or labs are demanding, outside self-study is required and the difficulty is described as fair or manageable."
STAT401_037,STAT401,Archana Khurana,2023,5,"One of the best instructors at UMD. She is so kind and understanding and truly cares about her students performing well. She is also exceptionally responsive to student feedback which is rare. We had two exams and a final. Homework is reflective of lecture examples and exams are in turn reflective of the homework, quizzes, and practice exams. So basically, no surprises. Quizzes are timed usually 10 to 15 minutes for one or two short questions and based directly on the material taught in class, so I’d highly recommend reviewing your lecture notes before attempting them. She also posts all her handwritten lecture notes on Canvas, which is super helpful, especially if you aren’t the best notetaker. 10/10 would take again and recommend to anybody choosing between professors!!",0.0,0.0,0.0,0.0,0.0,0.0,0.0,0.0,,No clear workload signal.
CMSC131_403,CMSC131,Ilchul Yoon,2025,1,"No class should require 25+ hours of studying for a single quiz, and yet that's what it took. This class actually burned me out and made me reconsider doing CS at all. Even my friends got sick of me tweaking out over his class all the time. Even with the extra credit, it was such a mess. Don't take it with him unless you want a therapy bill the length of one of his midterms.",0.0,1.0,0.0,1.0,0.0,0.0,1.0,0.0,"No class should require 25+ hours of studying for a single quiz, and yet that's what it took.","Exams or quizzes are demanding, the course requires substantial time and the course is disorganized or unclear."
CMSC132_481,CMSC132,Larry Herman,2025,4,"Mr. Herman (not professor, don't call him that he'll go on a tangent about addressing him incorrectly) is a pretty good professor. I think he gets a lot of hate because you aren't allowed to use any electronic devices during lecture, but he does it so you can actually focus in class. Some lectures can be quite boring if you kind of of already know what he's talking about, but I felt he covered the course material really well. His lecture slides contained a lot of the content that you needed to know for the class, so reviewing them before every exam was very helpful. He also provides example code that help you understand how concepts work if you are unable to understand it immediately. He does waste the beginning of class for reminders that no one really needs to hear. Exams were very fair. He gave practice material that reflected exactly what was on the exam. As long as you study hard for the exams, it should be pretty easy to get an A. No lecture recordings, and you have to attend lecture and discussion every time because he will randomly have graded worksheets. They are 11% of your grade but is a guaranteed 100 as long as you show up. 3% is class participation, so just raise your hand 3 times during the semester. Overall, a very solid professor. If he is the only option you have, there's nothing to worry about. You will still learn everything you need to know, just accustom yourself to how he runs the class.",0.0,1.0,0.0,0.0,0.0,1.0,0.0,1.0,"His lecture slides contained a lot of the content that you needed to know for the class, so reviewing them","Exams or quizzes are demanding, grading is harsh or unforgiving and the difficulty is described as fair or manageable."
CMSC216_386,CMSC216,Ilchul Yoon,2024,1,"First of all, this professor's lectures do not help to clarify or convey important information needed for projects and exams. Often times, his lectures start off with the concept but devolve into other unimportant topics that do not apply to projects. I find myself learning the material on my own. Second, his exams are not fair. As in, they test less on your general understanding of the subject, and more on ""edge cases"" or scenarios that the average student is unlikely to run into during their time with the programming language. Both the first and second midterms for this class had an average score of 66/100. With the average of the class just on the edge of a C- Students who pay attention to the class and students who get a good exam grade are not correlated for this professor in any way. Avoid him if you can. If you do HAVE to take him (due to sections for other professors being filled up), try your best to learn on your own and hopefully with a good TA. It will be the only way to make it through his course with a good grade.",0.0,1.0,0.0,0.0,1.0,0.0,0.0,0.0,Both the first and second midterms for this class had an average score of 66/100.,Exams or quizzes are demanding and outside self-study is required.
CMSC250_464,CMSC250,Fawzi Emad,2025,5,Player Tip: always expect a quiz in discussion.,0.0,0.0,0.0,0.0,0.0,0.0,0.0,0.0,,No clear workload signal.
CMSC320_133,CMSC320,Mohammad Nayeem Teli,2024,1,"Teli is SO boring in lecture. Not engaging at all, just reads off the lecture slides which are 50+ slides long yet only half or less is actual material. NO ORGANIZATION IN THIS CLASS WHATSOEVER. Like there are no folders to organize anything... idk why it's really not that hard. There is hardly any communication. THE PROFESSOR AND THE TAs DON'T CHECK PIAZZA. Took this course Spring 2024 and All THE TAs SUCK. They never show up to their office hours on time or cancel or delay their hours on the few days before a project is due (so you basically can't get in touch with anyone in person OR online over Piazza.) Information on ELMS and class website contradict each other. Overall so unorganized, unhelpful, and a waste of time. With that being said, if you self-teach or memorize things for exams, you'd be fine. But there are way better CS electives out there so I don't recommend this class, at least with Teli if you can help it.",0.0,0.0,0.0,0.0,1.0,0.0,1.0,0.0,"With that being said, if you self-teach or memorize things for exams, you'd be fine.",Outside self-study is required and the course is disorganized or unclear.
CMSC330_213,CMSC330,Anwar Mamat,2024,4,"Solid professor, really enjoyed CMSC 330 with him. He's also pretty funny lol. He gives you a lot of material to work from and excellent advice. Clicker quizzes are good, it helps with understanding material in real time.",0.0,0.0,0.0,1.0,0.0,0.0,0.0,0.0,He gives you a lot of material to work from and excellent advice.,The course requires substantial time.
CMSC335_017,CMSC335,Nelson Padua-Perez,2024,5,"Nelson is simply incredible. He is very chill, kind, and funny, all while being a great instructor. His exams (very fair), projects, and lectures are the best!",0.0,1.0,0.0,0.0,0.0,0.0,0.0,0.0,"His exams (very fair), projects, and lectures are the best!",Exams or quizzes are demanding.
CMSC351_306,CMSC351,Justin Wyss-Gallifent,2024,5,"Justin is an awesome professor! No matter how complex the topic is, he ALWAYS explains and breaks it down so well that you are guaranteed to fully understand it by the time lecture is over. On top of that, the notes he writes and publishes for each class are SUPER helpful – they’re really easy to follow (color coded, simple diagrams) and they have literally everything you need to know for homework and exams. Some of the homework questions were a bit difficult, but for exams he publishes practices that really help you gauge how prepared you are for the real exam. If you really want to understand the material, take Justin!",0.0,1.0,1.0,0.0,0.0,0.0,0.0,0.0,"Some of the homework questions were a bit difficult, but for exams he publishes practices that really help you gauge",Exams or quizzes are demanding and homework or labs are demanding.
CMSC411_048,CMSC411,Bahar Asgari,2022,5,"One of the best professors I have had at UMD. As other reviewers mentioned, she is very responsive on Piazza. She is also very lenient with the deadlines. Her exams and projects are fair and as long as you study her slides you will be fine. She genuinely wants her students to do well and I am glad that I took this course with her. Would 100% recommend her!",1.0,0.0,0.0,0.0,0.0,0.0,0.0,0.0,Her exams and projects are fair and as long as you study her slides you will be fine.,Projects are intensive.
CMSC412_023,CMSC412,Peter Keleher,2025,3,"My review won't be as critical as the other one for this semester, but I share a lot of the sentiments about Pete and the class. Pete himself admitted that his info about this topic in general is out of date one class, and his generally subpar lecturing style (very monotone) leads to a lot of confusion and difficulty understanding content. We follow an online (free) textbook which goes into more detail, but a lot of the content on the exams is either difficult to find in the textbook or just something he put on a couple slides. The exams themselves aren't difficult given you scour the slides and your notes. All the problems on the exam are either short form questions about certain topics or definitions, or questions you've seen before on homeworks. The projects are on the more difficult side compared to other 4XX classes, and set up similar to 417 where they're tangentially related to what we're currently learning about in class, but most of the work is figuring out how to implement the features within the existing GeekOS system. I personally really enjoyed these projects, they were interesting and fun to work with. The difference though between this class and 417 though, is that the project specs are rather useless. They don't really help much with understanding what you're doing at all to be honest, and its hard to get a grasp of the scope of each project purely from the spec sheets. It's not impossible, but there's a noticeable difference that leads to a worse experience. However, the issues with projects is all offset by the TA Leo. For every project, he provided a video and slides that allowed us to work our way through each project step by step. He gave us good tips and ideas during OH, and basically led the project part of the course.",1.0,1.0,1.0,1.0,1.0,0.0,0.0,0.0,"The projects are on the more difficult side compared to other 4XX classes, and set up similar to 417 where","Projects are intensive, exams or quizzes are demanding, homework or labs are demanding, the course requires substantial time and outside self-study is required."
CMSC414_022,CMSC414,Michelle Mazurek,2019,2,She is not a good lecturer. Pros: Class cover a lot of interesting topics Material is genuinely interesting for the most part Cons: She is a very boring an ineffective lecturer She is a harsh grader Exams are tough Projects are tough Bad at communicating/grading I would avoid taking class with her. I recommend taking Dave Levin if you can,1.0,1.0,0.0,0.0,0.0,1.0,0.0,0.0,Pros: Class cover a lot of interesting topics Material is genuinely interesting for the most part Cons: She is a,"Projects are intensive, exams or quizzes are demanding and grading is harsh or unforgiving."
CMSC420_146,CMSC420,Justin Wyss-Gallifent,2024,4,"Regarding the quality of the teaching, 100% recommend Justin. You can’t go wrong. However, if you want an easier 420 class, marsh might be the option. Justin’s class is overall harder, regarding homeworks and projects. Exams aren’t too bad. In fact, spring 2024, he offered an online final, which kind of helped a lot of students, including me.",1.0,1.0,1.0,0.0,0.0,0.0,0.0,0.0,"Justin’s class is overall harder, regarding homeworks and projects.","Projects are intensive, exams or quizzes are demanding and homework or labs are demanding."
CMSC421_015,CMSC421,James Reggia,2021,2,"Spring 21 - Online - Doesn't record his lectures, has really vague slides and the exams are fixed for a certain time which makes it really hard if you're not staying in the US.",0.0,1.0,0.0,0.0,0.0,0.0,1.0,0.0,"Doesn't record his lectures, has really vague slides and the exams are fixed for a certain time which makes it",Exams or quizzes are demanding and the course is disorganized or unclear.
CMSC422_015,CMSC422,Furong Huang,2022,4,"Dr. Huang is a friendly professor and willing to help students but she expects students to have a higher math background than indicated by the course prereqs which makes following lectures difficult. The homeworks and exams are not exactly related to the content in the slides, and the projects do not have much detail, which overworks the TAs who have to answer all the holes in the projects. Despite this I still recommend her because she is very nice.",0.0,1.0,1.0,0.0,0.0,0.0,1.0,0.0,"The homeworks and exams are not exactly related to the content in the slides, and the projects do not have","Exams or quizzes are demanding, homework or labs are demanding and the course is disorganized or unclear."
CMSC424_066,CMSC424,Daniel Abadi,2024,5,"Very good course overall. Abadi is a good guy and cares about his students. The midterm and final are moderately difficult, but slightly curved depending on if the class doesn't do poorly on them. Projects are not easy so start early, and go to office hours because the TAs are awesome. He has a required reading and reading quiz before most classes which is annoying, and attendance to class is mandatory which he checks with in class quizzes. Not the easiest of classes, not the hardest either, and you get a lot out of it.",1.0,1.0,0.0,1.0,0.0,0.0,0.0,0.0,"Projects are not easy so start early, and go to office hours because the TAs are awesome.","Projects are intensive, exams or quizzes are demanding and the course requires substantial time."
CMSC430_053,CMSC430,Anwar Mamat,2025,5,"Great teacher and an interesting class. This class is good for people who like lower level computing concepts and are interested in compilers. Anwar's teaching method lends itself well to the structure of this class, as he has a hands on approach to teaching.",0.0,0.0,0.0,0.0,0.0,0.0,0.0,0.0,,No clear workload signal.
CMSC433_039,CMSC433,Anwar Mamat,2025,3,"Bro just don't take this class. Anwar's a nice person and is pretty accommodating & teaches concepts pretty well, but the material is just kind of ass and projects are confusing. Please don't take this class if you don't like proofs... I honestly have no idea why I even decided to take this one and it was one hell of a ride. There are 6 projects, a midterm, and a final. It's just too much. I thought the final was going to be simple enough but it really wasn't :( Projects build on top of each other so if you don't understand concepts you better fix that earlier in the semester.",1.0,1.0,0.0,0.0,0.0,0.0,1.0,0.0,I thought the final was going to be simple enough but it really wasn't :( Projects build on top of,"Projects are intensive, exams or quizzes are demanding and the course is disorganized or unclear."
CMSC451_039,CMSC451,Andrew Childs,2022,5,"Definitely one of the best professors in the department. Explains everything well, and the class definitely felt more manageable than 351, although that's not saying much. Homework is long though, so definitely start early on those. If you're not algorithmically challenged like I am, this class might be fairly easy for you.",0.0,0.0,1.0,1.0,0.0,0.0,0.0,0.0,"Homework is long though, so definitely start early on those.",Homework or labs are demanding and the course requires substantial time.
CMSC470_014,CMSC470,Rachel Rudinger,2023,5,she's pretty good at lecturing + pretty lenient too + assignments/exams are VERY fair. 10/10 recommend.,0.0,1.0,0.0,0.0,0.0,0.0,0.0,0.0,she's pretty good at lecturing + pretty lenient too + assignments/exams are VERY fair.,Exams or quizzes are demanding.
INST326_003,INST326,Aric Bills,2019,5,"Aric is a really good professor who really gets you to learn the material the right way. I have struggled with understanding object oriented programming for a long time, but under his teaching I was finally able to master it.",0.0,0.0,0.0,0.0,0.0,0.0,0.0,0.0,,No clear workload signal.
INST327_005,INST327,Pamela Duffy,2020,5,Great professor,0.0,0.0,0.0,0.0,0.0,0.0,0.0,0.0,,No clear workload signal.
INST414_024,INST414,Maria Krupenkin,2025,2,"I don't really know how to describe her (or the class). Pros: - Most of your grade comes from group work in the class, which is graded on completion - You're allowed to use AI, which helps a lot - She requires you to meet with her on zoom occasionally, which is always a bit awkward, but it's an easy few points - If you take it alongside 326, you'll be forced to learn API's pretty comprehensively (either a pro or a con) Cons: - Attendance is mandatory, even though you don't really learn anything - While taking 326 prior to this course isn't mandatory, you will be completely over your head if you don't. - Grades are incredibly slow to come in. I'm writing this in mid October, and no grades have been posted yet - Kind of a weird con: if you ask her for help, and allow her to touch your laptop, she will close all of your open tabs and windows. She is known for doing this, and it's a bit odd. You can probably get a good grade in this class, but I can't guarantee that you'll learn anything in the process.",0.0,0.0,0.0,0.0,0.0,0.0,1.0,0.0,- Grades are incredibly slow to come in.,The course is disorganized or unclear.
MATH140_435,MATH140,Boyu Zhang,2025,1,"These bad reviews are spot on unfortunately. It's true that he's a very passionate person, but for calculus 1 he went way too far into theories and proofs and would often spend lectures rambling about random things that were not relevant to what we needed to learn, and he would constantly say ""who is going to make the next generation of calculators?"" Not me! this is a calc 1 class and I'm a biochem major sir. I had him last semester and that class truly, truly took all of my (very little) love for calculus out of my soul. If you're taking him expect to be going to GSS/Tutoring/the textbook to learn anything because he is incredibly difficult to learn from & writes all of his notes on a chalkboard. His resources on canvas were not very helpful and his reviews for exams would mislead you and the exam would be entirely different. He would also say he would rather give hard exams and curve than give ""easy"" exams, which is basically a nice way to say hes is not the best at teaching the class. Curve went crazy though I will say.",0.0,1.0,0.0,0.0,1.0,0.0,0.0,0.0,"He would also say he would rather give hard exams and curve than give ""easy"" exams, which is basically a",Exams or quizzes are demanding and outside self-study is required.
MATH141_480,MATH141,Sean Gruber,2025,5,"TAKE THIS PROFESSOR. If you are taking math141 or any math class take it with professor gruber. I took calc 1 with a different professor and found calc 2 was easier, which is mostly due to the professor I had. He actually cares about his students and posts all lecture videos online and also has a lot of notes and resources. Quizzes every Thursday that took 10 minutes and were very easy if you kept up with the class. I didn't go to lecture very much but when I went they were engaging and he relied a lot on student feedback. Exams 1 and 2 were very doable and people often only used half the time given. If you do the homework then it is almost exactly what is on the exam. Exam 3 was more difficult but also very similar to the homework. The averages were high on exams 1 and 2 but he still gave some points back for exam 1. For exam exam 3 the average was low so he awarded a lot of points back as well. He weighs your lowest exam score to 10% instead of 20%. The homework was only about 4 or 5 questions a week and did not take that much time to do as well. Overall calc 2 can be challenging but Sean Gruber gives you so many opportunities to succeed, so actually take this class with him it will literally save your grade.",0.0,1.0,0.0,0.0,0.0,0.0,0.0,1.0,Quizzes every Thursday that took 10 minutes and were very easy if you kept up with the class.,Exams or quizzes are demanding and the difficulty is described as fair or manageable.
MATH240_369,MATH240,Qi'an Chen,2025,5,"Qi'An did a really good job! He gave us a good amount of practice problems during discussion, explained things clearly, and helped us understand the parts we needed to know for the exams. I had him for MATH240, and I was often confused during lecture or just bored because it wasn't clear what was relevant to class, but during discussion with him I knew he was always talking about things we needed to know. He also sent us solutions for practice exams which were very helpful.",0.0,1.0,0.0,0.0,0.0,0.0,0.0,0.0,He also sent us solutions for practice exams which were very helpful.,Exams or quizzes are demanding.
STAT400_401,STAT400,Sana Jahedi,2025,1,"I think Sana is the worst professor I’ve had so far at UMD. Sana read the past reviews on her class and decided to make her exams extremely difficult and provide no dedicated review materials for them in an effort to make us ""learn"" and not memorize. She simply tells us to study the lectures, discussions, and homework, but this makes it hard to gauge what the exams will be like since there’s a big gap between the difficulty of the homework and the lectures/discussions. She refuses to curve, despite low averages compared to previous semesters (in the 70s compared to 90 averages last sem), insisting her exams are ""fair"" and ""easy"" and that it is our fault we didn't do well. Her lectures are often dry and confusing, and she’s been inconsistent with announcements. For example, after the class did poorly on quiz 1 she said she would unweight that quiz if we improved, then reversed that decision. She also said once in lecture that she would purposefully put mistakes in her answer keys and that if we caught them we would get extra credit. How can we learn from our mistakes if we can't even trust the answer keys? In my opinion Sana's attempt to make her students actually learn and not memorize content resulted in her making the class unnecessarily difficult and frustrating. Do not take her if you value your sanity.",0.0,1.0,1.0,0.0,0.0,0.0,1.0,1.0,Sana read the past reviews on her class and decided to make her exams extremely difficult and provide no dedicated,"Exams or quizzes are demanding, homework or labs are demanding, the course is disorganized or unclear and the difficulty is described as fair or manageable."
STAT401_084,STAT401,Archana Khurana,2025,5,Archana Khurana is a very solid professor. A very fair person (too fair) makes the classes a breeze. Cannot complain. Also seems to be a nice person. Will recommend any class taught by the goat.,0.0,0.0,0.0,0.0,0.0,0.0,0.0,0.0,,No clear workload signal.
CMSC131_410,CMSC131,Annie Nguyen,2025,5,"Annie Nguyen, my lord and savior of CMSC131. 🥹 She saved my 131 grade from the dead and revived it to an A+. She's kinda like the final boss level of TAs. She doesn’t need to study the material; the material studies them. Every office hour feels less like class help and more like being front row at a TED Talk. THE GOAT!!! Don't even get me started with her aura. When you walk into her office hours, Annie doesn’t respond to your questions; she reads your mind and answers it with the most well-thought-out, clear, and elegant response. She's built different. I always have a hard time paying attention because of how much awe I'm in when seeing her. At this point, people should be taking notes on her. Professors should be citing her. Entire curricula should be rewritten in her honor. She's THAT good of a TA.",0.0,0.0,0.0,0.0,0.0,0.0,0.0,1.0,,The difficulty is described as fair or manageable.
CMSC132_496,CMSC132,Nora Burkhauser,2026,1,Wish there was a way to give her no stars… Worst professor ever… Doesn’t know a thing and only about 10 students go to her lectures… UMD CS REALLY NEEDS TO UP THEIR GAME,0.0,0.0,0.0,0.0,0.0,0.0,0.0,0.0,,No clear workload signal.
CMSC216_438,CMSC216,Christopher Kauffman,2025,3,"I took Kauffman in Fall 2024, but I'm just writing my review now. He's a nice guy and is very knowledgeable about what he's teaching, but I'm gonna be honest people are glazing him way too much. First of all, he speaks very technically in class with heavy technical jargon and doesn’t break down new concepts in a digestible way, which makes it hard to follow. Additionally, his slides have so much content on them that it's hard to digest and understand what exactly you're supposed to look at. The good thing though, is that he gives lots of extra credit, which is pretty rare to see in a CS class, so that’s nice. Another thing is, no offense to him, but he seems a little socially awkward. I talked to him in office hours and after class, and he seems to have a hard time speaking at a normal speed and has trouble making eye contact (another thing I’ve noticed with a lot of CS professors at UMD—a lot of them seem autistic or socially awkward). Another thing is that he has a lot of trouble taking criticism. In his midterm survey, so many students pointed out that there is a big difference in the level of difficulty between his practice and real exams, but he claims that because he has way more experience and is smarter than us, he knows a lot more than we do and dismisses literally any criticism. Overall, you will get a good grade in this class if you put in the effort, but him as a professor is not the best choice.",0.0,0.0,0.0,1.0,0.0,0.0,0.0,0.0,"I talked to him in office hours and after class, and he seems to have a hard time speaking at",The course requires substantial time.
CMSC250_456,CMSC250,Fawzi Emad,2025,5,"Extremely good lecturer. However, his homework is terribly annoying to do and too long. Overall amazing though. His lectures are actually memorable and he has lots of energy.",0.0,0.0,1.0,0.0,0.0,0.0,0.0,0.0,"However, his homework is terribly annoying to do and too long.",Homework or labs are demanding.
CMSC320_219,CMSC320,Fardina Alam,2026,5,"I really liked this course. Fardina is super nice and genuinely cares about her students. I interacted with her a lot during class and also asked many questions after class and she was always patient and took the time to help me understand what I was trying to do. The homework was straightforward and helpful. The midterms were a bit long, but the final exam was very doable and fair. Overall, it was a great experience for me and I learned a lot.",0.0,1.0,0.0,0.0,0.0,0.0,0.0,0.0,"The midterms were a bit long, but the final exam was very doable and fair.",Exams or quizzes are demanding.
CMSC330_243,CMSC330,Cliff Bakalian,2025,4,"Cliffs lectures can be boring sometimes but overall, he's a good and fair professor. I would recommend anyone to take him. You will do well if you put in the effort. The first exam was wayyyyyy worse than the second. The projects weren't too bad. Secret tests were annoying for some of them but you can easily get A's on most of the projects.",0.0,0.0,0.0,0.0,0.0,0.0,0.0,0.0,,No clear workload signal.
CMSC335_001,CMSC335,Nelson Padua-Perez,2022,5,"Nelson made this course easy, and he knew it. Absolute king. I went to lecture, but you could easily get away without ever watching lecture. A lot of stuff you can find on the internet or in the lecture examples. I was a bit worried about this course because I found his 131/132 courses to be tricky at times (especially with exams), but Nelson kept this course very straightforward and minimized exam difficulty. I have nothing bad to say about this course except for the fact that I wish it provided more depth on practical skills. We only got into Node towards the end. However, part of what made this course easy was the lack of depth so yk... But yeah, def a chill elective with a wonderful prof!",0.0,1.0,0.0,0.0,1.0,0.0,0.0,1.0,I was a bit worried about this course because I found his 131/132 courses to be tricky at times (especially,"Exams or quizzes are demanding, outside self-study is required and the difficulty is described as fair or manageable."
CMSC351_366,CMSC351,Clyde Kruskal,2026,1,He expects you to watch pre-recored lectures as well as going to class.,0.0,0.0,0.0,0.0,0.0,0.0,0.0,0.0,,No clear workload signal.
CMSC411_017,CMSC411,Michelle Hugue,2020,1,"The absolute worst professor I have ever had for any course. Unbearably long exams, horrible communication skills with her students, questions on exams that make no sense, ""short"" semester exams being 22 pages (we had 6 exams). She is not a professor. She simply writes exams and grades them, that is it. The TAs do nothing, she does not lecture, and she is rude as hell in piazza responses. Avoid her and this class. Take it if you want an easy A, though it may cost you your sanity",0.0,1.0,0.0,0.0,0.0,0.0,0.0,0.0,"Unbearably long exams, horrible communication skills with her students, questions on exams that make no sense, ""short"" semester exams being",Exams or quizzes are demanding.
CMSC412_001,CMSC412,William Arbaugh,2010,2,"Arbaugh was frequently absent from class and he had his TAs teach for him. He took the projects from other universities, didn't do them himself, and rarely understood what was going on with them. Given how frustrating this class could get, it's insulting that he doesn't seem to give a hoot about the class, when he's expecting us to spend 12 credits worth of effort on a 3 credit class. Also, I'm sure some people knew that Arbaugh was planning on teaching 412 in Windows instead of a unix-based system, but they really, really need to put that in the course catalog or something. Yet another thing Arbaugh could have done to make this class more reasonable. In short, he sucks. The only reason he didn't get a 1 is because he is actually quite knowledgeable. He's not an idiot -- just a jerk and a flake.",0.0,0.0,0.0,1.0,0.0,0.0,0.0,0.0,"Given how frustrating this class could get, it's insulting that he doesn't seem to give a hoot about the class,",The course requires substantial time.
CMSC414_056,CMSC414,Yizheng Chen,2024,1,"While this is her first semester teaching an undergrad class at UMD, she isn't the best. Far from it. I think she could learn from Cliff and his TAs and actually answer any Piazza posts. I'm not confident in her knowledge on the subject given how much she says ""I think"" and ""I don't know"". I think the only lecture she knew her stuff about was the one about her research: ML security. Furthermore, how she structures her exams are completely different than previous ones. The first exam barely corresponding to the format of any previous practice exams. Its Reading Day and we have 3 and a half grades. The autograder script for our second project is broken and we all have bad grades. I swear half the TAs are comatose and if they wake up, they spout incorrect information and mislead us. The last project was changed from the typical networking one (allegedly because they couldn't get it working) to a ML project that had nothing to do with anything in the latter half of the class, and I swear the only reason why we had the ML project is because of her research being in the same field. What pisses me off the most is that the next and previous semesters have had and will have a much easier time than us.",0.0,0.0,0.0,0.0,0.0,0.0,1.0,0.0,The last project was changed from the typical networking one (allegedly because they couldn't get it working) to a ML,The course is disorganized or unclear.
CMSC420_140,CMSC420,Justin Wyss-Gallifent,2024,5,"Easy A+, you get cheatsheets for Exam 1 and Exam 2. Projects are fair as long as you give them enough time. Skip the B-Trees project, the other ""Hard"" project is way easier. Final is take-home.",1.0,1.0,0.0,0.0,0.0,0.0,0.0,1.0,Projects are fair as long as you give them enough time.,"Projects are intensive, exams or quizzes are demanding and the difficulty is described as fair or manageable."
CMSC421_016,CMSC421,Marine Carpuat,2021,3,"She's okay, some things are a little confusing and the projects so far are acceptable. Sometimes her accents make things a little hard to understand. However, the slides are nice and clear, you just have to download them before hand and take notes while she teaches.",0.0,0.0,0.0,0.0,0.0,0.0,1.0,1.0,"She's okay, some things are a little confusing and the projects so far are acceptable.",The course is disorganized or unclear and the difficulty is described as fair or manageable.
CMSC422_062,CMSC422,Marine Carpuat,2025,3,"Tough course. Slides were not very helpful. Homeworks were pretty interesting but I didn't really feel like they were very helpful when it came to exams. What made the biggest difference to me was doing all of the reading for each topic. The week before the final, I watched every single lecture video and did every single reading and got a 90. I don't know if it was just me, but I found it really hard to pay attention during in person lecture.",0.0,1.0,0.0,0.0,0.0,0.0,0.0,0.0,"The week before the final, I watched every single lecture video and did every single reading and got a 90.",Exams or quizzes are demanding.
CMSC424_073,CMSC424,Daniel Abadi,2024,2,"Nice guy, but wow was this class hard. Gives very time consuming reading quizzes every week, which are also difficult and cover scenarios not discussed in the textbook. Lectures are solid, but are not recorded, and still do not cover every detail we need to know from the textbook. Exams have very poor averages, but come with a curve (for instance, he added 10 points to everyone's original midterm score). Gave 4 projects, 2 of which were SQL, and 2 which were based of CS courses from Berkeley. The final two projects were very time consuming, and required very thorough knowledge of the content. Overall, this course gets you to learn the content somewhat well, but at the expense of a LOT of time, stress, and possibly your GPA. If you want an easy course this is not the one.",1.0,1.0,0.0,1.0,1.0,0.0,0.0,0.0,"The final two projects were very time consuming, and required very thorough knowledge of the content.","Projects are intensive, exams or quizzes are demanding, the course requires substantial time and outside self-study is required."
CMSC430_011,CMSC430,Jose Calderon,2021,5,very chill professor,0.0,0.0,0.0,0.0,0.0,0.0,0.0,0.0,,No clear workload signal.
CMSC433_009,CMSC433,Linda Yeung,2019,4,"She's a bit hard to approach at first, but once you get to know her, she is excellent at explaining threading concepts. I hated threading from CMSC132, but she condensed it down to simpler terms for me to understand. Definitely recommend going to her!",0.0,0.0,0.0,0.0,0.0,0.0,0.0,0.0,,No clear workload signal.
CMSC451_020,CMSC451,Andrew Childs,2019,5,"the course is pretty hard in general. there were a lot of smart people when i took the course and exam averages were in the high 60s. but as for andrew childs himself, if you can take this class with him, do it. he is a great lecturer. while he might be fast at times he does address student questions during class. i went to his office hours fairly often and i got a lot of my questions answered and i overall learned a lot in this class. it's a challenge and bit stressful since the final is worth 45% but i think if you did well in 351 (B or higher) and you're interested in learning more about algorithms then take this class with childs.",0.0,1.0,0.0,0.0,0.0,0.0,0.0,1.0,it's a challenge and bit stressful since the final is worth 45% but i think if you did well in,Exams or quizzes are demanding and the difficulty is described as fair or manageable.
CMSC470_011,CMSC470,Rachel Rudinger,2023,1,Reads off slides. Very few assignments. Inactive on Piazza. Final worth 45% of your final grade.,0.0,1.0,0.0,0.0,0.0,0.0,0.0,0.0,Final worth 45% of your final grade.,Exams or quizzes are demanding.
INST326_008,INST326,Edward Summers,2021,5,"His online class has been great. Prof. Summers is very nice and approachable, and did his best to accommodate the online learning environment. The class is made up of one 10pt assignment due every Sunday, and he goes over the concepts and usually provides template code in lecture. You can even use his template code as long as you alter it in some way, provide comments, give it another function, etc. The projects were focused on data analysis mostly, and we used real Covid-19 vaccination and testing data from the MD dept. of Health in our projects. It was really cool to use data analysis on actual real data. Also, it's a very easy class if you've taken CMSC 131 previously (I did). The only new concepts are Python specific things such as Jupyter Notebook and the Pandas library. 10x easier than 131 projects, by far.",0.0,0.0,0.0,0.0,0.0,0.0,1.0,0.0,"The class is made up of one 10pt assignment due every Sunday, and he goes over the concepts and usually",The course is disorganized or unclear.
INST327_032,INST327,Pamela Duffy,2025,2,"Words cannot describe the annoyance and anger I feel towards her. From her dismissive attitude when it came to answering students questions to her reporting nearly half the cohort simply for being in a GroupMe, Professor Duffy does not live up to the reviews on here. Her teaching is bland, she simply reads off of the slides, and she makes no effort to get her students involved. Her extra video quizzes mimic what she teaches in class, so there's no point in showing up to her lectures. She puts in more effort in reporting students for useless things than into ensuring that her students are engaged and understand how to use SQL. I also never forget how she sent everyone into a frenzy because she decided to add a disallowed term last minute without notifying anyone, then hiding her hands when called out on it. I hope that I never have to cross paths with her again. It's unfortunate that she's practically the only professor that teaches this course, I can't even say not to take her.",0.0,0.0,0.0,0.0,0.0,0.0,0.0,0.0,,No clear workload signal.
INST414_004,INST414,Babak Fotouhi,2021,5,"Absolutely solid professor. Took this class during the summer semester (online), and he posted ~3hrs of lectures per week. He grades super lightly, but the grading criteria is vague and he doesn't seem to provide any feedback for improvements. Gave lots of extra credit. I would 100% take him again.",0.0,0.0,0.0,1.0,0.0,0.0,1.0,0.0,"Took this class during the summer semester (online), and he posted ~3hrs of lectures per week.",The course requires substantial time and the course is disorganized or unclear.
MATH140_451,MATH140,Kendall Williams,2025,3,"I am writing this review for Math140 and Math141: Pretty good professor. Explains concepts well and gives lots of practice to prepare for exams. Takes questions from webassigns, discussion, and lecture and puts mostly similar ones on the exams. There’s 5 exams total including the final which means each exam (excluding the final) doesn’t have an overwhelming amount of content. He gives you a few drops for lowest quizzes, discussion worksheets and webassigns which is nice. The quizzes were frequent and a bit annoying but did help me keep up with the material. (There were no quizzes in calc 1 but were in calc 2). Discussion worksheets weren’t too bad because we get to work in groups but honestly felt useless as they weren’t really good practice in my opinion. He could do a lot to help students like recording lectures (he recorded them for calc 1 but not calc 2) or making the discussion worksheets doable from home as some students live off campus and showing up for 1 worksheet (that doesn’t even help understand the concepts if im being honest) is frustrating. He was much more friendly and energetic in calc 2 although it could just be the section I took (morning calc 1 vs afternoon calc 2) Speaks clearly and answers questions. TLDR: Not a bad class or prof. Could be improved a little bit but good enough where if you put effort you should pass. You may be better taking it with someone else if you’re not the best with math.",0.0,1.0,0.0,0.0,0.0,0.0,0.0,0.0,There’s 5 exams total including the final which means each exam (excluding the final) doesn’t have an overwhelming amount of,Exams or quizzes are demanding.
MATH141_544,MATH141,David Pincus,2025,5,"LOVE LOVE LOVE Pincus. I took him through Freshman Connection. His quizzes are based on the homework, exams are fair (similar to practice ones he gives), and he genuinely cares about his students. He can tell if you're putting in an effort. I thought I bombed the final, and it was his generosity that made me end with the grade I wanted (with the final in I would've ended with a lower grade for sure). Apart from the fact that some of his lectures are confusing and you have to self-learn concepts, he is an AMAZING professor, and I highly recommend him. Since Calc 2 is a hard class in general, you have to put in effort and definitely hours of studying, but if you do that, you're chilling in his class.",0.0,0.0,0.0,1.0,0.0,0.0,1.0,1.0,"Since Calc 2 is a hard class in general, you have to put in effort and definitely hours of studying,","The course requires substantial time, the course is disorganized or unclear and the difficulty is described as fair or manageable."
MATH240_308,MATH240,Shin Song,2025,4,"She lectures straight out of the textbook and takes exam/weekly quiz questions from textbook practice problems so the best way to prepare for exams is to reread the textbook and do her recommended problems. The weekly quizzes and matlabs are all pretty easy and there was a generous curve at the end of the semester. While she isn't the best lecturer (and sometimes likes to bring up the applications of the topics discussed in class which are interesting but ultimately irrelevant), her exams and assignments are fair and she's very understanding if you speak to her in office hours (no idea how fast she responds to emails).",0.0,1.0,1.0,1.0,1.0,0.0,0.0,0.0,The weekly quizzes and matlabs are all pretty easy and there was a generous curve at the end of the,"Exams or quizzes are demanding, homework or labs are demanding, the course requires substantial time and outside self-study is required."
STAT400_462,STAT400,Shixin Zheng,2025,1,"As stated below, this man should be teaching a fashion class. THET465 would be a better fit for his teaching. He has very nice outfits but is not an effective teacher. Homework is too difficult and the exams don't match the content taught in class.",0.0,1.0,1.0,0.0,0.0,0.0,0.0,0.0,Homework is too difficult and the exams don't match the content taught in class.,Exams or quizzes are demanding and homework or labs are demanding.
STAT401_040,STAT401,Mestiyage Gunatilleka,2023,5,Exams are identical to practice exam. You get a formula sheet. Homeworks are easy. This is literally STAT400 that he teaches but a little more deeper in knowledge. The first half of the course is just STAT400 review if you took it with him. Easy peasy.,0.0,0.0,0.0,0.0,0.0,0.0,0.0,0.0,,No clear workload signal.
CMSC131_437,CMSC131,Aaron Kyei-asare,2025,3,"Prof Aaron is a kind and funny guy. But if you come into this class with zero CS knowledge, you're cooked. What he goes over in lecture and teaches is NOTHING like his midterms. He gives past exams/practice exams, but again NOTHING like the midterms, so it's like you're wasting your time doing them. Whereas other professors make their midterms fair and based on the class material. He is also VERY slow with grading, and it's often impossible to know what you have in the class until the very end, and there's no way of predicting your grade cause he doesn't post all the assignments on Canvas. I highly recommend taking a different professor if you do not have background Java knowledge, because this class was insane. If you do end up having to take him, please go to office hours and do not fall behind. My TA helped me a lot, and I wouldn't have ended up with the grade I wanted without her. However, I am still giving him 3 stars because he was nice enough to round my 92.36 to a 93.",0.0,0.0,0.0,1.0,1.0,0.0,1.0,0.0,"If you do end up having to take him, please go to office hours and do not fall behind.","The course requires substantial time, outside self-study is required and the course is disorganized or unclear."
CMSC132_494,CMSC132,Larry Herman,2026,5,"wait i love herman his lectures are so listenable to me for some reason and the mandatory attendance was annoying at first but i found it super helpful in the end. never had to cram for exams too hard and all exams are pretty fair as long as you study every slides posted. listening to the lecture also helps a ton for me, i pretty much listened to 80% of his lectures. he's not a bad option. pls let him stay above 3 rating",0.0,1.0,0.0,0.0,0.0,0.0,0.0,1.0,never had to cram for exams too hard and all exams are pretty fair as long as you study every,Exams or quizzes are demanding and the difficulty is described as fair or manageable.
CMSC216_436,CMSC216,Christopher Kauffman,2025,1,"Honestly I haven't learned anything in his class for cmsc216 because he would never explain things properly due to his unintelligible English; his notes, slides, labs, and projects didn't help and he would purposefully put tricky questions on exams just to assume that people are cheating in his class. DO NOT take this class as it will ruin your emotional stability and cause immense paranoia like it did to me. Stay away from this man and protect yourself at ALL COSTS !!!!!",0.0,1.0,0.0,0.0,0.0,0.0,0.0,0.0,"his notes, slides, labs, and projects didn't help and he would purposefully put tricky questions on exams just to assume",Exams or quizzes are demanding.
CMSC250_499,CMSC250,Fawzi Emad,2025,5,"Fawzi was absolutely fantastic! He definitely expects students to come to the lectures, and it was so worth it! (Isn't that what we're paying for?) The lectures were fun and he made everything super easy to understand. Fawzi really cares about his students and does everything he can to make sure that they are really learning and not just going through the motions. He's preparing us for harder courses later (like 351). The solutions to the homework questions were always posted online, and we had plenty of materials to study (homework, worksheets from the discussion classes, and the lecture examples). He also gave out very high grades! Fawzi was amazing and I highly recommend him for any class he teaches!",0.0,1.0,0.0,0.0,0.0,0.0,1.0,1.0,He's preparing us for harder courses later (like 351).,"Exams or quizzes are demanding, the course is disorganized or unclear and the difficulty is described as fair or manageable."
CMSC320_127,CMSC320,Maksym Morawski,2024,2,no way bro grades subjectively,0.0,0.0,0.0,0.0,0.0,0.0,0.0,0.0,,No clear workload signal.
CMSC330_198,CMSC330,Anwar Mamat,2024,5,"Anwar was great! He's a pretty funny guy, so I though his lectures were always fairly entertaining, but he does go kinda fast sometimes. He has in class clicker questions, which are a part of your grade, so going to lecture is kinda required. We had 7 projects throughout the semester, most of which I thought were pretty difficult, but if you started early on them, you'd be fine. 2 midterms and a final, which were all pretty easy and similar to the practice exams. We also had 4 discussion quizzes throughout the semester, which were also not that bad. Overall, I definitely recommend taking this class with Anwar!",0.0,1.0,0.0,0.0,0.0,0.0,0.0,1.0,"2 midterms and a final, which were all pretty easy and similar to the practice exams.",Exams or quizzes are demanding and the difficulty is described as fair or manageable.
CMSC335_006,CMSC335,Nelson Padua-Perez,2023,5,"You need to take this class an elective with Nelson. Nelson is the best. Period. There are 3 tests and he gives you a test from the previous year that is basically the same thing, with different numbers. The projects are all super easy and straight-forward, while also making you learn the topic. He also gave extensions for almost every project which was always a nice surpise. I wish we spend less time on html in the beginning and spend more time with React/Angular, but overall, great class and great teacher.",0.0,0.0,0.0,0.0,0.0,0.0,0.0,0.0,,No clear workload signal.
CMSC351_305,CMSC351,Justin Wyss-Gallifent,2024,5,"Elite professor. Lectures were very good, everything was organized, and exams were fair. Worth the 8am.",0.0,0.0,0.0,0.0,0.0,0.0,0.0,0.0,,No clear workload signal.
CMSC411_037,CMSC411,Ilchul Yoon,2021,1,"He's clearly knowledgeable, but the class structuring is abysmal, and there are questions on exams that he does not prepare you for. There is also this project that is not that hard and boils down to busy work. Overall, I'd say what I learned what pretty useless if I end up remembering it at all, and I would recommend you take a different course if you're trying to fill out your area 1 requirement.",1.0,0.0,0.0,0.0,0.0,0.0,0.0,1.0,There is also this project that is not that hard and boils down to busy work.,Projects are intensive and the difficulty is described as fair or manageable.
CMSC412_010,CMSC412,Ashok Agrawala,2021,1,"This is one of those courses where the lecture has nothing to do with the project. The professor is decent lecturing about operating systems concepts, but you're stuck with the TAs to get you through the project which is probably the hardest project in your entire college career.",1.0,0.0,0.0,0.0,1.0,0.0,0.0,0.0,"The professor is decent lecturing about operating systems concepts, but you're stuck with the TAs to get you through the",Projects are intensive and outside self-study is required.
CMSC414_084,CMSC414,Michael Marsh,2025,1,"Genuinely the most useless class I have ever taken. We barely do any real security its all basic shit and nothing is taught in the class that actually helps you out, adding to the stress. The challenge problems and quizzes are tedious and annoying and also do not add anything to the class. I genuinely regret taking it with him but its a free grade I guess.",0.0,0.0,0.0,0.0,0.0,0.0,0.0,0.0,,No clear workload signal.
CMSC420_123,CMSC420,Justin Wyss-Gallifent,2023,5,"Great class and professor. Gives very specific exam outlines beforehand so you know what to study. Homeworks and projects are challenging, but very doable if you put in the work.",1.0,0.0,1.0,0.0,0.0,0.0,0.0,1.0,"Homeworks and projects are challenging, but very doable if you put in the work.","Projects are intensive, homework or labs are demanding and the difficulty is described as fair or manageable."
CMSC421_028,CMSC421,Tianyi Zhou,2022,3,"Fine teacher, just this was the first class that I stopped attending the lecture about halfway through. This was not his fault as the course material was extremely simple and not all that exciting plus the whole course by its nature is almost completely off of a free Berkley course. All projects and most of the lectures seemed to be just directly from Berkley. Another reason I stopped attending was that students' questions would hold up the class to an extreme degree, and he would continue to discuss with them, but often there seemed to be some sort of difficulty in communicating ideas as we would be stuck on a topic from the previous lecture for the first half of the current lecture. I like that he really wanted to answer these questions, but I would imagine after 10+ minutes on the same topic with one or two students, you could just say ""maybe talk to me after class or during office hours.""",0.0,0.0,0.0,0.0,0.0,0.0,0.0,0.0,,No clear workload signal.
CMSC422_047,CMSC422,Heng Huang,2025,1,"Lawd please help this man. I thought that Yoon was the worst professor in this department when I took 216 with him but by some miracle this man has taken the crown from him and has RAN with it like Usain Bolt. While Yoon's teaching may be hard to discern and a little confusing to follow, you can usually go up to him after class to ask your questions and he'll be happy to help you out and genuinely wants you to learn. You could also look off his slides and do pretty well since they are pretty helpful as a little glossary of different things you need to know and can give you a starting place to know where to look for more information. THIS MAN, THIS INCOMPETENT HUSK OF A PROFESSOR, THIS DESECRATION OF THE TERM ""PROFESSOR"" has: 1) No recorded lectures 2) zero, ZERO clarity on his homework assignments, to the point that we had to essentially piece together what we were supposed to do through a collection of Piazza answers from the TAs 3) Focuses solely on the math behind various machine learning algorithms, which is poorly explained as his thick accent and incoherent mumbling could hardly be considered teaching. He spends 20 minutes explaining the derivation of a single formula only to say, ""Forget everything I just talked about, this is all you need"" which also applies to his slides which involve pages and pages of matrix multiplications only for you to be told to disregard all of it. 4) Doesn't teach any of the Python needed to actually do his homework assignments with the restrictions of no library use (sklearn, pytorch, etc.) being allowed, so you are forced to put together entire machine learning algorithms from scratch or heavily rely on assistance from StackOverflow in order to even begin to understand what you will be writing. I eventually stopped going to class and have started learning what was covered in class on my own, not even from the slides because they are just as incoherent and all over the place as his lectures are (makes sense since he's the one that wrote them), I just use them to find out what I have to research on my own. The only nice thing I can say about Huang is that I think he cares SO little about teaching and being a professor, that he let me turn in a homework after the due date when the Canvas assignment closed, which is great since THE ONLY ASSIGNMENTS HE HAS ARE THREE HOMEWORKS, A MIDTERM, AND A FINAL. THAT'S IT. OMG IF YOU MESS UP ON EVEN JUST ONE ASSIGNMENT, YOU ARE COOKED.",0.0,0.0,0.0,0.0,1.0,0.0,1.0,0.0,"I eventually stopped going to class and have started learning what was covered in class on my own, not even",Outside self-study is required and the course is disorganized or unclear.
CMSC424_005,CMSC424,Peter Keleher,2015,3,"A lot of people say he's a douche or a jackass or w/e, so I was a bit worried when the class first started. In my opinion there's nothing to worry about. Yes, there are times when he gets a little impatient with people, but to me it didn't seem any more extreme than any other professor. His responses on piazza were always curt, but I feel like most professors give super short/curt responses that could be seen as rude when it comes to written communication. As far as teaching style, he's your average CS prof. Go to class, he pulls up slides and goes through them. He seemed to actually care whether or not students were understanding the material as he would stop and check often if people were keeping up. He would also encourage people fairly often to ask questions. In my case, it seemed like any of the few signs there may have been of him not enjoying teaching the class stemmed from the lack of class participation when he would encourage it (which was often) so he would be left talking at us, or there would be a dialogue between only him and a couple students.",0.0,0.0,0.0,0.0,1.0,0.0,0.0,0.0,,Outside self-study is required.
CMSC430_021,CMSC430,David Van Horn,2023,4,"Pros -Interesting material imo -No real exams, all projects -very organized Cons -Lectures are very boring -Lots of low level coding -Projects can take a very long time",1.0,1.0,0.0,0.0,0.0,0.0,0.0,0.0,"Pros -Interesting material imo -No real exams, all projects -very organized Cons -Lectures are very boring -Lots of low level",Projects are intensive and exams or quizzes are demanding.
CMSC433_008,CMSC433,Anwar Mamat,2018,3,"Funny stories, nice guy. Class grades are pretty fair. Projects are kinda butt, and clicker questions suck, lectures are mediocre. I also hate slide trivia exams (which is what he gives)",0.0,0.0,0.0,0.0,0.0,0.0,0.0,0.0,,No clear workload signal.
CMSC451_050,CMSC451,Andrew Childs,2023,5,"Very organized. Set up Piazza and office hours times weeks before the semester began. He knows the textbook forwards and backwards. He follows the assigned textbook readings very closely. So if you're struggling to keep up during lecture, do the assigned readings beforehand. The homework are long. HW3 (dynamic programming) was especially difficult. Make sure to start early (you're given 2 weeks to complete). The consist of 5 questions, typically all questions (except the NP HW) ask you to write an algorithm, prove its correctness, and state its running time. Use the textbook to complete homework early. Do not start any later than a week before the deadline. Each assignment took 10-20 hours to complete. Make sure to go to office hours to verify your thought process or you may get half credit on questions you incorrectly approach. The homework is however very fair and directly relevant to what we covered in class. HW average between 80-90%. I think what made me respect Prof Childs the most was that he was willing to answer questions during lectures fully. Even if this meant we did not get through supplementary topics at the end of the semester (had to cut out quantum lecture but posted for viewing on ELMS), he made sure to take any question serious and answer it without making anyone feel stupid. That's a classroom culture I appreciate. Sometimes however he does rush at the end to finish a proof if we got derailed with too many questions, but usually he saves it for the next class. During office hours, he was helpful. He gave hints on how to approach the homework. It was honestly helpful to explain my thought process and get that feedback from him. He allows multiple students in Zoom room at once or in person, so you get to listen to other students questions and perspectives as well, which is enriching. In regards to what 2 reviews down said about rapport, I will say that my interactions during office hours were mostly focused on course material and homework or practice problems. I think it is possible to build rapport, but you'll have to come with questions and willingness to share your interests. Most importantly, I felt like he did care about me and my understanding of the material. Sometimes he cracks jokes. Regarding exams, he made an especially difficult/ time crunch midterm (60% average), but he adjusted for it with a more lenient final exam (75% average). Overall cutoffs for the course: A-: 84, B-: 71, C-: 58. The biggest advice for exams I can give is to understand the homework well (what are the key concepts, thought processes), but then make sure to do as many practice problems as possible. Get your thought process verified by Childs or a TA. Big shout out to Aditya Acharya. He is the best TA for the course, go to his office hours if you can!! He makes his office hours basically into a discussion section for the course, white boarding concepts and helping get started on homework. Advice: Start HW early (1+ week) so that you can spend 10-20 hours. Stay up to date with the lecture. Attend in person if you can even though its recorded. Take advantage of Piazza since Childs responds very actively. Take advantage of office hours, especially TA OH for homework. Prepare early for the exams. Good luck! Take him if you have the privilege and get a seat. I feel like I learned a lot and it greatly helped me with my logical/algorithmic thinking.",0.0,1.0,1.0,1.0,1.0,0.0,0.0,1.0,"Regarding exams, he made an especially difficult/ time crunch midterm (60% average), but he adjusted for it with a more","Exams or quizzes are demanding, homework or labs are demanding, the course requires substantial time, outside self-study is required and the difficulty is described as fair or manageable."
CMSC470_015,CMSC470,Rachel Rudinger,2023,2,"Professor Rudinger seems like a nice person; when you talk to her, she seems genuine and caring. Her slides were super informative and her lectures were fairly interesting, too. However, the lectures didn't actually add much to the content on the slides that was relevant for exams. If you're so interested in NLP that you'd like to acquire some fun-fact trivia knowledge that won't be tested, feel free to attend her lectures. Otherwise, just read the slides she posts after each class. The biggest issue with Rudinger is her responsiveness. The organization of the class is genuinely horrible. We were meant to have 4 projects this semester, and we ended up having only two. The third was made optional/bonus, as it was released during the final week of the semester with 4 days to complete, and the fourth was scrapped entirely. She rarely (if ever) replies to emails, and the Piazza for this class is the slowest I've had for any CS class at the university thus far. The final is worth 45% of your grade, which is frankly absurd. Almost the entire class's content is better taught in CMSC 472 instead; take that class and you'll come out far more knowledgeable about both NLP and general ML than you will by taking 470.",0.0,1.0,0.0,0.0,0.0,0.0,1.0,0.0,"The final is worth 45% of your grade, which is frankly absurd.",Exams or quizzes are demanding and the course is disorganized or unclear.
INST326_038,INST326,Aditya Aswin Kumar,2024,5,Very helpful and communicative. Walks through code and helps you get through assignments and exercises if you're running into any problems.,0.0,0.0,0.0,0.0,0.0,0.0,0.0,0.0,,No clear workload signal.
INST327_037,INST327,Vedat Diker,2025,4,"He only lectured a couple times but I thought he was a pretty average lecturer but I did interact with him a bit and I can say that he is a super nice guy and was understanding of the entire groupme/ai cheating thing, at least in my case.",0.0,0.0,0.0,0.0,0.0,0.0,0.0,0.0,,No clear workload signal.
INST414_017,INST414,Cody Buntain,2024,5,"The class wasn't too hard, and we could turn in projects late and still get full points. Using ChatGPT made the projects much easier to complete.",1.0,0.0,0.0,0.0,0.0,0.0,1.0,0.0,"The class wasn't too hard, and we could turn in projects late and still get full points.",Projects are intensive and the course is disorganized or unclear.
MATH140_443,MATH140,Timothy Pilachowski,2025,2,This professor does not give enough review material to help students prepare and does not care about helping students find study materials. He is not good at explaining concepts or going over examples.,0.0,0.0,0.0,0.0,0.0,0.0,0.0,0.0,,No clear workload signal.
MATH141_532,MATH141,Weimin Jiang,2025,5,"TAKE HIS CLASS ANY CHANCE YOU GET! He recently started teaching an actual class instead of being a TA, and he does an amazing job. His teaching style is very easy to follow; he introduces the concept and immediately follows with examples that would resemble sort of questions that would appear on exams. He really prepares you well for the finals. Some fun fact: he uses chalk on black boards and walkthroughs concepts, its derivations, and examples along with students which makes it so much engaging! [I note this because some professors would have a problem already solved and would go piece by piece on a presentation which I find not much engaging and helpful] Overall, he knows his stuff and definitely cares about his students. If he ever teaches a higher level course, I will take it immediately.",0.0,1.0,0.0,0.0,0.0,0.0,0.0,0.0,,Exams or quizzes are demanding.
MATH240_291,MATH240,Wiseley Wong,2024,4,Lectures were kind of boring(but mostly because I wasn't interested in linear algebra) but Wiseley did a good job of explaining things. Quizzes and tests were extremely fair. He would tell you the questions on the quiz a couple of days in advance and have a TA go over a similar question in discussion. He also has this grading policy which if you check your work and notice your answer is wrong you lose less points which helped me a couple of times. Homework is ungraded meaning that you have to be self motivated to do it but I think that doing at least half of it was helpful in order to keep accountable for the content. He doesn't post notes or record lectures which is annoying.,0.0,1.0,0.0,0.0,0.0,0.0,0.0,0.0,Quizzes and tests were extremely fair.,Exams or quizzes are demanding.
STAT400_447,STAT400,Shixin Zheng,2025,1,He makes this class impossible. No exaggeration. Do yourself a service and take any other professor.,0.0,0.0,0.0,0.0,0.0,0.0,0.0,0.0,,No clear workload signal.
STAT401_026,STAT401,Mestiyage Gunatilleka,2022,5,"Finished all of his classes with A+, stat400, stat401, stat410, you may think I am a genius, but that is not the case, his class is designed for students to get an A. The homeworks are straight from the textbook which are easy, exams are LITERALLY the same as the practice, LITERALLY. He does not throw any curveballs in the class and genuinely loves teaching statistics. Sure he may not be a good calculus professor as previous reviews say, but all his statistics ratings are HIGH, he is truly the most fair and generous professor in the statistics department.",0.0,0.0,0.0,0.0,1.0,0.0,0.0,0.0,"The homeworks are straight from the textbook which are easy, exams are LITERALLY the same as the practice, LITERALLY.",Outside self-study is required.
CMSC131_357,CMSC131,Elias Gonzalez,2024,5,"Very good professor who records lectures and posts the slides on ELMS. He actively uses Piazza, where you can ask questions, view other students' questions, and get responses from TAs. This resource is especially helpful for projects. The practice exams are previous year exams which are good study for the actual exams. He does have some cons; his email responses can be slow at times, and the practice exam keys sometimes have mistakes. Fortunately, you can clarify these issues on Piazza. Overall, I 100% recommend him for 131.",0.0,0.0,0.0,0.0,0.0,0.0,0.0,0.0,,No clear workload signal.
CMSC132_468,CMSC132,Nora Burkhauser,2025,2,"While she is a nice teacher and is mindful of her students, she teaches this class pretty poorly. The slides look very generic and are just ran through. She also tends to mess up on sample code, and half of the time I don't even understand what is supposed to be taught. I learned more from just looking at the slides myself and asking ChatGPT (please don't use ChatGPT on projects, only as a studying tool) to teach me the topics than from the few times I've actually gone to lecture and sat in class. The exams are easy as long as you are actively learning rather than just dilly dallying and depending on lectures. Either way, this course is easy and basically more introductory Computer Science so professor quality doesn't matter as much.",0.0,0.0,0.0,0.0,0.0,0.0,1.0,0.0,"She also tends to mess up on sample code, and half of the time I don't even understand what is",The course is disorganized or unclear.
CMSC216_400,CMSC216,Ilchul Yoon,2024,1,"just terrible. please do not take if at all possible. his exams are really unfair relative to other professors since he puts no effort into providing his own practice material which would actually help on his midterms and quizzes, and he is actually the worst lecturer I've ever witnessed. he's nice and that's the only good thing about his class. just pray for the curve and make sure you do well on all the projects, especially at the end because he'll assign the final project on finals week.",0.0,1.0,0.0,0.0,0.0,0.0,0.0,0.0,his exams are really unfair relative to other professors since he puts no effort into providing his own practice material,Exams or quizzes are demanding.
CMSC250_483,CMSC250,Fawzi Emad,2025,3,"Fawzi is clearly really passionate about math and his enthusiasm makes the lectures pretty fun and engaging, imo. He's a good lecturer that communicates concepts pretty well, but he does go REALLY fast - fast to the point where you can't really take notes and absorb what he's saying at the same time. I think my biggest gripe about this class was the lack of resources and the way exams and quizzes were handled. Firstly, the lecture slides are super bare bones, to the point where you're kind of screwed if you miss class for whatever reason. Plus, he lectures so fast that it's hard to take detailed notes sometimes to fill in whatever is missing from the slides. This issue wasn't a big deal for some things like the proofs, where he gives us a lot of examples, but was a major problem in the probability unit. He also never provided the answers to the discussion worksheets, which were pretty important for studying for quizzes and exams (especially probability). Secondly, exams are super short, which might sound good at first, but a single mistake can cost a large chunk of your grade on the exam. Lastly, POP QUIZZES. These were by far the most annoying aspect of the class. You basically have to expect a quiz during every discussion. My discussion TA wasn't very good, so this made going to discussion even more painful.",0.0,1.0,0.0,0.0,0.0,0.0,0.0,1.0,You basically have to expect a quiz during every discussion.,Exams or quizzes are demanding and the difficulty is described as fair or manageable.
CMSC320_179,CMSC320,Maksym Morawski,2025,4,"He is actually not as bad as the reviews seem. He is is a nice professor and tries to make the class interesting through EC participation and through jokes. I would say to start the homeworks early, go to office hours if needed and prep ahead of times for the exams. I got a 68% on the 2nd exam but did well on everything else and managed to get an A. He is nice but the class is very disorganized and the Piazza response times are poor.",0.0,1.0,1.0,0.0,0.0,0.0,1.0,0.0,I got a 68% on the 2nd exam but did well on everything else and managed to get an A.,"Exams or quizzes are demanding, homework or labs are demanding and the course is disorganized or unclear."
CMSC330_245,CMSC330,Anwar Mamat,2025,4,"Anwar was great, his lectures mostly involved typing coding examples to show how they worked which was the best way for me to learn the material. However, sometimes it's difficult to follow him when he either teaches another way or skips a couple of steps in his lectures. My biggest problem was that I felt really unprepared for most of the projects, especially Project 5, which was a complete nightmare made even more difficult this semester. But Anwar's funny, a very kind professor and genuinely cares about his students succeeding.",0.0,0.0,0.0,0.0,0.0,0.0,0.0,0.0,,No clear workload signal.
CMSC335_033,CMSC335,Nelson Padua-Perez,2024,5,"Not as easy as I would've thought, but still not very difficult. In terms of difficulty, the projects are easier than his 216 class, and instead of a final you get an easy final project, but the exams are about the same difficulty. Still do not slack off with the projects and make sure you study the past exams and focus on the most recent one",1.0,1.0,0.0,0.0,0.0,0.0,0.0,0.0,"In terms of difficulty, the projects are easier than his 216 class, and instead of a final you get an",Projects are intensive and exams or quizzes are demanding.
CMSC351_322,CMSC351,Ting Jiang,2025,5,"i was able to follow along with her lectures fairly well but everyone is different, a lot of my friends in the section just went to justin's lecture instead. since she co-teaches with him, you have tons of resources to work with. exams are very fair, very similar to the practice she gives out and there isn't anything crazy, she will tell you exactly what's on it too. i'm giving her five stars because she's super sweet and wants her students to do well, she will probably improve over time",0.0,1.0,0.0,0.0,0.0,0.0,0.0,0.0,"exams are very fair, very similar to the practice she gives out and there isn't anything crazy, she will tell",Exams or quizzes are demanding.
CMSC411_032,CMSC411,Ilchul Yoon,2021,5,"While I'd give Yoon a 3/5, all these 1-star ratings are just silly. There are only a few key ideas that you need to know that will get you a B/C on assignments, which will likely get curved up to an A/B anyways. People who overstress about trying to memorize endless pages and slides of material aren't approaching the course (and school) in the right way.",0.0,0.0,0.0,0.0,0.0,0.0,0.0,0.0,,No clear workload signal.
CMSC412_011,CMSC412,Ashok Agrawala,2021,1,Worst class I've ever taken. Stay far away if you want to maintain your sanity.,0.0,0.0,0.0,0.0,0.0,0.0,0.0,0.0,,No clear workload signal.
CMSC414_063,CMSC414,Zaoxing Liu,2024,4,"Note: I believe Professor Liu's U.S. name is Alan Liu, so all of his other reviews are listed on PT under that name. That being said, Alan is a great dude, and I would say that he teaches the course well. If you like to break stuff (in the software sense) then this is the course for you. This course is like the opposite of CMSC417 project-wise. Projects don't require nearly as much code - sometimes you an pass a test case with just 4, 5 lines - however, they still require a significant time investment. A lot of the effort that is used to complete it is spent on *thinking* and not actually programming because you're trying to induce a particular type of behavior that isn't supposed to happen. Don't be surprised if you have to sit and think for 75-80% of the time or play around with a bunch of different values based on what you understand about the computer architecture/processing before you start to actually implement a solution. Exams and projects are fair if you don't slack off, and he even provides a one-time no excuse extension. I definitely learned a lot in this course, not just security-wise but in general with topics including but not limited to SQL, DNS, TLS, x86 Assembly, Torr, etc. I would def recommend.",0.0,0.0,0.0,1.0,0.0,0.0,0.0,0.0,"however, they still require a significant time investment.",The course requires substantial time.
CMSC420_150,CMSC420,Justin Wyss-Gallifent,2024,3,I hate proofs I hate proofs I hate proofs I hate proofs I hate proofs I hate proofs I hate proofs I hate proofs I hate proofs I hate proofs I hate proofs I hate proofs I hate proofs I hate proofs I hate proofs I hate proofs I hate proofs I hate proofs I hate proofs I hate proofs I hate proofs I hate proofs I hate proofs I hate proofs I hate proofs I hate proofs,0.0,0.0,0.0,0.0,0.0,0.0,0.0,0.0,,No clear workload signal.
CMSC421_072,CMSC421,William Regli,2024,3,Nice guy and a great person to talk to. He made the content understandable and fun. But some of the projects were disorganized and there were not clear instructions and they kept changing over the time of the project. I personally hate the format of the multiple choice test so I was not a big fan of those but if you think you are good at them you might have a better time. I missed one of the projects and instantly dropped my grade by 7 points which is unfortunate but if you do them on time you should be fine. He is very understanding though and took feedback well and said he would do better in the future and besides that he is very solid.,0.0,0.0,0.0,0.0,0.0,0.0,1.0,0.0,But some of the projects were disorganized and there were not clear instructions and they kept changing over the time,The course is disorganized or unclear.
CMSC422_043,CMSC422,Marine Carpuat,2025,1,"From my perspective, the grading was harsh, and the support from the TAs (John Kanu and Manan Suri) didn’t feel sufficient for the level of difficulty. They often seemed unfamiliar with parts of the material, which made getting help frustrating. It also felt like this course wasn’t a major priority for the instructor. Based on my experience, I’d recommend taking this class with a different professor who has stronger reviews.",0.0,0.0,0.0,0.0,0.0,1.0,0.0,0.0,"From my perspective, the grading was harsh, and the support from the TAs (John Kanu and Manan Suri) didn’t feel",Grading is harsh or unforgiving.
CMSC424_057,CMSC424,Amol Deshpande,2024,2,"Midterms and the final are 60% of the final grade in which the scores are historically bad (mean of 50% with the upper quartile being just above that). The slides and lectures are more high-level/conceptual while the assignments and midterms are very technical and detail-oriented. Some exam questions are from 1 slide out of the 800+ posted. ' Most of the materials posted for studying like past midterms and homework were posted just days before the exam. When asking questions about the material, Amol would respond to look at the past exams for more insight. The old exams have also been extremely outdated mostly from 2008-2015 or over COVID in an online setting in which the syllabus has heavily changed. For many of the questions asked about the material or assignments, Amol would explain how the technologies have been updated and that the material in the slides was not widely used or optimal anymore. I think the book and material in this class have become outdated since Amol started teaching it. Amol definitely knows his stuff but delves too much into the details that the bigger picture is not translated. Amol isn't a bad lecturer, just focusing on the wrong things. He'd rather give exposure to every single detail, topic, and language than give a good foundation to build on.",0.0,1.0,0.0,0.0,0.0,0.0,1.0,0.0,The slides and lectures are more high-level/conceptual while the assignments and midterms are very technical and detail-oriented.,Exams or quizzes are demanding and the course is disorganized or unclear.
CMSC430_056,CMSC430,Anwar Mamat,2025,5,"Took him Spring 2025. First quiz, first exam, and project 5 had harsh distributions, but besides that the class was pretty forgiving. Projects were heavily weighted and time consuming, so I recommend starting early. Overall, no complaints - he's a funny guy who has an odd teaching style (literally just writes code in emacs the whole time and rarely opens his slides), but if you are choosing between him and Cliff, I'd recommend Anwar because his exams seemed to be easier than Cliffs this semester (even though the exams are roughly the same across all sections).",1.0,0.0,0.0,1.0,0.0,0.0,0.0,0.0,"Projects were heavily weighted and time consuming, so I recommend starting early.",Projects are intensive and the course requires substantial time.
CMSC433_040,CMSC433,Anwar Mamat,2025,4,"Not too bad for a 4xx level class. Had 6 projects, 6 quizzes, one midterm, and one final, plus a few attendance points. He recorded video lectures, but I learned more from reviewing the class notes and actually doing the projects, which were pretty though.",0.0,0.0,0.0,0.0,0.0,0.0,0.0,0.0,,No clear workload signal.
CMSC451_029,CMSC451,Andrew Childs,2021,5,"Childs was really fair, and I felt like a learned a lot through the course. It was challenging, but I could tell that all of the material was important. Grading was fast, and lectures were recorded. Piazza questions were answered quickly.",0.0,0.0,0.0,0.0,0.0,0.0,0.0,1.0,,The difficulty is described as fair or manageable.
CMSC470_010,CMSC470,Rachel Rudinger,2023,1,"This is honestly one of the most disorganized classes I've taken at UMD. I get it, she's published several articles on NLP and seems to be very knowledgable aboutt the subject, but she just didn't seem to care about the class for much of the semester. For the first month, there were neither office hours nor homeworks, and it's pretty obvious that she never checks the Piazza posts too. I'm also not a huge fun of her lecturing. She just regurgitates the slides and never really goes deep into how a particular algorithm works. Her slides are just filled with a bunch of formulas with heavy math. In addition, there are only 2 TAs in the class, one of which is not responsible of holding office hours and frequently shows up late to them. If you decide to take this class, make sure you have a good group, because resources are extemely limited.",0.0,0.0,0.0,1.0,0.0,0.0,1.0,0.0,"In addition, there are only 2 TAs in the class, one of which is not responsible of holding office hours",The course requires substantial time and the course is disorganized or unclear.
INST326_059,INST326,Aric Bills,2025,3,"I do not have a lot of coding experience, but I've been pretty comfortable taking this course. Homework isn't bad and its where you will be getting a majority of your points. The exams kinda suck but they are only 35 percent of the final grade so as long as you don't do terrible you will be fine. Aric has said in class he is actively trying to make the class more difficult so be cautious. He is very lenient on assignment dates and gives out extensions for literally anything. He is very kind and tries to learn all of his student's names. Don't skip lecture and you will be fine. Office hours suck as they are only on zoom and there is no discussion section. I think he is the best as far as 326 professors go.",0.0,0.0,0.0,0.0,0.0,0.0,0.0,1.0,,The difficulty is described as fair or manageable.
INST327_002,INST327,Pamela Duffy,2019,5,She's great. Very helpful. Makes sure you understand the material instead of just knowing what to do. Very lab centered class,0.0,0.0,0.0,0.0,0.0,0.0,0.0,0.0,,No clear workload signal.
INST414_009,INST414,William Farmer,2023,1,"Please DO NOT TAKE THIS CLASS WITH THIS MAN. He taught us nothing at all, did not explain anything and never showed up to his own office hours. He never reschedules the things he cancels, does not give you enough time to complete his vague assignments, and somehow expects you to get it. He does not publish any information and lectures until after we needed it, which it practically useless. The class discord what a wreck and he never gets around to anything. Please if you value your GPA, your time, and your sanity, don't bother with this class.",0.0,0.0,0.0,0.0,1.0,0.0,1.0,0.0,"He never reschedules the things he cancels, does not give you enough time to complete his vague assignments, and somehow",Outside self-study is required and the course is disorganized or unclear.
