{
    "project_heavy": {
        "accuracy": 0.828125,
        "precision": 0.5,
        "recall": 1.0,
        "f1": 0.6666666666666666
    },
    "exam_heavy": {
        "accuracy": 0.625,
        "precision": 0.6065573770491803,
        "recall": 1.0,
        "f1": 0.7551020408163265
    },
    "homework_heavy": {
        "accuracy": 0.65625,
        "precision": 0.2903225806451613,
        "recall": 1.0,
        "f1": 0.45
    },
    "time_consuming": {
        "accuracy": 0.65625,
        "precision": 0.8333333333333334,
        "recall": 0.3333333333333333,
        "f1": 0.47619047619047616
    }
}