{
    "project_heavy": {
        "accuracy": 0.8461538461538461,
        "precision": 0.0,
        "recall": 0.0,
        "f1": 0.0
    },
    "exam_heavy": {
        "accuracy": 0.6153846153846154,
        "precision": 0.6153846153846154,
        "recall": 1.0,
        "f1": 0.7619047619047619
    },
    "homework_heavy": {
        "accuracy": 0.8461538461538461,
        "precision": 0.0,
        "recall": 0.0,
        "f1": 0.0
    },
    "time_consuming": {
        "accuracy": 0.6153846153846154,
        "precision": 0.6666666666666666,
        "recall": 0.3333333333333333,
        "f1": 0.4444444444444444
    }
}
